<TEMPLATE ID="amz.health.healthmisc" FORMAT="DEFINITION">
<LIST ID="LIST_HEALTH_HEALTHMISC_PARENTAGE" TYPE="TEXT">
<OPT T="parent" V="parent"></OPT>
<OPT T="child" V="child"></OPT>
</LIST>
<LIST ID="LIST_HEALTH_HEALTHMISC_VARIATIONTHEME" TYPE="TEXT">
<OPT T="Size" V="Size"></OPT>
<OPT T="Color" V="Color"></OPT>
<OPT T="Count" V="Count"></OPT>
<OPT T="Scent" V="Scent"></OPT>
<OPT T="Flavor" V="Flavor"></OPT>
<OPT T="Size-Color" V="Size-Color"></OPT>
<OPT T="Flavor-Count" V="Flavor-Count"></OPT>
<OPT T="Flavor-Size" V="Flavor-Size"></OPT>
<OPT T="Size-Scent" V="Size-Scent"></OPT>
</LIST>


<!-- ******* -->
<ELEMENT ID="CQGNKGI" PROMPT="Health:HealthMisc" TYPE="HIDDEN" DATA="product:amz:catalog"></ELEMENT>
<ELEMENT ID="CQGNKGJ" PROMPT="Health Misc Parentage" LIST="LIST_HEALTH_HEALTHMISC_PARENTAGE" TYPE="SELECT" DATA="product:amz:prod_health_healthmisc_parentage"></ELEMENT>
<ELEMENT ID="CQGNKGK" PROMPT="Health Misc Variation Theme" LIST="LIST_HEALTH_HEALTHMISC_VARIATIONTHEME" TYPE="SELECT" DATA="product:amz:prod_health_healthmisc_variationtheme"></ELEMENT>
<ELEMENT ID="CQGNKGL" PROMPT="Size" DEFAULT="" TYPE="TEXTBOX" DATA="product:amz:prod_health_size" MANDATORY="Y"></ELEMENT>
<ELEMENT ID="CQGNKGM" PROMPT="Color" DEFAULT="" TYPE="TEXTBOX" DATA="product:amz:prod_health_color" MANDATORY="Y"></ELEMENT>
<ELEMENT ID="CQGNKGN" PROMPT="Count" DEFAULT="" TYPE="NUMBER" DATA="product:amz:prod_health_count"></ELEMENT>
<ELEMENT ID="CQGNKGO" PROMPT="Flavor" DEFAULT="" TYPE="TEXTBOX" DATA="product:amz:prod_health_flavor" MANDATORY="Y"></ELEMENT>
<ELEMENT ID="CQGNKGP" PROMPT="Scent" DEFAULT="" TYPE="TEXTBOX" DATA="product:amz:prod_health_scent" MANDATORY="Y"></ELEMENT>
<ELEMENT ID="CQGNKGQ" PROMPT="Indications" DEFAULT="" TYPE="TEXTBOX" DATA="product:amz:prod_health_indications" MANDATORY="Y"></ELEMENT>
<ELEMENT ID="CQGNKGR" PROMPT="Ingredients_1" DEFAULT="" TYPE="TEXTBOX" DATA="product:amz:prod_health_ingredients_1" MANDATORY="Y"></ELEMENT>
<ELEMENT ID="CQGNKGS" PROMPT="Ingredients_2" DEFAULT="" TYPE="TEXTBOX" DATA="product:amz:prod_health_ingredients_2"></ELEMENT>
<ELEMENT ID="CQGNKGT" PROMPT="Ingredients_3" DEFAULT="" TYPE="TEXTBOX" DATA="product:amz:prod_health_ingredients_3"></ELEMENT>
<ELEMENT ID="CQGNKGU" PROMPT="Directions" DEFAULT="" TYPE="TEXTBOX" DATA="product:amz:prod_health_directions" MANDATORY="Y"></ELEMENT>
<ELEMENT ID="CQGNKGV" PROMPT="Warnings" DEFAULT="" TYPE="TEXTBOX" DATA="product:amz:prod_health_warnings" MANDATORY="Y"></ELEMENT>
<ELEMENT ID="CQGNKGW" PROMPT="Is Adult Product" TYPE="CHECKBOX" DATA="product:amz:prod_health_isadultproduct"></ELEMENT>

</TEMPLATE>