<TEMPLATE ID="amz.software.softwaregames" FORMAT="DEFINITION">


<!-- ******* -->
<ELEMENT ID="CQGNMHH" PROMPT="SoftwareVideoGames:SoftwareGames" TYPE="HIDDEN" DATA="product:amz:catalog"></ELEMENT>
<ELEMENT ID="CQGNMHI" PROMPT="Software Video Games Genre_1" DEFAULT="" TYPE="TEXTBOX" DATA="product:amz:prod_software_softwarevideogamesgenre_1" MANDATORY="Y"></ELEMENT>
<ELEMENT ID="CQGNMHJ" PROMPT="Software Video Games Genre_2" DEFAULT="" TYPE="TEXTBOX" DATA="product:amz:prod_software_softwarevideogamesgenre_2"></ELEMENT>
<ELEMENT ID="CQGNMHK" PROMPT="Software Video Games Genre_3" DEFAULT="" TYPE="TEXTBOX" DATA="product:amz:prod_software_softwarevideogamesgenre_3"></ELEMENT>
<ELEMENT ID="CQGNMHL" PROMPT="Software Video Games Genre_4" DEFAULT="" TYPE="TEXTBOX" DATA="product:amz:prod_software_softwarevideogamesgenre_4"></ELEMENT>
<ELEMENT ID="CQGNMHM" PROMPT="Software Video Games Genre_5" DEFAULT="" TYPE="TEXTBOX" DATA="product:amz:prod_software_softwarevideogamesgenre_5"></ELEMENT>
<ELEMENT ID="CQGNMHN" PROMPT="E S R B Rating" DEFAULT="" TYPE="TEXTBOX" DATA="product:amz:prod_software_esrbrating" MANDATORY="Y"></ELEMENT>
<ELEMENT ID="CQGNMHO" PROMPT="Media Format_1" DEFAULT="" TYPE="TEXTBOX" DATA="product:amz:prod_software_mediaformat_1" MANDATORY="Y"></ELEMENT>
<ELEMENT ID="CQGNMHP" PROMPT="Media Format_2" DEFAULT="" TYPE="TEXTBOX" DATA="product:amz:prod_software_mediaformat_2"></ELEMENT>
<ELEMENT ID="CQGNMHQ" PROMPT="Media Format_3" DEFAULT="" TYPE="TEXTBOX" DATA="product:amz:prod_software_mediaformat_3"></ELEMENT>
<ELEMENT ID="CQGNMHR" PROMPT="Operating System_1" DEFAULT="" TYPE="TEXTBOX" DATA="product:amz:prod_software_operatingsystem_1" MANDATORY="Y"></ELEMENT>
<ELEMENT ID="CQGNMHS" PROMPT="Operating System_2" DEFAULT="" TYPE="TEXTBOX" DATA="product:amz:prod_software_operatingsystem_2"></ELEMENT>
<ELEMENT ID="CQGNMHT" PROMPT="Operating System_3" DEFAULT="" TYPE="TEXTBOX" DATA="product:amz:prod_software_operatingsystem_3"></ELEMENT>
<ELEMENT ID="CQGNMHU" PROMPT="Operating System_4" DEFAULT="" TYPE="TEXTBOX" DATA="product:amz:prod_software_operatingsystem_4"></ELEMENT>
<ELEMENT ID="CQGNMHV" PROMPT="Operating System_5" DEFAULT="" TYPE="TEXTBOX" DATA="product:amz:prod_software_operatingsystem_5"></ELEMENT>
<ELEMENT ID="CQGNMHW" PROMPT="Operating System_6" DEFAULT="" TYPE="TEXTBOX" DATA="product:amz:prod_software_operatingsystem_6"></ELEMENT>
<ELEMENT ID="CQGNMHX" PROMPT="Operating System_7" DEFAULT="" TYPE="TEXTBOX" DATA="product:amz:prod_software_operatingsystem_7"></ELEMENT>
<ELEMENT ID="CQGNMHY" PROMPT="Bundles" DEFAULT="" TYPE="TEXTBOX" DATA="product:amz:prod_software_bundles" MANDATORY="Y"></ELEMENT>
<ELEMENT ID="CQGNMHZ" PROMPT="E S R B Descriptors_1" DEFAULT="" TYPE="TEXTBOX" DATA="product:amz:prod_software_esrbdescriptors_1" MANDATORY="Y"></ELEMENT>
<ELEMENT ID="CQGNMIA" PROMPT="E S R B Descriptors_2" DEFAULT="" TYPE="TEXTBOX" DATA="product:amz:prod_software_esrbdescriptors_2"></ELEMENT>
<ELEMENT ID="CQGNMIB" PROMPT="E S R B Descriptors_3" DEFAULT="" TYPE="TEXTBOX" DATA="product:amz:prod_software_esrbdescriptors_3"></ELEMENT>
<ELEMENT ID="CQGNMIC" PROMPT="E S R B Descriptors_4" DEFAULT="" TYPE="TEXTBOX" DATA="product:amz:prod_software_esrbdescriptors_4"></ELEMENT>
<ELEMENT ID="CQGNMID" PROMPT="E S R B Descriptors_5" DEFAULT="" TYPE="TEXTBOX" DATA="product:amz:prod_software_esrbdescriptors_5"></ELEMENT>
<ELEMENT ID="CQGNMIE" PROMPT="MFGSuggestedAgeMin" DEFAULT="" TYPE="NUMBER" DATA="product:amz:prod_software_mfgsuggestedagemin"></ELEMENT>
<ELEMENT ID="CQGNMIF" PROMPT="MFGSuggestedAgeMax" DEFAULT="" TYPE="NUMBER" DATA="product:amz:prod_software_mfgsuggestedagemax"></ELEMENT>
<ELEMENT ID="CQGNMIG" PROMPT="MaxNumberOfPlayers" DEFAULT="" TYPE="NUMBER" DATA="product:amz:prod_software_maxnumberofplayers"></ELEMENT>
<ELEMENT ID="CQGNMIH" PROMPT="Hardware Platform" DEFAULT="" TYPE="TEXTBOX" DATA="product:amz:prod_software_hardwareplatform" MANDATORY="Y"></ELEMENT>
<ELEMENT ID="CQGNMII" PROMPT="System Requirements" DEFAULT="N/A" TYPE="TEXTBOX" DATA="product:amz:prod_software_systemrequirements" MANDATORY="Y"></ELEMENT>
<ELEMENT ID="CQGNMIJ" PROMPT="Online Play" TYPE="CHECKBOX" DATA="product:amz:prod_software_onlineplay"></ELEMENT>

</TEMPLATE>