<TEMPLATE ID="amz.ce.consumerelectronics" FORMAT="DEFINITION">
<LIST ID="LIST_BASE_COLORMAP">
<OPT T="black" V="black"></OPT>
<OPT T="blue" V="blue"></OPT>
<OPT T="bronze" V="bronze"></OPT>
<OPT T="brown" V="brown"></OPT>
<OPT T="gold" V="gold"></OPT>
<OPT T="gray" V="gray"></OPT>
<OPT T="green" V="green"></OPT>
<OPT T="metallic" V="metallic"></OPT>
<OPT T="off-white" V="off-white"></OPT>
<OPT T="orange" V="orange"></OPT>
<OPT T="pink" V="pink"></OPT>
<OPT T="purple" V="purple"></OPT>
<OPT T="red" V="red"></OPT>
<OPT T="silver" V="silver"></OPT>
<OPT T="white" V="white"></OPT>
<OPT T="yellow" V="yellow"></OPT>
</LIST>


<!-- ******* -->
<ELEMENT ID="CQGNLEO" PROMPT="CE:ConsumerElectronics" TYPE="HIDDEN" DATA="product:amz:catalog"></ELEMENT>
<ELEMENT ID="CQGNLEP" PROMPT="Color" DEFAULT="" TYPE="TEXTBOX" DATA="product:amz:prod_electronix_color" MANDATORY="Y"></ELEMENT>
<ELEMENT ID="CQGNLEQ" PROMPT="Color Map" LIST="LIST_BASE_COLORMAP" TYPE="SELECT" DATA="product:amz:prod_base_colormap"></ELEMENT>
<ELEMENT ID="CQGNLER" PROMPT="Voltage" DEFAULT="" TYPE="TEXTBOX" DATA="product:amz:prod_electronix_voltage" MANDATORY="Y"></ELEMENT>
<ELEMENT ID="CQGNLES" PROMPT="Wattage" DEFAULT="" TYPE="TEXTBOX" DATA="product:amz:prod_electronix_wattage" MANDATORY="Y"></ELEMENT>
<ELEMENT ID="CQGNLET" PROMPT="Power Source" DEFAULT="" TYPE="TEXTBOX" DATA="product:amz:prod_electronix_powersource" MANDATORY="Y"></ELEMENT>
<ELEMENT ID="CQGNLEU" PROMPT="Additional Features" DEFAULT="" TYPE="TEXTBOX" DATA="product:amz:prod_electronix_additionalfeatures" MANDATORY="Y"></ELEMENT>
<ELEMENT ID="CQGNLEV" PROMPT="Vehicle Speaker Size" DEFAULT="" TYPE="TEXTBOX" DATA="product:amz:prod_electronix_vehiclespeakersize" MANDATORY="Y"></ELEMENT>
<ELEMENT ID="CQGNLEW" PROMPT="SpeakerDiameter" DEFAULT="" TYPE="NUMBER" DATA="product:amz:prod_electronix_speakerdiameter"></ELEMENT>
<ELEMENT ID="CQGNLEX" PROMPT="Telephone Type_1" DEFAULT="" TYPE="TEXTBOX" DATA="product:amz:prod_electronix_telephonetype_1" MANDATORY="Y"></ELEMENT>
<ELEMENT ID="CQGNLEY" PROMPT="Telephone Type_2" DEFAULT="" TYPE="TEXTBOX" DATA="product:amz:prod_electronix_telephonetype_2"></ELEMENT>
<ELEMENT ID="CQGNLEZ" PROMPT="Telephone Type_3" DEFAULT="" TYPE="TEXTBOX" DATA="product:amz:prod_electronix_telephonetype_3"></ELEMENT>
<ELEMENT ID="CQGNLFA" PROMPT="Telephone Type_4" DEFAULT="" TYPE="TEXTBOX" DATA="product:amz:prod_electronix_telephonetype_4"></ELEMENT>
<ELEMENT ID="CQGNLFB" PROMPT="P D A Base Model_1" DEFAULT="" TYPE="TEXTBOX" DATA="product:amz:prod_electronix_pdabasemodel_1" MANDATORY="Y"></ELEMENT>
<ELEMENT ID="CQGNLFC" PROMPT="P D A Base Model_2" DEFAULT="" TYPE="TEXTBOX" DATA="product:amz:prod_electronix_pdabasemodel_2"></ELEMENT>
<ELEMENT ID="CQGNLFD" PROMPT="P D A Base Model_3" DEFAULT="" TYPE="TEXTBOX" DATA="product:amz:prod_electronix_pdabasemodel_3"></ELEMENT>
<ELEMENT ID="CQGNLFE" PROMPT="P D A Base Model_4" DEFAULT="" TYPE="TEXTBOX" DATA="product:amz:prod_electronix_pdabasemodel_4"></ELEMENT>
<ELEMENT ID="CQGNLFF" PROMPT="P D A Base Model_5" DEFAULT="" TYPE="TEXTBOX" DATA="product:amz:prod_electronix_pdabasemodel_5"></ELEMENT>
<ELEMENT ID="CQGNLFG" PROMPT="Digital Media Format" DEFAULT="" TYPE="TEXTBOX" DATA="product:amz:prod_electronix_digitalmediaformat" MANDATORY="Y"></ELEMENT>
<ELEMENT ID="CQGNLFH" PROMPT="Home Automation Communication Device" DEFAULT="" TYPE="TEXTBOX" DATA="product:amz:prod_electronix_homeautomationcommunicationdevice" MANDATORY="Y"></ELEMENT>
<ELEMENT ID="CQGNLFI" PROMPT="Digital Audio Capacity" DEFAULT="" TYPE="TEXTBOX" DATA="product:amz:prod_electronix_digitalaudiocapacity" MANDATORY="Y"></ELEMENT>
<ELEMENT ID="CQGNLFJ" PROMPT="Holder Capacity" DEFAULT="" TYPE="TEXTBOX" DATA="product:amz:prod_electronix_holdercapacity" MANDATORY="Y"></ELEMENT>
<ELEMENT ID="CQGNLFK" PROMPT="Memory Slots Available" DEFAULT="" TYPE="TEXTBOX" DATA="product:amz:prod_electronix_memoryslotsavailable" MANDATORY="Y"></ELEMENT>
<ELEMENT ID="CQGNLFL" PROMPT="R A M Size" DEFAULT="" TYPE="TEXTBOX" DATA="product:amz:prod_electronix_ramsize" MANDATORY="Y"></ELEMENT>
<ELEMENT ID="CQGNLFM" PROMPT="Screen Resolution" DEFAULT="" TYPE="TEXTBOX" DATA="product:amz:prod_electronix_screenresolution" MANDATORY="Y"></ELEMENT>
<ELEMENT ID="CQGNLFN" PROMPT="Color Screen" TYPE="CHECKBOX" DATA="product:amz:prod_electronix_colorscreen"></ELEMENT>
<ELEMENT ID="CQGNLFO" PROMPT="ScreenSize" DEFAULT="" TYPE="NUMBER" DATA="product:amz:prod_electronix_screensize"></ELEMENT>
<ELEMENT ID="CQGNLFP" PROMPT="Wireless Type_1" DEFAULT="" TYPE="TEXTBOX" DATA="product:amz:prod_electronix_wirelesstype_1" MANDATORY="Y"></ELEMENT>
<ELEMENT ID="CQGNLFQ" PROMPT="Wireless Type_2" DEFAULT="" TYPE="TEXTBOX" DATA="product:amz:prod_electronix_wirelesstype_2"></ELEMENT>
<ELEMENT ID="CQGNLFR" PROMPT="Wireless Type_3" DEFAULT="" TYPE="TEXTBOX" DATA="product:amz:prod_electronix_wirelesstype_3"></ELEMENT>
<ELEMENT ID="CQGNLFS" PROMPT="Hard Drive Size_1" DEFAULT="" TYPE="TEXTBOX" DATA="product:amz:prod_electronix_harddrivesize_1" MANDATORY="Y"></ELEMENT>
<ELEMENT ID="CQGNLFT" PROMPT="Hard Drive Size_2" DEFAULT="" TYPE="TEXTBOX" DATA="product:amz:prod_electronix_harddrivesize_2"></ELEMENT>
<ELEMENT ID="CQGNLFU" PROMPT="Hard Drive Size_3" DEFAULT="" TYPE="TEXTBOX" DATA="product:amz:prod_electronix_harddrivesize_3"></ELEMENT>
<ELEMENT ID="CQGNLFV" PROMPT="Hard Drive Size_4" DEFAULT="" TYPE="TEXTBOX" DATA="product:amz:prod_electronix_harddrivesize_4"></ELEMENT>
<ELEMENT ID="CQGNLFW" PROMPT="Hard Drive Size_5" DEFAULT="" TYPE="TEXTBOX" DATA="product:amz:prod_electronix_harddrivesize_5"></ELEMENT>
<ELEMENT ID="CQGNLFX" PROMPT="Hard Drive Size_6" DEFAULT="" TYPE="TEXTBOX" DATA="product:amz:prod_electronix_harddrivesize_6"></ELEMENT>
<ELEMENT ID="CQGNLFY" PROMPT="Hard Drive Size_7" DEFAULT="" TYPE="TEXTBOX" DATA="product:amz:prod_electronix_harddrivesize_7"></ELEMENT>
<ELEMENT ID="CQGNLFZ" PROMPT="Hard Drive Size_8" DEFAULT="" TYPE="TEXTBOX" DATA="product:amz:prod_electronix_harddrivesize_8"></ELEMENT>
<ELEMENT ID="CQGNLGA" PROMPT="Hard Drive Interface_1" DEFAULT="" TYPE="TEXTBOX" DATA="product:amz:prod_electronix_harddriveinterface_1" MANDATORY="Y"></ELEMENT>
<ELEMENT ID="CQGNLGB" PROMPT="Hard Drive Interface_2" DEFAULT="" TYPE="TEXTBOX" DATA="product:amz:prod_electronix_harddriveinterface_2"></ELEMENT>
<ELEMENT ID="CQGNLGC" PROMPT="Hard Drive Interface_3" DEFAULT="" TYPE="TEXTBOX" DATA="product:amz:prod_electronix_harddriveinterface_3"></ELEMENT>
<ELEMENT ID="CQGNLGD" PROMPT="Hard Drive Interface_4" DEFAULT="" TYPE="TEXTBOX" DATA="product:amz:prod_electronix_harddriveinterface_4"></ELEMENT>
<ELEMENT ID="CQGNLGE" PROMPT="Operating System_1" DEFAULT="" TYPE="TEXTBOX" DATA="product:amz:prod_electronix_operatingsystem_1" MANDATORY="Y"></ELEMENT>
<ELEMENT ID="CQGNLGF" PROMPT="Operating System_2" DEFAULT="" TYPE="TEXTBOX" DATA="product:amz:prod_electronix_operatingsystem_2"></ELEMENT>
<ELEMENT ID="CQGNLGG" PROMPT="Operating System_3" DEFAULT="" TYPE="TEXTBOX" DATA="product:amz:prod_electronix_operatingsystem_3"></ELEMENT>
<ELEMENT ID="CQGNLGH" PROMPT="Operating System_4" DEFAULT="" TYPE="TEXTBOX" DATA="product:amz:prod_electronix_operatingsystem_4"></ELEMENT>
<ELEMENT ID="CQGNLGI" PROMPT="Operating System_5" DEFAULT="" TYPE="TEXTBOX" DATA="product:amz:prod_electronix_operatingsystem_5"></ELEMENT>
<ELEMENT ID="CQGNLGJ" PROMPT="Hardware Platform" DEFAULT="" TYPE="TEXTBOX" DATA="product:amz:prod_electronix_hardwareplatform" MANDATORY="Y"></ELEMENT>
<ELEMENT ID="CQGNLGK" PROMPT="Computer Memory Type_1" DEFAULT="" TYPE="TEXTBOX" DATA="product:amz:prod_electronix_computermemorytype_1" MANDATORY="Y"></ELEMENT>
<ELEMENT ID="CQGNLGL" PROMPT="Computer Memory Type_2" DEFAULT="" TYPE="TEXTBOX" DATA="product:amz:prod_electronix_computermemorytype_2"></ELEMENT>
<ELEMENT ID="CQGNLGM" PROMPT="Computer Memory Type_3" DEFAULT="" TYPE="TEXTBOX" DATA="product:amz:prod_electronix_computermemorytype_3"></ELEMENT>
<ELEMENT ID="CQGNLGN" PROMPT="Computer Memory Type_4" DEFAULT="" TYPE="TEXTBOX" DATA="product:amz:prod_electronix_computermemorytype_4"></ELEMENT>
<ELEMENT ID="CQGNLGO" PROMPT="Computer Memory Type_5" DEFAULT="" TYPE="TEXTBOX" DATA="product:amz:prod_electronix_computermemorytype_5"></ELEMENT>
<ELEMENT ID="CQGNLGP" PROMPT="Computer Memory Type_6" DEFAULT="" TYPE="TEXTBOX" DATA="product:amz:prod_electronix_computermemorytype_6"></ELEMENT>
<ELEMENT ID="CQGNLGQ" PROMPT="Computer Memory Type_7" DEFAULT="" TYPE="TEXTBOX" DATA="product:amz:prod_electronix_computermemorytype_7"></ELEMENT>
<ELEMENT ID="CQGNLGR" PROMPT="Computer Memory Type_8" DEFAULT="" TYPE="TEXTBOX" DATA="product:amz:prod_electronix_computermemorytype_8"></ELEMENT>
<ELEMENT ID="CQGNLGS" PROMPT="Computer Memory Type_9" DEFAULT="" TYPE="TEXTBOX" DATA="product:amz:prod_electronix_computermemorytype_9"></ELEMENT>
<ELEMENT ID="CQGNLGT" PROMPT="Computer Memory Type_10" DEFAULT="" TYPE="TEXTBOX" DATA="product:amz:prod_electronix_computermemorytype_10"></ELEMENT>
<ELEMENT ID="CQGNLGU" PROMPT="ItemPackageQuantity" DEFAULT="" TYPE="NUMBER" DATA="product:amz:prod_electronix_itempackagequantity"></ELEMENT>

</TEMPLATE>