<TEMPLATE ID="amz.camera.blankmedia" FORMAT="DEFINITION">
<LIST ID="LIST_CAMERA_BLANKMEDIA_ANALOGFORMATS" TYPE="TEXT">
<OPT T="8mm-camcorder-tapes" V="8mm-camcorder-tapes"></OPT>
<OPT T="beta" V="beta"></OPT>
<OPT T="hi-8-cassettes" V="hi-8-cassettes"></OPT>
<OPT T="s-vhs" V="s-vhs"></OPT>
<OPT T="s-vhs-c" V="s-vhs-c"></OPT>
<OPT T="vhs" V="vhs"></OPT>
<OPT T="vhs-c" V="vhs-c"></OPT>
<OPT T="reel-tapes" V="reel-tapes"></OPT>
</LIST>
<LIST ID="LIST_CAMERA_BLANKMEDIA_DIGITALFORMATS" TYPE="TEXT">
<OPT T="minidv-cassettes" V="minidv-cassettes"></OPT>
<OPT T="full-size-dv-cassettes" V="full-size-dv-cassettes"></OPT>
<OPT T="micromv" V="micromv"></OPT>
<OPT T="dvd" V="dvd"></OPT>
<OPT T="digital-beta-cassettes" V="digital-beta-cassettes"></OPT>
</LIST>
<LIST ID="LIST_CAMERA_BLANKMEDIA_MOTIONFILMFORMATS" TYPE="TEXT">
<OPT T="8mm-film" V="8mm-film"></OPT>
<OPT T="super-8mm-film" V="super-8mm-film"></OPT>
<OPT T="16mm-film" V="16mm-film"></OPT>
<OPT T="super-16mm-film" V="super-16mm-film"></OPT>
<OPT T="35mm-film" V="35mm-film"></OPT>
<OPT T="65mm-film" V="65mm-film"></OPT>
<OPT T="70mm-film" V="70mm-film"></OPT>
<OPT T="other-film-formats" V="other-film-formats"></OPT>
</LIST>
<LIST ID="LIST_CAMERA_BLANKMEDIA_MEDIACOLOR" TYPE="TEXT">
<OPT T="unknown_chromatism" V="unknown_chromatism"></OPT>
<OPT T="black-and-white" V="black-and-white"></OPT>
<OPT T="color" V="color"></OPT>
<OPT T="tinted" V="tinted"></OPT>
<OPT T="colorized" V="colorized"></OPT>
<OPT T="color/black_and_white" V="color/black_and_white"></OPT>
</LIST>


<!-- ******* -->
<ELEMENT ID="CQGNJZI" PROMPT="CameraPhoto:BlankMedia" TYPE="HIDDEN" DATA="product:amz:catalog"></ELEMENT>
<ELEMENT ID="CQGNJZJ" PROMPT="Manufacturer" DEFAULT="" TYPE="TEXTBOX" DATA="product:zoovy:prod_mfg" MANDATORY="Y"></ELEMENT>
<ELEMENT ID="CQGNJZK" PROMPT="Model Name" DEFAULT="" TYPE="TEXTBOX" DATA="product:zoovy:prod_mfgmodel" MANDATORY="Y"></ELEMENT>
<ELEMENT ID="CQGNJZL" PROMPT="Model Number" DEFAULT="" TYPE="TEXTBOX" DATA="product:zoovy:prod_mfgmodelid" MANDATORY="Y"></ELEMENT>
<ELEMENT ID="CQGNJZM" PROMPT="Mfr Part Number" DEFAULT="" TYPE="TEXTBOX" DATA="product:zoovy:prod_mfgid" MANDATORY="Y"></ELEMENT>
<ELEMENT ID="CQGNJZN" PROMPT="Color" DEFAULT="" TYPE="TEXTBOX" DATA="product:zoovy:prod_color" MANDATORY="Y"></ELEMENT>
<ELEMENT ID="CQGNJZO" PROMPT="Items Included" DEFAULT="" TYPE="TEXTBOX" DATA="product:zoovy:prod_included" MANDATORY="Y"></ELEMENT>
<ELEMENT ID="CQGNJZP" PROMPT="Keywords_1" DEFAULT="" TYPE="TEXTBOX" DATA="product:zoovy:keywords_1" MANDATORY="Y"></ELEMENT>
<ELEMENT ID="CQGNJZQ" PROMPT="Keywords_2" DEFAULT="" TYPE="TEXTBOX" DATA="product:zoovy:keywords_2"></ELEMENT>
<ELEMENT ID="CQGNJZR" PROMPT="Keywords_3" DEFAULT="" TYPE="TEXTBOX" DATA="product:zoovy:keywords_3"></ELEMENT>
<ELEMENT ID="CQGNJZS" PROMPT="Keywords_4" DEFAULT="" TYPE="TEXTBOX" DATA="product:zoovy:keywords_4"></ELEMENT>
<ELEMENT ID="CQGNJZT" PROMPT="Keywords_5" DEFAULT="" TYPE="TEXTBOX" DATA="product:zoovy:keywords_5"></ELEMENT>
<ELEMENT ID="CQGNJZU" PROMPT="Platinum Keywords_1" DEFAULT="" TYPE="TEXTBOX" DATA="product:amz:platinum_keywords_1" MANDATORY="Y"></ELEMENT>
<ELEMENT ID="CQGNJZV" PROMPT="Platinum Keywords_2" DEFAULT="" TYPE="TEXTBOX" DATA="product:amz:platinum_keywords_2"></ELEMENT>
<ELEMENT ID="CQGNJZW" PROMPT="Platinum Keywords_3" DEFAULT="" TYPE="TEXTBOX" DATA="product:amz:platinum_keywords_3"></ELEMENT>
<ELEMENT ID="CQGNJZX" PROMPT="Platinum Keywords_4" DEFAULT="" TYPE="TEXTBOX" DATA="product:amz:platinum_keywords_4"></ELEMENT>
<ELEMENT ID="CQGNJZY" PROMPT="Platinum Keywords_5" DEFAULT="" TYPE="TEXTBOX" DATA="product:amz:platinum_keywords_5"></ELEMENT>
<ELEMENT ID="CQGNJZZ" PROMPT="Platinum Keywords_6" DEFAULT="" TYPE="TEXTBOX" DATA="product:amz:platinum_keywords_6"></ELEMENT>
<ELEMENT ID="CQGNKAA" PROMPT="Platinum Keywords_7" DEFAULT="" TYPE="TEXTBOX" DATA="product:amz:platinum_keywords_7"></ELEMENT>
<ELEMENT ID="CQGNKAB" PROMPT="Platinum Keywords_8" DEFAULT="" TYPE="TEXTBOX" DATA="product:amz:platinum_keywords_8"></ELEMENT>
<ELEMENT ID="CQGNKAC" PROMPT="Platinum Keywords_9" DEFAULT="" TYPE="TEXTBOX" DATA="product:amz:platinum_keywords_9"></ELEMENT>
<ELEMENT ID="CQGNKAD" PROMPT="Platinum Keywords_10" DEFAULT="" TYPE="TEXTBOX" DATA="product:amz:platinum_keywords_10"></ELEMENT>
<ELEMENT ID="CQGNKAE" PROMPT="Platinum Keywords_11" DEFAULT="" TYPE="TEXTBOX" DATA="product:amz:platinum_keywords_11"></ELEMENT>
<ELEMENT ID="CQGNKAF" PROMPT="Platinum Keywords_12" DEFAULT="" TYPE="TEXTBOX" DATA="product:amz:platinum_keywords_12"></ELEMENT>
<ELEMENT ID="CQGNKAG" PROMPT="Platinum Keywords_13" DEFAULT="" TYPE="TEXTBOX" DATA="product:amz:platinum_keywords_13"></ELEMENT>
<ELEMENT ID="CQGNKAH" PROMPT="Platinum Keywords_14" DEFAULT="" TYPE="TEXTBOX" DATA="product:amz:platinum_keywords_14"></ELEMENT>
<ELEMENT ID="CQGNKAI" PROMPT="Platinum Keywords_15" DEFAULT="" TYPE="TEXTBOX" DATA="product:amz:platinum_keywords_15"></ELEMENT>
<ELEMENT ID="CQGNKAJ" PROMPT="Platinum Keywords_16" DEFAULT="" TYPE="TEXTBOX" DATA="product:amz:platinum_keywords_16"></ELEMENT>
<ELEMENT ID="CQGNKAK" PROMPT="Platinum Keywords_17" DEFAULT="" TYPE="TEXTBOX" DATA="product:amz:platinum_keywords_17"></ELEMENT>
<ELEMENT ID="CQGNKAL" PROMPT="Platinum Keywords_18" DEFAULT="" TYPE="TEXTBOX" DATA="product:amz:platinum_keywords_18"></ELEMENT>
<ELEMENT ID="CQGNKAM" PROMPT="Platinum Keywords_19" DEFAULT="" TYPE="TEXTBOX" DATA="product:amz:platinum_keywords_19"></ELEMENT>
<ELEMENT ID="CQGNKAN" PROMPT="Platinum Keywords_20" DEFAULT="" TYPE="TEXTBOX" DATA="product:amz:platinum_keywords_20"></ELEMENT>
<ELEMENT ID="CQGNKAO" PROMPT="Blank Media Analog Formats" LIST="LIST_CAMERA_BLANKMEDIA_ANALOGFORMATS" TYPE="SELECT" DATA="product:amz:prod_camera_blankmedia_analogformats"></ELEMENT>
<ELEMENT ID="CQGNKAP" PROMPT="Blank Media Digital Formats" LIST="LIST_CAMERA_BLANKMEDIA_DIGITALFORMATS" TYPE="SELECT" DATA="product:amz:prod_camera_blankmedia_digitalformats"></ELEMENT>
<ELEMENT ID="CQGNKAQ" PROMPT="Blank Media Motion Film Formats" LIST="LIST_CAMERA_BLANKMEDIA_MOTIONFILMFORMATS" TYPE="SELECT" DATA="product:amz:prod_camera_blankmedia_motionfilmformats"></ELEMENT>
<ELEMENT ID="CQGNKAR" PROMPT="Blank Media Media Color" LIST="LIST_CAMERA_BLANKMEDIA_MEDIACOLOR" TYPE="SELECT" DATA="product:amz:prod_camera_blankmedia_mediacolor"></ELEMENT>
<ELEMENT ID="CQGNKAS" PROMPT="Count" DEFAULT="" TYPE="NUMBER" DATA="product:amz:prod_camera_count"></ELEMENT>

</TEMPLATE>