<TEMPLATE ID="amz.camera.lighting" FORMAT="DEFINITION">
<LIST ID="LIST_CAMERA_LIGHTING_FORUSEWITH" TYPE="TEXT">
<OPT T="floodlights" V="floodlights"></OPT>
<OPT T="spotlights" V="spotlights"></OPT>
<OPT T="monolights" V="monolights"></OPT>
<OPT T="flashlights" V="flashlights"></OPT>
<OPT T="ballasts" V="ballasts"></OPT>
<OPT T="cables-and-connectors" V="cables-and-connectors"></OPT>
<OPT T="flash-tubes" V="flash-tubes"></OPT>
<OPT T="head-accessories" V="head-accessories"></OPT>
<OPT T="modeling-lamps" V="modeling-lamps"></OPT>
<OPT T="mounting-hardware" V="mounting-hardware"></OPT>
<OPT T="pack-accessories" V="pack-accessories"></OPT>
<OPT T="special-bulbs" V="special-bulbs"></OPT>
<OPT T="general-power-packs" V="general-power-packs"></OPT>
<OPT T="1-head-outfits-power-packs" V="1-head-outfits-power-packs"></OPT>
<OPT T="2-head-outfits-power-packs" V="2-head-outfits-power-packs"></OPT>
<OPT T="3-head-outfits-power-packs" V="3-head-outfits-power-packs"></OPT>
<OPT T="4-head-outfits-power-packs" V="4-head-outfits-power-packs"></OPT>
<OPT T="slaves-general" V="slaves-general"></OPT>
<OPT T="flash-activated-slaves" V="flash-activated-slaves"></OPT>
<OPT T="infrared-slaves" V="infrared-slaves"></OPT>
<OPT T="radio-slaves" V="radio-slaves"></OPT>
<OPT T="adapters" V="adapters"></OPT>
<OPT T="barndoors" V="barndoors"></OPT>
<OPT T="cucoloris" V="cucoloris"></OPT>
<OPT T="diffusers" V="diffusers"></OPT>
<OPT T="filters" V="filters"></OPT>
<OPT T="flags" V="flags"></OPT>
<OPT T="gobos" V="gobos"></OPT>
<OPT T="grids" V="grids"></OPT>
<OPT T="inserts" V="inserts"></OPT>
<OPT T="liners" V="liners"></OPT>
<OPT T="louvers" V="louvers"></OPT>
<OPT T="panel-systems" V="panel-systems"></OPT>
<OPT T="reflectors" V="reflectors"></OPT>
<OPT T="snoots" V="snoots"></OPT>
<OPT T="soft-boxes" V="soft-boxes"></OPT>
<OPT T="umbrellas" V="umbrellas"></OPT>
</LIST>
<LIST ID="LIST_CAMERA_LIGHTING_LIGHTINGTYPE" TYPE="TEXT">
<OPT T="continuous-output" V="continuous-output"></OPT>
<OPT T="strobe" V="strobe"></OPT>
</LIST>
<LIST ID="LIST_CAMERA_LIGHTING_POWERTYPE" TYPE="TEXT">
<OPT T="ac" V="ac"></OPT>
<OPT T="dc" V="dc"></OPT>
</LIST>
<LIST ID="LIST_CAMERA_LIGHTING_LIGHTINGSOURCETYPE" TYPE="TEXT">
<OPT T="flourescent" V="flourescent"></OPT>
<OPT T="hmi" V="hmi"></OPT>
<OPT T="tungsten" V="tungsten"></OPT>
</LIST>
<LIST ID="LIST_CAMERA_LIGHTING_SPECIALTYUSE" TYPE="TEXT">
<OPT T="underwater" V="underwater"></OPT>
</LIST>


<!-- ******* -->
<ELEMENT ID="CQGNKRO" PROMPT="CameraPhoto:Lighting" TYPE="HIDDEN" DATA="product:amz:catalog"></ELEMENT>
<ELEMENT ID="CQGNKRP" PROMPT="Manufacturer" DEFAULT="" TYPE="TEXTBOX" DATA="product:zoovy:prod_mfg" MANDATORY="Y"></ELEMENT>
<ELEMENT ID="CQGNKRQ" PROMPT="Model Name" DEFAULT="" TYPE="TEXTBOX" DATA="product:zoovy:prod_mfgmodel" MANDATORY="Y"></ELEMENT>
<ELEMENT ID="CQGNKRR" PROMPT="Model Number" DEFAULT="" TYPE="TEXTBOX" DATA="product:zoovy:prod_mfgmodelid" MANDATORY="Y"></ELEMENT>
<ELEMENT ID="CQGNKRS" PROMPT="Mfr Part Number" DEFAULT="" TYPE="TEXTBOX" DATA="product:zoovy:prod_mfgid" MANDATORY="Y"></ELEMENT>
<ELEMENT ID="CQGNKRT" PROMPT="Color" DEFAULT="" TYPE="TEXTBOX" DATA="product:zoovy:prod_color" MANDATORY="Y"></ELEMENT>
<ELEMENT ID="CQGNKRU" PROMPT="Items Included" DEFAULT="" TYPE="TEXTBOX" DATA="product:zoovy:prod_included" MANDATORY="Y"></ELEMENT>
<ELEMENT ID="CQGNKRV" PROMPT="Keywords_1" DEFAULT="" TYPE="TEXTBOX" DATA="product:zoovy:keywords_1" MANDATORY="Y"></ELEMENT>
<ELEMENT ID="CQGNKRW" PROMPT="Keywords_2" DEFAULT="" TYPE="TEXTBOX" DATA="product:zoovy:keywords_2"></ELEMENT>
<ELEMENT ID="CQGNKRX" PROMPT="Keywords_3" DEFAULT="" TYPE="TEXTBOX" DATA="product:zoovy:keywords_3"></ELEMENT>
<ELEMENT ID="CQGNKRY" PROMPT="Keywords_4" DEFAULT="" TYPE="TEXTBOX" DATA="product:zoovy:keywords_4"></ELEMENT>
<ELEMENT ID="CQGNKRZ" PROMPT="Keywords_5" DEFAULT="" TYPE="TEXTBOX" DATA="product:zoovy:keywords_5"></ELEMENT>
<ELEMENT ID="CQGNKSA" PROMPT="Platinum Keywords_1" DEFAULT="" TYPE="TEXTBOX" DATA="product:amz:platinum_keywords_1" MANDATORY="Y"></ELEMENT>
<ELEMENT ID="CQGNKSB" PROMPT="Platinum Keywords_2" DEFAULT="" TYPE="TEXTBOX" DATA="product:amz:platinum_keywords_2"></ELEMENT>
<ELEMENT ID="CQGNKSC" PROMPT="Platinum Keywords_3" DEFAULT="" TYPE="TEXTBOX" DATA="product:amz:platinum_keywords_3"></ELEMENT>
<ELEMENT ID="CQGNKSD" PROMPT="Platinum Keywords_4" DEFAULT="" TYPE="TEXTBOX" DATA="product:amz:platinum_keywords_4"></ELEMENT>
<ELEMENT ID="CQGNKSE" PROMPT="Platinum Keywords_5" DEFAULT="" TYPE="TEXTBOX" DATA="product:amz:platinum_keywords_5"></ELEMENT>
<ELEMENT ID="CQGNKSF" PROMPT="Platinum Keywords_6" DEFAULT="" TYPE="TEXTBOX" DATA="product:amz:platinum_keywords_6"></ELEMENT>
<ELEMENT ID="CQGNKSG" PROMPT="Platinum Keywords_7" DEFAULT="" TYPE="TEXTBOX" DATA="product:amz:platinum_keywords_7"></ELEMENT>
<ELEMENT ID="CQGNKSH" PROMPT="Platinum Keywords_8" DEFAULT="" TYPE="TEXTBOX" DATA="product:amz:platinum_keywords_8"></ELEMENT>
<ELEMENT ID="CQGNKSI" PROMPT="Platinum Keywords_9" DEFAULT="" TYPE="TEXTBOX" DATA="product:amz:platinum_keywords_9"></ELEMENT>
<ELEMENT ID="CQGNKSJ" PROMPT="Platinum Keywords_10" DEFAULT="" TYPE="TEXTBOX" DATA="product:amz:platinum_keywords_10"></ELEMENT>
<ELEMENT ID="CQGNKSK" PROMPT="Platinum Keywords_11" DEFAULT="" TYPE="TEXTBOX" DATA="product:amz:platinum_keywords_11"></ELEMENT>
<ELEMENT ID="CQGNKSL" PROMPT="Platinum Keywords_12" DEFAULT="" TYPE="TEXTBOX" DATA="product:amz:platinum_keywords_12"></ELEMENT>
<ELEMENT ID="CQGNKSM" PROMPT="Platinum Keywords_13" DEFAULT="" TYPE="TEXTBOX" DATA="product:amz:platinum_keywords_13"></ELEMENT>
<ELEMENT ID="CQGNKSN" PROMPT="Platinum Keywords_14" DEFAULT="" TYPE="TEXTBOX" DATA="product:amz:platinum_keywords_14"></ELEMENT>
<ELEMENT ID="CQGNKSO" PROMPT="Platinum Keywords_15" DEFAULT="" TYPE="TEXTBOX" DATA="product:amz:platinum_keywords_15"></ELEMENT>
<ELEMENT ID="CQGNKSP" PROMPT="Platinum Keywords_16" DEFAULT="" TYPE="TEXTBOX" DATA="product:amz:platinum_keywords_16"></ELEMENT>
<ELEMENT ID="CQGNKSQ" PROMPT="Platinum Keywords_17" DEFAULT="" TYPE="TEXTBOX" DATA="product:amz:platinum_keywords_17"></ELEMENT>
<ELEMENT ID="CQGNKSR" PROMPT="Platinum Keywords_18" DEFAULT="" TYPE="TEXTBOX" DATA="product:amz:platinum_keywords_18"></ELEMENT>
<ELEMENT ID="CQGNKSS" PROMPT="Platinum Keywords_19" DEFAULT="" TYPE="TEXTBOX" DATA="product:amz:platinum_keywords_19"></ELEMENT>
<ELEMENT ID="CQGNKST" PROMPT="Platinum Keywords_20" DEFAULT="" TYPE="TEXTBOX" DATA="product:amz:platinum_keywords_20"></ELEMENT>
<ELEMENT ID="CQGNKSU" PROMPT="Lighting For Use With" LIST="LIST_CAMERA_LIGHTING_FORUSEWITH" TYPE="SELECT" DATA="product:amz:prod_camera_lighting_forusewith"></ELEMENT>
<ELEMENT ID="CQGNKSV" PROMPT="Lighting Lighting Type" LIST="LIST_CAMERA_LIGHTING_LIGHTINGTYPE" TYPE="SELECT" DATA="product:amz:prod_camera_lighting_lightingtype"></ELEMENT>
<ELEMENT ID="CQGNKSW" PROMPT="Lighting Power Type" LIST="LIST_CAMERA_LIGHTING_POWERTYPE" TYPE="SELECT" DATA="product:amz:prod_camera_lighting_powertype"></ELEMENT>
<ELEMENT ID="CQGNKSX" PROMPT="Power" DEFAULT="" TYPE="TEXTBOX" DATA="product:amz:prod_camera_power" MANDATORY="Y"></ELEMENT>
<ELEMENT ID="CQGNKSY" PROMPT="Lighting Lighting Source Type" LIST="LIST_CAMERA_LIGHTING_LIGHTINGSOURCETYPE" TYPE="SELECT" DATA="product:amz:prod_camera_lighting_lightingsourcetype"></ELEMENT>
<ELEMENT ID="CQGNKSZ" PROMPT="Lighting Specialty Use" LIST="LIST_CAMERA_LIGHTING_SPECIALTYUSE" TYPE="SELECT" DATA="product:amz:prod_camera_lighting_specialtyuse"></ELEMENT>

</TEMPLATE>