<TEMPLATE ID="amz.petsupply.petsuppliesmisc" FORMAT="DEFINITION">


<!-- ******* -->
<ELEMENT ID="CQGNMIX" PROMPT="PetSupplies:PetSuppliesMisc" TYPE="HIDDEN" DATA="product:amz:catalog"></ELEMENT>
<ELEMENT ID="CQGNMIY" PROMPT="Color" DEFAULT="" TYPE="TEXTBOX" DATA="product:amz:prod_base_color" MANDATORY="Y"></ELEMENT>
<ELEMENT ID="CQGNMIZ" PROMPT="Ingredients" DEFAULT="" TYPE="TEXTBOX" DATA="product:amz:prod_petsupply_ingredients" MANDATORY="Y"></ELEMENT>
<ELEMENT ID="CQGNMJA" PROMPT="ItemPackageQuantity" DEFAULT="1" TYPE="NUMBER" DATA="product:amz:prod_petsupply_itempackagequantity"></ELEMENT>
<ELEMENT ID="CQGNMJB" PROMPT="Material" DEFAULT="" TYPE="TEXTBOX" DATA="product:amz:prod_petsupply_material" MANDATORY="Y"></ELEMENT>
<ELEMENT ID="CQGNMJC" PROMPT="Size" DEFAULT="" TYPE="TEXTBOX" DATA="product:amz:prod_petsupply_size" MANDATORY="Y"></ELEMENT>
<ELEMENT ID="CQGNMJD" PROMPT="Volume" DEFAULT="" TYPE="TEXTBOX" DATA="product:amz:prod_petsupply_volume" MANDATORY="Y"></ELEMENT>

</TEMPLATE>