<TEMPLATE ID="amz.musicinst.soundandrecordingequipment" FORMAT="DEFINITION">


<!-- ******* -->
<ELEMENT ID="CQGNMEG" PROMPT="MusicalInstruments:SoundAndRecordingEquipment" TYPE="HIDDEN" DATA="product:amz:catalog"></ELEMENT>
<ELEMENT ID="CQGNMEH" PROMPT="Additional Specifications" DEFAULT="" TYPE="TEXTBOX" DATA="product:amz:prod_musicinst_additionalspecifications" MANDATORY="Y"></ELEMENT>
<ELEMENT ID="CQGNMEI" PROMPT="Color" DEFAULT="" TYPE="TEXTBOX" DATA="product:amz:prod_base_color" MANDATORY="Y"></ELEMENT>
<ELEMENT ID="CQGNMEJ" PROMPT="Country Produced In" DEFAULT="" TYPE="TEXTBOX" DATA="product:amz:prod_musicinst_countryproducedin" MANDATORY="Y"></ELEMENT>
<ELEMENT ID="CQGNMEK" PROMPT="ItemPackageQuantity" DEFAULT="1" TYPE="NUMBER" DATA="product:amz:prod_musicinst_itempackagequantity"></ELEMENT>
<ELEMENT ID="CQGNMEL" PROMPT="MixerChannelQty" DEFAULT="" TYPE="NUMBER" DATA="product:amz:prod_musicinst_mixerchannelqty"></ELEMENT>
<ELEMENT ID="CQGNMEM" PROMPT="Model Name" DEFAULT="" TYPE="TEXTBOX" DATA="product:amz:prod_musicinst_modelname" MANDATORY="Y"></ELEMENT>
<ELEMENT ID="CQGNMEN" PROMPT="Model Number" DEFAULT="" TYPE="TEXTBOX" DATA="product:amz:prod_musicinst_modelnumber" MANDATORY="Y"></ELEMENT>
<ELEMENT ID="CQGNMEO" PROMPT="Model Year" DEFAULT="" TYPE="TEXTBOX" DATA="product:amz:prod_musicinst_modelyear" MANDATORY="Y"></ELEMENT>
<ELEMENT ID="CQGNMEP" PROMPT="Musical Style" DEFAULT="" TYPE="TEXTBOX" DATA="product:amz:prod_musicinst_musicalstyle" MANDATORY="Y"></ELEMENT>
<ELEMENT ID="CQGNMEQ" PROMPT="OutputWattage" DEFAULT="" TYPE="NUMBER" DATA="product:amz:prod_musicinst_outputwattage"></ELEMENT>
<ELEMENT ID="CQGNMER" PROMPT="RecorderTrackCount" DEFAULT="" TYPE="NUMBER" DATA="product:amz:prod_musicinst_recordertrackcount"></ELEMENT>
<ELEMENT ID="CQGNMES" PROMPT="SpeakerCount" DEFAULT="" TYPE="NUMBER" DATA="product:amz:prod_musicinst_speakercount"></ELEMENT>
<ELEMENT ID="CQGNMET" PROMPT="SpeakerSize" DEFAULT="" TYPE="NUMBER" DATA="product:amz:prod_musicinst_speakersize"></ELEMENT>
<ELEMENT ID="CQGNMEU" PROMPT="Wireless Microphone Frequency" DEFAULT="" TYPE="TEXTBOX" DATA="product:amz:prod_musicinst_wirelessmicrophonefrequency" MANDATORY="Y"></ELEMENT>

</TEMPLATE>