<TEMPLATE ID="amz.jewerly.fashionnecklacebraceletankle" FORMAT="DEFINITION">
<LIST ID="LIST_JEWELRY_FASHIONNECKLACEBRACELETANKLET_PARENTAGE" TYPE="TEXT">
<OPT T="parent" V="parent"></OPT>
<OPT T="child" V="child"></OPT>
</LIST>
<LIST ID="LIST_JEWELRY_FASHIONNECKLACEBRACELETANKLET_VARIATIONTHEME" TYPE="TEXT">
<OPT T="Length" V="Length"></OPT>
<OPT T="MetalType" V="MetalType"></OPT>
<OPT T="Length-MetalType" V="Length-MetalType"></OPT>
</LIST>


<!-- ******* -->
<ELEMENT ID="CQGNLQW" PROMPT="Jewelry:FashionNecklaceBraceletAnklet" TYPE="HIDDEN" DATA="product:amz:catalog"></ELEMENT>
<ELEMENT ID="CQGNLQX" PROMPT="Fashion Necklace Bracelet Anklet Parentage" LIST="LIST_JEWELRY_FASHIONNECKLACEBRACELETANKLET_PARENTAGE" TYPE="SELECT" DATA="product:amz:prod_jewelry_fashionnecklacebraceletanklet_parentage"></ELEMENT>
<ELEMENT ID="CQGNLQY" PROMPT="Fashion Necklace Bracelet Anklet Variation Theme" LIST="LIST_JEWELRY_FASHIONNECKLACEBRACELETANKLET_VARIATIONTHEME" TYPE="SELECT" DATA="product:amz:prod_jewelry_fashionnecklacebraceletanklet_variationtheme"></ELEMENT>
<ELEMENT ID="CQGNLQZ" PROMPT="Length" DEFAULT="" TYPE="NUMBER" DATA="product:amz:prod_jewelry_length"></ELEMENT>
<ELEMENT ID="CQGNLRA" PROMPT="Metal Type" DEFAULT="" TYPE="TEXTBOX" DATA="product:amz:prod_jewelry_metaltype" MANDATORY="Y"></ELEMENT>
<ELEMENT ID="CQGNLRB" PROMPT="Clasp Type" DEFAULT="" TYPE="TEXTBOX" DATA="product:amz:prod_jewelry_clasptype" MANDATORY="Y"></ELEMENT>
<ELEMENT ID="CQGNLRC" PROMPT="Material_1" DEFAULT="" TYPE="TEXTBOX" DATA="product:amz:prod_jewelry_material_1" MANDATORY="Y"></ELEMENT>
<ELEMENT ID="CQGNLRD" PROMPT="Material_2" DEFAULT="" TYPE="TEXTBOX" DATA="product:amz:prod_jewelry_material_2"></ELEMENT>
<ELEMENT ID="CQGNLRE" PROMPT="Material_3" DEFAULT="" TYPE="TEXTBOX" DATA="product:amz:prod_jewelry_material_3"></ELEMENT>
<ELEMENT ID="CQGNLRF" PROMPT="Material_4" DEFAULT="" TYPE="TEXTBOX" DATA="product:amz:prod_jewelry_material_4"></ELEMENT>
<ELEMENT ID="CQGNLRG" PROMPT="Metal Stamp" DEFAULT="" TYPE="TEXTBOX" DATA="product:amz:prod_jewelry_metalstamp" MANDATORY="Y"></ELEMENT>
<ELEMENT ID="CQGNLRH" PROMPT="Setting Type" DEFAULT="" TYPE="TEXTBOX" DATA="product:amz:prod_jewelry_settingtype" MANDATORY="Y"></ELEMENT>
<ELEMENT ID="CQGNLRI" PROMPT="Diameter" DEFAULT="" TYPE="NUMBER" DATA="product:amz:prod_jewelry_diameter"></ELEMENT>
<ELEMENT ID="CQGNLRJ" PROMPT="Height" DEFAULT="" TYPE="NUMBER" DATA="product:amz:prod_jewelry_height"></ELEMENT>
<ELEMENT ID="CQGNLRK" PROMPT="Width" DEFAULT="" TYPE="NUMBER" DATA="product:amz:prod_jewelry_width"></ELEMENT>
<ELEMENT ID="CQGNLRL" PROMPT="Chain Type" DEFAULT="" TYPE="TEXTBOX" DATA="product:amz:prod_jewelry_chaintype" MANDATORY="Y"></ELEMENT>
<ELEMENT ID="CQGNLRM" PROMPT="Estate Period" DEFAULT="" TYPE="TEXTBOX" DATA="product:amz:prod_jewelry_estateperiod" MANDATORY="Y"></ELEMENT>

</TEMPLATE>