<TEMPLATE ID="amz.musicinst.guitars" FORMAT="DEFINITION">
<LIST ID="LIST_MUSICINST_GUITARS_GUITARATTRIBUTE" TYPE="TEXT">
<OPT T="dreadnought" V="dreadnought"></OPT>
<OPT T="fretless" V="fretless"></OPT>
<OPT T="grand-auditorium" V="grand-auditorium"></OPT>
<OPT T="grand-concert" V="grand-concert"></OPT>
<OPT T="jumbo" V="jumbo"></OPT>
<OPT T="mini" V="mini"></OPT>
<OPT T="nex" V="nex"></OPT>
<OPT T="shallow-body" V="shallow-body"></OPT>
<OPT T="short-scale" V="short-scale"></OPT>
<OPT T="travel" V="travel"></OPT>
</LIST>
<LIST ID="LIST_MUSICINST_GUITARS_GUITARBRIDGESYSTEM" TYPE="TEXT">
<OPT T="fixed" V="fixed"></OPT>
<OPT T="tremolo" V="tremolo"></OPT>
</LIST>
<LIST ID="LIST_MUSICINST_GUITARS_GUITARPICKUPCONFIGURATION" TYPE="TEXT">
<OPT T="humbucker" V="humbucker"></OPT>
<OPT T="magnetic-combination" V="magnetic-combination"></OPT>
<OPT T="magnetic-double-coil" V="magnetic-double-coil"></OPT>
<OPT T="magnetic-single-coil" V="magnetic-single-coil"></OPT>
<OPT T="piezoelectric" V="piezoelectric"></OPT>
</LIST>


<!-- ******* -->
<ELEMENT ID="CQGNLZI" PROMPT="MusicalInstruments:Guitars" TYPE="HIDDEN" DATA="product:amz:catalog"></ELEMENT>
<ELEMENT ID="CQGNLZJ" PROMPT="Additional Specifications" DEFAULT="" TYPE="TEXTBOX" DATA="product:amz:prod_musicinst_additionalspecifications" MANDATORY="Y"></ELEMENT>
<ELEMENT ID="CQGNLZK" PROMPT="Color" DEFAULT="" TYPE="TEXTBOX" DATA="product:amz:prod_base_color" MANDATORY="Y"></ELEMENT>
<ELEMENT ID="CQGNLZL" PROMPT="Country Produced In" DEFAULT="" TYPE="TEXTBOX" DATA="product:amz:prod_musicinst_countryproducedin" MANDATORY="Y"></ELEMENT>
<ELEMENT ID="CQGNLZM" PROMPT="Guitars Guitar Attribute" LIST="LIST_MUSICINST_GUITARS_GUITARATTRIBUTE" TYPE="SELECT" DATA="product:amz:prod_musicinst_guitars_guitarattribute"></ELEMENT>
<ELEMENT ID="CQGNLZN" PROMPT="Guitars Guitar Bridge System" LIST="LIST_MUSICINST_GUITARS_GUITARBRIDGESYSTEM" TYPE="SELECT" DATA="product:amz:prod_musicinst_guitars_guitarbridgesystem"></ELEMENT>
<ELEMENT ID="CQGNLZO" PROMPT="Guitars Guitar Pickup Configuration" LIST="LIST_MUSICINST_GUITARS_GUITARPICKUPCONFIGURATION" TYPE="SELECT" DATA="product:amz:prod_musicinst_guitars_guitarpickupconfiguration"></ELEMENT>
<ELEMENT ID="CQGNLZP" PROMPT="ItemPackageQuantity" DEFAULT="1" TYPE="NUMBER" DATA="product:amz:prod_musicinst_itempackagequantity"></ELEMENT>
<ELEMENT ID="CQGNLZQ" PROMPT="Material Type" DEFAULT="" TYPE="TEXTBOX" DATA="product:amz:prod_musicinst_materialtype" MANDATORY="Y"></ELEMENT>
<ELEMENT ID="CQGNLZR" PROMPT="Model Name" DEFAULT="" TYPE="TEXTBOX" DATA="product:amz:prod_musicinst_modelname" MANDATORY="Y"></ELEMENT>
<ELEMENT ID="CQGNLZS" PROMPT="Model Number" DEFAULT="" TYPE="TEXTBOX" DATA="product:amz:prod_musicinst_modelnumber" MANDATORY="Y"></ELEMENT>
<ELEMENT ID="CQGNLZT" PROMPT="Model Year" DEFAULT="" TYPE="TEXTBOX" DATA="product:amz:prod_musicinst_modelyear" MANDATORY="Y"></ELEMENT>
<ELEMENT ID="CQGNLZU" PROMPT="Musical Style" DEFAULT="" TYPE="TEXTBOX" DATA="product:amz:prod_musicinst_musicalstyle" MANDATORY="Y"></ELEMENT>
<ELEMENT ID="CQGNLZV" PROMPT="NumberOfStrings" DEFAULT="" TYPE="NUMBER" DATA="product:amz:prod_musicinst_numberofstrings"></ELEMENT>

</TEMPLATE>