<TEMPLATE ID="amz.camera.lens" FORMAT="DEFINITION">
<LIST ID="LIST_CAMERA_LENS_CAMERATYPE" TYPE="TEXT">
<OPT T="camcorder" V="camcorder"></OPT>
<OPT T="digital-camera" V="digital-camera"></OPT>
<OPT T="35mm-rangefinder" V="35mm-rangefinder"></OPT>
<OPT T="35mm-slr" V="35mm-slr"></OPT>
<OPT T="aps" V="aps"></OPT>
<OPT T="large-format" V="large-format"></OPT>
<OPT T="medium-format" V="medium-format"></OPT>
<OPT T="underwater" V="underwater"></OPT>
</LIST>
<LIST ID="LIST_CAMERA_LENS_LENSTYPE" TYPE="TEXT">
<OPT T="wide-angle" V="wide-angle"></OPT>
<OPT T="telephoto" V="telephoto"></OPT>
<OPT T="zoom" V="zoom"></OPT>
<OPT T="macro" V="macro"></OPT>
<OPT T="tilt-shift" V="tilt-shift"></OPT>
<OPT T="fisheye" V="fisheye"></OPT>
<OPT T="teleconverter" V="teleconverter"></OPT>
<OPT T="normal" V="normal"></OPT>
</LIST>
<LIST ID="LIST_CAMERA_LENS_FOCUSTYPE" TYPE="TEXT">
<OPT T="manual-focus" V="manual-focus"></OPT>
<OPT T="auto-focus" V="auto-focus"></OPT>
</LIST>
<LIST ID="LIST_CAMERA_LENS_FEATURES" TYPE="TEXT">
<OPT T="all-glass-optical" V="all-glass-optical"></OPT>
<OPT T="apochromatic" V="apochromatic"></OPT>
<OPT T="aspheric" V="aspheric"></OPT>
</LIST>


<!-- ******* -->
<ELEMENT ID="CQGNKTA" PROMPT="CameraPhoto:Lens" TYPE="HIDDEN" DATA="product:amz:catalog"></ELEMENT>
<ELEMENT ID="CQGNKTB" PROMPT="Manufacturer" DEFAULT="" TYPE="TEXTBOX" DATA="product:zoovy:prod_mfg" MANDATORY="Y"></ELEMENT>
<ELEMENT ID="CQGNKTC" PROMPT="Model Name" DEFAULT="" TYPE="TEXTBOX" DATA="product:zoovy:prod_mfgmodel" MANDATORY="Y"></ELEMENT>
<ELEMENT ID="CQGNKTD" PROMPT="Model Number" DEFAULT="" TYPE="TEXTBOX" DATA="product:zoovy:prod_mfgmodelid" MANDATORY="Y"></ELEMENT>
<ELEMENT ID="CQGNKTE" PROMPT="Mfr Part Number" DEFAULT="" TYPE="TEXTBOX" DATA="product:zoovy:prod_mfgid" MANDATORY="Y"></ELEMENT>
<ELEMENT ID="CQGNKTF" PROMPT="Color" DEFAULT="" TYPE="TEXTBOX" DATA="product:zoovy:prod_color" MANDATORY="Y"></ELEMENT>
<ELEMENT ID="CQGNKTG" PROMPT="Items Included" DEFAULT="" TYPE="TEXTBOX" DATA="product:zoovy:prod_included" MANDATORY="Y"></ELEMENT>
<ELEMENT ID="CQGNKTH" PROMPT="Keywords_1" DEFAULT="" TYPE="TEXTBOX" DATA="product:zoovy:keywords_1" MANDATORY="Y"></ELEMENT>
<ELEMENT ID="CQGNKTI" PROMPT="Keywords_2" DEFAULT="" TYPE="TEXTBOX" DATA="product:zoovy:keywords_2"></ELEMENT>
<ELEMENT ID="CQGNKTJ" PROMPT="Keywords_3" DEFAULT="" TYPE="TEXTBOX" DATA="product:zoovy:keywords_3"></ELEMENT>
<ELEMENT ID="CQGNKTK" PROMPT="Keywords_4" DEFAULT="" TYPE="TEXTBOX" DATA="product:zoovy:keywords_4"></ELEMENT>
<ELEMENT ID="CQGNKTL" PROMPT="Keywords_5" DEFAULT="" TYPE="TEXTBOX" DATA="product:zoovy:keywords_5"></ELEMENT>
<ELEMENT ID="CQGNKTM" PROMPT="Platinum Keywords_1" DEFAULT="" TYPE="TEXTBOX" DATA="product:amz:platinum_keywords_1" MANDATORY="Y"></ELEMENT>
<ELEMENT ID="CQGNKTN" PROMPT="Platinum Keywords_2" DEFAULT="" TYPE="TEXTBOX" DATA="product:amz:platinum_keywords_2"></ELEMENT>
<ELEMENT ID="CQGNKTO" PROMPT="Platinum Keywords_3" DEFAULT="" TYPE="TEXTBOX" DATA="product:amz:platinum_keywords_3"></ELEMENT>
<ELEMENT ID="CQGNKTP" PROMPT="Platinum Keywords_4" DEFAULT="" TYPE="TEXTBOX" DATA="product:amz:platinum_keywords_4"></ELEMENT>
<ELEMENT ID="CQGNKTQ" PROMPT="Platinum Keywords_5" DEFAULT="" TYPE="TEXTBOX" DATA="product:amz:platinum_keywords_5"></ELEMENT>
<ELEMENT ID="CQGNKTR" PROMPT="Platinum Keywords_6" DEFAULT="" TYPE="TEXTBOX" DATA="product:amz:platinum_keywords_6"></ELEMENT>
<ELEMENT ID="CQGNKTS" PROMPT="Platinum Keywords_7" DEFAULT="" TYPE="TEXTBOX" DATA="product:amz:platinum_keywords_7"></ELEMENT>
<ELEMENT ID="CQGNKTT" PROMPT="Platinum Keywords_8" DEFAULT="" TYPE="TEXTBOX" DATA="product:amz:platinum_keywords_8"></ELEMENT>
<ELEMENT ID="CQGNKTU" PROMPT="Platinum Keywords_9" DEFAULT="" TYPE="TEXTBOX" DATA="product:amz:platinum_keywords_9"></ELEMENT>
<ELEMENT ID="CQGNKTV" PROMPT="Platinum Keywords_10" DEFAULT="" TYPE="TEXTBOX" DATA="product:amz:platinum_keywords_10"></ELEMENT>
<ELEMENT ID="CQGNKTW" PROMPT="Platinum Keywords_11" DEFAULT="" TYPE="TEXTBOX" DATA="product:amz:platinum_keywords_11"></ELEMENT>
<ELEMENT ID="CQGNKTX" PROMPT="Platinum Keywords_12" DEFAULT="" TYPE="TEXTBOX" DATA="product:amz:platinum_keywords_12"></ELEMENT>
<ELEMENT ID="CQGNKTY" PROMPT="Platinum Keywords_13" DEFAULT="" TYPE="TEXTBOX" DATA="product:amz:platinum_keywords_13"></ELEMENT>
<ELEMENT ID="CQGNKTZ" PROMPT="Platinum Keywords_14" DEFAULT="" TYPE="TEXTBOX" DATA="product:amz:platinum_keywords_14"></ELEMENT>
<ELEMENT ID="CQGNKUA" PROMPT="Platinum Keywords_15" DEFAULT="" TYPE="TEXTBOX" DATA="product:amz:platinum_keywords_15"></ELEMENT>
<ELEMENT ID="CQGNKUB" PROMPT="Platinum Keywords_16" DEFAULT="" TYPE="TEXTBOX" DATA="product:amz:platinum_keywords_16"></ELEMENT>
<ELEMENT ID="CQGNKUC" PROMPT="Platinum Keywords_17" DEFAULT="" TYPE="TEXTBOX" DATA="product:amz:platinum_keywords_17"></ELEMENT>
<ELEMENT ID="CQGNKUD" PROMPT="Platinum Keywords_18" DEFAULT="" TYPE="TEXTBOX" DATA="product:amz:platinum_keywords_18"></ELEMENT>
<ELEMENT ID="CQGNKUE" PROMPT="Platinum Keywords_19" DEFAULT="" TYPE="TEXTBOX" DATA="product:amz:platinum_keywords_19"></ELEMENT>
<ELEMENT ID="CQGNKUF" PROMPT="Platinum Keywords_20" DEFAULT="" TYPE="TEXTBOX" DATA="product:amz:platinum_keywords_20"></ELEMENT>
<ELEMENT ID="CQGNKUG" PROMPT="Lens Camera Type" LIST="LIST_CAMERA_LENS_CAMERATYPE" TYPE="SELECT" DATA="product:amz:prod_camera_lens_cameratype"></ELEMENT>
<ELEMENT ID="CQGNKUH" PROMPT="MinFocalLength" DEFAULT="" TYPE="NUMBER" DATA="product:amz:prod_camera_minfocallength"></ELEMENT>
<ELEMENT ID="CQGNKUI" PROMPT="MaxFocalLength" DEFAULT="" TYPE="NUMBER" DATA="product:amz:prod_camera_maxfocallength"></ELEMENT>
<ELEMENT ID="CQGNKUJ" PROMPT="Lens Lens Type" LIST="LIST_CAMERA_LENS_LENSTYPE" TYPE="SELECT" DATA="product:amz:prod_camera_lens_lenstype"></ELEMENT>
<ELEMENT ID="CQGNKUK" PROMPT="Lens Focus Type" LIST="LIST_CAMERA_LENS_FOCUSTYPE" TYPE="SELECT" DATA="product:amz:prod_camera_lens_focustype"></ELEMENT>
<ELEMENT ID="CQGNKUL" PROMPT="Lens Features" LIST="LIST_CAMERA_LENS_FEATURES" TYPE="SELECT" DATA="product:amz:prod_camera_lens_features"></ELEMENT>

</TEMPLATE>