<TEMPLATE ID="amz.food.gourmetmisc" FORMAT="DEFINITION">
<LIST ID="LIST_FOOD_GOURMETMISC_PARENTAGE" TYPE="TEXT">
<OPT T="parent" V="parent"></OPT>
<OPT T="child" V="child"></OPT>
</LIST>
<LIST ID="LIST_FOOD_GOURMETMISC_VARIATIONTHEME" TYPE="TEXT">
<OPT T="Size" V="Size"></OPT>
<OPT T="Color" V="Color"></OPT>
</LIST>


<!-- ******* -->
<ELEMENT ID="CQGNLNF" PROMPT="Gourmet:GourmetMisc" TYPE="HIDDEN" DATA="product:amz:catalog"></ELEMENT>
<ELEMENT ID="CQGNLNG" PROMPT="Gourmet Misc Parentage" LIST="LIST_FOOD_GOURMETMISC_PARENTAGE" TYPE="SELECT" DATA="product:amz:prod_food_gourmetmisc_parentage"></ELEMENT>
<ELEMENT ID="CQGNLNH" PROMPT="Gourmet Misc Variation Theme" LIST="LIST_FOOD_GOURMETMISC_VARIATIONTHEME" TYPE="SELECT" DATA="product:amz:prod_food_gourmetmisc_variationtheme"></ELEMENT>
<ELEMENT ID="CQGNLNI" PROMPT="Size" DEFAULT="" TYPE="TEXTBOX" DATA="product:amz:prod_food_size" MANDATORY="Y"></ELEMENT>
<ELEMENT ID="CQGNLNJ" PROMPT="Color" DEFAULT="" TYPE="TEXTBOX" DATA="product:amz:prod_food_color" MANDATORY="Y"></ELEMENT>
<ELEMENT ID="CQGNLNK" PROMPT="Country Produced In" DEFAULT="" TYPE="TEXTBOX" DATA="product:amz:prod_food_countryproducedin" MANDATORY="Y"></ELEMENT>
<ELEMENT ID="CQGNLNL" PROMPT="Ingredients" DEFAULT="" TYPE="TEXTBOX" DATA="product:amz:prod_food_ingredients" MANDATORY="Y"></ELEMENT>

</TEMPLATE>