<TEMPLATE ID="amz.jewerly.watch" FORMAT="DEFINITION">


<!-- ******* -->
<ELEMENT ID="CQGNMAI" PROMPT="Jewelry:Watch" TYPE="HIDDEN" DATA="product:amz:catalog"></ELEMENT>
<ELEMENT ID="CQGNMAJ" PROMPT="Band Material" DEFAULT="" TYPE="TEXTBOX" DATA="product:amz:prod_jewelry_bandmaterial" MANDATORY="Y"></ELEMENT>
<ELEMENT ID="CQGNMAK" PROMPT="Band Length" DEFAULT="" TYPE="TEXTBOX" DATA="product:amz:prod_jewelry_bandlength" MANDATORY="Y"></ELEMENT>
<ELEMENT ID="CQGNMAL" PROMPT="BandWidth" DEFAULT="" TYPE="NUMBER" DATA="product:amz:prod_jewelry_bandwidth"></ELEMENT>
<ELEMENT ID="CQGNMAM" PROMPT="Clasp Type" DEFAULT="" TYPE="TEXTBOX" DATA="product:amz:prod_jewelry_clasptype" MANDATORY="Y"></ELEMENT>
<ELEMENT ID="CQGNMAN" PROMPT="Case Material_1" DEFAULT="" TYPE="TEXTBOX" DATA="product:amz:prod_jewelry_casematerial_1" MANDATORY="Y"></ELEMENT>
<ELEMENT ID="CQGNMAO" PROMPT="Case Material_2" DEFAULT="" TYPE="TEXTBOX" DATA="product:amz:prod_jewelry_casematerial_2"></ELEMENT>
<ELEMENT ID="CQGNMAP" PROMPT="CaseSizeThickness" DEFAULT="" TYPE="NUMBER" DATA="product:amz:prod_jewelry_casesizethickness"></ELEMENT>
<ELEMENT ID="CQGNMAQ" PROMPT="CaseSizeDiameter" DEFAULT="" TYPE="NUMBER" DATA="product:amz:prod_jewelry_casesizediameter"></ELEMENT>
<ELEMENT ID="CQGNMAR" PROMPT="Metal Stamp" DEFAULT="" TYPE="TEXTBOX" DATA="product:amz:prod_jewelry_metalstamp" MANDATORY="Y"></ELEMENT>
<ELEMENT ID="CQGNMAS" PROMPT="Dial Color" DEFAULT="" TYPE="TEXTBOX" DATA="product:amz:prod_jewelry_dialcolor" MANDATORY="Y"></ELEMENT>
<ELEMENT ID="CQGNMAT" PROMPT="Bezel Material" DEFAULT="" TYPE="TEXTBOX" DATA="product:amz:prod_jewelry_bezelmaterial" MANDATORY="Y"></ELEMENT>
<ELEMENT ID="CQGNMAU" PROMPT="Bezel Function" DEFAULT="" TYPE="TEXTBOX" DATA="product:amz:prod_jewelry_bezelfunction" MANDATORY="Y"></ELEMENT>
<ELEMENT ID="CQGNMAV" PROMPT="Crystal" DEFAULT="" TYPE="TEXTBOX" DATA="product:amz:prod_jewelry_crystal" MANDATORY="Y"></ELEMENT>
<ELEMENT ID="CQGNMAW" PROMPT="Movement Type" DEFAULT="" TYPE="TEXTBOX" DATA="product:amz:prod_jewelry_movementtype" MANDATORY="Y"></ELEMENT>
<ELEMENT ID="CQGNMAX" PROMPT="Calendar Type" DEFAULT="" TYPE="TEXTBOX" DATA="product:amz:prod_jewelry_calendartype" MANDATORY="Y"></ELEMENT>
<ELEMENT ID="CQGNMAY" PROMPT="WaterResistantDepth" DEFAULT="" TYPE="NUMBER" DATA="product:amz:prod_jewelry_waterresistantdepth"></ELEMENT>
<ELEMENT ID="CQGNMAZ" PROMPT="Resale Type" DEFAULT="" TYPE="TEXTBOX" DATA="product:amz:prod_jewelry_resaletype" MANDATORY="Y"></ELEMENT>
<ELEMENT ID="CQGNMBA" PROMPT="Warranty Type" DEFAULT="" TYPE="TEXTBOX" DATA="product:amz:prod_jewelry_warrantytype" MANDATORY="Y"></ELEMENT>
<ELEMENT ID="CQGNMBB" PROMPT="Estate Period" DEFAULT="" TYPE="TEXTBOX" DATA="product:amz:prod_jewelry_estateperiod" MANDATORY="Y"></ELEMENT>

</TEMPLATE>