<TEMPLATE ID="amz.camera.camcorder" FORMAT="DEFINITION">
<LIST ID="LIST_CAMERA_CAMCORDER_ANALOGFORMATS" TYPE="TEXT">
<OPT T="general" V="general"></OPT>
<OPT T="8mm" V="8mm"></OPT>
<OPT T="betacam-sp" V="betacam-sp"></OPT>
<OPT T="hi-8" V="hi-8"></OPT>
<OPT T="s-vhs" V="s-vhs"></OPT>
<OPT T="s-vhs-c" V="s-vhs-c"></OPT>
<OPT T="vhs" V="vhs"></OPT>
<OPT T="vhs-c" V="vhs-c"></OPT>
<OPT T="other" V="other"></OPT>
</LIST>
<LIST ID="LIST_CAMERA_CAMCORDER_DIGITALFORMATS" TYPE="TEXT">
<OPT T="general" V="general"></OPT>
<OPT T="digital-betacam" V="digital-betacam"></OPT>
<OPT T="dv" V="dv"></OPT>
<OPT T="dvcam" V="dvcam"></OPT>
<OPT T="dvcpro" V="dvcpro"></OPT>
<OPT T="minidv" V="minidv"></OPT>
<OPT T="micromv" V="micromv"></OPT>
<OPT T="digital8" V="digital8"></OPT>
<OPT T="dvd" V="dvd"></OPT>
<OPT T="minidisc" V="minidisc"></OPT>
<OPT T="other" V="other"></OPT>
</LIST>
<LIST ID="LIST_CAMERA_CAMCORDER_SENSORTYPE" TYPE="TEXT">
<OPT T="ccd" V="ccd"></OPT>
<OPT T="3-chip-ccd" V="3-chip-ccd"></OPT>
<OPT T="cmos" V="cmos"></OPT>
<OPT T="progressive-scan-ccd" V="progressive-scan-ccd"></OPT>
<OPT T="fixed-zoom-lens" V="fixed-zoom-lens"></OPT>
<OPT T="interchangeable-lens" V="interchangeable-lens"></OPT>
<OPT T="other-lens" V="other-lens"></OPT>
</LIST>
<LIST ID="LIST_CAMERA_CAMCORDER_FILMFORMATS" TYPE="TEXT">
<OPT T="general" V="general"></OPT>
<OPT T="8mm" V="8mm"></OPT>
<OPT T="16mm" V="16mm"></OPT>
<OPT T="35mm" V="35mm"></OPT>
<OPT T="65mm" V="65mm"></OPT>
<OPT T="70mm" V="70mm"></OPT>
<OPT T="other" V="other"></OPT>
</LIST>
<LIST ID="LIST_CAMERA_CAMCORDER_LENSTYPE" TYPE="TEXT">
<OPT T="fixed-non-zoom" V="fixed-non-zoom"></OPT>
<OPT T="fixed-zoom" V="fixed-zoom"></OPT>
<OPT T="interchangeable" V="interchangeable"></OPT>
</LIST>
<LIST ID="LIST_CAMERA_CAMCORDER_AUDIO" TYPE="TEXT">
<OPT T="stereo" V="stereo"></OPT>
<OPT T="mono" V="mono"></OPT>
</LIST>
<LIST ID="LIST_CAMERA_CAMCORDER_VIEWFINDER" TYPE="TEXT">
<OPT T="black-and-white" V="black-and-white"></OPT>
<OPT T="color" V="color"></OPT>
</LIST>
<LIST ID="LIST_CAMERA_CAMCORDER_USBOUTPUT" TYPE="TEXT">
<OPT T="usb1.1" V="usb1.1"></OPT>
<OPT T="usb2.0" V="usb2.0"></OPT>
</LIST>
<LIST ID="LIST_CAMERA_CAMCORDER_EXTERNALMEMORYTYPE" TYPE="TEXT">
<OPT T="memory-stick" V="memory-stick"></OPT>
<OPT T="secure-digital" V="secure-digital"></OPT>
<OPT T="mmc" V="mmc"></OPT>
<OPT T="other" V="other"></OPT>
</LIST>
<LIST ID="LIST_CAMERA_CAMCORDER_MPEGMOVIEMODE" TYPE="TEXT">
<OPT T="mpeg" V="mpeg"></OPT>
<OPT T="mpeg2" V="mpeg2"></OPT>
<OPT T="mpeg4" V="mpeg4"></OPT>
</LIST>
<LIST ID="LIST_BASE_COMPUTERPLATFORM_TYPE">
<OPT T="windows" V="windows"></OPT>
<OPT T="mac" V="mac"></OPT>
<OPT T="linux" V="linux"></OPT>
</LIST>
<LIST ID="LIST_CAMERA_CAMCORDER_PLAYBACKFORMAT" TYPE="TEXT">
<OPT T="pal" V="pal"></OPT>
<OPT T="ntsc" V="ntsc"></OPT>
<OPT T="multisystem" V="multisystem"></OPT>
<OPT T="secam" V="secam"></OPT>
</LIST>
<LIST ID="LIST_CAMERA_CAMCORDER_FEATURES" TYPE="TEXT">
<OPT T="lcd-screen" V="lcd-screen"></OPT>
<OPT T="mpeg" V="mpeg"></OPT>
<OPT T="digital-still" V="digital-still"></OPT>
<OPT T="memory-card-compatible" V="memory-card-compatible"></OPT>
<OPT T="image-stabilization" V="image-stabilization"></OPT>
<OPT T="insert-edit" V="insert-edit"></OPT>
<OPT T="underwater" V="underwater"></OPT>
</LIST>


<!-- ******* -->
<ELEMENT ID="CQGNJSB" PROMPT="CameraPhoto:Camcorder" TYPE="HIDDEN" DATA="product:amz:catalog"></ELEMENT>
<ELEMENT ID="CQGNJSC" PROMPT="Manufacturer" DEFAULT="" TYPE="TEXTBOX" DATA="product:zoovy:prod_mfg" MANDATORY="Y"></ELEMENT>
<ELEMENT ID="CQGNJSD" PROMPT="Model Name" DEFAULT="" TYPE="TEXTBOX" DATA="product:zoovy:prod_mfgmodel" MANDATORY="Y"></ELEMENT>
<ELEMENT ID="CQGNJSE" PROMPT="Model Number" DEFAULT="" TYPE="TEXTBOX" DATA="product:zoovy:prod_mfgmodelid" MANDATORY="Y"></ELEMENT>
<ELEMENT ID="CQGNJSF" PROMPT="Mfr Part Number" DEFAULT="" TYPE="TEXTBOX" DATA="product:zoovy:prod_mfgid" MANDATORY="Y"></ELEMENT>
<ELEMENT ID="CQGNJSG" PROMPT="Color" DEFAULT="" TYPE="TEXTBOX" DATA="product:zoovy:prod_color" MANDATORY="Y"></ELEMENT>
<ELEMENT ID="CQGNJSH" PROMPT="Items Included" DEFAULT="" TYPE="TEXTBOX" DATA="product:zoovy:prod_included" MANDATORY="Y"></ELEMENT>
<ELEMENT ID="CQGNJSI" PROMPT="Keywords_1" DEFAULT="" TYPE="TEXTBOX" DATA="product:zoovy:keywords_1" MANDATORY="Y"></ELEMENT>
<ELEMENT ID="CQGNJSJ" PROMPT="Keywords_2" DEFAULT="" TYPE="TEXTBOX" DATA="product:zoovy:keywords_2"></ELEMENT>
<ELEMENT ID="CQGNJSK" PROMPT="Keywords_3" DEFAULT="" TYPE="TEXTBOX" DATA="product:zoovy:keywords_3"></ELEMENT>
<ELEMENT ID="CQGNJSL" PROMPT="Keywords_4" DEFAULT="" TYPE="TEXTBOX" DATA="product:zoovy:keywords_4"></ELEMENT>
<ELEMENT ID="CQGNJSM" PROMPT="Keywords_5" DEFAULT="" TYPE="TEXTBOX" DATA="product:zoovy:keywords_5"></ELEMENT>
<ELEMENT ID="CQGNJSN" PROMPT="Platinum Keywords_1" DEFAULT="" TYPE="TEXTBOX" DATA="product:amz:platinum_keywords_1" MANDATORY="Y"></ELEMENT>
<ELEMENT ID="CQGNJSO" PROMPT="Platinum Keywords_2" DEFAULT="" TYPE="TEXTBOX" DATA="product:amz:platinum_keywords_2"></ELEMENT>
<ELEMENT ID="CQGNJSP" PROMPT="Platinum Keywords_3" DEFAULT="" TYPE="TEXTBOX" DATA="product:amz:platinum_keywords_3"></ELEMENT>
<ELEMENT ID="CQGNJSQ" PROMPT="Platinum Keywords_4" DEFAULT="" TYPE="TEXTBOX" DATA="product:amz:platinum_keywords_4"></ELEMENT>
<ELEMENT ID="CQGNJSR" PROMPT="Platinum Keywords_5" DEFAULT="" TYPE="TEXTBOX" DATA="product:amz:platinum_keywords_5"></ELEMENT>
<ELEMENT ID="CQGNJSS" PROMPT="Platinum Keywords_6" DEFAULT="" TYPE="TEXTBOX" DATA="product:amz:platinum_keywords_6"></ELEMENT>
<ELEMENT ID="CQGNJST" PROMPT="Platinum Keywords_7" DEFAULT="" TYPE="TEXTBOX" DATA="product:amz:platinum_keywords_7"></ELEMENT>
<ELEMENT ID="CQGNJSU" PROMPT="Platinum Keywords_8" DEFAULT="" TYPE="TEXTBOX" DATA="product:amz:platinum_keywords_8"></ELEMENT>
<ELEMENT ID="CQGNJSV" PROMPT="Platinum Keywords_9" DEFAULT="" TYPE="TEXTBOX" DATA="product:amz:platinum_keywords_9"></ELEMENT>
<ELEMENT ID="CQGNJSW" PROMPT="Platinum Keywords_10" DEFAULT="" TYPE="TEXTBOX" DATA="product:amz:platinum_keywords_10"></ELEMENT>
<ELEMENT ID="CQGNJSX" PROMPT="Platinum Keywords_11" DEFAULT="" TYPE="TEXTBOX" DATA="product:amz:platinum_keywords_11"></ELEMENT>
<ELEMENT ID="CQGNJSY" PROMPT="Platinum Keywords_12" DEFAULT="" TYPE="TEXTBOX" DATA="product:amz:platinum_keywords_12"></ELEMENT>
<ELEMENT ID="CQGNJSZ" PROMPT="Platinum Keywords_13" DEFAULT="" TYPE="TEXTBOX" DATA="product:amz:platinum_keywords_13"></ELEMENT>
<ELEMENT ID="CQGNJTA" PROMPT="Platinum Keywords_14" DEFAULT="" TYPE="TEXTBOX" DATA="product:amz:platinum_keywords_14"></ELEMENT>
<ELEMENT ID="CQGNJTB" PROMPT="Platinum Keywords_15" DEFAULT="" TYPE="TEXTBOX" DATA="product:amz:platinum_keywords_15"></ELEMENT>
<ELEMENT ID="CQGNJTC" PROMPT="Platinum Keywords_16" DEFAULT="" TYPE="TEXTBOX" DATA="product:amz:platinum_keywords_16"></ELEMENT>
<ELEMENT ID="CQGNJTD" PROMPT="Platinum Keywords_17" DEFAULT="" TYPE="TEXTBOX" DATA="product:amz:platinum_keywords_17"></ELEMENT>
<ELEMENT ID="CQGNJTE" PROMPT="Platinum Keywords_18" DEFAULT="" TYPE="TEXTBOX" DATA="product:amz:platinum_keywords_18"></ELEMENT>
<ELEMENT ID="CQGNJTF" PROMPT="Platinum Keywords_19" DEFAULT="" TYPE="TEXTBOX" DATA="product:amz:platinum_keywords_19"></ELEMENT>
<ELEMENT ID="CQGNJTG" PROMPT="Platinum Keywords_20" DEFAULT="" TYPE="TEXTBOX" DATA="product:amz:platinum_keywords_20"></ELEMENT>
<ELEMENT ID="CQGNJTH" PROMPT="Camcorder Analog Formats" LIST="LIST_CAMERA_CAMCORDER_ANALOGFORMATS" TYPE="SELECT" DATA="product:amz:prod_camera_camcorder_analogformats"></ELEMENT>
<ELEMENT ID="CQGNJTI" PROMPT="Camcorder Digital Formats" LIST="LIST_CAMERA_CAMCORDER_DIGITALFORMATS" TYPE="SELECT" DATA="product:amz:prod_camera_camcorder_digitalformats"></ELEMENT>
<ELEMENT ID="CQGNJTJ" PROMPT="Camcorder Sensor Type" LIST="LIST_CAMERA_CAMCORDER_SENSORTYPE" TYPE="SELECT" DATA="product:amz:prod_camera_camcorder_sensortype"></ELEMENT>
<ELEMENT ID="CQGNJTK" PROMPT="Camcorder Film Formats" LIST="LIST_CAMERA_CAMCORDER_FILMFORMATS" TYPE="SELECT" DATA="product:amz:prod_camera_camcorder_filmformats"></ELEMENT>
<ELEMENT ID="CQGNJTL" PROMPT="Camcorder Lens Type" LIST="LIST_CAMERA_CAMCORDER_LENSTYPE" TYPE="SELECT" DATA="product:amz:prod_camera_camcorder_lenstype"></ELEMENT>
<ELEMENT ID="CQGNJTM" PROMPT="Optical Zoom" DEFAULT="" TYPE="TEXTBOX" DATA="product:amz:prod_camera_opticalzoom" MANDATORY="Y"></ELEMENT>
<ELEMENT ID="CQGNJTN" PROMPT="Digital Zoom" DEFAULT="" TYPE="TEXTBOX" DATA="product:amz:prod_camera_digitalzoom" MANDATORY="Y"></ELEMENT>
<ELEMENT ID="CQGNJTO" PROMPT="Video Resolution" DEFAULT="" TYPE="TEXTBOX" DATA="product:amz:prod_camera_videoresolution" MANDATORY="Y"></ELEMENT>
<ELEMENT ID="CQGNJTP" PROMPT="Camcorder Audio" LIST="LIST_CAMERA_CAMCORDER_AUDIO" TYPE="SELECT" DATA="product:amz:prod_camera_camcorder_audio"></ELEMENT>
<ELEMENT ID="CQGNJTQ" PROMPT="LCDScreenSize" DEFAULT="" TYPE="NUMBER" DATA="product:amz:prod_camera_lcdscreensize"></ELEMENT>
<ELEMENT ID="CQGNJTR" PROMPT="L C D Swivel" TYPE="CHECKBOX" DATA="product:amz:prod_camera_lcdswivel"></ELEMENT>
<ELEMENT ID="CQGNJTS" PROMPT="Camcorder Viewfinder" LIST="LIST_CAMERA_CAMCORDER_VIEWFINDER" TYPE="SELECT" DATA="product:amz:prod_camera_camcorder_viewfinder"></ELEMENT>
<ELEMENT ID="CQGNJTT" PROMPT="Min Aperture" DEFAULT="" TYPE="TEXTBOX" DATA="product:amz:prod_camera_minaperture" MANDATORY="Y"></ELEMENT>
<ELEMENT ID="CQGNJTU" PROMPT="Max Aperture" DEFAULT="" TYPE="TEXTBOX" DATA="product:amz:prod_camera_maxaperture" MANDATORY="Y"></ELEMENT>
<ELEMENT ID="CQGNJTV" PROMPT="Image Stabilization" TYPE="CHECKBOX" DATA="product:amz:prod_camera_imagestabilization"></ELEMENT>
<ELEMENT ID="CQGNJTW" PROMPT="Infrared Capability" TYPE="CHECKBOX" DATA="product:amz:prod_camera_infraredcapability"></ELEMENT>
<ELEMENT ID="CQGNJTX" PROMPT="Firewire Output" TYPE="CHECKBOX" DATA="product:amz:prod_camera_firewireoutput"></ELEMENT>
<ELEMENT ID="CQGNJTY" PROMPT="S - Video Output" TYPE="CHECKBOX" DATA="product:amz:prod_camera_s-videooutput"></ELEMENT>
<ELEMENT ID="CQGNJTZ" PROMPT="Camcorder U S B Output" LIST="LIST_CAMERA_CAMCORDER_USBOUTPUT" TYPE="SELECT" DATA="product:amz:prod_camera_camcorder_usboutput"></ELEMENT>
<ELEMENT ID="CQGNJUA" PROMPT="A V Output" TYPE="CHECKBOX" DATA="product:amz:prod_camera_avoutput"></ELEMENT>
<ELEMENT ID="CQGNJUB" PROMPT="Digital Still Capability" TYPE="CHECKBOX" DATA="product:amz:prod_camera_digitalstillcapability"></ELEMENT>
<ELEMENT ID="CQGNJUC" PROMPT="Digital Still Resolution" DEFAULT="" TYPE="TEXTBOX" DATA="product:amz:prod_camera_digitalstillresolution" MANDATORY="Y"></ELEMENT>
<ELEMENT ID="CQGNJUD" PROMPT="Camcorder External Memory Type" LIST="LIST_CAMERA_CAMCORDER_EXTERNALMEMORYTYPE" TYPE="SELECT" DATA="product:amz:prod_camera_camcorder_externalmemorytype"></ELEMENT>
<ELEMENT ID="CQGNJUE" PROMPT="External Memory Included" TYPE="CHECKBOX" DATA="product:amz:prod_camera_externalmemoryincluded"></ELEMENT>
<ELEMENT ID="CQGNJUF" PROMPT="External Memory Size" DEFAULT="" TYPE="TEXTBOX" DATA="product:amz:prod_camera_externalmemorysize" MANDATORY="Y"></ELEMENT>
<ELEMENT ID="CQGNJUG" PROMPT="Camcorder M P E G Movie Mode" LIST="LIST_CAMERA_CAMCORDER_MPEGMOVIEMODE" TYPE="SELECT" DATA="product:amz:prod_camera_camcorder_mpegmoviemode"></ELEMENT>
<ELEMENT ID="CQGNJUH" PROMPT="U S B Streaming" TYPE="CHECKBOX" DATA="product:amz:prod_camera_usbstreaming"></ELEMENT>
<ELEMENT ID="CQGNJUI" PROMPT="Headphone Jack" TYPE="CHECKBOX" DATA="product:amz:prod_camera_headphonejack"></ELEMENT>
<ELEMENT ID="CQGNJUJ" PROMPT="Flying Erase Heads" TYPE="CHECKBOX" DATA="product:amz:prod_camera_flyingeraseheads"></ELEMENT>
<ELEMENT ID="CQGNJUK" PROMPT="Autolight" TYPE="CHECKBOX" DATA="product:amz:prod_camera_autolight"></ELEMENT>
<ELEMENT ID="CQGNJUL" PROMPT="Hot Shoe" TYPE="CHECKBOX" DATA="product:amz:prod_camera_hotshoe"></ELEMENT>
<ELEMENT ID="CQGNJUM" PROMPT="Computer Platform Type" LIST="LIST_BASE_COMPUTERPLATFORM_TYPE" TYPE="SELECT" DATA="product:amz:prod_base_computerplatform_type"></ELEMENT>
<ELEMENT ID="CQGNJUN" PROMPT="System Requirements" DEFAULT="" TYPE="TEXTBOX" DATA="product:amz:prod_base_systemrequirements" MANDATORY="Y"></ELEMENT>
<ELEMENT ID="CQGNJUO" PROMPT="Software Included" DEFAULT="" TYPE="TEXTBOX" DATA="product:amz:prod_camera_softwareincluded" MANDATORY="Y"></ELEMENT>
<ELEMENT ID="CQGNJUP" PROMPT="Battery Type" DEFAULT="" TYPE="TEXTBOX" DATA="product:amz:prod_camera_batterytype" MANDATORY="Y"></ELEMENT>
<ELEMENT ID="CQGNJUQ" PROMPT="Rechargeable Battery Included" TYPE="CHECKBOX" DATA="product:amz:prod_camera_rechargeablebatteryincluded"></ELEMENT>
<ELEMENT ID="CQGNJUR" PROMPT="A C Adapter Included" TYPE="CHECKBOX" DATA="product:amz:prod_camera_acadapterincluded"></ELEMENT>
<ELEMENT ID="CQGNJUS" PROMPT="Remote Included" TYPE="CHECKBOX" DATA="product:amz:prod_camera_remoteincluded"></ELEMENT>
<ELEMENT ID="CQGNJUT" PROMPT="Camcorder Playback Format" LIST="LIST_CAMERA_CAMCORDER_PLAYBACKFORMAT" TYPE="SELECT" DATA="product:amz:prod_camera_camcorder_playbackformat"></ELEMENT>
<ELEMENT ID="CQGNJUU" PROMPT="Camcorder Features" LIST="LIST_CAMERA_CAMCORDER_FEATURES" TYPE="SELECT" DATA="product:amz:prod_camera_camcorder_features"></ELEMENT>

</TEMPLATE>