<TEMPLATE ID="amz.ce.pc" FORMAT="DEFINITION">
<LIST ID="LIST_ELECTRONIX_PC_U-RACKSIZE" TYPE="TEXT">
<OPT T="1" V="1"></OPT>
<OPT T="2" V="2"></OPT>
<OPT T="3" V="3"></OPT>
<OPT T="4" V="4"></OPT>
</LIST>


<!-- ******* -->
<ELEMENT ID="CQGNLOV" PROMPT="CE:PC" TYPE="HIDDEN" DATA="product:amz:catalog"></ELEMENT>
<ELEMENT ID="CQGNLOW" PROMPT="Hard Drive Size_1" DEFAULT="" TYPE="TEXTBOX" DATA="product:amz:prod_electronix_harddrivesize_1" MANDATORY="Y"></ELEMENT>
<ELEMENT ID="CQGNLOX" PROMPT="Hard Drive Size_2" DEFAULT="" TYPE="TEXTBOX" DATA="product:amz:prod_electronix_harddrivesize_2"></ELEMENT>
<ELEMENT ID="CQGNLOY" PROMPT="Hard Drive Size_3" DEFAULT="" TYPE="TEXTBOX" DATA="product:amz:prod_electronix_harddrivesize_3"></ELEMENT>
<ELEMENT ID="CQGNLOZ" PROMPT="Hard Drive Size_4" DEFAULT="" TYPE="TEXTBOX" DATA="product:amz:prod_electronix_harddrivesize_4"></ELEMENT>
<ELEMENT ID="CQGNLPA" PROMPT="Hard Drive Size_5" DEFAULT="" TYPE="TEXTBOX" DATA="product:amz:prod_electronix_harddrivesize_5"></ELEMENT>
<ELEMENT ID="CQGNLPB" PROMPT="Hard Drive Size_6" DEFAULT="" TYPE="TEXTBOX" DATA="product:amz:prod_electronix_harddrivesize_6"></ELEMENT>
<ELEMENT ID="CQGNLPC" PROMPT="Hard Drive Size_7" DEFAULT="" TYPE="TEXTBOX" DATA="product:amz:prod_electronix_harddrivesize_7"></ELEMENT>
<ELEMENT ID="CQGNLPD" PROMPT="Hard Drive Size_8" DEFAULT="" TYPE="TEXTBOX" DATA="product:amz:prod_electronix_harddrivesize_8"></ELEMENT>
<ELEMENT ID="CQGNLPE" PROMPT="Hard Drive Interface_1" DEFAULT="" TYPE="TEXTBOX" DATA="product:amz:prod_electronix_harddriveinterface_1" MANDATORY="Y"></ELEMENT>
<ELEMENT ID="CQGNLPF" PROMPT="Hard Drive Interface_2" DEFAULT="" TYPE="TEXTBOX" DATA="product:amz:prod_electronix_harddriveinterface_2"></ELEMENT>
<ELEMENT ID="CQGNLPG" PROMPT="Hard Drive Interface_3" DEFAULT="" TYPE="TEXTBOX" DATA="product:amz:prod_electronix_harddriveinterface_3"></ELEMENT>
<ELEMENT ID="CQGNLPH" PROMPT="Hard Drive Interface_4" DEFAULT="" TYPE="TEXTBOX" DATA="product:amz:prod_electronix_harddriveinterface_4"></ELEMENT>
<ELEMENT ID="CQGNLPI" PROMPT="Computer Memory Type_1" DEFAULT="" TYPE="TEXTBOX" DATA="product:amz:prod_electronix_computermemorytype_1" MANDATORY="Y"></ELEMENT>
<ELEMENT ID="CQGNLPJ" PROMPT="Computer Memory Type_2" DEFAULT="" TYPE="TEXTBOX" DATA="product:amz:prod_electronix_computermemorytype_2"></ELEMENT>
<ELEMENT ID="CQGNLPK" PROMPT="Computer Memory Type_3" DEFAULT="" TYPE="TEXTBOX" DATA="product:amz:prod_electronix_computermemorytype_3"></ELEMENT>
<ELEMENT ID="CQGNLPL" PROMPT="Computer Memory Type_4" DEFAULT="" TYPE="TEXTBOX" DATA="product:amz:prod_electronix_computermemorytype_4"></ELEMENT>
<ELEMENT ID="CQGNLPM" PROMPT="Computer Memory Type_5" DEFAULT="" TYPE="TEXTBOX" DATA="product:amz:prod_electronix_computermemorytype_5"></ELEMENT>
<ELEMENT ID="CQGNLPN" PROMPT="Computer Memory Type_6" DEFAULT="" TYPE="TEXTBOX" DATA="product:amz:prod_electronix_computermemorytype_6"></ELEMENT>
<ELEMENT ID="CQGNLPO" PROMPT="Computer Memory Type_7" DEFAULT="" TYPE="TEXTBOX" DATA="product:amz:prod_electronix_computermemorytype_7"></ELEMENT>
<ELEMENT ID="CQGNLPP" PROMPT="Computer Memory Type_8" DEFAULT="" TYPE="TEXTBOX" DATA="product:amz:prod_electronix_computermemorytype_8"></ELEMENT>
<ELEMENT ID="CQGNLPQ" PROMPT="Computer Memory Type_9" DEFAULT="" TYPE="TEXTBOX" DATA="product:amz:prod_electronix_computermemorytype_9"></ELEMENT>
<ELEMENT ID="CQGNLPR" PROMPT="Computer Memory Type_10" DEFAULT="" TYPE="TEXTBOX" DATA="product:amz:prod_electronix_computermemorytype_10"></ELEMENT>
<ELEMENT ID="CQGNLPS" PROMPT="R A M Size" DEFAULT="" TYPE="TEXTBOX" DATA="product:amz:prod_electronix_ramsize" MANDATORY="Y"></ELEMENT>
<ELEMENT ID="CQGNLPT" PROMPT="Processor Brand" DEFAULT="" TYPE="TEXTBOX" DATA="product:amz:prod_electronix_processorbrand" MANDATORY="Y"></ELEMENT>
<ELEMENT ID="CQGNLPU" PROMPT="Processor Speed" DEFAULT="" TYPE="TEXTBOX" DATA="product:amz:prod_electronix_processorspeed" MANDATORY="Y"></ELEMENT>
<ELEMENT ID="CQGNLPV" PROMPT="Processor Type" DEFAULT="" TYPE="TEXTBOX" DATA="product:amz:prod_electronix_processortype" MANDATORY="Y"></ELEMENT>
<ELEMENT ID="CQGNLPW" PROMPT="ProcessorCount" DEFAULT="" TYPE="NUMBER" DATA="product:amz:prod_electronix_processorcount"></ELEMENT>
<ELEMENT ID="CQGNLPX" PROMPT="Operating System_1" DEFAULT="" TYPE="TEXTBOX" DATA="product:amz:prod_electronix_operatingsystem_1" MANDATORY="Y"></ELEMENT>
<ELEMENT ID="CQGNLPY" PROMPT="Operating System_2" DEFAULT="" TYPE="TEXTBOX" DATA="product:amz:prod_electronix_operatingsystem_2"></ELEMENT>
<ELEMENT ID="CQGNLPZ" PROMPT="Hardware Platform" DEFAULT="" TYPE="TEXTBOX" DATA="product:amz:prod_electronix_hardwareplatform" MANDATORY="Y"></ELEMENT>
<ELEMENT ID="CQGNLQA" PROMPT="Wireless Type_1" DEFAULT="" TYPE="TEXTBOX" DATA="product:amz:prod_electronix_wirelesstype_1" MANDATORY="Y"></ELEMENT>
<ELEMENT ID="CQGNLQB" PROMPT="Wireless Type_2" DEFAULT="" TYPE="TEXTBOX" DATA="product:amz:prod_electronix_wirelesstype_2"></ELEMENT>
<ELEMENT ID="CQGNLQC" PROMPT="Wireless Type_3" DEFAULT="" TYPE="TEXTBOX" DATA="product:amz:prod_electronix_wirelesstype_3"></ELEMENT>
<ELEMENT ID="CQGNLQD" PROMPT="Additional Drives_1" DEFAULT="" TYPE="TEXTBOX" DATA="product:amz:prod_electronix_additionaldrives_1" MANDATORY="Y"></ELEMENT>
<ELEMENT ID="CQGNLQE" PROMPT="Additional Drives_2" DEFAULT="" TYPE="TEXTBOX" DATA="product:amz:prod_electronix_additionaldrives_2"></ELEMENT>
<ELEMENT ID="CQGNLQF" PROMPT="Additional Drives_3" DEFAULT="" TYPE="TEXTBOX" DATA="product:amz:prod_electronix_additionaldrives_3"></ELEMENT>
<ELEMENT ID="CQGNLQG" PROMPT="Additional Drives_4" DEFAULT="" TYPE="TEXTBOX" DATA="product:amz:prod_electronix_additionaldrives_4"></ELEMENT>
<ELEMENT ID="CQGNLQH" PROMPT="Additional Drives_5" DEFAULT="" TYPE="TEXTBOX" DATA="product:amz:prod_electronix_additionaldrives_5"></ELEMENT>
<ELEMENT ID="CQGNLQI" PROMPT="Additional Drives_6" DEFAULT="" TYPE="TEXTBOX" DATA="product:amz:prod_electronix_additionaldrives_6"></ELEMENT>
<ELEMENT ID="CQGNLQJ" PROMPT="Additional Drives_7" DEFAULT="" TYPE="TEXTBOX" DATA="product:amz:prod_electronix_additionaldrives_7"></ELEMENT>
<ELEMENT ID="CQGNLQK" PROMPT="Additional Drives_8" DEFAULT="" TYPE="TEXTBOX" DATA="product:amz:prod_electronix_additionaldrives_8"></ELEMENT>
<ELEMENT ID="CQGNLQL" PROMPT="Additional Drives_9" DEFAULT="" TYPE="TEXTBOX" DATA="product:amz:prod_electronix_additionaldrives_9"></ELEMENT>
<ELEMENT ID="CQGNLQM" PROMPT="Additional Drives_10" DEFAULT="" TYPE="TEXTBOX" DATA="product:amz:prod_electronix_additionaldrives_10"></ELEMENT>
<ELEMENT ID="CQGNLQN" PROMPT="Software Included" DEFAULT="" TYPE="TEXTBOX" DATA="product:amz:prod_electronix_softwareincluded" MANDATORY="Y"></ELEMENT>
<ELEMENT ID="CQGNLQO" PROMPT="Memory Slots Available" DEFAULT="" TYPE="TEXTBOX" DATA="product:amz:prod_electronix_memoryslotsavailable" MANDATORY="Y"></ELEMENT>
<ELEMENT ID="CQGNLQP" PROMPT="Screen Resolution" DEFAULT="" TYPE="TEXTBOX" DATA="product:amz:prod_electronix_screenresolution" MANDATORY="Y"></ELEMENT>
<ELEMENT ID="CQGNLQQ" PROMPT="ScreenSize" DEFAULT="" TYPE="NUMBER" DATA="product:amz:prod_electronix_screensize"></ELEMENT>
<ELEMENT ID="CQGNLQR" PROMPT="P C U - Rack Size" LIST="LIST_ELECTRONIX_PC_U-RACKSIZE" TYPE="SELECT" DATA="product:amz:prod_electronix_pc_u-racksize"></ELEMENT>
<ELEMENT ID="CQGNLQS" PROMPT="Graphics Card Description" DEFAULT="" TYPE="TEXTBOX" DATA="product:amz:prod_electronix_graphicscarddescription" MANDATORY="Y"></ELEMENT>
<ELEMENT ID="CQGNLQT" PROMPT="Graphics Card Ram Size" DEFAULT="" TYPE="TEXTBOX" DATA="product:amz:prod_electronix_graphicscardramsize" MANDATORY="Y"></ELEMENT>
<ELEMENT ID="CQGNLQU" PROMPT="Graphics Card Interface" DEFAULT="" TYPE="TEXTBOX" DATA="product:amz:prod_electronix_graphicscardinterface" MANDATORY="Y"></ELEMENT>
<ELEMENT ID="CQGNLQV" PROMPT="Additional Features" DEFAULT="" TYPE="TEXTBOX" DATA="product:amz:prod_electronix_additionalfeatures" MANDATORY="Y"></ELEMENT>

</TEMPLATE>