<TEMPLATE ID="amz.camera.digitalcamera" FORMAT="DEFINITION">
<LIST ID="LIST_CAMERA_DIGITALCAMERA_CAMERATYPE" TYPE="TEXT">
<OPT T="point-and-shoot" V="point-and-shoot"></OPT>
<OPT T="slr" V="slr"></OPT>
<OPT T="3-d" V="3-d"></OPT>
<OPT T="macro" V="macro"></OPT>
<OPT T="passport-and-id" V="passport-and-id"></OPT>
<OPT T="underwater" V="underwater"></OPT>
<OPT T="other" V="other"></OPT>
</LIST>
<LIST ID="LIST_CAMERA_DIGITALCAMERA_FOCUSTYPE" TYPE="TEXT">
<OPT T="automatic" V="automatic"></OPT>
<OPT T="manual" V="manual"></OPT>
<OPT T="manual-and-auto" V="manual-and-auto"></OPT>
<OPT T="focus-free" V="focus-free"></OPT>
</LIST>
<LIST ID="LIST_CAMERA_DIGITALCAMERA_SENSORTYPE" TYPE="TEXT">
<OPT T="ccd" V="ccd"></OPT>
<OPT T="super-ccd" V="super-ccd"></OPT>
<OPT T="cmos" V="cmos"></OPT>
</LIST>
<LIST ID="LIST_CAMERA_DIGITALCAMERA_VIEWFINDER" TYPE="TEXT">
<OPT T="optical" V="optical"></OPT>
<OPT T="electronic" V="electronic"></OPT>
</LIST>
<LIST ID="LIST_CAMERA_DIGITALCAMERA_USBOUTPUT" TYPE="TEXT">
<OPT T="usb1.1" V="usb1.1"></OPT>
<OPT T="usb2.0" V="usb2.0"></OPT>
</LIST>
<LIST ID="LIST_CAMERA_DIGITALCAMERA_EXTERNALMEMORYTYPE" TYPE="TEXT">
<OPT T="compact-flash" V="compact-flash"></OPT>
<OPT T="smart-media" V="smart-media"></OPT>
<OPT T="secure-digital" V="secure-digital"></OPT>
<OPT T="mmc" V="mmc"></OPT>
<OPT T="xd-picture-card" V="xd-picture-card"></OPT>
<OPT T="memory-stick" V="memory-stick"></OPT>
<OPT T="micro-drive" V="micro-drive"></OPT>
<OPT T="cd-r" V="cd-r"></OPT>
<OPT T="cd-rw" V="cd-rw"></OPT>
<OPT T="dvd-r" V="dvd-r"></OPT>
<OPT T="dvd-rw" V="dvd-rw"></OPT>
</LIST>
<LIST ID="LIST_CAMERA_DIGITALCAMERA_FEATURES" TYPE="TEXT">
<OPT T="lcd-screen" V="lcd-screen"></OPT>
<OPT T="mpeg-movie-mode" V="mpeg-movie-mode"></OPT>
<OPT T="interchangeable-lens" V="interchangeable-lens"></OPT>
<OPT T="image-stabilization" V="image-stabilization"></OPT>
<OPT T="waterproof" V="waterproof"></OPT>
</LIST>
<LIST ID="LIST_BASE_COMPUTERPLATFORM_TYPE">
<OPT T="windows" V="windows"></OPT>
<OPT T="mac" V="mac"></OPT>
<OPT T="linux" V="linux"></OPT>
</LIST>
<LIST ID="LIST_CAMERA_DIGITALCAMERA_CONNECTIVITY" TYPE="TEXT">
<OPT T="usb" V="usb"></OPT>
<OPT T="usb1.1" V="usb1.1"></OPT>
<OPT T="usb2.0" V="usb2.0"></OPT>
<OPT T="firewire" V="firewire"></OPT>
<OPT T="firewire2.0" V="firewire2.0"></OPT>
<OPT T="serial" V="serial"></OPT>
<OPT T="parallel" V="parallel"></OPT>
<OPT T="ieee1394" V="ieee1394"></OPT>
</LIST>
<LIST ID="LIST_CAMERA_DIGITALCAMERA_INTERNALMEMORYTYPE" TYPE="TEXT">
<OPT T="compact-flash" V="compact-flash"></OPT>
<OPT T="compact-flash-ii" V="compact-flash-ii"></OPT>
<OPT T="pcmcia" V="pcmcia"></OPT>
<OPT T="pcmcia-ii" V="pcmcia-ii"></OPT>
<OPT T="pcmcia-iii" V="pcmcia-iii"></OPT>
<OPT T="smartmedia" V="smartmedia"></OPT>
<OPT T="memory-sticks" V="memory-sticks"></OPT>
<OPT T="sd-multi-media" V="sd-multi-media"></OPT>
<OPT T="xd-picture-card" V="xd-picture-card"></OPT>
</LIST>
<LIST ID="LIST_CAMERA_DIGITALCAMERA_UNCOMPRESSEDMODE" TYPE="TEXT">
<OPT T="tiff" V="tiff"></OPT>
<OPT T="raw" V="raw"></OPT>
</LIST>


<!-- ******* -->
<ELEMENT ID="CQGNJOW" PROMPT="CameraPhoto:DigitalCamera" TYPE="HIDDEN" DATA="product:amz:catalog"></ELEMENT>
<ELEMENT ID="CQGNJOX" PROMPT="Manufacturer" DEFAULT="" TYPE="TEXTBOX" DATA="product:zoovy:prod_mfg" MANDATORY="Y"></ELEMENT>
<ELEMENT ID="CQGNJOY" PROMPT="Model Name" DEFAULT="" TYPE="TEXTBOX" DATA="product:zoovy:prod_mfgmodel" MANDATORY="Y"></ELEMENT>
<ELEMENT ID="CQGNJOZ" PROMPT="Model Number" DEFAULT="" TYPE="TEXTBOX" DATA="product:zoovy:prod_mfgmodelid" MANDATORY="Y"></ELEMENT>
<ELEMENT ID="CQGNJPA" PROMPT="Mfr Part Number" DEFAULT="" TYPE="TEXTBOX" DATA="product:zoovy:prod_mfgid" MANDATORY="Y"></ELEMENT>
<ELEMENT ID="CQGNJPB" PROMPT="Color" DEFAULT="" TYPE="TEXTBOX" DATA="product:zoovy:prod_color" MANDATORY="Y"></ELEMENT>
<ELEMENT ID="CQGNJPC" PROMPT="Items Included" DEFAULT="" TYPE="TEXTBOX" DATA="product:zoovy:prod_included" MANDATORY="Y"></ELEMENT>
<ELEMENT ID="CQGNJPD" PROMPT="Keywords_1" DEFAULT="" TYPE="TEXTBOX" DATA="product:zoovy:keywords_1" MANDATORY="Y"></ELEMENT>
<ELEMENT ID="CQGNJPE" PROMPT="Keywords_2" DEFAULT="" TYPE="TEXTBOX" DATA="product:zoovy:keywords_2"></ELEMENT>
<ELEMENT ID="CQGNJPF" PROMPT="Keywords_3" DEFAULT="" TYPE="TEXTBOX" DATA="product:zoovy:keywords_3"></ELEMENT>
<ELEMENT ID="CQGNJPG" PROMPT="Keywords_4" DEFAULT="" TYPE="TEXTBOX" DATA="product:zoovy:keywords_4"></ELEMENT>
<ELEMENT ID="CQGNJPH" PROMPT="Keywords_5" DEFAULT="" TYPE="TEXTBOX" DATA="product:zoovy:keywords_5"></ELEMENT>
<ELEMENT ID="CQGNJPI" PROMPT="Platinum Keywords_1" DEFAULT="" TYPE="TEXTBOX" DATA="product:amz:platinum_keywords_1" MANDATORY="Y"></ELEMENT>
<ELEMENT ID="CQGNJPJ" PROMPT="Platinum Keywords_2" DEFAULT="" TYPE="TEXTBOX" DATA="product:amz:platinum_keywords_2"></ELEMENT>
<ELEMENT ID="CQGNJPK" PROMPT="Platinum Keywords_3" DEFAULT="" TYPE="TEXTBOX" DATA="product:amz:platinum_keywords_3"></ELEMENT>
<ELEMENT ID="CQGNJPL" PROMPT="Platinum Keywords_4" DEFAULT="" TYPE="TEXTBOX" DATA="product:amz:platinum_keywords_4"></ELEMENT>
<ELEMENT ID="CQGNJPM" PROMPT="Platinum Keywords_5" DEFAULT="" TYPE="TEXTBOX" DATA="product:amz:platinum_keywords_5"></ELEMENT>
<ELEMENT ID="CQGNJPN" PROMPT="Platinum Keywords_6" DEFAULT="" TYPE="TEXTBOX" DATA="product:amz:platinum_keywords_6"></ELEMENT>
<ELEMENT ID="CQGNJPO" PROMPT="Platinum Keywords_7" DEFAULT="" TYPE="TEXTBOX" DATA="product:amz:platinum_keywords_7"></ELEMENT>
<ELEMENT ID="CQGNJPP" PROMPT="Platinum Keywords_8" DEFAULT="" TYPE="TEXTBOX" DATA="product:amz:platinum_keywords_8"></ELEMENT>
<ELEMENT ID="CQGNJPQ" PROMPT="Platinum Keywords_9" DEFAULT="" TYPE="TEXTBOX" DATA="product:amz:platinum_keywords_9"></ELEMENT>
<ELEMENT ID="CQGNJPR" PROMPT="Platinum Keywords_10" DEFAULT="" TYPE="TEXTBOX" DATA="product:amz:platinum_keywords_10"></ELEMENT>
<ELEMENT ID="CQGNJPS" PROMPT="Platinum Keywords_11" DEFAULT="" TYPE="TEXTBOX" DATA="product:amz:platinum_keywords_11"></ELEMENT>
<ELEMENT ID="CQGNJPT" PROMPT="Platinum Keywords_12" DEFAULT="" TYPE="TEXTBOX" DATA="product:amz:platinum_keywords_12"></ELEMENT>
<ELEMENT ID="CQGNJPU" PROMPT="Platinum Keywords_13" DEFAULT="" TYPE="TEXTBOX" DATA="product:amz:platinum_keywords_13"></ELEMENT>
<ELEMENT ID="CQGNJPV" PROMPT="Platinum Keywords_14" DEFAULT="" TYPE="TEXTBOX" DATA="product:amz:platinum_keywords_14"></ELEMENT>
<ELEMENT ID="CQGNJPW" PROMPT="Platinum Keywords_15" DEFAULT="" TYPE="TEXTBOX" DATA="product:amz:platinum_keywords_15"></ELEMENT>
<ELEMENT ID="CQGNJPX" PROMPT="Platinum Keywords_16" DEFAULT="" TYPE="TEXTBOX" DATA="product:amz:platinum_keywords_16"></ELEMENT>
<ELEMENT ID="CQGNJPY" PROMPT="Platinum Keywords_17" DEFAULT="" TYPE="TEXTBOX" DATA="product:amz:platinum_keywords_17"></ELEMENT>
<ELEMENT ID="CQGNJPZ" PROMPT="Platinum Keywords_18" DEFAULT="" TYPE="TEXTBOX" DATA="product:amz:platinum_keywords_18"></ELEMENT>
<ELEMENT ID="CQGNJQA" PROMPT="Platinum Keywords_19" DEFAULT="" TYPE="TEXTBOX" DATA="product:amz:platinum_keywords_19"></ELEMENT>
<ELEMENT ID="CQGNJQB" PROMPT="Platinum Keywords_20" DEFAULT="" TYPE="TEXTBOX" DATA="product:amz:platinum_keywords_20"></ELEMENT>
<ELEMENT ID="CQGNJQC" PROMPT="Megapixels" DEFAULT="" TYPE="TEXTBOX" DATA="product:amz:prod_camera_megapixels" MANDATORY="Y"></ELEMENT>
<ELEMENT ID="CQGNJQD" PROMPT="Optical Zoom" DEFAULT="" TYPE="TEXTBOX" DATA="product:amz:prod_camera_opticalzoom" MANDATORY="Y"></ELEMENT>
<ELEMENT ID="CQGNJQE" PROMPT="Digital Zoom" DEFAULT="" TYPE="TEXTBOX" DATA="product:amz:prod_camera_digitalzoom" MANDATORY="Y"></ELEMENT>
<ELEMENT ID="CQGNJQF" PROMPT="Internal Memory Size" DEFAULT="" TYPE="TEXTBOX" DATA="product:amz:prod_camera_internalmemorysize" MANDATORY="Y"></ELEMENT>
<ELEMENT ID="CQGNJQG" PROMPT="External Memory Size" DEFAULT="" TYPE="TEXTBOX" DATA="product:amz:prod_camera_externalmemorysize" MANDATORY="Y"></ELEMENT>
<ELEMENT ID="CQGNJQH" PROMPT="Digital Camera Camera Type" LIST="LIST_CAMERA_DIGITALCAMERA_CAMERATYPE" TYPE="SELECT" DATA="product:amz:prod_camera_digitalcamera_cameratype"></ELEMENT>
<ELEMENT ID="CQGNJQI" PROMPT="Digital Camera Focus Type" LIST="LIST_CAMERA_DIGITALCAMERA_FOCUSTYPE" TYPE="SELECT" DATA="product:amz:prod_camera_digitalcamera_focustype"></ELEMENT>
<ELEMENT ID="CQGNJQJ" PROMPT="Digital Camera Sensor Type" LIST="LIST_CAMERA_DIGITALCAMERA_SENSORTYPE" TYPE="SELECT" DATA="product:amz:prod_camera_digitalcamera_sensortype"></ELEMENT>
<ELEMENT ID="CQGNJQK" PROMPT="LCDScreenSize" DEFAULT="" TYPE="NUMBER" DATA="product:amz:prod_camera_lcdscreensize"></ELEMENT>
<ELEMENT ID="CQGNJQL" PROMPT="L C D Swivel" TYPE="CHECKBOX" DATA="product:amz:prod_camera_lcdswivel"></ELEMENT>
<ELEMENT ID="CQGNJQM" PROMPT="Digital Camera Viewfinder" LIST="LIST_CAMERA_DIGITALCAMERA_VIEWFINDER" TYPE="SELECT" DATA="product:amz:prod_camera_digitalcamera_viewfinder"></ELEMENT>
<ELEMENT ID="CQGNJQN" PROMPT="Min Aperture" DEFAULT="" TYPE="TEXTBOX" DATA="product:amz:prod_camera_minaperture" MANDATORY="Y"></ELEMENT>
<ELEMENT ID="CQGNJQO" PROMPT="Max Aperture" DEFAULT="" TYPE="TEXTBOX" DATA="product:amz:prod_camera_maxaperture" MANDATORY="Y"></ELEMENT>
<ELEMENT ID="CQGNJQP" PROMPT="Image Stabilization" TYPE="CHECKBOX" DATA="product:amz:prod_camera_imagestabilization"></ELEMENT>
<ELEMENT ID="CQGNJQQ" PROMPT="Infrared Capability" TYPE="CHECKBOX" DATA="product:amz:prod_camera_infraredcapability"></ELEMENT>
<ELEMENT ID="CQGNJQR" PROMPT="Firewire Output" TYPE="CHECKBOX" DATA="product:amz:prod_camera_firewireoutput"></ELEMENT>
<ELEMENT ID="CQGNJQS" PROMPT="S - Video Output" TYPE="CHECKBOX" DATA="product:amz:prod_camera_s-videooutput"></ELEMENT>
<ELEMENT ID="CQGNJQT" PROMPT="Digital Camera U S B Output" LIST="LIST_CAMERA_DIGITALCAMERA_USBOUTPUT" TYPE="SELECT" DATA="product:amz:prod_camera_digitalcamera_usboutput"></ELEMENT>
<ELEMENT ID="CQGNJQU" PROMPT="A V Output" TYPE="CHECKBOX" DATA="product:amz:prod_camera_avoutput"></ELEMENT>
<ELEMENT ID="CQGNJQV" PROMPT="Digital Still Capability" TYPE="CHECKBOX" DATA="product:amz:prod_camera_digitalstillcapability"></ELEMENT>
<ELEMENT ID="CQGNJQW" PROMPT="Digital Still Resolution" DEFAULT="" TYPE="TEXTBOX" DATA="product:amz:prod_camera_digitalstillresolution" MANDATORY="Y"></ELEMENT>
<ELEMENT ID="CQGNJQX" PROMPT="Digital Camera External Memory Type" LIST="LIST_CAMERA_DIGITALCAMERA_EXTERNALMEMORYTYPE" TYPE="SELECT" DATA="product:amz:prod_camera_digitalcamera_externalmemorytype"></ELEMENT>
<ELEMENT ID="CQGNJQY" PROMPT="External Memory Included" TYPE="CHECKBOX" DATA="product:amz:prod_camera_externalmemoryincluded"></ELEMENT>
<ELEMENT ID="CQGNJQZ" PROMPT="Digital Camera Features" LIST="LIST_CAMERA_DIGITALCAMERA_FEATURES" TYPE="SELECT" DATA="product:amz:prod_camera_digitalcamera_features"></ELEMENT>
<ELEMENT ID="CQGNJRA" PROMPT="U S B Streaming" TYPE="CHECKBOX" DATA="product:amz:prod_camera_usbstreaming"></ELEMENT>
<ELEMENT ID="CQGNJRB" PROMPT="Headphone Jack" TYPE="CHECKBOX" DATA="product:amz:prod_camera_headphonejack"></ELEMENT>
<ELEMENT ID="CQGNJRC" PROMPT="Flying Erase Heads" TYPE="CHECKBOX" DATA="product:amz:prod_camera_flyingeraseheads"></ELEMENT>
<ELEMENT ID="CQGNJRD" PROMPT="Autolight" TYPE="CHECKBOX" DATA="product:amz:prod_camera_autolight"></ELEMENT>
<ELEMENT ID="CQGNJRE" PROMPT="Hot Shoe" TYPE="CHECKBOX" DATA="product:amz:prod_camera_hotshoe"></ELEMENT>
<ELEMENT ID="CQGNJRF" PROMPT="LensThread" DEFAULT="" TYPE="NUMBER" DATA="product:amz:prod_camera_lensthread"></ELEMENT>
<ELEMENT ID="CQGNJRG" PROMPT="Computer Platform Type" LIST="LIST_BASE_COMPUTERPLATFORM_TYPE" TYPE="SELECT" DATA="product:amz:prod_base_computerplatform_type"></ELEMENT>
<ELEMENT ID="CQGNJRH" PROMPT="System Requirements" DEFAULT="" TYPE="TEXTBOX" DATA="product:amz:prod_base_systemrequirements" MANDATORY="Y"></ELEMENT>
<ELEMENT ID="CQGNJRI" PROMPT="Software Included" DEFAULT="" TYPE="TEXTBOX" DATA="product:amz:prod_camera_softwareincluded" MANDATORY="Y"></ELEMENT>
<ELEMENT ID="CQGNJRJ" PROMPT="Battery Type" DEFAULT="" TYPE="TEXTBOX" DATA="product:amz:prod_camera_batterytype" MANDATORY="Y"></ELEMENT>
<ELEMENT ID="CQGNJRK" PROMPT="Rechargeable Battery Included" TYPE="CHECKBOX" DATA="product:amz:prod_camera_rechargeablebatteryincluded"></ELEMENT>
<ELEMENT ID="CQGNJRL" PROMPT="A C Adapter Included" TYPE="CHECKBOX" DATA="product:amz:prod_camera_acadapterincluded"></ELEMENT>
<ELEMENT ID="CQGNJRM" PROMPT="Remote Included" TYPE="CHECKBOX" DATA="product:amz:prod_camera_remoteincluded"></ELEMENT>
<ELEMENT ID="CQGNJRN" PROMPT="Digital Camera Connectivity" LIST="LIST_CAMERA_DIGITALCAMERA_CONNECTIVITY" TYPE="SELECT" DATA="product:amz:prod_camera_digitalcamera_connectivity"></ELEMENT>
<ELEMENT ID="CQGNJRO" PROMPT="Digital Camera Internal Memory Type" LIST="LIST_CAMERA_DIGITALCAMERA_INTERNALMEMORYTYPE" TYPE="SELECT" DATA="product:amz:prod_camera_digitalcamera_internalmemorytype"></ELEMENT>
<ELEMENT ID="CQGNJRP" PROMPT="Max Image Resolution" DEFAULT="" TYPE="TEXTBOX" DATA="product:amz:prod_camera_maximageresolution" MANDATORY="Y"></ELEMENT>
<ELEMENT ID="CQGNJRQ" PROMPT="Digital Camera Uncompressed Mode" LIST="LIST_CAMERA_DIGITALCAMERA_UNCOMPRESSEDMODE" TYPE="SELECT" DATA="product:amz:prod_camera_digitalcamera_uncompressedmode"></ELEMENT>
<ELEMENT ID="CQGNJRR" PROMPT="I S O Equivalency" DEFAULT="" TYPE="TEXTBOX" DATA="product:amz:prod_camera_isoequivalency" MANDATORY="Y"></ELEMENT>
<ELEMENT ID="CQGNJRS" PROMPT="MacroFocus" DEFAULT="" TYPE="NUMBER" DATA="product:amz:prod_camera_macrofocus"></ELEMENT>
<ELEMENT ID="CQGNJRT" PROMPT="Min Shutter Speed" DEFAULT="" TYPE="TEXTBOX" DATA="product:amz:prod_camera_minshutterspeed" MANDATORY="Y"></ELEMENT>
<ELEMENT ID="CQGNJRU" PROMPT="Max Shutter Speed" DEFAULT="" TYPE="TEXTBOX" DATA="product:amz:prod_camera_maxshutterspeed" MANDATORY="Y"></ELEMENT>
<ELEMENT ID="CQGNJRV" PROMPT="Manual Exposure Mode" TYPE="CHECKBOX" DATA="product:amz:prod_camera_manualexposuremode"></ELEMENT>
<ELEMENT ID="CQGNJRW" PROMPT="Movie Mode" TYPE="CHECKBOX" DATA="product:amz:prod_camera_moviemode"></ELEMENT>
<ELEMENT ID="CQGNJRX" PROMPT="Max Movie Length" DEFAULT="" TYPE="TEXTBOX" DATA="product:amz:prod_camera_maxmovielength" MANDATORY="Y"></ELEMENT>
<ELEMENT ID="CQGNJRY" PROMPT="Audio Recording" TYPE="CHECKBOX" DATA="product:amz:prod_camera_audiorecording"></ELEMENT>
<ELEMENT ID="CQGNJRZ" PROMPT="Continuous Shooting" DEFAULT="" TYPE="TEXTBOX" DATA="product:amz:prod_camera_continuousshooting" MANDATORY="Y"></ELEMENT>
<ELEMENT ID="CQGNJSA" PROMPT="Self Timer" DEFAULT="" TYPE="TEXTBOX" DATA="product:amz:prod_camera_selftimer" MANDATORY="Y"></ELEMENT>

</TEMPLATE>