<TEMPLATE ID="amz.software.videogamesaccessories" FORMAT="DEFINITION">
<LIST ID="LIST_BASE_COLORMAP">
<OPT T="black" V="black"></OPT>
<OPT T="blue" V="blue"></OPT>
<OPT T="bronze" V="bronze"></OPT>
<OPT T="brown" V="brown"></OPT>
<OPT T="gold" V="gold"></OPT>
<OPT T="gray" V="gray"></OPT>
<OPT T="green" V="green"></OPT>
<OPT T="metallic" V="metallic"></OPT>
<OPT T="off-white" V="off-white"></OPT>
<OPT T="orange" V="orange"></OPT>
<OPT T="pink" V="pink"></OPT>
<OPT T="purple" V="purple"></OPT>
<OPT T="red" V="red"></OPT>
<OPT T="silver" V="silver"></OPT>
<OPT T="white" V="white"></OPT>
<OPT T="yellow" V="yellow"></OPT>
</LIST>


<!-- ******* -->
<ELEMENT ID="CQGNMGW" PROMPT="SoftwareVideoGames:VideoGamesAccessories" TYPE="HIDDEN" DATA="product:amz:catalog"></ELEMENT>
<ELEMENT ID="CQGNMGX" PROMPT="Hardware Platform_1" DEFAULT="" TYPE="TEXTBOX" DATA="product:amz:prod_software_hardwareplatform_1" MANDATORY="Y"></ELEMENT>
<ELEMENT ID="CQGNMGY" PROMPT="Hardware Platform_2" DEFAULT="" TYPE="TEXTBOX" DATA="product:amz:prod_software_hardwareplatform_2"></ELEMENT>
<ELEMENT ID="CQGNMGZ" PROMPT="Hardware Platform_3" DEFAULT="" TYPE="TEXTBOX" DATA="product:amz:prod_software_hardwareplatform_3"></ELEMENT>
<ELEMENT ID="CQGNMHA" PROMPT="Hardware Platform_4" DEFAULT="" TYPE="TEXTBOX" DATA="product:amz:prod_software_hardwareplatform_4"></ELEMENT>
<ELEMENT ID="CQGNMHB" PROMPT="Hardware Platform_5" DEFAULT="" TYPE="TEXTBOX" DATA="product:amz:prod_software_hardwareplatform_5"></ELEMENT>
<ELEMENT ID="CQGNMHC" PROMPT="Bundles" DEFAULT="" TYPE="TEXTBOX" DATA="product:amz:prod_software_bundles" MANDATORY="Y"></ELEMENT>
<ELEMENT ID="CQGNMHD" PROMPT="Color" DEFAULT="" TYPE="TEXTBOX" DATA="product:amz:prod_software_color" MANDATORY="Y"></ELEMENT>
<ELEMENT ID="CQGNMHE" PROMPT="Color Map" LIST="LIST_BASE_COLORMAP" TYPE="SELECT" DATA="product:amz:prod_base_colormap"></ELEMENT>
<ELEMENT ID="CQGNMHF" PROMPT="Additional Features" DEFAULT="" TYPE="TEXTBOX" DATA="product:amz:prod_software_additionalfeatures" MANDATORY="Y"></ELEMENT>
<ELEMENT ID="CQGNMHG" PROMPT="ItemPackageQuantity" DEFAULT="" TYPE="NUMBER" DATA="product:amz:prod_software_itempackagequantity"></ELEMENT>

</TEMPLATE>