<TEMPLATE ID="amz.wireless.wirelessdownloads" FORMAT="DEFINITION">


<!-- ******* -->
<ELEMENT ID="CQGNMJE" PROMPT="Wireless:WirelessDownloads" TYPE="HIDDEN" DATA="product:amz:catalog"></ELEMENT>
<ELEMENT ID="CQGNMJF" PROMPT="Compatible Phone Models_1" DEFAULT="" TYPE="TEXTBOX" DATA="product:amz:prod_wireless_compatiblephonemodels_1" MANDATORY="Y"></ELEMENT>
<ELEMENT ID="CQGNMJG" PROMPT="Compatible Phone Models_2" DEFAULT="" TYPE="TEXTBOX" DATA="product:amz:prod_wireless_compatiblephonemodels_2"></ELEMENT>
<ELEMENT ID="CQGNMJH" PROMPT="Compatible Phone Models_3" DEFAULT="" TYPE="TEXTBOX" DATA="product:amz:prod_wireless_compatiblephonemodels_3"></ELEMENT>
<ELEMENT ID="CQGNMJI" PROMPT="Compatible Phone Models_4" DEFAULT="" TYPE="TEXTBOX" DATA="product:amz:prod_wireless_compatiblephonemodels_4"></ELEMENT>
<ELEMENT ID="CQGNMJJ" PROMPT="Compatible Phone Models_5" DEFAULT="" TYPE="TEXTBOX" DATA="product:amz:prod_wireless_compatiblephonemodels_5"></ELEMENT>
<ELEMENT ID="CQGNMJK" PROMPT="Compatible Phone Models_6" DEFAULT="" TYPE="TEXTBOX" DATA="product:amz:prod_wireless_compatiblephonemodels_6"></ELEMENT>
<ELEMENT ID="CQGNMJL" PROMPT="Compatible Phone Models_7" DEFAULT="" TYPE="TEXTBOX" DATA="product:amz:prod_wireless_compatiblephonemodels_7"></ELEMENT>
<ELEMENT ID="CQGNMJM" PROMPT="Compatible Phone Models_8" DEFAULT="" TYPE="TEXTBOX" DATA="product:amz:prod_wireless_compatiblephonemodels_8"></ELEMENT>
<ELEMENT ID="CQGNMJN" PROMPT="Compatible Phone Models_9" DEFAULT="" TYPE="TEXTBOX" DATA="product:amz:prod_wireless_compatiblephonemodels_9"></ELEMENT>
<ELEMENT ID="CQGNMJO" PROMPT="Compatible Phone Models_10" DEFAULT="" TYPE="TEXTBOX" DATA="product:amz:prod_wireless_compatiblephonemodels_10"></ELEMENT>
<ELEMENT ID="CQGNMJP" PROMPT="Compatible Phone Models_11" DEFAULT="" TYPE="TEXTBOX" DATA="product:amz:prod_wireless_compatiblephonemodels_11"></ELEMENT>
<ELEMENT ID="CQGNMJQ" PROMPT="Compatible Phone Models_12" DEFAULT="" TYPE="TEXTBOX" DATA="product:amz:prod_wireless_compatiblephonemodels_12"></ELEMENT>
<ELEMENT ID="CQGNMJR" PROMPT="Compatible Phone Models_13" DEFAULT="" TYPE="TEXTBOX" DATA="product:amz:prod_wireless_compatiblephonemodels_13"></ELEMENT>
<ELEMENT ID="CQGNMJS" PROMPT="Compatible Phone Models_14" DEFAULT="" TYPE="TEXTBOX" DATA="product:amz:prod_wireless_compatiblephonemodels_14"></ELEMENT>
<ELEMENT ID="CQGNMJT" PROMPT="Compatible Phone Models_15" DEFAULT="" TYPE="TEXTBOX" DATA="product:amz:prod_wireless_compatiblephonemodels_15"></ELEMENT>
<ELEMENT ID="CQGNMJU" PROMPT="Compatible Phone Models_16" DEFAULT="" TYPE="TEXTBOX" DATA="product:amz:prod_wireless_compatiblephonemodels_16"></ELEMENT>
<ELEMENT ID="CQGNMJV" PROMPT="Compatible Phone Models_17" DEFAULT="" TYPE="TEXTBOX" DATA="product:amz:prod_wireless_compatiblephonemodels_17"></ELEMENT>
<ELEMENT ID="CQGNMJW" PROMPT="Compatible Phone Models_18" DEFAULT="" TYPE="TEXTBOX" DATA="product:amz:prod_wireless_compatiblephonemodels_18"></ELEMENT>
<ELEMENT ID="CQGNMJX" PROMPT="Manufacturer Name" DEFAULT="" TYPE="TEXTBOX" DATA="product:amz:prod_wireless_manufacturername" MANDATORY="Y"></ELEMENT>
<ELEMENT ID="CQGNMJY" PROMPT="Additional Features" DEFAULT="" TYPE="TEXTBOX" DATA="product:amz:prod_wireless_additionalfeatures" MANDATORY="Y"></ELEMENT>
<ELEMENT ID="CQGNMJZ" PROMPT="Keywords_1" DEFAULT="" TYPE="TEXTBOX" DATA="product:amz:prod_wireless_keywords_1" MANDATORY="Y"></ELEMENT>
<ELEMENT ID="CQGNMKA" PROMPT="Keywords_2" DEFAULT="" TYPE="TEXTBOX" DATA="product:amz:prod_wireless_keywords_2"></ELEMENT>
<ELEMENT ID="CQGNMKB" PROMPT="Keywords_3" DEFAULT="" TYPE="TEXTBOX" DATA="product:amz:prod_wireless_keywords_3"></ELEMENT>
<ELEMENT ID="CQGNMKC" PROMPT="Keywords_4" DEFAULT="" TYPE="TEXTBOX" DATA="product:amz:prod_wireless_keywords_4"></ELEMENT>
<ELEMENT ID="CQGNMKD" PROMPT="Keywords_5" DEFAULT="" TYPE="TEXTBOX" DATA="product:amz:prod_wireless_keywords_5"></ELEMENT>
<ELEMENT ID="CQGNMKE" PROMPT="Application Version" DEFAULT="" TYPE="TEXTBOX" DATA="product:amz:prod_wireless_applicationversion" MANDATORY="Y"></ELEMENT>

</TEMPLATE>