<TEMPLATE ID="amz.apparel" FORMAT="DEFINITION">
<LIST ID="LIST_APPAREL_CLOTHING_PARENTAGE" TYPE="TEXT">
<OPT T="parent" V="parent"></OPT>
<OPT T="child" V="child"></OPT>
</LIST>
<LIST ID="LIST_APPAREL_CLOTHING_VARIATIONTHEME" TYPE="TEXT">
<OPT T="Size" V="Size"></OPT>
<OPT T="Color" V="Color"></OPT>
<OPT T="SizeColor" V="SizeColor"></OPT>
</LIST>
<LIST ID="LIST_APPAREL_CLOTHING_CLOTHINGTYPE" TYPE="TEXT">
<OPT T="Shirt" V="Shirt"></OPT>
<OPT T="Sweater" V="Sweater"></OPT>
<OPT T="Pants" V="Pants"></OPT>
<OPT T="Shorts" V="Shorts"></OPT>
<OPT T="Skirt" V="Skirt"></OPT>
<OPT T="Dress" V="Dress"></OPT>
<OPT T="Suit" V="Suit"></OPT>
<OPT T="Blazer" V="Blazer"></OPT>
<OPT T="Outerwear" V="Outerwear"></OPT>
<OPT T="SocksHosiery" V="SocksHosiery"></OPT>
<OPT T="Underwear" V="Underwear"></OPT>
<OPT T="Bra" V="Bra"></OPT>
<OPT T="Shoes" V="Shoes"></OPT>
<OPT T="Hat" V="Hat"></OPT>
<OPT T="Bag" V="Bag"></OPT>
<OPT T="Accessory" V="Accessory"></OPT>
<OPT T="Jewelry" V="Jewelry"></OPT>
<OPT T="Sleepwear" V="Sleepwear"></OPT>
<OPT T="Swimwear" V="Swimwear"></OPT>
<OPT T="PersonalBodyCare" V="PersonalBodyCare"></OPT>
<OPT T="HomeAccessory" V="HomeAccessory"></OPT>
<OPT T="NonApparelMisc" V="NonApparelMisc"></OPT>
</LIST>
<LIST ID="LIST_APPAREL_CLOTHING_SIZEMAP" TYPE="TEXT">
<OPT T="XXXXX-Small" V="XXXXX-Small"></OPT>
<OPT T="XXXX-Small" V="XXXX-Small"></OPT>
<OPT T="XXX-Small" V="XXX-Small"></OPT>
<OPT T="XX-Small" V="XX-Small"></OPT>
<OPT T="X-Small" V="X-Small"></OPT>
<OPT T="Small" V="Small"></OPT>
<OPT T="Medium" V="Medium"></OPT>
<OPT T="Large" V="Large"></OPT>
<OPT T="X-Large" V="X-Large"></OPT>
<OPT T="XX-Large" V="XX-Large"></OPT>
<OPT T="XXX-Large" V="XXX-Large"></OPT>
<OPT T="XXXX-Large" V="XXXX-Large"></OPT>
<OPT T="XXXXX-Large" V="XXXXX-Large"></OPT>
</LIST>
<LIST ID="LIST_APPAREL_CLOTHING_CUPSIZE" TYPE="TEXT">
<OPT T="A" V="A"></OPT>
<OPT T="B" V="B"></OPT>
<OPT T="C" V="C"></OPT>
<OPT T="D" V="D"></OPT>
<OPT T="DD" V="DD"></OPT>
<OPT T="DDD" V="DDD"></OPT>
<OPT T="E" V="E"></OPT>
<OPT T="F" V="F"></OPT>
<OPT T="FF" V="FF"></OPT>
<OPT T="G" V="G"></OPT>
<OPT T="H" V="H"></OPT>
<OPT T="I" V="I"></OPT>
</LIST>
<LIST ID="LIST_APPAREL_CLOTHING_SHOEWIDTH" TYPE="TEXT">
<OPT T="AAAA" V="AAAA"></OPT>
<OPT T="AAA" V="AAA"></OPT>
<OPT T="AA" V="AA"></OPT>
<OPT T="A" V="A"></OPT>
<OPT T="B" V="B"></OPT>
<OPT T="C" V="C"></OPT>
<OPT T="D" V="D"></OPT>
<OPT T="E" V="E"></OPT>
<OPT T="E" V="E"></OPT>
<OPT T="EE" V="EE"></OPT>
<OPT T="EEE" V="EEE"></OPT>
<OPT T="EEEE" V="EEEE"></OPT>
<OPT T="EEEEE" V="EEEEE"></OPT>
</LIST>


<!-- ******* -->
<ELEMENT ID="CQGNKHT" PROMPT="APPAREL" TYPE="HIDDEN" DATA="product:amz:catalog"></ELEMENT>
<ELEMENT ID="CQGNKHU" PROMPT="Clothing Parentage" LIST="LIST_APPAREL_CLOTHING_PARENTAGE" TYPE="SELECT" DATA="product:amz:prod_apparel_clothing_parentage"></ELEMENT>
<ELEMENT ID="CQGNKHV" PROMPT="Size" DEFAULT="*" TYPE="TEXTBOX" DATA="product:amz:prod_apparel_size"></ELEMENT>
<ELEMENT ID="CQGNKHW" PROMPT="Color" DEFAULT="*" TYPE="TEXTBOX" DATA="product:amz:prod_apparel_color"></ELEMENT>
<ELEMENT ID="CQGNKHX" PROMPT="Clothing Variation Theme" LIST="LIST_APPAREL_CLOTHING_VARIATIONTHEME" TYPE="SELECT" DATA="product:amz:prod_apparel_clothing_variationtheme"></ELEMENT>
<ELEMENT ID="CQGNKHY" PROMPT="Clothing Clothing Type" LIST="LIST_APPAREL_CLOTHING_CLOTHINGTYPE" TYPE="SELECT" DATA="product:amz:prod_apparel_clothing_clothingtype"></ELEMENT>
<ELEMENT ID="CQGNKHZ" PROMPT="Department_1" DEFAULT="" TYPE="TEXTBOX" DATA="product:amz:prod_apparel_department_1" MANDATORY="Y"></ELEMENT>
<ELEMENT ID="CQGNKIA" PROMPT="Department_2" DEFAULT="" TYPE="TEXTBOX" DATA="product:amz:prod_apparel_department_2"></ELEMENT>
<ELEMENT ID="CQGNKIB" PROMPT="Department_3" DEFAULT="" TYPE="TEXTBOX" DATA="product:amz:prod_apparel_department_3"></ELEMENT>
<ELEMENT ID="CQGNKIC" PROMPT="Department_4" DEFAULT="" TYPE="TEXTBOX" DATA="product:amz:prod_apparel_department_4"></ELEMENT>
<ELEMENT ID="CQGNKID" PROMPT="Department_5" DEFAULT="" TYPE="TEXTBOX" DATA="product:amz:prod_apparel_department_5"></ELEMENT>
<ELEMENT ID="CQGNKIE" PROMPT="Department_6" DEFAULT="" TYPE="TEXTBOX" DATA="product:amz:prod_apparel_department_6"></ELEMENT>
<ELEMENT ID="CQGNKIF" PROMPT="Department_7" DEFAULT="" TYPE="TEXTBOX" DATA="product:amz:prod_apparel_department_7"></ELEMENT>
<ELEMENT ID="CQGNKIG" PROMPT="Department_8" DEFAULT="" TYPE="TEXTBOX" DATA="product:amz:prod_apparel_department_8"></ELEMENT>
<ELEMENT ID="CQGNKIH" PROMPT="Department_9" DEFAULT="" TYPE="TEXTBOX" DATA="product:amz:prod_apparel_department_9"></ELEMENT>
<ELEMENT ID="CQGNKII" PROMPT="Department_10" DEFAULT="" TYPE="TEXTBOX" DATA="product:amz:prod_apparel_department_10"></ELEMENT>
<ELEMENT ID="CQGNKIJ" PROMPT="Style Keywords_1" DEFAULT="" TYPE="TEXTBOX" DATA="product:amz:prod_apparel_stylekeywords_1" MANDATORY="Y"></ELEMENT>
<ELEMENT ID="CQGNKIK" PROMPT="Style Keywords_2" DEFAULT="" TYPE="TEXTBOX" DATA="product:amz:prod_apparel_stylekeywords_2"></ELEMENT>
<ELEMENT ID="CQGNKIL" PROMPT="Style Keywords_3" DEFAULT="" TYPE="TEXTBOX" DATA="product:amz:prod_apparel_stylekeywords_3"></ELEMENT>
<ELEMENT ID="CQGNKIM" PROMPT="Style Keywords_4" DEFAULT="" TYPE="TEXTBOX" DATA="product:amz:prod_apparel_stylekeywords_4"></ELEMENT>
<ELEMENT ID="CQGNKIN" PROMPT="Style Keywords_5" DEFAULT="" TYPE="TEXTBOX" DATA="product:amz:prod_apparel_stylekeywords_5"></ELEMENT>
<ELEMENT ID="CQGNKIO" PROMPT="Style Keywords_6" DEFAULT="" TYPE="TEXTBOX" DATA="product:amz:prod_apparel_stylekeywords_6"></ELEMENT>
<ELEMENT ID="CQGNKIP" PROMPT="Style Keywords_7" DEFAULT="" TYPE="TEXTBOX" DATA="product:amz:prod_apparel_stylekeywords_7"></ELEMENT>
<ELEMENT ID="CQGNKIQ" PROMPT="Style Keywords_8" DEFAULT="" TYPE="TEXTBOX" DATA="product:amz:prod_apparel_stylekeywords_8"></ELEMENT>
<ELEMENT ID="CQGNKIR" PROMPT="Style Keywords_9" DEFAULT="" TYPE="TEXTBOX" DATA="product:amz:prod_apparel_stylekeywords_9"></ELEMENT>
<ELEMENT ID="CQGNKIS" PROMPT="Style Keywords_10" DEFAULT="" TYPE="TEXTBOX" DATA="product:amz:prod_apparel_stylekeywords_10"></ELEMENT>
<ELEMENT ID="CQGNKIT" PROMPT="Platinum Keywords_1" DEFAULT="" TYPE="TEXTBOX" DATA="product:amz:prod_apparel_platinumkeywords_1"></ELEMENT>
<ELEMENT ID="CQGNKIU" PROMPT="Platinum Keywords_2" DEFAULT="" TYPE="TEXTBOX" DATA="product:amz:prod_apparel_platinumkeywords_2"></ELEMENT>
<ELEMENT ID="CQGNKIV" PROMPT="Platinum Keywords_3" DEFAULT="" TYPE="TEXTBOX" DATA="product:amz:prod_apparel_platinumkeywords_3"></ELEMENT>
<ELEMENT ID="CQGNKIW" PROMPT="Platinum Keywords_4" DEFAULT="" TYPE="TEXTBOX" DATA="product:amz:prod_apparel_platinumkeywords_4"></ELEMENT>
<ELEMENT ID="CQGNKIX" PROMPT="Platinum Keywords_5" DEFAULT="" TYPE="TEXTBOX" DATA="product:amz:prod_apparel_platinumkeywords_5"></ELEMENT>
<ELEMENT ID="CQGNKIY" PROMPT="Platinum Keywords_6" DEFAULT="" TYPE="TEXTBOX" DATA="product:amz:prod_apparel_platinumkeywords_6"></ELEMENT>
<ELEMENT ID="CQGNKIZ" PROMPT="Platinum Keywords_7" DEFAULT="" TYPE="TEXTBOX" DATA="product:amz:prod_apparel_platinumkeywords_7"></ELEMENT>
<ELEMENT ID="CQGNKJA" PROMPT="Platinum Keywords_8" DEFAULT="" TYPE="TEXTBOX" DATA="product:amz:prod_apparel_platinumkeywords_8"></ELEMENT>
<ELEMENT ID="CQGNKJB" PROMPT="Platinum Keywords_9" DEFAULT="" TYPE="TEXTBOX" DATA="product:amz:prod_apparel_platinumkeywords_9"></ELEMENT>
<ELEMENT ID="CQGNKJC" PROMPT="Platinum Keywords_10" DEFAULT="" TYPE="TEXTBOX" DATA="product:amz:prod_apparel_platinumkeywords_10"></ELEMENT>
<ELEMENT ID="CQGNKJD" PROMPT="Platinum Keywords_11" DEFAULT="" TYPE="TEXTBOX" DATA="product:amz:prod_apparel_platinumkeywords_11"></ELEMENT>
<ELEMENT ID="CQGNKJE" PROMPT="Platinum Keywords_12" DEFAULT="" TYPE="TEXTBOX" DATA="product:amz:prod_apparel_platinumkeywords_12"></ELEMENT>
<ELEMENT ID="CQGNKJF" PROMPT="Platinum Keywords_13" DEFAULT="" TYPE="TEXTBOX" DATA="product:amz:prod_apparel_platinumkeywords_13"></ELEMENT>
<ELEMENT ID="CQGNKJG" PROMPT="Platinum Keywords_14" DEFAULT="" TYPE="TEXTBOX" DATA="product:amz:prod_apparel_platinumkeywords_14"></ELEMENT>
<ELEMENT ID="CQGNKJH" PROMPT="Platinum Keywords_15" DEFAULT="" TYPE="TEXTBOX" DATA="product:amz:prod_apparel_platinumkeywords_15"></ELEMENT>
<ELEMENT ID="CQGNKJI" PROMPT="Platinum Keywords_16" DEFAULT="" TYPE="TEXTBOX" DATA="product:amz:prod_apparel_platinumkeywords_16"></ELEMENT>
<ELEMENT ID="CQGNKJJ" PROMPT="Platinum Keywords_17" DEFAULT="" TYPE="TEXTBOX" DATA="product:amz:prod_apparel_platinumkeywords_17"></ELEMENT>
<ELEMENT ID="CQGNKJK" PROMPT="Platinum Keywords_18" DEFAULT="" TYPE="TEXTBOX" DATA="product:amz:prod_apparel_platinumkeywords_18"></ELEMENT>
<ELEMENT ID="CQGNKJL" PROMPT="Platinum Keywords_19" DEFAULT="" TYPE="TEXTBOX" DATA="product:amz:prod_apparel_platinumkeywords_19"></ELEMENT>
<ELEMENT ID="CQGNKJM" PROMPT="Platinum Keywords_20" DEFAULT="" TYPE="TEXTBOX" DATA="product:amz:prod_apparel_platinumkeywords_20"></ELEMENT>
<ELEMENT ID="CQGNKJN" PROMPT="Color Map" DEFAULT="" TYPE="TEXTBOX" DATA="product:amz:prod_apparel_colormap"></ELEMENT>
<ELEMENT ID="CQGNKJO" PROMPT="Special Size Type_1" DEFAULT="" TYPE="TEXTBOX" DATA="product:amz:prod_apparel_specialsizetype_1"></ELEMENT>
<ELEMENT ID="CQGNKJP" PROMPT="Special Size Type_2" DEFAULT="" TYPE="TEXTBOX" DATA="product:amz:prod_apparel_specialsizetype_2"></ELEMENT>
<ELEMENT ID="CQGNKJQ" PROMPT="Special Size Type_3" DEFAULT="" TYPE="TEXTBOX" DATA="product:amz:prod_apparel_specialsizetype_3"></ELEMENT>
<ELEMENT ID="CQGNKJR" PROMPT="Special Size Type_4" DEFAULT="" TYPE="TEXTBOX" DATA="product:amz:prod_apparel_specialsizetype_4"></ELEMENT>
<ELEMENT ID="CQGNKJS" PROMPT="Special Size Type_5" DEFAULT="" TYPE="TEXTBOX" DATA="product:amz:prod_apparel_specialsizetype_5"></ELEMENT>
<ELEMENT ID="CQGNKJT" PROMPT="Special Size Type_6" DEFAULT="" TYPE="TEXTBOX" DATA="product:amz:prod_apparel_specialsizetype_6"></ELEMENT>
<ELEMENT ID="CQGNKJU" PROMPT="Special Size Type_7" DEFAULT="" TYPE="TEXTBOX" DATA="product:amz:prod_apparel_specialsizetype_7"></ELEMENT>
<ELEMENT ID="CQGNKJV" PROMPT="Special Size Type_8" DEFAULT="" TYPE="TEXTBOX" DATA="product:amz:prod_apparel_specialsizetype_8"></ELEMENT>
<ELEMENT ID="CQGNKJW" PROMPT="Special Size Type_9" DEFAULT="" TYPE="TEXTBOX" DATA="product:amz:prod_apparel_specialsizetype_9"></ELEMENT>
<ELEMENT ID="CQGNKJX" PROMPT="Special Size Type_10" DEFAULT="" TYPE="TEXTBOX" DATA="product:amz:prod_apparel_specialsizetype_10"></ELEMENT>
<ELEMENT ID="CQGNKJY" PROMPT="Material And Fabric_1" DEFAULT="" TYPE="TEXTBOX" DATA="product:amz:prod_apparel_materialandfabric_1" MANDATORY="Y"></ELEMENT>
<ELEMENT ID="CQGNKJZ" PROMPT="Material And Fabric_2" DEFAULT="" TYPE="TEXTBOX" DATA="product:amz:prod_apparel_materialandfabric_2"></ELEMENT>
<ELEMENT ID="CQGNKKA" PROMPT="Material And Fabric_3" DEFAULT="" TYPE="TEXTBOX" DATA="product:amz:prod_apparel_materialandfabric_3"></ELEMENT>
<ELEMENT ID="CQGNKKB" PROMPT="Material And Fabric_4" DEFAULT="" TYPE="TEXTBOX" DATA="product:amz:prod_apparel_materialandfabric_4"></ELEMENT>
<ELEMENT ID="CQGNKKC" PROMPT="Occasion And Lifestyle_1" DEFAULT="" TYPE="TEXTBOX" DATA="product:amz:prod_apparel_occasionandlifestyle_1" MANDATORY="Y"></ELEMENT>
<ELEMENT ID="CQGNKKD" PROMPT="Occasion And Lifestyle_2" DEFAULT="" TYPE="TEXTBOX" DATA="product:amz:prod_apparel_occasionandlifestyle_2"></ELEMENT>
<ELEMENT ID="CQGNKKE" PROMPT="Occasion And Lifestyle_3" DEFAULT="" TYPE="TEXTBOX" DATA="product:amz:prod_apparel_occasionandlifestyle_3"></ELEMENT>
<ELEMENT ID="CQGNKKF" PROMPT="Occasion And Lifestyle_4" DEFAULT="" TYPE="TEXTBOX" DATA="product:amz:prod_apparel_occasionandlifestyle_4"></ELEMENT>
<ELEMENT ID="CQGNKKG" PROMPT="Occasion And Lifestyle_5" DEFAULT="" TYPE="TEXTBOX" DATA="product:amz:prod_apparel_occasionandlifestyle_5"></ELEMENT>
<ELEMENT ID="CQGNKKH" PROMPT="Occasion And Lifestyle_6" DEFAULT="" TYPE="TEXTBOX" DATA="product:amz:prod_apparel_occasionandlifestyle_6"></ELEMENT>
<ELEMENT ID="CQGNKKI" PROMPT="Occasion And Lifestyle_7" DEFAULT="" TYPE="TEXTBOX" DATA="product:amz:prod_apparel_occasionandlifestyle_7"></ELEMENT>
<ELEMENT ID="CQGNKKJ" PROMPT="Occasion And Lifestyle_8" DEFAULT="" TYPE="TEXTBOX" DATA="product:amz:prod_apparel_occasionandlifestyle_8"></ELEMENT>
<ELEMENT ID="CQGNKKK" PROMPT="Occasion And Lifestyle_9" DEFAULT="" TYPE="TEXTBOX" DATA="product:amz:prod_apparel_occasionandlifestyle_9"></ELEMENT>
<ELEMENT ID="CQGNKKL" PROMPT="Occasion And Lifestyle_10" DEFAULT="" TYPE="TEXTBOX" DATA="product:amz:prod_apparel_occasionandlifestyle_10"></ELEMENT>
<ELEMENT ID="CQGNKKM" PROMPT="Event Keywords_1" DEFAULT="" TYPE="TEXTBOX" DATA="product:amz:prod_apparel_eventkeywords_1" MANDATORY="Y"></ELEMENT>
<ELEMENT ID="CQGNKKN" PROMPT="Event Keywords_2" DEFAULT="" TYPE="TEXTBOX" DATA="product:amz:prod_apparel_eventkeywords_2"></ELEMENT>
<ELEMENT ID="CQGNKKO" PROMPT="Event Keywords_3" DEFAULT="" TYPE="TEXTBOX" DATA="product:amz:prod_apparel_eventkeywords_3"></ELEMENT>
<ELEMENT ID="CQGNKKP" PROMPT="Event Keywords_4" DEFAULT="" TYPE="TEXTBOX" DATA="product:amz:prod_apparel_eventkeywords_4"></ELEMENT>
<ELEMENT ID="CQGNKKQ" PROMPT="Event Keywords_5" DEFAULT="" TYPE="TEXTBOX" DATA="product:amz:prod_apparel_eventkeywords_5"></ELEMENT>
<ELEMENT ID="CQGNKKR" PROMPT="Event Keywords_6" DEFAULT="" TYPE="TEXTBOX" DATA="product:amz:prod_apparel_eventkeywords_6"></ELEMENT>
<ELEMENT ID="CQGNKKS" PROMPT="Event Keywords_7" DEFAULT="" TYPE="TEXTBOX" DATA="product:amz:prod_apparel_eventkeywords_7"></ELEMENT>
<ELEMENT ID="CQGNKKT" PROMPT="Event Keywords_8" DEFAULT="" TYPE="TEXTBOX" DATA="product:amz:prod_apparel_eventkeywords_8"></ELEMENT>
<ELEMENT ID="CQGNKKU" PROMPT="Event Keywords_9" DEFAULT="" TYPE="TEXTBOX" DATA="product:amz:prod_apparel_eventkeywords_9"></ELEMENT>
<ELEMENT ID="CQGNKKV" PROMPT="Event Keywords_10" DEFAULT="" TYPE="TEXTBOX" DATA="product:amz:prod_apparel_eventkeywords_10"></ELEMENT>
<ELEMENT ID="CQGNKKW" PROMPT="Is Customizable" TYPE="CHECKBOX" DATA="product:amz:prod_apparel_iscustomizable"></ELEMENT>
<ELEMENT ID="CQGNKKX" PROMPT="Customizable Template Name" DEFAULT="" TYPE="TEXTBOX" DATA="product:amz:prod_apparel_customizabletemplatename" MANDATORY="Y"></ELEMENT>
<ELEMENT ID="CQGNKKY" PROMPT="Clothing Size Map" LIST="LIST_APPAREL_CLOTHING_SIZEMAP" TYPE="SELECT" DATA="product:amz:prod_apparel_clothing_sizemap"></ELEMENT>
<ELEMENT ID="CQGNKKZ" PROMPT="Waist Size" DEFAULT="" TYPE="TEXTBOX" DATA="product:amz:prod_apparel_waistsize" MANDATORY="Y"></ELEMENT>
<ELEMENT ID="CQGNKLA" PROMPT="Inseam Length" DEFAULT="" TYPE="TEXTBOX" DATA="product:amz:prod_apparel_inseamlength" MANDATORY="Y"></ELEMENT>
<ELEMENT ID="CQGNKLB" PROMPT="Sleeve Length" DEFAULT="" TYPE="TEXTBOX" DATA="product:amz:prod_apparel_sleevelength" MANDATORY="Y"></ELEMENT>
<ELEMENT ID="CQGNKLC" PROMPT="Neck Size" DEFAULT="" TYPE="TEXTBOX" DATA="product:amz:prod_apparel_necksize" MANDATORY="Y"></ELEMENT>
<ELEMENT ID="CQGNKLD" PROMPT="Chest Size" DEFAULT="" TYPE="TEXTBOX" DATA="product:amz:prod_apparel_chestsize" MANDATORY="Y"></ELEMENT>
<ELEMENT ID="CQGNKLE" PROMPT="Clothing Cup Size" LIST="LIST_APPAREL_CLOTHING_CUPSIZE" TYPE="SELECT" DATA="product:amz:prod_apparel_clothing_cupsize"></ELEMENT>
<ELEMENT ID="CQGNKLF" PROMPT="Clothing Shoe Width" LIST="LIST_APPAREL_CLOTHING_SHOEWIDTH" TYPE="SELECT" DATA="product:amz:prod_apparel_clothing_shoewidth"></ELEMENT>

</TEMPLATE>