<TEMPLATE ID="amz.software.videogameshardware" FORMAT="DEFINITION">
<LIST ID="LIST_BASE_COLORMAP">
<OPT T="black" V="black"></OPT>
<OPT T="blue" V="blue"></OPT>
<OPT T="bronze" V="bronze"></OPT>
<OPT T="brown" V="brown"></OPT>
<OPT T="gold" V="gold"></OPT>
<OPT T="gray" V="gray"></OPT>
<OPT T="green" V="green"></OPT>
<OPT T="metallic" V="metallic"></OPT>
<OPT T="off-white" V="off-white"></OPT>
<OPT T="orange" V="orange"></OPT>
<OPT T="pink" V="pink"></OPT>
<OPT T="purple" V="purple"></OPT>
<OPT T="red" V="red"></OPT>
<OPT T="silver" V="silver"></OPT>
<OPT T="white" V="white"></OPT>
<OPT T="yellow" V="yellow"></OPT>
</LIST>


<!-- ******* -->
<ELEMENT ID="CQGNMMU" PROMPT="SoftwareVideoGames:VideoGamesHardware" TYPE="HIDDEN" DATA="product:amz:catalog"></ELEMENT>
<ELEMENT ID="CQGNMMV" PROMPT="Hardware Platform" DEFAULT="" TYPE="TEXTBOX" DATA="product:amz:prod_software_hardwareplatform" MANDATORY="Y"></ELEMENT>
<ELEMENT ID="CQGNMMW" PROMPT="Bundles" DEFAULT="" TYPE="TEXTBOX" DATA="product:amz:prod_software_bundles" MANDATORY="Y"></ELEMENT>
<ELEMENT ID="CQGNMMX" PROMPT="Color" DEFAULT="" TYPE="TEXTBOX" DATA="product:amz:prod_software_color" MANDATORY="Y"></ELEMENT>
<ELEMENT ID="CQGNMMY" PROMPT="Color Map" LIST="LIST_BASE_COLORMAP" TYPE="SELECT" DATA="product:amz:prod_base_colormap"></ELEMENT>
<ELEMENT ID="CQGNMMZ" PROMPT="Additional Features" DEFAULT="" TYPE="TEXTBOX" DATA="product:amz:prod_software_additionalfeatures" MANDATORY="Y"></ELEMENT>
<ELEMENT ID="CQGNMNA" PROMPT="ItemPackageQuantity" DEFAULT="" TYPE="NUMBER" DATA="product:amz:prod_software_itempackagequantity"></ELEMENT>

</TEMPLATE>