<TEMPLATE ID="amz.tools" FORMAT="DEFINITION">
<LIST ID="LIST_TOOLS_POWERSOURCE" TYPE="TEXT">
<OPT T="battery-powered" V="battery-powered"></OPT>
<OPT T="gas-powered" V="gas-powered"></OPT>
<OPT T="hydraulic-powered" V="hydraulic-powered"></OPT>
<OPT T="air-powered" V="air-powered"></OPT>
<OPT T="corded-electric" V="corded-electric"></OPT>
</LIST>


<!-- ******* -->
<ELEMENT ID="CQGNMLT" PROMPT="TOOLS" TYPE="HIDDEN" DATA="product:amz:catalog"></ELEMENT>
<ELEMENT ID="CQGNMLU" PROMPT="GritRating" DEFAULT="" TYPE="NUMBER" DATA="product:zoovy:prod_toolgritrating"></ELEMENT>
<ELEMENT ID="CQGNMLV" PROMPT="Horsepower" DEFAULT="" TYPE="TEXTBOX" DATA="product:zoovy:prod_toolhorsepower" MANDATORY="Y"></ELEMENT>
<ELEMENT ID="CQGNMLW" PROMPT="Diameter" DEFAULT="" TYPE="NUMBER" DATA="product:zoovy:prod_diameter"></ELEMENT>
<ELEMENT ID="CQGNMLX" PROMPT="Length" DEFAULT="" TYPE="NUMBER" DATA="product:zoovy:prod_length"></ELEMENT>
<ELEMENT ID="CQGNMLY" PROMPT="Width" DEFAULT="" TYPE="NUMBER" DATA="product:zoovy:prod_width"></ELEMENT>
<ELEMENT ID="CQGNMLZ" PROMPT="Height" DEFAULT="" TYPE="NUMBER" DATA="product:zoovy:prod_height"></ELEMENT>
<ELEMENT ID="CQGNMMA" PROMPT="Weight" DEFAULT="" TYPE="NUMBER" DATA="product:zoovy:base_weight"></ELEMENT>
<ELEMENT ID="CQGNMMB" PROMPT="Tools Power Source" LIST="LIST_TOOLS_POWERSOURCE" TYPE="SELECT" DATA="product:amz:prod_tools_tools_powersource"></ELEMENT>
<ELEMENT ID="CQGNMMC" PROMPT="Wattage" DEFAULT="" TYPE="NUMBER" DATA="product:zoovy:prod_wattage"></ELEMENT>
<ELEMENT ID="CQGNMMD" PROMPT="Voltage" DEFAULT="" TYPE="NUMBER" DATA="product:zoovy:prod_voltage"></ELEMENT>
<ELEMENT ID="CQGNMME" PROMPT="NumberOfItemsInPackage" DEFAULT="" TYPE="NUMBER" DATA="product:amz:numberofitemsinpackage"></ELEMENT>

</TEMPLATE>