<TEMPLATE ID="amz.home.bedandbath" FORMAT="DEFINITION">
<LIST ID="LIST_BASE_COLORMAP">
<OPT T="black" V="black"></OPT>
<OPT T="blue" V="blue"></OPT>
<OPT T="bronze" V="bronze"></OPT>
<OPT T="brown" V="brown"></OPT>
<OPT T="gold" V="gold"></OPT>
<OPT T="gray" V="gray"></OPT>
<OPT T="green" V="green"></OPT>
<OPT T="metallic" V="metallic"></OPT>
<OPT T="off-white" V="off-white"></OPT>
<OPT T="orange" V="orange"></OPT>
<OPT T="pink" V="pink"></OPT>
<OPT T="purple" V="purple"></OPT>
<OPT T="red" V="red"></OPT>
<OPT T="silver" V="silver"></OPT>
<OPT T="white" V="white"></OPT>
<OPT T="yellow" V="yellow"></OPT>
</LIST>
<LIST ID="LIST_HOME_BEDANDBATH_VARIATIONTHEME" TYPE="TEXT">
<OPT T="Size" V="Size"></OPT>
<OPT T="Color" V="Color"></OPT>
<OPT T="Scent" V="Scent"></OPT>
<OPT T="Size-Color" V="Size-Color"></OPT>
<OPT T="Size-Scent" V="Size-Scent"></OPT>
</LIST>


<!-- ******* -->
<ELEMENT ID="CQGNKGX" PROMPT="Home:BedAndBath" TYPE="HIDDEN" DATA="product:amz:catalog"></ELEMENT>
<ELEMENT ID="CQGNKGY" PROMPT="Home Parentage" LIST="LIST_HOME_PARENTAGE" TYPE="SELECT" DATA="product:amz:prod_home_home_parentage"></ELEMENT>
<ELEMENT ID="CQGNKGZ" PROMPT="Country Produced In" DEFAULT="" TYPE="TEXTBOX" DATA="product:amz:prod_home_countryproducedin" MANDATORY="Y"></ELEMENT>
<ELEMENT ID="CQGNKHA" PROMPT="DisplayLength" DEFAULT="" TYPE="NUMBER" DATA="product:amz:prod_home_displaylength"></ELEMENT>
<ELEMENT ID="CQGNKHB" PROMPT="DisplayWidth" DEFAULT="" TYPE="NUMBER" DATA="product:amz:prod_home_displaywidth"></ELEMENT>
<ELEMENT ID="CQGNKHC" PROMPT="DisplayHeight" DEFAULT="" TYPE="NUMBER" DATA="product:amz:prod_home_displayheight"></ELEMENT>
<ELEMENT ID="CQGNKHD" PROMPT="DisplayDepth" DEFAULT="" TYPE="NUMBER" DATA="product:amz:prod_home_displaydepth"></ELEMENT>
<ELEMENT ID="CQGNKHE" PROMPT="DisplayDiameter" DEFAULT="" TYPE="NUMBER" DATA="product:amz:prod_home_displaydiameter"></ELEMENT>
<ELEMENT ID="CQGNKHF" PROMPT="DisplayWeight" DEFAULT="" TYPE="NUMBER" DATA="product:amz:prod_home_displayweight"></ELEMENT>
<ELEMENT ID="CQGNKHG" PROMPT="ItemPackageQuantity" DEFAULT="1" TYPE="NUMBER" DATA="product:amz:prod_home_itempackagequantity"></ELEMENT>
<ELEMENT ID="CQGNKHH" PROMPT="Home Manufacturer Warranty Description" LIST="LIST_HOME_MANUFACTURERWARRANTYDESCRIPTION" TYPE="SELECT" DATA="product:amz:prod_home_home_manufacturerwarrantydescription"></ELEMENT>
<ELEMENT ID="CQGNKHI" PROMPT="Volume Capacity" DEFAULT="" TYPE="TEXTBOX" DATA="product:amz:prod_home_volumecapacity" MANDATORY="Y"></ELEMENT>
<ELEMENT ID="CQGNKHJ" PROMPT="Color Map" LIST="LIST_BASE_COLORMAP" TYPE="SELECT" DATA="product:amz:prod_base_colormap"></ELEMENT>
<ELEMENT ID="CQGNKHK" PROMPT="Is Stain Resistant" TYPE="CHECKBOX" DATA="product:amz:prod_home_isstainresistant"></ELEMENT>
<ELEMENT ID="CQGNKHL" PROMPT="Material" DEFAULT="" TYPE="TEXTBOX" DATA="product:amz:prod_home_material" MANDATORY="Y"></ELEMENT>
<ELEMENT ID="CQGNKHM" PROMPT="NumberOfSets" DEFAULT="" TYPE="NUMBER" DATA="product:amz:prod_home_numberofsets"></ELEMENT>
<ELEMENT ID="CQGNKHN" PROMPT="ThreadCount" DEFAULT="" TYPE="NUMBER" DATA="product:amz:prod_home_threadcount"></ELEMENT>
<ELEMENT ID="CQGNKHO" PROMPT="Bed And Bath Variation Theme" LIST="LIST_HOME_BEDANDBATH_VARIATIONTHEME" TYPE="SELECT" DATA="product:amz:prod_home_bedandbath_variationtheme"></ELEMENT>
<ELEMENT ID="CQGNKHP" PROMPT="Size" DEFAULT="" TYPE="TEXTBOX" DATA="product:amz:prod_home_size" MANDATORY="Y"></ELEMENT>
<ELEMENT ID="CQGNKHQ" PROMPT="Color" DEFAULT="" TYPE="TEXTBOX" DATA="product:amz:prod_home_color" MANDATORY="Y"></ELEMENT>
<ELEMENT ID="CQGNKHR" PROMPT="Scent" DEFAULT="" TYPE="TEXTBOX" DATA="product:amz:prod_home_scent" MANDATORY="Y"></ELEMENT>
<ELEMENT ID="CQGNKHS" PROMPT="Wattage" DEFAULT="" TYPE="NUMBER" DATA="product:amz:prod_home_wattage"></ELEMENT>

</TEMPLATE>