<TEMPLATE ID="amz.jewerly.fashionring" FORMAT="DEFINITION">
<LIST ID="LIST_JEWELRY_FASHIONRING_PARENTAGE" TYPE="TEXT">
<OPT T="parent" V="parent"></OPT>
<OPT T="child" V="child"></OPT>
</LIST>
<LIST ID="LIST_JEWELRY_FASHIONRING_VARIATIONTHEME" TYPE="TEXT">
<OPT T="RingSize" V="RingSize"></OPT>
<OPT T="MetalType" V="MetalType"></OPT>
<OPT T="MetalType-RingSize" V="MetalType-RingSize"></OPT>
</LIST>


<!-- ******* -->
<ELEMENT ID="CQGNLYD" PROMPT="Jewelry:FashionRing" TYPE="HIDDEN" DATA="product:amz:catalog"></ELEMENT>
<ELEMENT ID="CQGNLYE" PROMPT="Fashion Ring Parentage" LIST="LIST_JEWELRY_FASHIONRING_PARENTAGE" TYPE="SELECT" DATA="product:amz:prod_jewelry_fashionring_parentage"></ELEMENT>
<ELEMENT ID="CQGNLYF" PROMPT="Fashion Ring Variation Theme" LIST="LIST_JEWELRY_FASHIONRING_VARIATIONTHEME" TYPE="SELECT" DATA="product:amz:prod_jewelry_fashionring_variationtheme"></ELEMENT>
<ELEMENT ID="CQGNLYG" PROMPT="RingSize" DEFAULT="" TYPE="NUMBER" DATA="product:amz:prod_jewelry_ringsize"></ELEMENT>
<ELEMENT ID="CQGNLYH" PROMPT="Metal Type" DEFAULT="" TYPE="TEXTBOX" DATA="product:amz:prod_jewelry_metaltype" MANDATORY="Y"></ELEMENT>
<ELEMENT ID="CQGNLYI" PROMPT="Material_1" DEFAULT="" TYPE="TEXTBOX" DATA="product:amz:prod_jewelry_material_1" MANDATORY="Y"></ELEMENT>
<ELEMENT ID="CQGNLYJ" PROMPT="Material_2" DEFAULT="" TYPE="TEXTBOX" DATA="product:amz:prod_jewelry_material_2"></ELEMENT>
<ELEMENT ID="CQGNLYK" PROMPT="Material_3" DEFAULT="" TYPE="TEXTBOX" DATA="product:amz:prod_jewelry_material_3"></ELEMENT>
<ELEMENT ID="CQGNLYL" PROMPT="Material_4" DEFAULT="" TYPE="TEXTBOX" DATA="product:amz:prod_jewelry_material_4"></ELEMENT>
<ELEMENT ID="CQGNLYM" PROMPT="Metal Stamp" DEFAULT="" TYPE="TEXTBOX" DATA="product:amz:prod_jewelry_metalstamp" MANDATORY="Y"></ELEMENT>
<ELEMENT ID="CQGNLYN" PROMPT="Setting Type" DEFAULT="" TYPE="TEXTBOX" DATA="product:amz:prod_jewelry_settingtype" MANDATORY="Y"></ELEMENT>
<ELEMENT ID="CQGNLYO" PROMPT="Diameter" DEFAULT="" TYPE="NUMBER" DATA="product:amz:prod_jewelry_diameter"></ELEMENT>
<ELEMENT ID="CQGNLYP" PROMPT="Height" DEFAULT="" TYPE="NUMBER" DATA="product:amz:prod_jewelry_height"></ELEMENT>
<ELEMENT ID="CQGNLYQ" PROMPT="Width" DEFAULT="" TYPE="NUMBER" DATA="product:amz:prod_jewelry_width"></ELEMENT>
<ELEMENT ID="CQGNLYR" PROMPT="Length" DEFAULT="" TYPE="NUMBER" DATA="product:amz:prod_jewelry_length"></ELEMENT>
<ELEMENT ID="CQGNLYS" PROMPT="Estate Period" DEFAULT="" TYPE="TEXTBOX" DATA="product:amz:prod_jewelry_estateperiod" MANDATORY="Y"></ELEMENT>

</TEMPLATE>