<TEMPLATE ID="amz.camera.photopaper" FORMAT="DEFINITION">
<LIST ID="LIST_CAMERA_PHOTOPAPER_PAPERTYPE" TYPE="TEXT">
<OPT T="black-and-white" V="black-and-white"></OPT>
<OPT T="color-negative" V="color-negative"></OPT>
<OPT T="color-reversal" V="color-reversal"></OPT>
<OPT T="ra-chemistry" V="ra-chemistry"></OPT>
<OPT T="other" V="other"></OPT>
</LIST>
<LIST ID="LIST_CAMERA_PHOTOPAPER_PAPERBASE" TYPE="TEXT">
<OPT T="polyester-based" V="polyester-based"></OPT>
<OPT T="fiber-based" V="fiber-based"></OPT>
<OPT T="resin-coated" V="resin-coated"></OPT>
<OPT T="other" V="other"></OPT>
</LIST>
<LIST ID="LIST_CAMERA_PHOTOPAPER_PAPERSURFACE" TYPE="TEXT">
<OPT T="glossy" V="glossy"></OPT>
<OPT T="semi-glossy" V="semi-glossy"></OPT>
<OPT T="matt" V="matt"></OPT>
<OPT T="semi-matt" V="semi-matt"></OPT>
<OPT T="pearl" V="pearl"></OPT>
<OPT T="luster" V="luster"></OPT>
<OPT T="satin" V="satin"></OPT>
<OPT T="other" V="other"></OPT>
</LIST>
<LIST ID="LIST_CAMERA_PHOTOPAPER_PAPERGRADE" TYPE="TEXT">
<OPT T="grade-0" V="grade-0"></OPT>
<OPT T="grade-1" V="grade-1"></OPT>
<OPT T="grade-2" V="grade-2"></OPT>
<OPT T="grade-3" V="grade-3"></OPT>
<OPT T="grade-4" V="grade-4"></OPT>
<OPT T="multigrade" V="multigrade"></OPT>
</LIST>
<LIST ID="LIST_CAMERA_PHOTOPAPER_PAPERSIZE" TYPE="TEXT">
<OPT T="10x10" V="10x10"></OPT>
<OPT T="10x12" V="10x12"></OPT>
<OPT T="10x20" V="10x20"></OPT>
<OPT T="11x14" V="11x14"></OPT>
<OPT T="12x17" V="12x17"></OPT>
<OPT T="16x20" V="16x20"></OPT>
<OPT T="20x24" V="20x24"></OPT>
<OPT T="20x30" V="20x30"></OPT>
<OPT T="24x30" V="24x30"></OPT>
<OPT T="3.5x5" V="3.5x5"></OPT>
<OPT T="30x40" V="30x40"></OPT>
<OPT T="4x5" V="4x5"></OPT>
<OPT T="4x6" V="4x6"></OPT>
<OPT T="5x7" V="5x7"></OPT>
<OPT T="8.5x11" V="8.5x11"></OPT>
<OPT T="8x10" V="8x10"></OPT>
<OPT T="roll" V="roll"></OPT>
<OPT T="other" V="other"></OPT>
</LIST>


<!-- ******* -->
<ELEMENT ID="CQGNKVU" PROMPT="CameraPhoto:PhotoPaper" TYPE="HIDDEN" DATA="product:amz:catalog"></ELEMENT>
<ELEMENT ID="CQGNKVV" PROMPT="Manufacturer" DEFAULT="" TYPE="TEXTBOX" DATA="product:zoovy:prod_mfg" MANDATORY="Y"></ELEMENT>
<ELEMENT ID="CQGNKVW" PROMPT="Model Name" DEFAULT="" TYPE="TEXTBOX" DATA="product:zoovy:prod_mfgmodel" MANDATORY="Y"></ELEMENT>
<ELEMENT ID="CQGNKVX" PROMPT="Model Number" DEFAULT="" TYPE="TEXTBOX" DATA="product:zoovy:prod_mfgmodelid" MANDATORY="Y"></ELEMENT>
<ELEMENT ID="CQGNKVY" PROMPT="Mfr Part Number" DEFAULT="" TYPE="TEXTBOX" DATA="product:zoovy:prod_mfgid" MANDATORY="Y"></ELEMENT>
<ELEMENT ID="CQGNKVZ" PROMPT="Color" DEFAULT="" TYPE="TEXTBOX" DATA="product:zoovy:prod_color" MANDATORY="Y"></ELEMENT>
<ELEMENT ID="CQGNKWA" PROMPT="Items Included" DEFAULT="" TYPE="TEXTBOX" DATA="product:zoovy:prod_included" MANDATORY="Y"></ELEMENT>
<ELEMENT ID="CQGNKWB" PROMPT="Keywords_1" DEFAULT="" TYPE="TEXTBOX" DATA="product:zoovy:keywords_1" MANDATORY="Y"></ELEMENT>
<ELEMENT ID="CQGNKWC" PROMPT="Keywords_2" DEFAULT="" TYPE="TEXTBOX" DATA="product:zoovy:keywords_2"></ELEMENT>
<ELEMENT ID="CQGNKWD" PROMPT="Keywords_3" DEFAULT="" TYPE="TEXTBOX" DATA="product:zoovy:keywords_3"></ELEMENT>
<ELEMENT ID="CQGNKWE" PROMPT="Keywords_4" DEFAULT="" TYPE="TEXTBOX" DATA="product:zoovy:keywords_4"></ELEMENT>
<ELEMENT ID="CQGNKWF" PROMPT="Keywords_5" DEFAULT="" TYPE="TEXTBOX" DATA="product:zoovy:keywords_5"></ELEMENT>
<ELEMENT ID="CQGNKWG" PROMPT="Platinum Keywords_1" DEFAULT="" TYPE="TEXTBOX" DATA="product:amz:platinum_keywords_1" MANDATORY="Y"></ELEMENT>
<ELEMENT ID="CQGNKWH" PROMPT="Platinum Keywords_2" DEFAULT="" TYPE="TEXTBOX" DATA="product:amz:platinum_keywords_2"></ELEMENT>
<ELEMENT ID="CQGNKWI" PROMPT="Platinum Keywords_3" DEFAULT="" TYPE="TEXTBOX" DATA="product:amz:platinum_keywords_3"></ELEMENT>
<ELEMENT ID="CQGNKWJ" PROMPT="Platinum Keywords_4" DEFAULT="" TYPE="TEXTBOX" DATA="product:amz:platinum_keywords_4"></ELEMENT>
<ELEMENT ID="CQGNKWK" PROMPT="Platinum Keywords_5" DEFAULT="" TYPE="TEXTBOX" DATA="product:amz:platinum_keywords_5"></ELEMENT>
<ELEMENT ID="CQGNKWL" PROMPT="Platinum Keywords_6" DEFAULT="" TYPE="TEXTBOX" DATA="product:amz:platinum_keywords_6"></ELEMENT>
<ELEMENT ID="CQGNKWM" PROMPT="Platinum Keywords_7" DEFAULT="" TYPE="TEXTBOX" DATA="product:amz:platinum_keywords_7"></ELEMENT>
<ELEMENT ID="CQGNKWN" PROMPT="Platinum Keywords_8" DEFAULT="" TYPE="TEXTBOX" DATA="product:amz:platinum_keywords_8"></ELEMENT>
<ELEMENT ID="CQGNKWO" PROMPT="Platinum Keywords_9" DEFAULT="" TYPE="TEXTBOX" DATA="product:amz:platinum_keywords_9"></ELEMENT>
<ELEMENT ID="CQGNKWP" PROMPT="Platinum Keywords_10" DEFAULT="" TYPE="TEXTBOX" DATA="product:amz:platinum_keywords_10"></ELEMENT>
<ELEMENT ID="CQGNKWQ" PROMPT="Platinum Keywords_11" DEFAULT="" TYPE="TEXTBOX" DATA="product:amz:platinum_keywords_11"></ELEMENT>
<ELEMENT ID="CQGNKWR" PROMPT="Platinum Keywords_12" DEFAULT="" TYPE="TEXTBOX" DATA="product:amz:platinum_keywords_12"></ELEMENT>
<ELEMENT ID="CQGNKWS" PROMPT="Platinum Keywords_13" DEFAULT="" TYPE="TEXTBOX" DATA="product:amz:platinum_keywords_13"></ELEMENT>
<ELEMENT ID="CQGNKWT" PROMPT="Platinum Keywords_14" DEFAULT="" TYPE="TEXTBOX" DATA="product:amz:platinum_keywords_14"></ELEMENT>
<ELEMENT ID="CQGNKWU" PROMPT="Platinum Keywords_15" DEFAULT="" TYPE="TEXTBOX" DATA="product:amz:platinum_keywords_15"></ELEMENT>
<ELEMENT ID="CQGNKWV" PROMPT="Platinum Keywords_16" DEFAULT="" TYPE="TEXTBOX" DATA="product:amz:platinum_keywords_16"></ELEMENT>
<ELEMENT ID="CQGNKWW" PROMPT="Platinum Keywords_17" DEFAULT="" TYPE="TEXTBOX" DATA="product:amz:platinum_keywords_17"></ELEMENT>
<ELEMENT ID="CQGNKWX" PROMPT="Platinum Keywords_18" DEFAULT="" TYPE="TEXTBOX" DATA="product:amz:platinum_keywords_18"></ELEMENT>
<ELEMENT ID="CQGNKWY" PROMPT="Platinum Keywords_19" DEFAULT="" TYPE="TEXTBOX" DATA="product:amz:platinum_keywords_19"></ELEMENT>
<ELEMENT ID="CQGNKWZ" PROMPT="Platinum Keywords_20" DEFAULT="" TYPE="TEXTBOX" DATA="product:amz:platinum_keywords_20"></ELEMENT>
<ELEMENT ID="CQGNKXA" PROMPT="Photo Paper Paper Type" LIST="LIST_CAMERA_PHOTOPAPER_PAPERTYPE" TYPE="SELECT" DATA="product:amz:prod_camera_photopaper_papertype"></ELEMENT>
<ELEMENT ID="CQGNKXB" PROMPT="Photo Paper Paper Base" LIST="LIST_CAMERA_PHOTOPAPER_PAPERBASE" TYPE="SELECT" DATA="product:amz:prod_camera_photopaper_paperbase"></ELEMENT>
<ELEMENT ID="CQGNKXC" PROMPT="Photo Paper Paper Surface" LIST="LIST_CAMERA_PHOTOPAPER_PAPERSURFACE" TYPE="SELECT" DATA="product:amz:prod_camera_photopaper_papersurface"></ELEMENT>
<ELEMENT ID="CQGNKXD" PROMPT="Photo Paper Paper Grade" LIST="LIST_CAMERA_PHOTOPAPER_PAPERGRADE" TYPE="SELECT" DATA="product:amz:prod_camera_photopaper_papergrade"></ELEMENT>
<ELEMENT ID="CQGNKXE" PROMPT="Photo Paper Paper Size" LIST="LIST_CAMERA_PHOTOPAPER_PAPERSIZE" TYPE="SELECT" DATA="product:amz:prod_camera_photopaper_papersize"></ELEMENT>

</TEMPLATE>