<TEMPLATE ID="amz.camera.projection" FORMAT="DEFINITION">
<LIST ID="LIST_CAMERA_PROJECTION_PROJECTIONTYPE" TYPE="TEXT">
<OPT T="slide-projectors" V="slide-projectors"></OPT>
<OPT T="video-projectors" V="video-projectors"></OPT>
<OPT T="large-format-projectors" V="large-format-projectors"></OPT>
<OPT T="medium-format-projectors" V="medium-format-projectors"></OPT>
<OPT T="multimedia-projectors" V="multimedia-projectors"></OPT>
<OPT T="opaque-projectors" V="opaque-projectors"></OPT>
<OPT T="lightboxes" V="lightboxes"></OPT>
<OPT T="viewers" V="viewers"></OPT>
<OPT T="loupes" V="loupes"></OPT>
</LIST>
<LIST ID="LIST_CAMERA_PROJECTION_LOUPEMAGNIFICATION" TYPE="TEXT">
<OPT T="up-to-4x" V="up-to-4x"></OPT>
<OPT T="5x-9x" V="5x-9x"></OPT>
<OPT T="10x-15x" V="10x-15x"></OPT>
<OPT T="above-15x" V="above-15x"></OPT>
<OPT T="zoom" V="zoom"></OPT>
</LIST>
<LIST ID="LIST_CAMERA_PROJECTION_PROJECTORLENSES" TYPE="TEXT">
<OPT T="35mm" V="35mm"></OPT>
<OPT T="large-format" V="large-format"></OPT>
<OPT T="medium-format" V="medium-format"></OPT>
<OPT T="normal" V="normal"></OPT>
<OPT T="telephoto" V="telephoto"></OPT>
<OPT T="wide-angle" V="wide-angle"></OPT>
<OPT T="zoom" V="zoom"></OPT>
<OPT T="other-projector-lenses" V="other-projector-lenses"></OPT>
</LIST>
<LIST ID="LIST_CAMERA_PROJECTION_PROJECTIONSCREENS" TYPE="TEXT">
<OPT T="fast-fold-screens" V="fast-fold-screens"></OPT>
<OPT T="free-standing-floor-screens" V="free-standing-floor-screens"></OPT>
<OPT T="rear-projection-screens" V="rear-projection-screens"></OPT>
<OPT T="tabletop-screens" V="tabletop-screens"></OPT>
<OPT T="tripod-mounted-screens" V="tripod-mounted-screens"></OPT>
<OPT T="wall-and-ceiling-electric-screens" V="wall-and-ceiling-electric-screens"></OPT>
<OPT T="wall-and-ceiling-screens" V="wall-and-ceiling-screens"></OPT>
<OPT T="other-projection-screens" V="other-projection-screens"></OPT>
</LIST>
<LIST ID="LIST_CAMERA_PROJECTION_AUDIOVISUALPRODUCTACCESSORIES" TYPE="TEXT">
<OPT T="dissolve-and-control-units" V="dissolve-and-control-units"></OPT>
<OPT T="lamps" V="lamps"></OPT>
<OPT T="stands" V="stands"></OPT>
<OPT T="mounting-equipment" V="mounting-equipment"></OPT>
<OPT T="other-accessories" V="other-accessories"></OPT>
<OPT T="projector-trays-general" V="projector-trays-general"></OPT>
<OPT T="35mm-slide-projector-trays" V="35mm-slide-projector-trays"></OPT>
<OPT T="medium-format-slide-projector-trays" V="medium-format-slide-projector-trays"></OPT>
</LIST>


<!-- ******* -->
<ELEMENT ID="CQGNLAH" PROMPT="CameraPhoto:Projection" TYPE="HIDDEN" DATA="product:amz:catalog"></ELEMENT>
<ELEMENT ID="CQGNLAI" PROMPT="Manufacturer" DEFAULT="" TYPE="TEXTBOX" DATA="product:zoovy:prod_mfg" MANDATORY="Y"></ELEMENT>
<ELEMENT ID="CQGNLAJ" PROMPT="Model Name" DEFAULT="" TYPE="TEXTBOX" DATA="product:zoovy:prod_mfgmodel" MANDATORY="Y"></ELEMENT>
<ELEMENT ID="CQGNLAK" PROMPT="Model Number" DEFAULT="" TYPE="TEXTBOX" DATA="product:zoovy:prod_mfgmodelid" MANDATORY="Y"></ELEMENT>
<ELEMENT ID="CQGNLAL" PROMPT="Mfr Part Number" DEFAULT="" TYPE="TEXTBOX" DATA="product:zoovy:prod_mfgid" MANDATORY="Y"></ELEMENT>
<ELEMENT ID="CQGNLAM" PROMPT="Color" DEFAULT="" TYPE="TEXTBOX" DATA="product:zoovy:prod_color" MANDATORY="Y"></ELEMENT>
<ELEMENT ID="CQGNLAN" PROMPT="Items Included" DEFAULT="" TYPE="TEXTBOX" DATA="product:zoovy:prod_included" MANDATORY="Y"></ELEMENT>
<ELEMENT ID="CQGNLAO" PROMPT="Keywords_1" DEFAULT="" TYPE="TEXTBOX" DATA="product:zoovy:keywords_1" MANDATORY="Y"></ELEMENT>
<ELEMENT ID="CQGNLAP" PROMPT="Keywords_2" DEFAULT="" TYPE="TEXTBOX" DATA="product:zoovy:keywords_2"></ELEMENT>
<ELEMENT ID="CQGNLAQ" PROMPT="Keywords_3" DEFAULT="" TYPE="TEXTBOX" DATA="product:zoovy:keywords_3"></ELEMENT>
<ELEMENT ID="CQGNLAR" PROMPT="Keywords_4" DEFAULT="" TYPE="TEXTBOX" DATA="product:zoovy:keywords_4"></ELEMENT>
<ELEMENT ID="CQGNLAS" PROMPT="Keywords_5" DEFAULT="" TYPE="TEXTBOX" DATA="product:zoovy:keywords_5"></ELEMENT>
<ELEMENT ID="CQGNLAT" PROMPT="Platinum Keywords_1" DEFAULT="" TYPE="TEXTBOX" DATA="product:amz:platinum_keywords_1" MANDATORY="Y"></ELEMENT>
<ELEMENT ID="CQGNLAU" PROMPT="Platinum Keywords_2" DEFAULT="" TYPE="TEXTBOX" DATA="product:amz:platinum_keywords_2"></ELEMENT>
<ELEMENT ID="CQGNLAV" PROMPT="Platinum Keywords_3" DEFAULT="" TYPE="TEXTBOX" DATA="product:amz:platinum_keywords_3"></ELEMENT>
<ELEMENT ID="CQGNLAW" PROMPT="Platinum Keywords_4" DEFAULT="" TYPE="TEXTBOX" DATA="product:amz:platinum_keywords_4"></ELEMENT>
<ELEMENT ID="CQGNLAX" PROMPT="Platinum Keywords_5" DEFAULT="" TYPE="TEXTBOX" DATA="product:amz:platinum_keywords_5"></ELEMENT>
<ELEMENT ID="CQGNLAY" PROMPT="Platinum Keywords_6" DEFAULT="" TYPE="TEXTBOX" DATA="product:amz:platinum_keywords_6"></ELEMENT>
<ELEMENT ID="CQGNLAZ" PROMPT="Platinum Keywords_7" DEFAULT="" TYPE="TEXTBOX" DATA="product:amz:platinum_keywords_7"></ELEMENT>
<ELEMENT ID="CQGNLBA" PROMPT="Platinum Keywords_8" DEFAULT="" TYPE="TEXTBOX" DATA="product:amz:platinum_keywords_8"></ELEMENT>
<ELEMENT ID="CQGNLBB" PROMPT="Platinum Keywords_9" DEFAULT="" TYPE="TEXTBOX" DATA="product:amz:platinum_keywords_9"></ELEMENT>
<ELEMENT ID="CQGNLBC" PROMPT="Platinum Keywords_10" DEFAULT="" TYPE="TEXTBOX" DATA="product:amz:platinum_keywords_10"></ELEMENT>
<ELEMENT ID="CQGNLBD" PROMPT="Platinum Keywords_11" DEFAULT="" TYPE="TEXTBOX" DATA="product:amz:platinum_keywords_11"></ELEMENT>
<ELEMENT ID="CQGNLBE" PROMPT="Platinum Keywords_12" DEFAULT="" TYPE="TEXTBOX" DATA="product:amz:platinum_keywords_12"></ELEMENT>
<ELEMENT ID="CQGNLBF" PROMPT="Platinum Keywords_13" DEFAULT="" TYPE="TEXTBOX" DATA="product:amz:platinum_keywords_13"></ELEMENT>
<ELEMENT ID="CQGNLBG" PROMPT="Platinum Keywords_14" DEFAULT="" TYPE="TEXTBOX" DATA="product:amz:platinum_keywords_14"></ELEMENT>
<ELEMENT ID="CQGNLBH" PROMPT="Platinum Keywords_15" DEFAULT="" TYPE="TEXTBOX" DATA="product:amz:platinum_keywords_15"></ELEMENT>
<ELEMENT ID="CQGNLBI" PROMPT="Platinum Keywords_16" DEFAULT="" TYPE="TEXTBOX" DATA="product:amz:platinum_keywords_16"></ELEMENT>
<ELEMENT ID="CQGNLBJ" PROMPT="Platinum Keywords_17" DEFAULT="" TYPE="TEXTBOX" DATA="product:amz:platinum_keywords_17"></ELEMENT>
<ELEMENT ID="CQGNLBK" PROMPT="Platinum Keywords_18" DEFAULT="" TYPE="TEXTBOX" DATA="product:amz:platinum_keywords_18"></ELEMENT>
<ELEMENT ID="CQGNLBL" PROMPT="Platinum Keywords_19" DEFAULT="" TYPE="TEXTBOX" DATA="product:amz:platinum_keywords_19"></ELEMENT>
<ELEMENT ID="CQGNLBM" PROMPT="Platinum Keywords_20" DEFAULT="" TYPE="TEXTBOX" DATA="product:amz:platinum_keywords_20"></ELEMENT>
<ELEMENT ID="CQGNLBN" PROMPT="Projection Projection Type" LIST="LIST_CAMERA_PROJECTION_PROJECTIONTYPE" TYPE="SELECT" DATA="product:amz:prod_camera_projection_projectiontype"></ELEMENT>
<ELEMENT ID="CQGNLBO" PROMPT="Projection Loupe Magnification" LIST="LIST_CAMERA_PROJECTION_LOUPEMAGNIFICATION" TYPE="SELECT" DATA="product:amz:prod_camera_projection_loupemagnification"></ELEMENT>
<ELEMENT ID="CQGNLBP" PROMPT="Projection Projector Lenses" LIST="LIST_CAMERA_PROJECTION_PROJECTORLENSES" TYPE="SELECT" DATA="product:amz:prod_camera_projection_projectorlenses"></ELEMENT>
<ELEMENT ID="CQGNLBQ" PROMPT="Projection Projection Screens" LIST="LIST_CAMERA_PROJECTION_PROJECTIONSCREENS" TYPE="SELECT" DATA="product:amz:prod_camera_projection_projectionscreens"></ELEMENT>
<ELEMENT ID="CQGNLBR" PROMPT="Projection Audio Visual Product Accessories" LIST="LIST_CAMERA_PROJECTION_AUDIOVISUALPRODUCTACCESSORIES" TYPE="SELECT" DATA="product:amz:prod_camera_projection_audiovisualproductaccessories"></ELEMENT>

</TEMPLATE>