<TEMPLATE ID="amz.camera.film" FORMAT="DEFINITION">
<LIST ID="LIST_CAMERA_FILM_FILMCOLOR" TYPE="TEXT">
<OPT T="black-and-white" V="black-and-white"></OPT>
<OPT T="color" V="color"></OPT>
</LIST>
<LIST ID="LIST_CAMERA_FILM_FILMTYPE" TYPE="TEXT">
<OPT T="print" V="print"></OPT>
<OPT T="slide" V="slide"></OPT>
</LIST>
<LIST ID="LIST_CAMERA_FILM_FORMAT" TYPE="TEXT">
<OPT T="35mm" V="35mm"></OPT>
<OPT T="70mm" V="70mm"></OPT>
<OPT T="110" V="110"></OPT>
<OPT T="120" V="120"></OPT>
<OPT T="220" V="220"></OPT>
<OPT T="2x3" V="2x3"></OPT>
<OPT T="4x5" V="4x5"></OPT>
<OPT T="5x7" V="5x7"></OPT>
<OPT T="8x10" V="8x10"></OPT>
<OPT T="11x14" V="11x14"></OPT>
<OPT T="aps" V="aps"></OPT>
<OPT T="micro" V="micro"></OPT>
<OPT T="instant" V="instant"></OPT>
<OPT T="other" V="other"></OPT>
</LIST>
<LIST ID="LIST_CAMERA_FILM_ASA-ISO" TYPE="TEXT">
<OPT T="up-to-99" V="up-to-99"></OPT>
<OPT T="100" V="100"></OPT>
<OPT T="125" V="125"></OPT>
<OPT T="160" V="160"></OPT>
<OPT T="200" V="200"></OPT>
<OPT T="320" V="320"></OPT>
<OPT T="400" V="400"></OPT>
<OPT T="above-401" V="above-401"></OPT>
</LIST>
<LIST ID="LIST_CAMERA_FILM_EXPOSURECOUNT" TYPE="TEXT">
<OPT T="12-exposure" V="12-exposure"></OPT>
<OPT T="24-exposure" V="24-exposure"></OPT>
<OPT T="36-exposure" V="36-exposure"></OPT>
<OPT T="other-exposure-count" V="other-exposure-count"></OPT>
</LIST>
<LIST ID="LIST_CAMERA_FILM_LIGHTINGTYPE" TYPE="TEXT">
<OPT T="daylight" V="daylight"></OPT>
<OPT T="infrared" V="infrared"></OPT>
<OPT T="tungsten" V="tungsten"></OPT>
</LIST>


<!-- ******* -->
<ELEMENT ID="CQGNKOT" PROMPT="CameraPhoto:Film" TYPE="HIDDEN" DATA="product:amz:catalog"></ELEMENT>
<ELEMENT ID="CQGNKOU" PROMPT="Manufacturer" DEFAULT="" TYPE="TEXTBOX" DATA="product:zoovy:prod_mfg" MANDATORY="Y"></ELEMENT>
<ELEMENT ID="CQGNKOV" PROMPT="Model Name" DEFAULT="" TYPE="TEXTBOX" DATA="product:zoovy:prod_mfgmodel" MANDATORY="Y"></ELEMENT>
<ELEMENT ID="CQGNKOW" PROMPT="Model Number" DEFAULT="" TYPE="TEXTBOX" DATA="product:zoovy:prod_mfgmodelid" MANDATORY="Y"></ELEMENT>
<ELEMENT ID="CQGNKOX" PROMPT="Mfr Part Number" DEFAULT="" TYPE="TEXTBOX" DATA="product:zoovy:prod_mfgid" MANDATORY="Y"></ELEMENT>
<ELEMENT ID="CQGNKOY" PROMPT="Color" DEFAULT="" TYPE="TEXTBOX" DATA="product:zoovy:prod_color" MANDATORY="Y"></ELEMENT>
<ELEMENT ID="CQGNKOZ" PROMPT="Items Included" DEFAULT="" TYPE="TEXTBOX" DATA="product:zoovy:prod_included" MANDATORY="Y"></ELEMENT>
<ELEMENT ID="CQGNKPA" PROMPT="Keywords_1" DEFAULT="" TYPE="TEXTBOX" DATA="product:zoovy:keywords_1" MANDATORY="Y"></ELEMENT>
<ELEMENT ID="CQGNKPB" PROMPT="Keywords_2" DEFAULT="" TYPE="TEXTBOX" DATA="product:zoovy:keywords_2"></ELEMENT>
<ELEMENT ID="CQGNKPC" PROMPT="Keywords_3" DEFAULT="" TYPE="TEXTBOX" DATA="product:zoovy:keywords_3"></ELEMENT>
<ELEMENT ID="CQGNKPD" PROMPT="Keywords_4" DEFAULT="" TYPE="TEXTBOX" DATA="product:zoovy:keywords_4"></ELEMENT>
<ELEMENT ID="CQGNKPE" PROMPT="Keywords_5" DEFAULT="" TYPE="TEXTBOX" DATA="product:zoovy:keywords_5"></ELEMENT>
<ELEMENT ID="CQGNKPF" PROMPT="Platinum Keywords_1" DEFAULT="" TYPE="TEXTBOX" DATA="product:amz:platinum_keywords_1" MANDATORY="Y"></ELEMENT>
<ELEMENT ID="CQGNKPG" PROMPT="Platinum Keywords_2" DEFAULT="" TYPE="TEXTBOX" DATA="product:amz:platinum_keywords_2"></ELEMENT>
<ELEMENT ID="CQGNKPH" PROMPT="Platinum Keywords_3" DEFAULT="" TYPE="TEXTBOX" DATA="product:amz:platinum_keywords_3"></ELEMENT>
<ELEMENT ID="CQGNKPI" PROMPT="Platinum Keywords_4" DEFAULT="" TYPE="TEXTBOX" DATA="product:amz:platinum_keywords_4"></ELEMENT>
<ELEMENT ID="CQGNKPJ" PROMPT="Platinum Keywords_5" DEFAULT="" TYPE="TEXTBOX" DATA="product:amz:platinum_keywords_5"></ELEMENT>
<ELEMENT ID="CQGNKPK" PROMPT="Platinum Keywords_6" DEFAULT="" TYPE="TEXTBOX" DATA="product:amz:platinum_keywords_6"></ELEMENT>
<ELEMENT ID="CQGNKPL" PROMPT="Platinum Keywords_7" DEFAULT="" TYPE="TEXTBOX" DATA="product:amz:platinum_keywords_7"></ELEMENT>
<ELEMENT ID="CQGNKPM" PROMPT="Platinum Keywords_8" DEFAULT="" TYPE="TEXTBOX" DATA="product:amz:platinum_keywords_8"></ELEMENT>
<ELEMENT ID="CQGNKPN" PROMPT="Platinum Keywords_9" DEFAULT="" TYPE="TEXTBOX" DATA="product:amz:platinum_keywords_9"></ELEMENT>
<ELEMENT ID="CQGNKPO" PROMPT="Platinum Keywords_10" DEFAULT="" TYPE="TEXTBOX" DATA="product:amz:platinum_keywords_10"></ELEMENT>
<ELEMENT ID="CQGNKPP" PROMPT="Platinum Keywords_11" DEFAULT="" TYPE="TEXTBOX" DATA="product:amz:platinum_keywords_11"></ELEMENT>
<ELEMENT ID="CQGNKPQ" PROMPT="Platinum Keywords_12" DEFAULT="" TYPE="TEXTBOX" DATA="product:amz:platinum_keywords_12"></ELEMENT>
<ELEMENT ID="CQGNKPR" PROMPT="Platinum Keywords_13" DEFAULT="" TYPE="TEXTBOX" DATA="product:amz:platinum_keywords_13"></ELEMENT>
<ELEMENT ID="CQGNKPS" PROMPT="Platinum Keywords_14" DEFAULT="" TYPE="TEXTBOX" DATA="product:amz:platinum_keywords_14"></ELEMENT>
<ELEMENT ID="CQGNKPT" PROMPT="Platinum Keywords_15" DEFAULT="" TYPE="TEXTBOX" DATA="product:amz:platinum_keywords_15"></ELEMENT>
<ELEMENT ID="CQGNKPU" PROMPT="Platinum Keywords_16" DEFAULT="" TYPE="TEXTBOX" DATA="product:amz:platinum_keywords_16"></ELEMENT>
<ELEMENT ID="CQGNKPV" PROMPT="Platinum Keywords_17" DEFAULT="" TYPE="TEXTBOX" DATA="product:amz:platinum_keywords_17"></ELEMENT>
<ELEMENT ID="CQGNKPW" PROMPT="Platinum Keywords_18" DEFAULT="" TYPE="TEXTBOX" DATA="product:amz:platinum_keywords_18"></ELEMENT>
<ELEMENT ID="CQGNKPX" PROMPT="Platinum Keywords_19" DEFAULT="" TYPE="TEXTBOX" DATA="product:amz:platinum_keywords_19"></ELEMENT>
<ELEMENT ID="CQGNKPY" PROMPT="Platinum Keywords_20" DEFAULT="" TYPE="TEXTBOX" DATA="product:amz:platinum_keywords_20"></ELEMENT>
<ELEMENT ID="CQGNKPZ" PROMPT="Film Film Color" LIST="LIST_CAMERA_FILM_FILMCOLOR" TYPE="SELECT" DATA="product:amz:prod_camera_film_filmcolor"></ELEMENT>
<ELEMENT ID="CQGNKQA" PROMPT="Film Film Type" LIST="LIST_CAMERA_FILM_FILMTYPE" TYPE="SELECT" DATA="product:amz:prod_camera_film_filmtype"></ELEMENT>
<ELEMENT ID="CQGNKQB" PROMPT="Film Format" LIST="LIST_CAMERA_FILM_FORMAT" TYPE="SELECT" DATA="product:amz:prod_camera_film_format"></ELEMENT>
<ELEMENT ID="CQGNKQC" PROMPT="Film A S A - I S O" LIST="LIST_CAMERA_FILM_ASA-ISO" TYPE="SELECT" DATA="product:amz:prod_camera_film_asa-iso"></ELEMENT>
<ELEMENT ID="CQGNKQD" PROMPT="Film Exposure Count" LIST="LIST_CAMERA_FILM_EXPOSURECOUNT" TYPE="SELECT" DATA="product:amz:prod_camera_film_exposurecount"></ELEMENT>
<ELEMENT ID="CQGNKQE" PROMPT="Film Lighting Type" LIST="LIST_CAMERA_FILM_LIGHTINGTYPE" TYPE="SELECT" DATA="product:amz:prod_camera_film_lightingtype"></ELEMENT>

</TEMPLATE>