<TEMPLATE ID="amz.musicinst.stringedinstruments" FORMAT="DEFINITION">


<!-- ******* -->
<ELEMENT ID="CQGNMDT" PROMPT="MusicalInstruments:StringedInstruments" TYPE="HIDDEN" DATA="product:amz:catalog"></ELEMENT>
<ELEMENT ID="CQGNMDU" PROMPT="Additional Specifications" DEFAULT="" TYPE="TEXTBOX" DATA="product:amz:prod_musicinst_additionalspecifications" MANDATORY="Y"></ELEMENT>
<ELEMENT ID="CQGNMDV" PROMPT="Color" DEFAULT="" TYPE="TEXTBOX" DATA="product:amz:prod_base_color" MANDATORY="Y"></ELEMENT>
<ELEMENT ID="CQGNMDW" PROMPT="Country Produced In" DEFAULT="" TYPE="TEXTBOX" DATA="product:amz:prod_musicinst_countryproducedin" MANDATORY="Y"></ELEMENT>
<ELEMENT ID="CQGNMDX" PROMPT="Instrument Key" DEFAULT="" TYPE="TEXTBOX" DATA="product:amz:prod_musicinst_instrumentkey" MANDATORY="Y"></ELEMENT>
<ELEMENT ID="CQGNMDY" PROMPT="Instrument Size" DEFAULT="" TYPE="TEXTBOX" DATA="product:amz:prod_musicinst_instrumentsize" MANDATORY="Y"></ELEMENT>
<ELEMENT ID="CQGNMDZ" PROMPT="ItemPackageQuantity" DEFAULT="1" TYPE="NUMBER" DATA="product:amz:prod_musicinst_itempackagequantity"></ELEMENT>
<ELEMENT ID="CQGNMEA" PROMPT="Material Type" DEFAULT="" TYPE="TEXTBOX" DATA="product:amz:prod_musicinst_materialtype" MANDATORY="Y"></ELEMENT>
<ELEMENT ID="CQGNMEB" PROMPT="Model Name" DEFAULT="" TYPE="TEXTBOX" DATA="product:amz:prod_musicinst_modelname" MANDATORY="Y"></ELEMENT>
<ELEMENT ID="CQGNMEC" PROMPT="Model Number" DEFAULT="" TYPE="TEXTBOX" DATA="product:amz:prod_musicinst_modelnumber" MANDATORY="Y"></ELEMENT>
<ELEMENT ID="CQGNMED" PROMPT="Model Year" DEFAULT="" TYPE="TEXTBOX" DATA="product:amz:prod_musicinst_modelyear" MANDATORY="Y"></ELEMENT>
<ELEMENT ID="CQGNMEE" PROMPT="Musical Style" DEFAULT="" TYPE="TEXTBOX" DATA="product:amz:prod_musicinst_musicalstyle" MANDATORY="Y"></ELEMENT>
<ELEMENT ID="CQGNMEF" PROMPT="NumberOfStrings" DEFAULT="" TYPE="NUMBER" DATA="product:amz:prod_musicinst_numberofstrings"></ELEMENT>

</TEMPLATE>