<TEMPLATE ID="amz.home.furnitureanddecor" FORMAT="DEFINITION">
<LIST ID="LIST_BASE_COLORMAP">
<OPT T="black" V="black"></OPT>
<OPT T="blue" V="blue"></OPT>
<OPT T="bronze" V="bronze"></OPT>
<OPT T="brown" V="brown"></OPT>
<OPT T="gold" V="gold"></OPT>
<OPT T="gray" V="gray"></OPT>
<OPT T="green" V="green"></OPT>
<OPT T="metallic" V="metallic"></OPT>
<OPT T="off-white" V="off-white"></OPT>
<OPT T="orange" V="orange"></OPT>
<OPT T="pink" V="pink"></OPT>
<OPT T="purple" V="purple"></OPT>
<OPT T="red" V="red"></OPT>
<OPT T="silver" V="silver"></OPT>
<OPT T="white" V="white"></OPT>
<OPT T="yellow" V="yellow"></OPT>
</LIST>
<LIST ID="LIST_HOME_FURNITUREANDDECOR_VARIATIONTHEME" TYPE="TEXT">
<OPT T="Size" V="Size"></OPT>
<OPT T="Color" V="Color"></OPT>
<OPT T="Scent" V="Scent"></OPT>
<OPT T="Size-Color" V="Size-Color"></OPT>
<OPT T="Size-Scent" V="Size-Scent"></OPT>
</LIST>


<!-- ******* -->
<ELEMENT ID="CQGNKCQ" PROMPT="Home:FurnitureAndDecor" TYPE="HIDDEN" DATA="product:amz:catalog"></ELEMENT>
<ELEMENT ID="CQGNKCR" PROMPT="Home Parentage" LIST="LIST_HOME_PARENTAGE" TYPE="SELECT" DATA="product:amz:prod_home_home_parentage"></ELEMENT>
<ELEMENT ID="CQGNKCS" PROMPT="Country Produced In" DEFAULT="" TYPE="TEXTBOX" DATA="product:amz:prod_home_countryproducedin" MANDATORY="Y"></ELEMENT>
<ELEMENT ID="CQGNKCT" PROMPT="DisplayLength" DEFAULT="" TYPE="NUMBER" DATA="product:amz:prod_home_displaylength"></ELEMENT>
<ELEMENT ID="CQGNKCU" PROMPT="DisplayWidth" DEFAULT="" TYPE="NUMBER" DATA="product:amz:prod_home_displaywidth"></ELEMENT>
<ELEMENT ID="CQGNKCV" PROMPT="DisplayHeight" DEFAULT="" TYPE="NUMBER" DATA="product:amz:prod_home_displayheight"></ELEMENT>
<ELEMENT ID="CQGNKCW" PROMPT="DisplayDepth" DEFAULT="" TYPE="NUMBER" DATA="product:amz:prod_home_displaydepth"></ELEMENT>
<ELEMENT ID="CQGNKCX" PROMPT="DisplayDiameter" DEFAULT="" TYPE="NUMBER" DATA="product:amz:prod_home_displaydiameter"></ELEMENT>
<ELEMENT ID="CQGNKCY" PROMPT="DisplayWeight" DEFAULT="" TYPE="NUMBER" DATA="product:amz:prod_home_displayweight"></ELEMENT>
<ELEMENT ID="CQGNKCZ" PROMPT="ItemPackageQuantity" DEFAULT="1" TYPE="NUMBER" DATA="product:amz:prod_home_itempackagequantity"></ELEMENT>
<ELEMENT ID="CQGNKDA" PROMPT="Home Manufacturer Warranty Description" LIST="LIST_HOME_MANUFACTURERWARRANTYDESCRIPTION" TYPE="SELECT" DATA="product:amz:prod_home_home_manufacturerwarrantydescription"></ELEMENT>
<ELEMENT ID="CQGNKDB" PROMPT="Volume Capacity" DEFAULT="" TYPE="TEXTBOX" DATA="product:amz:prod_home_volumecapacity" MANDATORY="Y"></ELEMENT>
<ELEMENT ID="CQGNKDC" PROMPT="Color Map" LIST="LIST_BASE_COLORMAP" TYPE="SELECT" DATA="product:amz:prod_base_colormap"></ELEMENT>
<ELEMENT ID="CQGNKDD" PROMPT="Is Stain Resistant" TYPE="CHECKBOX" DATA="product:amz:prod_home_isstainresistant"></ELEMENT>
<ELEMENT ID="CQGNKDE" PROMPT="Material" DEFAULT="" TYPE="TEXTBOX" DATA="product:amz:prod_home_material" MANDATORY="Y"></ELEMENT>
<ELEMENT ID="CQGNKDF" PROMPT="NumberOfSets" DEFAULT="" TYPE="NUMBER" DATA="product:amz:prod_home_numberofsets"></ELEMENT>
<ELEMENT ID="CQGNKDG" PROMPT="ThreadCount" DEFAULT="" TYPE="NUMBER" DATA="product:amz:prod_home_threadcount"></ELEMENT>
<ELEMENT ID="CQGNKDH" PROMPT="Furniture And Decor Variation Theme" LIST="LIST_HOME_FURNITUREANDDECOR_VARIATIONTHEME" TYPE="SELECT" DATA="product:amz:prod_home_furnitureanddecor_variationtheme"></ELEMENT>
<ELEMENT ID="CQGNKDI" PROMPT="Size" DEFAULT="" TYPE="TEXTBOX" DATA="product:amz:prod_home_size" MANDATORY="Y"></ELEMENT>
<ELEMENT ID="CQGNKDJ" PROMPT="Color" DEFAULT="" TYPE="TEXTBOX" DATA="product:amz:prod_home_color" MANDATORY="Y"></ELEMENT>
<ELEMENT ID="CQGNKDK" PROMPT="Scent" DEFAULT="" TYPE="TEXTBOX" DATA="product:amz:prod_home_scent" MANDATORY="Y"></ELEMENT>
<ELEMENT ID="CQGNKDL" PROMPT="Wattage" DEFAULT="" TYPE="NUMBER" DATA="product:amz:prod_home_wattage"></ELEMENT>

</TEMPLATE>