<TEMPLATE ID="amz.camera.darkroom" FORMAT="DEFINITION">
<LIST ID="LIST_CAMERA_DARKROOM_CHEMICALS" TYPE="TEXT">
<OPT T="black-and-white-film-developer" V="black-and-white-film-developer"></OPT>
<OPT T="black-and-white-fixer" V="black-and-white-fixer"></OPT>
<OPT T="black-and-white-paper-developer" V="black-and-white-paper-developer"></OPT>
<OPT T="black-and-white-stop-baths" V="black-and-white-stop-baths"></OPT>
<OPT T="color-negative-film-chemicals" V="color-negative-film-chemicals"></OPT>
<OPT T="color-slide-film-chemicals" V="color-slide-film-chemicals"></OPT>
<OPT T="chemicals-for-prints-from-color-negatives" V="chemicals-for-prints-from-color-negatives"></OPT>
<OPT T="chemicals-for-prints-from-color-slides" V="chemicals-for-prints-from-color-slides"></OPT>
<OPT T="processing-aids" V="processing-aids"></OPT>
<OPT T="retouching-chemicals" V="retouching-chemicals"></OPT>
<OPT T="wash-aids" V="wash-aids"></OPT>
<OPT T="alternative-chemicals" V="alternative-chemicals"></OPT>
<OPT T="other-chemicals" V="other-chemicals"></OPT>
</LIST>
<LIST ID="LIST_CAMERA_DARKROOM_ENLARGERS" TYPE="TEXT">
<OPT T="enlargers-general" V="enlargers-general"></OPT>
<OPT T="black-and-white-enlargers" V="black-and-white-enlargers"></OPT>
<OPT T="color-enlargers" V="color-enlargers"></OPT>
<OPT T="variable-contrast-enlargers" V="variable-contrast-enlargers"></OPT>
</LIST>
<LIST ID="LIST_CAMERA_DARKROOM_EASELS" TYPE="TEXT">
<OPT T="easels-general" V="easels-general"></OPT>
<OPT T="adjustable-easels" V="adjustable-easels"></OPT>
<OPT T="fixed-size-easels" V="fixed-size-easels"></OPT>
<OPT T="borderless-easels" V="borderless-easels"></OPT>
<OPT T="contact-printers" V="contact-printers"></OPT>
<OPT T="other-easels" V="other-easels"></OPT>
</LIST>
<LIST ID="LIST_CAMERA_DARKROOM_ENLARGINGHEADANDACCESSORIES" TYPE="TEXT">
<OPT T="enlarging-heads-general" V="enlarging-heads-general"></OPT>
<OPT T="black-and-white-condenser-heads" V="black-and-white-condenser-heads"></OPT>
<OPT T="color-dichronic-heads" V="color-dichronic-heads"></OPT>
<OPT T="variable-contrast-diffusion-heads" V="variable-contrast-diffusion-heads"></OPT>
<OPT T="cold-light-heads" V="cold-light-heads"></OPT>
<OPT T="enlarging-head-accessories" V="enlarging-head-accessories"></OPT>
</LIST>
<LIST ID="LIST_CAMERA_DARKROOM_OTHERENLARGERACCESSORIES" TYPE="TEXT">
<OPT T="enlarger-lamps" V="enlarger-lamps"></OPT>
<OPT T="enlarging-lens-accessories" V="enlarging-lens-accessories"></OPT>
<OPT T="focusing-aids" V="focusing-aids"></OPT>
<OPT T="lens-boards" V="lens-boards"></OPT>
<OPT T="general-negative-carriers" V="general-negative-carriers"></OPT>
<OPT T="below-35mm-negative-carriers" V="below-35mm-negative-carriers"></OPT>
<OPT T="35mm-negative-carriers" V="35mm-negative-carriers"></OPT>
<OPT T="medium-format-negative-carriers" V="medium-format-negative-carriers"></OPT>
<OPT T="large-format-negative-carriers" V="large-format-negative-carriers"></OPT>
<OPT T="other-format-negative-carriers" V="other-format-negative-carriers"></OPT>
<OPT T="printing-filters" V="printing-filters"></OPT>
<OPT T="timers" V="timers"></OPT>
<OPT T="other-enlarger-accessories" V="other-enlarger-accessories"></OPT>
</LIST>
<LIST ID="LIST_CAMERA_DARKROOM_ANALYZERSANDEXPOSUREMETERS" TYPE="TEXT">
<OPT T="analyzers-and-accessories" V="analyzers-and-accessories"></OPT>
<OPT T="darkroom-exposure-meters" V="darkroom-exposure-meters"></OPT>
<OPT T="densitometers-and-accessories" V="densitometers-and-accessories"></OPT>
<OPT T="grey-cards-and-exposure-guides" V="grey-cards-and-exposure-guides"></OPT>
</LIST>
<LIST ID="LIST_CAMERA_DARKROOM_SAFELIGHTSANDACCESSORIES" TYPE="TEXT">
<OPT T="black-and-white-safelights" V="black-and-white-safelights"></OPT>
<OPT T="color-safelights" V="color-safelights"></OPT>
<OPT T="safelight-filters" V="safelight-filters"></OPT>
<OPT T="other-safelight-accessories" V="other-safelight-accessories"></OPT>
</LIST>
<LIST ID="LIST_CAMERA_DARKROOM_AIRREGULATORS" TYPE="TEXT">
<OPT T="air-cleaners" V="air-cleaners"></OPT>
<OPT T="fans" V="fans"></OPT>
<OPT T="louvers" V="louvers"></OPT>
</LIST>
<LIST ID="LIST_CAMERA_DARKROOM_WATERCONTROLSANDFILTERS" TYPE="TEXT">
<OPT T="flowmeters" V="flowmeters"></OPT>
<OPT T="thermometers" V="thermometers"></OPT>
<OPT T="temperature-regulators" V="temperature-regulators"></OPT>
<OPT T="tempered-water-heaters" V="tempered-water-heaters"></OPT>
<OPT T="water-panels" V="water-panels"></OPT>
<OPT T="water-control-accessories" V="water-control-accessories"></OPT>
<OPT T="water-filters" V="water-filters"></OPT>
</LIST>
<LIST ID="LIST_CAMERA_DARKROOM_SINKSANDACCESSORIES" TYPE="TEXT">
<OPT T="sinks-general" V="sinks-general"></OPT>
<OPT T="plastic-sinks" V="plastic-sinks"></OPT>
<OPT T="fiberglass-sinks" V="fiberglass-sinks"></OPT>
<OPT T="stainless-steel-sinks" V="stainless-steel-sinks"></OPT>
<OPT T="sink-accessories" V="sink-accessories"></OPT>
</LIST>
<LIST ID="LIST_CAMERA_DARKROOM_MIXINGEQUIPMENT" TYPE="TEXT">
<OPT T="funnels" V="funnels"></OPT>
<OPT T="graduates" V="graduates"></OPT>
<OPT T="stirring-devices" V="stirring-devices"></OPT>
</LIST>
<LIST ID="LIST_CAMERA_DARKROOM_GENERALDEVELOPINGANDPROCESSINGSUPPLIES" TYPE="TEXT">
<OPT T="aprons" V="aprons"></OPT>
<OPT T="blotter-books" V="blotter-books"></OPT>
<OPT T="changing-bags" V="changing-bags"></OPT>
<OPT T="control-strips" V="control-strips"></OPT>
<OPT T="darkroom-pens" V="darkroom-pens"></OPT>
<OPT T="darkroom-pencils" V="darkroom-pencils"></OPT>
<OPT T="darkroom-tapes" V="darkroom-tapes"></OPT>
<OPT T="gloves" V="gloves"></OPT>
<OPT T="paper-safes" V="paper-safes"></OPT>
<OPT T="scales" V="scales"></OPT>
<OPT T="storage-bottles-and-tanks" V="storage-bottles-and-tanks"></OPT>
<OPT T="tray-siphons" V="tray-siphons"></OPT>
</LIST>
<LIST ID="LIST_CAMERA_DARKROOM_FILMPROCESSINGSUPPLIES" TYPE="TEXT">
<OPT T="film-dryers" V="film-dryers"></OPT>
<OPT T="film-reels" V="film-reels"></OPT>
<OPT T="tanks" V="tanks"></OPT>
<OPT T="film-washers" V="film-washers"></OPT>
<OPT T="developing-racks" V="developing-racks"></OPT>
<OPT T="film-hangers" V="film-hangers"></OPT>
<OPT T="film-squeegees" V="film-squeegees"></OPT>
<OPT T="film-cleaning-brushes-and-cloths" V="film-cleaning-brushes-and-cloths"></OPT>
<OPT T="film-cleaning-solutions" V="film-cleaning-solutions"></OPT>
<OPT T="other-film-processing-accessories" V="other-film-processing-accessories"></OPT>
</LIST>
<LIST ID="LIST_CAMERA_DARKROOM_PAPERPROCESSINGSUPPLIES" TYPE="TEXT">
<OPT T="print-drums" V="print-drums"></OPT>
<OPT T="print-dryers" V="print-dryers"></OPT>
<OPT T="roller-bases" V="roller-bases"></OPT>
<OPT T="vertical-slot-processors" V="vertical-slot-processors"></OPT>
<OPT T="washers" V="washers"></OPT>
<OPT T="trays-general" V="trays-general"></OPT>
<OPT T="5x7-trays" V="5x7-trays"></OPT>
<OPT T="8x10-trays" V="8x10-trays"></OPT>
<OPT T="11x14-trays" V="11x14-trays"></OPT>
<OPT T="12x16-trays" V="12x16-trays"></OPT>
<OPT T="16x20-trays" V="16x20-trays"></OPT>
<OPT T="20x24-trays" V="20x24-trays"></OPT>
<OPT T="30x40-trays" V="30x40-trays"></OPT>
<OPT T="other-paper-processing-accessories" V="other-paper-processing-accessories"></OPT>
</LIST>
<LIST ID="LIST_CAMERA_DARKROOM_TABLETOPPROCESSINGSUPPLIES" TYPE="TEXT">
<OPT T="film-drums" V="film-drums"></OPT>
<OPT T="paper-drums" V="paper-drums"></OPT>
<OPT T="processors" V="processors"></OPT>
<OPT T="reels" V="reels"></OPT>
<OPT T="wash-dry-modules" V="wash-dry-modules"></OPT>
<OPT T="other-tabletop-processing-accessories" V="other-tabletop-processing-accessories"></OPT>
</LIST>


<!-- ******* -->
<ELEMENT ID="CQGNJUV" PROMPT="CameraPhoto:Darkroom" TYPE="HIDDEN" DATA="product:amz:catalog"></ELEMENT>
<ELEMENT ID="CQGNJUW" PROMPT="Manufacturer" DEFAULT="" TYPE="TEXTBOX" DATA="product:zoovy:prod_mfg" MANDATORY="Y"></ELEMENT>
<ELEMENT ID="CQGNJUX" PROMPT="Model Name" DEFAULT="" TYPE="TEXTBOX" DATA="product:zoovy:prod_mfgmodel" MANDATORY="Y"></ELEMENT>
<ELEMENT ID="CQGNJUY" PROMPT="Model Number" DEFAULT="" TYPE="TEXTBOX" DATA="product:zoovy:prod_mfgmodelid" MANDATORY="Y"></ELEMENT>
<ELEMENT ID="CQGNJUZ" PROMPT="Mfr Part Number" DEFAULT="" TYPE="TEXTBOX" DATA="product:zoovy:prod_mfgid" MANDATORY="Y"></ELEMENT>
<ELEMENT ID="CQGNJVA" PROMPT="Color" DEFAULT="" TYPE="TEXTBOX" DATA="product:zoovy:prod_color" MANDATORY="Y"></ELEMENT>
<ELEMENT ID="CQGNJVB" PROMPT="Items Included" DEFAULT="" TYPE="TEXTBOX" DATA="product:zoovy:prod_included" MANDATORY="Y"></ELEMENT>
<ELEMENT ID="CQGNJVC" PROMPT="Keywords_1" DEFAULT="" TYPE="TEXTBOX" DATA="product:zoovy:keywords_1" MANDATORY="Y"></ELEMENT>
<ELEMENT ID="CQGNJVD" PROMPT="Keywords_2" DEFAULT="" TYPE="TEXTBOX" DATA="product:zoovy:keywords_2"></ELEMENT>
<ELEMENT ID="CQGNJVE" PROMPT="Keywords_3" DEFAULT="" TYPE="TEXTBOX" DATA="product:zoovy:keywords_3"></ELEMENT>
<ELEMENT ID="CQGNJVF" PROMPT="Keywords_4" DEFAULT="" TYPE="TEXTBOX" DATA="product:zoovy:keywords_4"></ELEMENT>
<ELEMENT ID="CQGNJVG" PROMPT="Keywords_5" DEFAULT="" TYPE="TEXTBOX" DATA="product:zoovy:keywords_5"></ELEMENT>
<ELEMENT ID="CQGNJVH" PROMPT="Platinum Keywords_1" DEFAULT="" TYPE="TEXTBOX" DATA="product:amz:platinum_keywords_1" MANDATORY="Y"></ELEMENT>
<ELEMENT ID="CQGNJVI" PROMPT="Platinum Keywords_2" DEFAULT="" TYPE="TEXTBOX" DATA="product:amz:platinum_keywords_2"></ELEMENT>
<ELEMENT ID="CQGNJVJ" PROMPT="Platinum Keywords_3" DEFAULT="" TYPE="TEXTBOX" DATA="product:amz:platinum_keywords_3"></ELEMENT>
<ELEMENT ID="CQGNJVK" PROMPT="Platinum Keywords_4" DEFAULT="" TYPE="TEXTBOX" DATA="product:amz:platinum_keywords_4"></ELEMENT>
<ELEMENT ID="CQGNJVL" PROMPT="Platinum Keywords_5" DEFAULT="" TYPE="TEXTBOX" DATA="product:amz:platinum_keywords_5"></ELEMENT>
<ELEMENT ID="CQGNJVM" PROMPT="Platinum Keywords_6" DEFAULT="" TYPE="TEXTBOX" DATA="product:amz:platinum_keywords_6"></ELEMENT>
<ELEMENT ID="CQGNJVN" PROMPT="Platinum Keywords_7" DEFAULT="" TYPE="TEXTBOX" DATA="product:amz:platinum_keywords_7"></ELEMENT>
<ELEMENT ID="CQGNJVO" PROMPT="Platinum Keywords_8" DEFAULT="" TYPE="TEXTBOX" DATA="product:amz:platinum_keywords_8"></ELEMENT>
<ELEMENT ID="CQGNJVP" PROMPT="Platinum Keywords_9" DEFAULT="" TYPE="TEXTBOX" DATA="product:amz:platinum_keywords_9"></ELEMENT>
<ELEMENT ID="CQGNJVQ" PROMPT="Platinum Keywords_10" DEFAULT="" TYPE="TEXTBOX" DATA="product:amz:platinum_keywords_10"></ELEMENT>
<ELEMENT ID="CQGNJVR" PROMPT="Platinum Keywords_11" DEFAULT="" TYPE="TEXTBOX" DATA="product:amz:platinum_keywords_11"></ELEMENT>
<ELEMENT ID="CQGNJVS" PROMPT="Platinum Keywords_12" DEFAULT="" TYPE="TEXTBOX" DATA="product:amz:platinum_keywords_12"></ELEMENT>
<ELEMENT ID="CQGNJVT" PROMPT="Platinum Keywords_13" DEFAULT="" TYPE="TEXTBOX" DATA="product:amz:platinum_keywords_13"></ELEMENT>
<ELEMENT ID="CQGNJVU" PROMPT="Platinum Keywords_14" DEFAULT="" TYPE="TEXTBOX" DATA="product:amz:platinum_keywords_14"></ELEMENT>
<ELEMENT ID="CQGNJVV" PROMPT="Platinum Keywords_15" DEFAULT="" TYPE="TEXTBOX" DATA="product:amz:platinum_keywords_15"></ELEMENT>
<ELEMENT ID="CQGNJVW" PROMPT="Platinum Keywords_16" DEFAULT="" TYPE="TEXTBOX" DATA="product:amz:platinum_keywords_16"></ELEMENT>
<ELEMENT ID="CQGNJVX" PROMPT="Platinum Keywords_17" DEFAULT="" TYPE="TEXTBOX" DATA="product:amz:platinum_keywords_17"></ELEMENT>
<ELEMENT ID="CQGNJVY" PROMPT="Platinum Keywords_18" DEFAULT="" TYPE="TEXTBOX" DATA="product:amz:platinum_keywords_18"></ELEMENT>
<ELEMENT ID="CQGNJVZ" PROMPT="Platinum Keywords_19" DEFAULT="" TYPE="TEXTBOX" DATA="product:amz:platinum_keywords_19"></ELEMENT>
<ELEMENT ID="CQGNJWA" PROMPT="Platinum Keywords_20" DEFAULT="" TYPE="TEXTBOX" DATA="product:amz:platinum_keywords_20"></ELEMENT>
<ELEMENT ID="CQGNJWB" PROMPT="Darkroom Chemicals" LIST="LIST_CAMERA_DARKROOM_CHEMICALS" TYPE="SELECT" DATA="product:amz:prod_camera_darkroom_chemicals"></ELEMENT>
<ELEMENT ID="CQGNJWC" PROMPT="Darkroom Enlargers" LIST="LIST_CAMERA_DARKROOM_ENLARGERS" TYPE="SELECT" DATA="product:amz:prod_camera_darkroom_enlargers"></ELEMENT>
<ELEMENT ID="CQGNJWD" PROMPT="Darkroom Easels" LIST="LIST_CAMERA_DARKROOM_EASELS" TYPE="SELECT" DATA="product:amz:prod_camera_darkroom_easels"></ELEMENT>
<ELEMENT ID="CQGNJWE" PROMPT="Darkroom Enlarging Head And Accessories" LIST="LIST_CAMERA_DARKROOM_ENLARGINGHEADANDACCESSORIES" TYPE="SELECT" DATA="product:amz:prod_camera_darkroom_enlargingheadandaccessories"></ELEMENT>
<ELEMENT ID="CQGNJWF" PROMPT="Darkroom Other Enlarger Accessories" LIST="LIST_CAMERA_DARKROOM_OTHERENLARGERACCESSORIES" TYPE="SELECT" DATA="product:amz:prod_camera_darkroom_otherenlargeraccessories"></ELEMENT>
<ELEMENT ID="CQGNJWG" PROMPT="Darkroom Analyzers And Exposure Meters" LIST="LIST_CAMERA_DARKROOM_ANALYZERSANDEXPOSUREMETERS" TYPE="SELECT" DATA="product:amz:prod_camera_darkroom_analyzersandexposuremeters"></ELEMENT>
<ELEMENT ID="CQGNJWH" PROMPT="Darkroom Safelights And Accessories" LIST="LIST_CAMERA_DARKROOM_SAFELIGHTSANDACCESSORIES" TYPE="SELECT" DATA="product:amz:prod_camera_darkroom_safelightsandaccessories"></ELEMENT>
<ELEMENT ID="CQGNJWI" PROMPT="Darkroom Air Regulators" LIST="LIST_CAMERA_DARKROOM_AIRREGULATORS" TYPE="SELECT" DATA="product:amz:prod_camera_darkroom_airregulators"></ELEMENT>
<ELEMENT ID="CQGNJWJ" PROMPT="Darkroom Water Controls And Filters" LIST="LIST_CAMERA_DARKROOM_WATERCONTROLSANDFILTERS" TYPE="SELECT" DATA="product:amz:prod_camera_darkroom_watercontrolsandfilters"></ELEMENT>
<ELEMENT ID="CQGNJWK" PROMPT="Darkroom Sinks And Accessories" LIST="LIST_CAMERA_DARKROOM_SINKSANDACCESSORIES" TYPE="SELECT" DATA="product:amz:prod_camera_darkroom_sinksandaccessories"></ELEMENT>
<ELEMENT ID="CQGNJWL" PROMPT="Darkroom Mixing Equipment" LIST="LIST_CAMERA_DARKROOM_MIXINGEQUIPMENT" TYPE="SELECT" DATA="product:amz:prod_camera_darkroom_mixingequipment"></ELEMENT>
<ELEMENT ID="CQGNJWM" PROMPT="Darkroom General Developing And Processing Supplies" LIST="LIST_CAMERA_DARKROOM_GENERALDEVELOPINGANDPROCESSINGSUPPLIES" TYPE="SELECT" DATA="product:amz:prod_camera_darkroom_generaldevelopingandprocessingsupplies"></ELEMENT>
<ELEMENT ID="CQGNJWN" PROMPT="Darkroom Film Processing Supplies" LIST="LIST_CAMERA_DARKROOM_FILMPROCESSINGSUPPLIES" TYPE="SELECT" DATA="product:amz:prod_camera_darkroom_filmprocessingsupplies"></ELEMENT>
<ELEMENT ID="CQGNJWO" PROMPT="Darkroom Paper Processing Supplies" LIST="LIST_CAMERA_DARKROOM_PAPERPROCESSINGSUPPLIES" TYPE="SELECT" DATA="product:amz:prod_camera_darkroom_paperprocessingsupplies"></ELEMENT>
<ELEMENT ID="CQGNJWP" PROMPT="Darkroom Tabletop Processing Supplies" LIST="LIST_CAMERA_DARKROOM_TABLETOPPROCESSINGSUPPLIES" TYPE="SELECT" DATA="product:amz:prod_camera_darkroom_tabletopprocessingsupplies"></ELEMENT>

</TEMPLATE>