<TEMPLATE ID="amz.camera.bagcase" FORMAT="DEFINITION">
<LIST ID="LIST_CAMERA_BAGCASE_BAGCASETYPE" TYPE="TEXT">
<OPT T="binocular-cases" V="binocular-cases"></OPT>
<OPT T="camcorder-cases" V="camcorder-cases"></OPT>
<OPT T="camera-cases" V="camera-cases"></OPT>
<OPT T="combination-cases" V="combination-cases"></OPT>
<OPT T="electronic-equipment-cases" V="electronic-equipment-cases"></OPT>
<OPT T="filter-cases" V="filter-cases"></OPT>
<OPT T="lens-cases" V="lens-cases"></OPT>
<OPT T="lighting-cases" V="lighting-cases"></OPT>
<OPT T="projection-cases" V="projection-cases"></OPT>
<OPT T="scope-cases" V="scope-cases"></OPT>
<OPT T="stand-cases" V="stand-cases"></OPT>
<OPT T="system-cases" V="system-cases"></OPT>
<OPT T="telescope-cases" V="telescope-cases"></OPT>
<OPT T="tripod-cases" V="tripod-cases"></OPT>
<OPT T="light-meter-cases" V="light-meter-cases"></OPT>
<OPT T="other-purpose-cases" V="other-purpose-cases"></OPT>
</LIST>
<LIST ID="LIST_CAMERA_BAGCASE_STYLE" TYPE="TEXT">
<OPT T="backpacks" V="backpacks"></OPT>
<OPT T="beltpacks" V="beltpacks"></OPT>
<OPT T="briefcases" V="briefcases"></OPT>
<OPT T="holster-style-cases" V="holster-style-cases"></OPT>
<OPT T="portfolios" V="portfolios"></OPT>
<OPT T="print-cases" V="print-cases"></OPT>
<OPT T="roller-cases" V="roller-cases"></OPT>
<OPT T="vests" V="vests"></OPT>
<OPT T="wraps" V="wraps"></OPT>
<OPT T="waist-style-cases" V="waist-style-cases"></OPT>
<OPT T="compact-cases" V="compact-cases"></OPT>
<OPT T="pouches" V="pouches"></OPT>
</LIST>
<LIST ID="LIST_CAMERA_BAGCASE_MATERIALTYPE" TYPE="TEXT">
<OPT T="hard" V="hard"></OPT>
<OPT T="soft" V="soft"></OPT>
<OPT T="air" V="air"></OPT>
<OPT T="plastic" V="plastic"></OPT>
<OPT T="metal" V="metal"></OPT>
<OPT T="cloth" V="cloth"></OPT>
</LIST>
<LIST ID="LIST_CAMERA_BAGCASE_FEATURES" TYPE="TEXT">
<OPT T="x-ray-protection" V="x-ray-protection"></OPT>
<OPT T="weatherproof" V="weatherproof"></OPT>
</LIST>
<LIST ID="LIST_CAMERA_BAGCASE_SPECIFICUSES" TYPE="TEXT">
<OPT T="travel" V="travel"></OPT>
<OPT T="hiking-and-outdoors" V="hiking-and-outdoors"></OPT>
<OPT T="hunting-and-shooting" V="hunting-and-shooting"></OPT>
<OPT T="sports" V="sports"></OPT>
</LIST>


<!-- ******* -->
<ELEMENT ID="CQGNJXX" PROMPT="CameraPhoto:BagCase" TYPE="HIDDEN" DATA="product:amz:catalog"></ELEMENT>
<ELEMENT ID="CQGNJXY" PROMPT="Manufacturer" DEFAULT="" TYPE="TEXTBOX" DATA="product:zoovy:prod_mfg" MANDATORY="Y"></ELEMENT>
<ELEMENT ID="CQGNJXZ" PROMPT="Model Name" DEFAULT="" TYPE="TEXTBOX" DATA="product:zoovy:prod_mfgmodel" MANDATORY="Y"></ELEMENT>
<ELEMENT ID="CQGNJYA" PROMPT="Model Number" DEFAULT="" TYPE="TEXTBOX" DATA="product:zoovy:prod_mfgmodelid" MANDATORY="Y"></ELEMENT>
<ELEMENT ID="CQGNJYB" PROMPT="Mfr Part Number" DEFAULT="" TYPE="TEXTBOX" DATA="product:zoovy:prod_mfgid" MANDATORY="Y"></ELEMENT>
<ELEMENT ID="CQGNJYC" PROMPT="Color" DEFAULT="" TYPE="TEXTBOX" DATA="product:zoovy:prod_color" MANDATORY="Y"></ELEMENT>
<ELEMENT ID="CQGNJYD" PROMPT="Items Included" DEFAULT="" TYPE="TEXTBOX" DATA="product:zoovy:prod_included" MANDATORY="Y"></ELEMENT>
<ELEMENT ID="CQGNJYE" PROMPT="Keywords_1" DEFAULT="" TYPE="TEXTBOX" DATA="product:zoovy:keywords_1" MANDATORY="Y"></ELEMENT>
<ELEMENT ID="CQGNJYF" PROMPT="Keywords_2" DEFAULT="" TYPE="TEXTBOX" DATA="product:zoovy:keywords_2"></ELEMENT>
<ELEMENT ID="CQGNJYG" PROMPT="Keywords_3" DEFAULT="" TYPE="TEXTBOX" DATA="product:zoovy:keywords_3"></ELEMENT>
<ELEMENT ID="CQGNJYH" PROMPT="Keywords_4" DEFAULT="" TYPE="TEXTBOX" DATA="product:zoovy:keywords_4"></ELEMENT>
<ELEMENT ID="CQGNJYI" PROMPT="Keywords_5" DEFAULT="" TYPE="TEXTBOX" DATA="product:zoovy:keywords_5"></ELEMENT>
<ELEMENT ID="CQGNJYJ" PROMPT="Platinum Keywords_1" DEFAULT="" TYPE="TEXTBOX" DATA="product:amz:platinum_keywords_1" MANDATORY="Y"></ELEMENT>
<ELEMENT ID="CQGNJYK" PROMPT="Platinum Keywords_2" DEFAULT="" TYPE="TEXTBOX" DATA="product:amz:platinum_keywords_2"></ELEMENT>
<ELEMENT ID="CQGNJYL" PROMPT="Platinum Keywords_3" DEFAULT="" TYPE="TEXTBOX" DATA="product:amz:platinum_keywords_3"></ELEMENT>
<ELEMENT ID="CQGNJYM" PROMPT="Platinum Keywords_4" DEFAULT="" TYPE="TEXTBOX" DATA="product:amz:platinum_keywords_4"></ELEMENT>
<ELEMENT ID="CQGNJYN" PROMPT="Platinum Keywords_5" DEFAULT="" TYPE="TEXTBOX" DATA="product:amz:platinum_keywords_5"></ELEMENT>
<ELEMENT ID="CQGNJYO" PROMPT="Platinum Keywords_6" DEFAULT="" TYPE="TEXTBOX" DATA="product:amz:platinum_keywords_6"></ELEMENT>
<ELEMENT ID="CQGNJYP" PROMPT="Platinum Keywords_7" DEFAULT="" TYPE="TEXTBOX" DATA="product:amz:platinum_keywords_7"></ELEMENT>
<ELEMENT ID="CQGNJYQ" PROMPT="Platinum Keywords_8" DEFAULT="" TYPE="TEXTBOX" DATA="product:amz:platinum_keywords_8"></ELEMENT>
<ELEMENT ID="CQGNJYR" PROMPT="Platinum Keywords_9" DEFAULT="" TYPE="TEXTBOX" DATA="product:amz:platinum_keywords_9"></ELEMENT>
<ELEMENT ID="CQGNJYS" PROMPT="Platinum Keywords_10" DEFAULT="" TYPE="TEXTBOX" DATA="product:amz:platinum_keywords_10"></ELEMENT>
<ELEMENT ID="CQGNJYT" PROMPT="Platinum Keywords_11" DEFAULT="" TYPE="TEXTBOX" DATA="product:amz:platinum_keywords_11"></ELEMENT>
<ELEMENT ID="CQGNJYU" PROMPT="Platinum Keywords_12" DEFAULT="" TYPE="TEXTBOX" DATA="product:amz:platinum_keywords_12"></ELEMENT>
<ELEMENT ID="CQGNJYV" PROMPT="Platinum Keywords_13" DEFAULT="" TYPE="TEXTBOX" DATA="product:amz:platinum_keywords_13"></ELEMENT>
<ELEMENT ID="CQGNJYW" PROMPT="Platinum Keywords_14" DEFAULT="" TYPE="TEXTBOX" DATA="product:amz:platinum_keywords_14"></ELEMENT>
<ELEMENT ID="CQGNJYX" PROMPT="Platinum Keywords_15" DEFAULT="" TYPE="TEXTBOX" DATA="product:amz:platinum_keywords_15"></ELEMENT>
<ELEMENT ID="CQGNJYY" PROMPT="Platinum Keywords_16" DEFAULT="" TYPE="TEXTBOX" DATA="product:amz:platinum_keywords_16"></ELEMENT>
<ELEMENT ID="CQGNJYZ" PROMPT="Platinum Keywords_17" DEFAULT="" TYPE="TEXTBOX" DATA="product:amz:platinum_keywords_17"></ELEMENT>
<ELEMENT ID="CQGNJZA" PROMPT="Platinum Keywords_18" DEFAULT="" TYPE="TEXTBOX" DATA="product:amz:platinum_keywords_18"></ELEMENT>
<ELEMENT ID="CQGNJZB" PROMPT="Platinum Keywords_19" DEFAULT="" TYPE="TEXTBOX" DATA="product:amz:platinum_keywords_19"></ELEMENT>
<ELEMENT ID="CQGNJZC" PROMPT="Platinum Keywords_20" DEFAULT="" TYPE="TEXTBOX" DATA="product:amz:platinum_keywords_20"></ELEMENT>
<ELEMENT ID="CQGNJZD" PROMPT="Bag Case Bag Case Type" LIST="LIST_CAMERA_BAGCASE_BAGCASETYPE" TYPE="SELECT" DATA="product:amz:prod_camera_bagcase_bagcasetype"></ELEMENT>
<ELEMENT ID="CQGNJZE" PROMPT="Bag Case Style" LIST="LIST_CAMERA_BAGCASE_STYLE" TYPE="SELECT" DATA="product:amz:prod_camera_bagcase_style"></ELEMENT>
<ELEMENT ID="CQGNJZF" PROMPT="Bag Case Material Type" LIST="LIST_CAMERA_BAGCASE_MATERIALTYPE" TYPE="SELECT" DATA="product:amz:prod_camera_bagcase_materialtype"></ELEMENT>
<ELEMENT ID="CQGNJZG" PROMPT="Bag Case Features" LIST="LIST_CAMERA_BAGCASE_FEATURES" TYPE="SELECT" DATA="product:amz:prod_camera_bagcase_features"></ELEMENT>
<ELEMENT ID="CQGNJZH" PROMPT="Bag Case Specific Uses" LIST="LIST_CAMERA_BAGCASE_SPECIFICUSES" TYPE="SELECT" DATA="product:amz:prod_camera_bagcase_specificuses"></ELEMENT>

</TEMPLATE>