<TEMPLATE ID="amz.camera.lensaccessory" FORMAT="DEFINITION">
<LIST ID="LIST_CAMERA_LENSACCESSORY_FORUSEWITH" TYPE="TEXT">
<OPT T="film-cameras" V="film-cameras"></OPT>
<OPT T="digital-cameras" V="digital-cameras"></OPT>
<OPT T="camcorders" V="camcorders"></OPT>
<OPT T="telescopes" V="telescopes"></OPT>
<OPT T="microscopes" V="microscopes"></OPT>
</LIST>
<LIST ID="LIST_CAMERA_LENSACCESSORY_ACCESSORYTYPE" TYPE="TEXT">
<OPT T="c-mounts" V="c-mounts"></OPT>
<OPT T="lens-scope-converters" V="lens-scope-converters"></OPT>
<OPT T="lens-to-camera-adapters" V="lens-to-camera-adapters"></OPT>
<OPT T="remote-lens-controllers" V="remote-lens-controllers"></OPT>
<OPT T="extenders" V="extenders"></OPT>
<OPT T="series-vii-adapters" V="series-vii-adapters"></OPT>
<OPT T="t-mounts" V="t-mounts"></OPT>
<OPT T="tripod-adapters" V="tripod-adapters"></OPT>
<OPT T="lens-boards" V="lens-boards"></OPT>
<OPT T="bayonets" V="bayonets"></OPT>
<OPT T="lens-hoods" V="lens-hoods"></OPT>
<OPT T="lens-supports" V="lens-supports"></OPT>
<OPT T="rapid-focusing-levers" V="rapid-focusing-levers"></OPT>
<OPT T="shutters" V="shutters"></OPT>
<OPT T="diopters" V="diopters"></OPT>
<OPT T="mirror-scopes" V="mirror-scopes"></OPT>
<OPT T="lens-caps-general" V="lens-caps-general"></OPT>
<OPT T="lens-caps-up-to-48mm" V="lens-caps-up-to-48mm"></OPT>
<OPT T="lens-caps-49mm" V="lens-caps-49mm"></OPT>
<OPT T="lens-caps-52mm" V="lens-caps-52mm"></OPT>
<OPT T="lens-caps-55mm" V="lens-caps-55mm"></OPT>
<OPT T="lens-caps-58mm" V="lens-caps-58mm"></OPT>
<OPT T="lens-caps-62mm" V="lens-caps-62mm"></OPT>
<OPT T="lens-caps-67mm" V="lens-caps-67mm"></OPT>
<OPT T="lens-caps-72mm" V="lens-caps-72mm"></OPT>
<OPT T="lens-caps-77mm" V="lens-caps-77mm"></OPT>
<OPT T="lens-caps-82mm" V="lens-caps-82mm"></OPT>
<OPT T="lens-caps-86mm" V="lens-caps-86mm"></OPT>
<OPT T="lens-caps-95mm" V="lens-caps-95mm"></OPT>
<OPT T="lens-caps-other-sizes" V="lens-caps-other-sizes"></OPT>
</LIST>


<!-- ******* -->
<ELEMENT ID="CQGNKUM" PROMPT="CameraPhoto:LensAccessory" TYPE="HIDDEN" DATA="product:amz:catalog"></ELEMENT>
<ELEMENT ID="CQGNKUN" PROMPT="Manufacturer" DEFAULT="" TYPE="TEXTBOX" DATA="product:zoovy:prod_mfg" MANDATORY="Y"></ELEMENT>
<ELEMENT ID="CQGNKUO" PROMPT="Model Name" DEFAULT="" TYPE="TEXTBOX" DATA="product:zoovy:prod_mfgmodel" MANDATORY="Y"></ELEMENT>
<ELEMENT ID="CQGNKUP" PROMPT="Model Number" DEFAULT="" TYPE="TEXTBOX" DATA="product:zoovy:prod_mfgmodelid" MANDATORY="Y"></ELEMENT>
<ELEMENT ID="CQGNKUQ" PROMPT="Mfr Part Number" DEFAULT="" TYPE="TEXTBOX" DATA="product:zoovy:prod_mfgid" MANDATORY="Y"></ELEMENT>
<ELEMENT ID="CQGNKUR" PROMPT="Color" DEFAULT="" TYPE="TEXTBOX" DATA="product:zoovy:prod_color" MANDATORY="Y"></ELEMENT>
<ELEMENT ID="CQGNKUS" PROMPT="Items Included" DEFAULT="" TYPE="TEXTBOX" DATA="product:zoovy:prod_included" MANDATORY="Y"></ELEMENT>
<ELEMENT ID="CQGNKUT" PROMPT="Keywords_1" DEFAULT="" TYPE="TEXTBOX" DATA="product:zoovy:keywords_1" MANDATORY="Y"></ELEMENT>
<ELEMENT ID="CQGNKUU" PROMPT="Keywords_2" DEFAULT="" TYPE="TEXTBOX" DATA="product:zoovy:keywords_2"></ELEMENT>
<ELEMENT ID="CQGNKUV" PROMPT="Keywords_3" DEFAULT="" TYPE="TEXTBOX" DATA="product:zoovy:keywords_3"></ELEMENT>
<ELEMENT ID="CQGNKUW" PROMPT="Keywords_4" DEFAULT="" TYPE="TEXTBOX" DATA="product:zoovy:keywords_4"></ELEMENT>
<ELEMENT ID="CQGNKUX" PROMPT="Keywords_5" DEFAULT="" TYPE="TEXTBOX" DATA="product:zoovy:keywords_5"></ELEMENT>
<ELEMENT ID="CQGNKUY" PROMPT="Platinum Keywords_1" DEFAULT="" TYPE="TEXTBOX" DATA="product:amz:platinum_keywords_1" MANDATORY="Y"></ELEMENT>
<ELEMENT ID="CQGNKUZ" PROMPT="Platinum Keywords_2" DEFAULT="" TYPE="TEXTBOX" DATA="product:amz:platinum_keywords_2"></ELEMENT>
<ELEMENT ID="CQGNKVA" PROMPT="Platinum Keywords_3" DEFAULT="" TYPE="TEXTBOX" DATA="product:amz:platinum_keywords_3"></ELEMENT>
<ELEMENT ID="CQGNKVB" PROMPT="Platinum Keywords_4" DEFAULT="" TYPE="TEXTBOX" DATA="product:amz:platinum_keywords_4"></ELEMENT>
<ELEMENT ID="CQGNKVC" PROMPT="Platinum Keywords_5" DEFAULT="" TYPE="TEXTBOX" DATA="product:amz:platinum_keywords_5"></ELEMENT>
<ELEMENT ID="CQGNKVD" PROMPT="Platinum Keywords_6" DEFAULT="" TYPE="TEXTBOX" DATA="product:amz:platinum_keywords_6"></ELEMENT>
<ELEMENT ID="CQGNKVE" PROMPT="Platinum Keywords_7" DEFAULT="" TYPE="TEXTBOX" DATA="product:amz:platinum_keywords_7"></ELEMENT>
<ELEMENT ID="CQGNKVF" PROMPT="Platinum Keywords_8" DEFAULT="" TYPE="TEXTBOX" DATA="product:amz:platinum_keywords_8"></ELEMENT>
<ELEMENT ID="CQGNKVG" PROMPT="Platinum Keywords_9" DEFAULT="" TYPE="TEXTBOX" DATA="product:amz:platinum_keywords_9"></ELEMENT>
<ELEMENT ID="CQGNKVH" PROMPT="Platinum Keywords_10" DEFAULT="" TYPE="TEXTBOX" DATA="product:amz:platinum_keywords_10"></ELEMENT>
<ELEMENT ID="CQGNKVI" PROMPT="Platinum Keywords_11" DEFAULT="" TYPE="TEXTBOX" DATA="product:amz:platinum_keywords_11"></ELEMENT>
<ELEMENT ID="CQGNKVJ" PROMPT="Platinum Keywords_12" DEFAULT="" TYPE="TEXTBOX" DATA="product:amz:platinum_keywords_12"></ELEMENT>
<ELEMENT ID="CQGNKVK" PROMPT="Platinum Keywords_13" DEFAULT="" TYPE="TEXTBOX" DATA="product:amz:platinum_keywords_13"></ELEMENT>
<ELEMENT ID="CQGNKVL" PROMPT="Platinum Keywords_14" DEFAULT="" TYPE="TEXTBOX" DATA="product:amz:platinum_keywords_14"></ELEMENT>
<ELEMENT ID="CQGNKVM" PROMPT="Platinum Keywords_15" DEFAULT="" TYPE="TEXTBOX" DATA="product:amz:platinum_keywords_15"></ELEMENT>
<ELEMENT ID="CQGNKVN" PROMPT="Platinum Keywords_16" DEFAULT="" TYPE="TEXTBOX" DATA="product:amz:platinum_keywords_16"></ELEMENT>
<ELEMENT ID="CQGNKVO" PROMPT="Platinum Keywords_17" DEFAULT="" TYPE="TEXTBOX" DATA="product:amz:platinum_keywords_17"></ELEMENT>
<ELEMENT ID="CQGNKVP" PROMPT="Platinum Keywords_18" DEFAULT="" TYPE="TEXTBOX" DATA="product:amz:platinum_keywords_18"></ELEMENT>
<ELEMENT ID="CQGNKVQ" PROMPT="Platinum Keywords_19" DEFAULT="" TYPE="TEXTBOX" DATA="product:amz:platinum_keywords_19"></ELEMENT>
<ELEMENT ID="CQGNKVR" PROMPT="Platinum Keywords_20" DEFAULT="" TYPE="TEXTBOX" DATA="product:amz:platinum_keywords_20"></ELEMENT>
<ELEMENT ID="CQGNKVS" PROMPT="Lens Accessory For Use With" LIST="LIST_CAMERA_LENSACCESSORY_FORUSEWITH" TYPE="SELECT" DATA="product:amz:prod_camera_lensaccessory_forusewith"></ELEMENT>
<ELEMENT ID="CQGNKVT" PROMPT="Lens Accessory Accessory Type" LIST="LIST_CAMERA_LENSACCESSORY_ACCESSORYTYPE" TYPE="SELECT" DATA="product:amz:prod_camera_lensaccessory_accessorytype"></ELEMENT>

</TEMPLATE>