<TEMPLATE ID="amz.musicinst.percussioninstruments" FORMAT="DEFINITION">


<!-- ******* -->
<ELEMENT ID="CQGNMEV" PROMPT="MusicalInstruments:PercussionInstruments" TYPE="HIDDEN" DATA="product:amz:catalog"></ELEMENT>
<ELEMENT ID="CQGNMEW" PROMPT="Additional Specifications" DEFAULT="" TYPE="TEXTBOX" DATA="product:amz:prod_musicinst_additionalspecifications" MANDATORY="Y"></ELEMENT>
<ELEMENT ID="CQGNMEX" PROMPT="Color" DEFAULT="" TYPE="TEXTBOX" DATA="product:amz:prod_base_color" MANDATORY="Y"></ELEMENT>
<ELEMENT ID="CQGNMEY" PROMPT="Country Produced In" DEFAULT="" TYPE="TEXTBOX" DATA="product:amz:prod_musicinst_countryproducedin" MANDATORY="Y"></ELEMENT>
<ELEMENT ID="CQGNMEZ" PROMPT="DrumSetPieceQty" DEFAULT="" TYPE="NUMBER" DATA="product:amz:prod_musicinst_drumsetpieceqty"></ELEMENT>
<ELEMENT ID="CQGNMFA" PROMPT="ItemPackageQuantity" DEFAULT="1" TYPE="NUMBER" DATA="product:amz:prod_musicinst_itempackagequantity"></ELEMENT>
<ELEMENT ID="CQGNMFB" PROMPT="Material Type" DEFAULT="" TYPE="TEXTBOX" DATA="product:amz:prod_musicinst_materialtype" MANDATORY="Y"></ELEMENT>
<ELEMENT ID="CQGNMFC" PROMPT="Model Name" DEFAULT="" TYPE="TEXTBOX" DATA="product:amz:prod_musicinst_modelname" MANDATORY="Y"></ELEMENT>
<ELEMENT ID="CQGNMFD" PROMPT="Model Number" DEFAULT="" TYPE="TEXTBOX" DATA="product:amz:prod_musicinst_modelnumber" MANDATORY="Y"></ELEMENT>
<ELEMENT ID="CQGNMFE" PROMPT="Model Year" DEFAULT="" TYPE="TEXTBOX" DATA="product:amz:prod_musicinst_modelyear" MANDATORY="Y"></ELEMENT>
<ELEMENT ID="CQGNMFF" PROMPT="Musical Style" DEFAULT="" TYPE="TEXTBOX" DATA="product:amz:prod_musicinst_musicalstyle" MANDATORY="Y"></ELEMENT>
<ELEMENT ID="CQGNMFG" PROMPT="NumberOfKeyboardKeys" DEFAULT="" TYPE="NUMBER" DATA="product:amz:prod_musicinst_numberofkeyboardkeys"></ELEMENT>
<ELEMENT ID="CQGNMFH" PROMPT="Percussion Diameter" DEFAULT="" TYPE="TEXTBOX" DATA="product:amz:prod_musicinst_percussiondiameter" MANDATORY="Y"></ELEMENT>

</TEMPLATE>