<TEMPLATE ID="amz.jewerly.fineother" FORMAT="DEFINITION">
<LIST ID="LIST_JEWELRY_FINEOTHER_PARENTAGE" TYPE="TEXT">
<OPT T="parent" V="parent"></OPT>
<OPT T="child" V="child"></OPT>
</LIST>
<LIST ID="LIST_JEWELRY_FINEOTHER_VARIATIONTHEME" TYPE="TEXT">
<OPT T="Length" V="Length"></OPT>
<OPT T="MetalType" V="MetalType"></OPT>
<OPT T="SizePerPearl" V="SizePerPearl"></OPT>
<OPT T="TotalDiamondWeight" V="TotalDiamondWeight"></OPT>
<OPT T="Length-TotalDiamondWeight" V="Length-TotalDiamondWeight"></OPT>
<OPT T="Length-SizePerPearl" V="Length-SizePerPearl"></OPT>
<OPT T="MetalType-TotalDiamondWeight" V="MetalType-TotalDiamondWeight"></OPT>
<OPT T="MetalType-SizePerPearl" V="MetalType-SizePerPearl"></OPT>
</LIST>


<!-- ******* -->
<ELEMENT ID="CQGNLSY" PROMPT="Jewelry:FineOther" TYPE="HIDDEN" DATA="product:amz:catalog"></ELEMENT>
<ELEMENT ID="CQGNLSZ" PROMPT="Fine Other Parentage" LIST="LIST_JEWELRY_FINEOTHER_PARENTAGE" TYPE="SELECT" DATA="product:amz:prod_jewelry_fineother_parentage"></ELEMENT>
<ELEMENT ID="CQGNLTA" PROMPT="Fine Other Variation Theme" LIST="LIST_JEWELRY_FINEOTHER_VARIATIONTHEME" TYPE="SELECT" DATA="product:amz:prod_jewelry_fineother_variationtheme"></ELEMENT>
<ELEMENT ID="CQGNLTB" PROMPT="Length" DEFAULT="" TYPE="NUMBER" DATA="product:amz:prod_jewelry_length"></ELEMENT>
<ELEMENT ID="CQGNLTC" PROMPT="Metal Type" DEFAULT="" TYPE="TEXTBOX" DATA="product:amz:prod_jewelry_metaltype" MANDATORY="Y"></ELEMENT>
<ELEMENT ID="CQGNLTD" PROMPT="Total Diamond Weight" DEFAULT="" TYPE="TEXTBOX" DATA="product:amz:prod_jewelry_totaldiamondweight" MANDATORY="Y"></ELEMENT>
<ELEMENT ID="CQGNLTE" PROMPT="Material_1" DEFAULT="" TYPE="TEXTBOX" DATA="product:amz:prod_jewelry_material_1" MANDATORY="Y"></ELEMENT>
<ELEMENT ID="CQGNLTF" PROMPT="Material_2" DEFAULT="" TYPE="TEXTBOX" DATA="product:amz:prod_jewelry_material_2"></ELEMENT>
<ELEMENT ID="CQGNLTG" PROMPT="Material_3" DEFAULT="" TYPE="TEXTBOX" DATA="product:amz:prod_jewelry_material_3"></ELEMENT>
<ELEMENT ID="CQGNLTH" PROMPT="Material_4" DEFAULT="" TYPE="TEXTBOX" DATA="product:amz:prod_jewelry_material_4"></ELEMENT>
<ELEMENT ID="CQGNLTI" PROMPT="Metal Stamp" DEFAULT="" TYPE="TEXTBOX" DATA="product:amz:prod_jewelry_metalstamp" MANDATORY="Y"></ELEMENT>
<ELEMENT ID="CQGNLTJ" PROMPT="Setting Type" DEFAULT="" TYPE="TEXTBOX" DATA="product:amz:prod_jewelry_settingtype" MANDATORY="Y"></ELEMENT>
<ELEMENT ID="CQGNLTK" PROMPT="Pearl Type" DEFAULT="" TYPE="TEXTBOX" DATA="product:amz:prod_jewelry_pearltype" MANDATORY="Y"></ELEMENT>
<ELEMENT ID="CQGNLTL" PROMPT="Pearl Minimum Color" DEFAULT="" TYPE="TEXTBOX" DATA="product:amz:prod_jewelry_pearlminimumcolor" MANDATORY="Y"></ELEMENT>
<ELEMENT ID="CQGNLTM" PROMPT="Pearl Lustre" DEFAULT="" TYPE="TEXTBOX" DATA="product:amz:prod_jewelry_pearllustre" MANDATORY="Y"></ELEMENT>
<ELEMENT ID="CQGNLTN" PROMPT="Pearl Shape" DEFAULT="" TYPE="TEXTBOX" DATA="product:amz:prod_jewelry_pearlshape" MANDATORY="Y"></ELEMENT>
<ELEMENT ID="CQGNLTO" PROMPT="Pearl Uniformity" DEFAULT="" TYPE="TEXTBOX" DATA="product:amz:prod_jewelry_pearluniformity" MANDATORY="Y"></ELEMENT>
<ELEMENT ID="CQGNLTP" PROMPT="Pearl Surface Markings And Blemishes" DEFAULT="" TYPE="TEXTBOX" DATA="product:amz:prod_jewelry_pearlsurfacemarkingsandblemishes" MANDATORY="Y"></ELEMENT>
<ELEMENT ID="CQGNLTQ" PROMPT="Pearl Stringing Method" DEFAULT="" TYPE="TEXTBOX" DATA="product:amz:prod_jewelry_pearlstringingmethod" MANDATORY="Y"></ELEMENT>
<ELEMENT ID="CQGNLTR" PROMPT="Size Per Pearl" DEFAULT="" TYPE="TEXTBOX" DATA="product:amz:prod_jewelry_sizeperpearl" MANDATORY="Y"></ELEMENT>
<ELEMENT ID="CQGNLTS" PROMPT="Total Gem Weight" DEFAULT="" TYPE="TEXTBOX" DATA="product:amz:prod_jewelry_totalgemweight" MANDATORY="Y"></ELEMENT>
<ELEMENT ID="CQGNLTT" PROMPT="Total Metal Weight" DEFAULT="" TYPE="TEXTBOX" DATA="product:amz:prod_jewelry_totalmetalweight" MANDATORY="Y"></ELEMENT>
<ELEMENT ID="CQGNLTU" PROMPT="Diameter" DEFAULT="" TYPE="NUMBER" DATA="product:amz:prod_jewelry_diameter"></ELEMENT>
<ELEMENT ID="CQGNLTV" PROMPT="Height" DEFAULT="" TYPE="NUMBER" DATA="product:amz:prod_jewelry_height"></ELEMENT>
<ELEMENT ID="CQGNLTW" PROMPT="Width" DEFAULT="" TYPE="NUMBER" DATA="product:amz:prod_jewelry_width"></ELEMENT>
<ELEMENT ID="CQGNLTX" PROMPT="Estate Period" DEFAULT="" TYPE="TEXTBOX" DATA="product:amz:prod_jewelry_estateperiod" MANDATORY="Y"></ELEMENT>
<ELEMENT ID="CQGNLTY" PROMPT="NumberOfStones" DEFAULT="" TYPE="NUMBER" DATA="product:amz:prod_jewelry_numberofstones"></ELEMENT>
<ELEMENT ID="CQGNLTZ" PROMPT="Pearl Type" DEFAULT="" TYPE="TEXTBOX" DATA="product:amz:prod_jewelry_pearltype" MANDATORY="Y"></ELEMENT>
<ELEMENT ID="CQGNLUA" PROMPT="Pearl Minimum Color" DEFAULT="" TYPE="TEXTBOX" DATA="product:amz:prod_jewelry_pearlminimumcolor" MANDATORY="Y"></ELEMENT>
<ELEMENT ID="CQGNLUB" PROMPT="Pearl Lustre" DEFAULT="" TYPE="TEXTBOX" DATA="product:amz:prod_jewelry_pearllustre" MANDATORY="Y"></ELEMENT>
<ELEMENT ID="CQGNLUC" PROMPT="Pearl Shape" DEFAULT="" TYPE="TEXTBOX" DATA="product:amz:prod_jewelry_pearlshape" MANDATORY="Y"></ELEMENT>
<ELEMENT ID="CQGNLUD" PROMPT="Pearl Uniformity" DEFAULT="" TYPE="TEXTBOX" DATA="product:amz:prod_jewelry_pearluniformity" MANDATORY="Y"></ELEMENT>
<ELEMENT ID="CQGNLUE" PROMPT="Pearl Surface Markings And Blemishes" DEFAULT="" TYPE="TEXTBOX" DATA="product:amz:prod_jewelry_pearlsurfacemarkingsandblemishes" MANDATORY="Y"></ELEMENT>
<ELEMENT ID="CQGNLUF" PROMPT="Pearl Stringing Method" DEFAULT="" TYPE="TEXTBOX" DATA="product:amz:prod_jewelry_pearlstringingmethod" MANDATORY="Y"></ELEMENT>
<ELEMENT ID="CQGNLUG" PROMPT="Size Per Pearl" DEFAULT="" TYPE="TEXTBOX" DATA="product:amz:prod_jewelry_sizeperpearl" MANDATORY="Y"></ELEMENT>
<ELEMENT ID="CQGNLUH" PROMPT="NumberOfPearls" DEFAULT="" TYPE="NUMBER" DATA="product:amz:prod_jewelry_numberofpearls"></ELEMENT>
<ELEMENT ID="CQGNLUI" PROMPT="Pearl Type" DEFAULT="" TYPE="TEXTBOX" DATA="product:amz:prod_jewelry_pearltype" MANDATORY="Y"></ELEMENT>
<ELEMENT ID="CQGNLUJ" PROMPT="Pearl Minimum Color" DEFAULT="" TYPE="TEXTBOX" DATA="product:amz:prod_jewelry_pearlminimumcolor" MANDATORY="Y"></ELEMENT>
<ELEMENT ID="CQGNLUK" PROMPT="Pearl Lustre" DEFAULT="" TYPE="TEXTBOX" DATA="product:amz:prod_jewelry_pearllustre" MANDATORY="Y"></ELEMENT>
<ELEMENT ID="CQGNLUL" PROMPT="Pearl Shape" DEFAULT="" TYPE="TEXTBOX" DATA="product:amz:prod_jewelry_pearlshape" MANDATORY="Y"></ELEMENT>
<ELEMENT ID="CQGNLUM" PROMPT="Pearl Uniformity" DEFAULT="" TYPE="TEXTBOX" DATA="product:amz:prod_jewelry_pearluniformity" MANDATORY="Y"></ELEMENT>
<ELEMENT ID="CQGNLUN" PROMPT="Pearl Surface Markings And Blemishes" DEFAULT="" TYPE="TEXTBOX" DATA="product:amz:prod_jewelry_pearlsurfacemarkingsandblemishes" MANDATORY="Y"></ELEMENT>
<ELEMENT ID="CQGNLUO" PROMPT="Pearl Stringing Method" DEFAULT="" TYPE="TEXTBOX" DATA="product:amz:prod_jewelry_pearlstringingmethod" MANDATORY="Y"></ELEMENT>
<ELEMENT ID="CQGNLUP" PROMPT="Size Per Pearl" DEFAULT="" TYPE="TEXTBOX" DATA="product:amz:prod_jewelry_sizeperpearl" MANDATORY="Y"></ELEMENT>

</TEMPLATE>