<TEMPLATE ID="amz.sports" FORMAT="DEFINITION">
<LIST ID="LIST_SPORTS_PARENTAGE" TYPE="TEXT">
<OPT T="parent" V="parent"></OPT>
<OPT T="child" V="child"></OPT>
</LIST>
<LIST ID="LIST_SPORTS_VARIATIONTHEME" TYPE="TEXT">
<OPT T="AgeGenderCategory" V="AgeGenderCategory"></OPT>
<OPT T="Amperage" V="Amperage"></OPT>
<OPT T="BikeRimSize" V="BikeRimSize"></OPT>
<OPT T="BikeRimSizeMaterial" V="BikeRimSizeMaterial"></OPT>
<OPT T="BootSize" V="BootSize"></OPT>
<OPT T="BootSizeCalfSize" V="BootSizeCalfSize"></OPT>
<OPT T="CalfSize" V="CalfSize"></OPT>
<OPT T="Caliber" V="Caliber"></OPT>
<OPT T="CaliberRounds" V="CaliberRounds"></OPT>
<OPT T="Capacity" V="Capacity"></OPT>
<OPT T="Color" V="Color"></OPT>
<OPT T="ColorDesign" V="ColorDesign"></OPT>
<OPT T="ColorFlavor" V="ColorFlavor"></OPT>
<OPT T="ColorItemThickness" V="ColorItemThickness"></OPT>
<OPT T="ColorLength" V="ColorLength"></OPT>
<OPT T="ColorLensColor" V="ColorLensColor"></OPT>
<OPT T="ColorQuantity" V="ColorQuantity"></OPT>
<OPT T="ColorRounds" V="ColorRounds"></OPT>
<OPT T="ColorShaftMaterial" V="ColorShaftMaterial"></OPT>
<OPT T="ColorShaftType" V="ColorShaftType"></OPT>
<OPT T="ColorShape" V="ColorShape"></OPT>
<OPT T="ColorSize" V="ColorSize"></OPT>
<OPT T="ColorStyle" V="ColorStyle"></OPT>
<OPT T="ColorTensionLevel" V="ColorTensionLevel"></OPT>
<OPT T="ColorWattage" V="ColorWattage"></OPT>
<OPT T="ColorWeight" V="ColorWeight"></OPT>
<OPT T="ColorWheelSize" V="ColorWheelSize"></OPT>
<OPT T="ColorWidth" V="ColorWidth"></OPT>
<OPT T="Curvature" V="Curvature"></OPT>
<OPT T="CurvatureHand" V="CurvatureHand"></OPT>
<OPT T="Design" V="Design"></OPT>
<OPT T="DesignFlavor" V="DesignFlavor"></OPT>
<OPT T="DesignLength" V="DesignLength"></OPT>
<OPT T="DesignLensColor" V="DesignLensColor"></OPT>
<OPT T="DesignShaftMaterial" V="DesignShaftMaterial"></OPT>
<OPT T="DesignShaftType" V="DesignShaftType"></OPT>
<OPT T="DesignShape" V="DesignShape"></OPT>
<OPT T="DesignSize" V="DesignSize"></OPT>
<OPT T="DesignStyle" V="DesignStyle"></OPT>
<OPT T="DesignTensionLevel" V="DesignTensionLevel"></OPT>
<OPT T="DesignWeight" V="DesignWeight"></OPT>
<OPT T="DesignWheelSize" V="DesignWheelSize"></OPT>
<OPT T="DesignWidth" V="DesignWidth"></OPT>
<OPT T="Diameter" V="Diameter"></OPT>
<OPT T="DivingHoodThickness" V="DivingHoodThickness"></OPT>
<OPT T="FencingPommelType" V="FencingPommelType"></OPT>
<OPT T="FencingPommelTypeGripType" V="FencingPommelTypeGripType"></OPT>
<OPT T="Flavor" V="Flavor"></OPT>
<OPT T="FlavorSize" V="FlavorSize"></OPT>
<OPT T="GolfFlex" V="GolfFlex"></OPT>
<OPT T="GolfFlexGolfLoft" V="GolfFlexGolfLoft"></OPT>
<OPT T="GolfFlexMaterial" V="GolfFlexMaterial"></OPT>
<OPT T="GolfFlexShaftMaterial" V="GolfFlexShaftMaterial"></OPT>
<OPT T="GolfLoft" V="GolfLoft"></OPT>
<OPT T="GolfLoftShaftMaterial" V="GolfLoftShaftMaterial"></OPT>
<OPT T="GripSize" V="GripSize"></OPT>
<OPT T="GripSizeGripType" V="GripSizeGripType"></OPT>
<OPT T="GripSizeHeadSize" V="GripSizeHeadSize"></OPT>
<OPT T="GripType" V="GripType"></OPT>
<OPT T="Hand" V="Hand"></OPT>
<OPT T="HandLength" V="HandLength"></OPT>
<OPT T="HandSize" V="HandSize"></OPT>
<OPT T="HandTensionLevel" V="HandTensionLevel"></OPT>
<OPT T="HandWeight" V="HandWeight"></OPT>
<OPT T="HeadSize" V="HeadSize"></OPT>
<OPT T="HeadSizeShape" V="HeadSizeShape"></OPT>
<OPT T="Height" V="Height"></OPT>
<OPT T="HeightSize" V="HeightSize"></OPT>
<OPT T="HeightStyle" V="HeightStyle"></OPT>
<OPT T="HeightWeight" V="HeightWeight"></OPT>
<OPT T="HeightWidth" V="HeightWidth"></OPT>
<OPT T="ItemThickness" V="ItemThickness"></OPT>
<OPT T="Length" V="Length"></OPT>
<OPT T="LengthLineCapacity" V="LengthLineCapacity"></OPT>
<OPT T="LengthLineWeight" V="LengthLineWeight"></OPT>
<OPT T="LengthMaterial" V="LengthMaterial"></OPT>
<OPT T="LengthShaftType" V="LengthShaftType"></OPT>
<OPT T="LengthSize" V="LengthSize"></OPT>
<OPT T="LengthStyle" V="LengthStyle"></OPT>
<OPT T="LengthWeight" V="LengthWeight"></OPT>
<OPT T="LengthWeightSupported" V="LengthWeightSupported"></OPT>
<OPT T="LengthWidth" V="LengthWidth"></OPT>
<OPT T="LensColor" V="LensColor"></OPT>
<OPT T="LensColorMaterial" V="LensColorMaterial"></OPT>
<OPT T="LensColorShape" V="LensColorShape"></OPT>
<OPT T="LineCapacity" V="LineCapacity"></OPT>
<OPT T="LineCapacitySize" V="LineCapacitySize"></OPT>
<OPT T="LineCapacityWeight" V="LineCapacityWeight"></OPT>
<OPT T="LineWeight" V="LineWeight"></OPT>
<OPT T="LineWeightSize" V="LineWeightSize"></OPT>
<OPT T="Material" V="Material"></OPT>
<OPT T="MaterialShape" V="MaterialShape"></OPT>
<OPT T="MaterialSize" V="MaterialSize"></OPT>
<OPT T="MaterialStyle" V="MaterialStyle"></OPT>
<OPT T="MaterialTensionLevel" V="MaterialTensionLevel"></OPT>
<OPT T="MaterialWeight" V="MaterialWeight"></OPT>
<OPT T="MaterialWheelSize" V="MaterialWheelSize"></OPT>
<OPT T="MaterialWidth" V="MaterialWidth"></OPT>
<OPT T="Quantity" V="Quantity"></OPT>
<OPT T="QuantityShape" V="QuantityShape"></OPT>
<OPT T="QuantitySize" V="QuantitySize"></OPT>
<OPT T="QuantityWeight" V="QuantityWeight"></OPT>
<OPT T="Rounds" V="Rounds"></OPT>
<OPT T="RoundsSize" V="RoundsSize"></OPT>
<OPT T="ShaftMaterial" V="ShaftMaterial"></OPT>
<OPT T="ShaftMaterialShaftType" V="ShaftMaterialShaftType"></OPT>
<OPT T="ShaftType" V="ShaftType"></OPT>
<OPT T="Shape" V="Shape"></OPT>
<OPT T="ShapeSize" V="ShapeSize"></OPT>
<OPT T="ShapeTensionLevel" V="ShapeTensionLevel"></OPT>
<OPT T="ShapeWeight" V="ShapeWeight"></OPT>
<OPT T="Size" V="Size"></OPT>
<OPT T="SizeStyle" V="SizeStyle"></OPT>
<OPT T="SizeTensionLevel" V="SizeTensionLevel"></OPT>
<OPT T="SizeWattage" V="SizeWattage"></OPT>
<OPT T="SizeWeight" V="SizeWeight"></OPT>
<OPT T="SizeWeightSupported" V="SizeWeightSupported"></OPT>
<OPT T="SizeWheelSize" V="SizeWheelSize"></OPT>
<OPT T="SizeWidth" V="SizeWidth"></OPT>
<OPT T="Style" V="Style"></OPT>
<OPT T="StyleTensionLevel" V="StyleTensionLevel"></OPT>
<OPT T="StyleWeight" V="StyleWeight"></OPT>
<OPT T="StyleWheelSize" V="StyleWheelSize"></OPT>
<OPT T="StyleWidth" V="StyleWidth"></OPT>
<OPT T="TemperatureRating" V="TemperatureRating"></OPT>
<OPT T="TemperatureRatingColor" V="TemperatureRatingColor"></OPT>
<OPT T="TemperatureRatingDesign" V="TemperatureRatingDesign"></OPT>
<OPT T="TemperatureRatingHand" V="TemperatureRatingHand"></OPT>
<OPT T="TemperatureRatingLength" V="TemperatureRatingLength"></OPT>
<OPT T="TemperatureRatingMaterial" V="TemperatureRatingMaterial"></OPT>
<OPT T="TemperatureRatingShape" V="TemperatureRatingShape"></OPT>
<OPT T="TemperatureRatingSize" V="TemperatureRatingSize"></OPT>
<OPT T="TensionLevel" V="TensionLevel"></OPT>
<OPT T="TensionLevelWeight" V="TensionLevelWeight"></OPT>
<OPT T="TensionLevelWeightSupported" V="TensionLevelWeightSupported"></OPT>
<OPT T="Wattage" V="Wattage"></OPT>
<OPT T="Weight" V="Weight"></OPT>
<OPT T="WeightSupported" V="WeightSupported"></OPT>
<OPT T="WeightWidth" V="WeightWidth"></OPT>
<OPT T="WheelSize" V="WheelSize"></OPT>
<OPT T="WheelSizeWeight" V="WheelSizeWeight"></OPT>
<OPT T="Width" V="Width"></OPT>
</LIST>
<LIST ID="LIST_SPORTS_HAND" TYPE="TEXT">
<OPT T="left" V="left"></OPT>
<OPT T="right" V="right"></OPT>
</LIST>
<LIST ID="LIST_SPORTS_HEADSIZE" TYPE="TEXT">
<OPT T="mid-plus" V="mid-plus"></OPT>
<OPT T="mid-sized" V="mid-sized"></OPT>
<OPT T="over-sized" V="over-sized"></OPT>
<OPT T="super-oversized" V="super-oversized"></OPT>
</LIST>
<LIST ID="LIST_SPORTS_SHAFTTYPE" TYPE="TEXT">
<OPT T="attacker-shafts" V="attacker-shafts"></OPT>
<OPT T="defender-shafts" V="defender-shafts"></OPT>
<OPT T="goalie-shafts" V="goalie-shafts"></OPT>
<OPT T="midfielder-shafts" V="midfielder-shafts"></OPT>
</LIST>


<!-- ******* -->
<ELEMENT ID="CQGNKDX" PROMPT="SPORTS" TYPE="HIDDEN" DATA="product:amz:catalog"></ELEMENT>
<ELEMENT ID="CQGNKDY" PROMPT="Sports Parentage" LIST="LIST_SPORTS_PARENTAGE" TYPE="SELECT" DATA="product:amz:prod_sports_sports_parentage"></ELEMENT>
<ELEMENT ID="CQGNKDZ" PROMPT="Sports Variation Theme" LIST="LIST_SPORTS_VARIATIONTHEME" TYPE="SELECT" DATA="product:amz:prod_sports_sports_variationtheme"></ELEMENT>
<ELEMENT ID="CQGNKEA" PROMPT="Age Gender Category" DEFAULT="" TYPE="TEXTBOX" DATA="product:amz:prod_sports_agegendercategory" MANDATORY="Y"></ELEMENT>
<ELEMENT ID="CQGNKEB" PROMPT="Amperage" DEFAULT="" TYPE="TEXTBOX" DATA="product:amz:prod_sports_amperage"></ELEMENT>
<ELEMENT ID="CQGNKEC" PROMPT="BikeRimSize" DEFAULT="" TYPE="NUMBER" DATA="product:amz:prod_sports_bikerimsize"></ELEMENT>
<ELEMENT ID="CQGNKED" PROMPT="BootSize" DEFAULT="" TYPE="NUMBER" DATA="product:amz:prod_sports_bootsize"></ELEMENT>
<ELEMENT ID="CQGNKEE" PROMPT="Calf Size" DEFAULT="" TYPE="TEXTBOX" DATA="product:amz:prod_sports_calfsize" MANDATORY="Y"></ELEMENT>
<ELEMENT ID="CQGNKEF" PROMPT="Caliber" DEFAULT="" TYPE="NUMBER" DATA="product:amz:prod_sports_caliber"></ELEMENT>
<ELEMENT ID="CQGNKEG" PROMPT="Capacity" DEFAULT="" TYPE="TEXTBOX" DATA="product:amz:prod_sports_capacity" MANDATORY="Y"></ELEMENT>
<ELEMENT ID="CQGNKEH" PROMPT="Color" DEFAULT="" TYPE="TEXTBOX" DATA="product:amz:prod_sports_color" MANDATORY="Y"></ELEMENT>
<ELEMENT ID="CQGNKEI" PROMPT="Curvature" DEFAULT="" TYPE="TEXTBOX" DATA="product:amz:prod_sports_curvature" MANDATORY="Y"></ELEMENT>
<ELEMENT ID="CQGNKEJ" PROMPT="Design" DEFAULT="" TYPE="TEXTBOX" DATA="product:amz:prod_sports_design" MANDATORY="Y"></ELEMENT>
<ELEMENT ID="CQGNKEK" PROMPT="Diameter" DEFAULT="" TYPE="NUMBER" DATA="product:amz:prod_sports_diameter"></ELEMENT>
<ELEMENT ID="CQGNKEL" PROMPT="DivingHoodThickness" DEFAULT="" TYPE="NUMBER" DATA="product:amz:prod_sports_divinghoodthickness"></ELEMENT>
<ELEMENT ID="CQGNKEM" PROMPT="Fencing Pommel Type" DEFAULT="" TYPE="TEXTBOX" DATA="product:amz:prod_sports_fencingpommeltype" MANDATORY="Y"></ELEMENT>
<ELEMENT ID="CQGNKEN" PROMPT="Flavor" DEFAULT="" TYPE="TEXTBOX" DATA="product:amz:prod_sports_flavor" MANDATORY="Y"></ELEMENT>
<ELEMENT ID="CQGNKEO" PROMPT="Golf Flex" DEFAULT="" TYPE="TEXTBOX" DATA="product:amz:prod_sports_golfflex" MANDATORY="Y"></ELEMENT>
<ELEMENT ID="CQGNKEP" PROMPT="Golf Loft" DEFAULT="" TYPE="TEXTBOX" DATA="product:amz:prod_sports_golfloft" MANDATORY="Y"></ELEMENT>
<ELEMENT ID="CQGNKEQ" PROMPT="Grip Size" DEFAULT="" TYPE="TEXTBOX" DATA="product:amz:prod_sports_gripsize" MANDATORY="Y"></ELEMENT>
<ELEMENT ID="CQGNKER" PROMPT="Grip Type" DEFAULT="" TYPE="TEXTBOX" DATA="product:amz:prod_sports_griptype" MANDATORY="Y"></ELEMENT>
<ELEMENT ID="CQGNKES" PROMPT="Sports Hand" LIST="LIST_SPORTS_HAND" TYPE="SELECT" DATA="product:amz:prod_sports_sports_hand"></ELEMENT>
<ELEMENT ID="CQGNKET" PROMPT="Sports Head Size" LIST="LIST_SPORTS_HEADSIZE" TYPE="SELECT" DATA="product:amz:prod_sports_sports_headsize"></ELEMENT>
<ELEMENT ID="CQGNKEU" PROMPT="Height" DEFAULT="" TYPE="NUMBER" DATA="product:amz:prod_sports_height"></ELEMENT>
<ELEMENT ID="CQGNKEV" PROMPT="ItemThickness" DEFAULT="" TYPE="NUMBER" DATA="product:amz:prod_sports_itemthickness"></ELEMENT>
<ELEMENT ID="CQGNKEW" PROMPT="Length" DEFAULT="" TYPE="NUMBER" DATA="product:amz:prod_sports_length"></ELEMENT>
<ELEMENT ID="CQGNKEX" PROMPT="Lens Color" DEFAULT="" TYPE="TEXTBOX" DATA="product:amz:prod_sports_lenscolor" MANDATORY="Y"></ELEMENT>
<ELEMENT ID="CQGNKEY" PROMPT="Line Capacity" DEFAULT="" TYPE="TEXTBOX" DATA="product:amz:prod_sports_linecapacity" MANDATORY="Y"></ELEMENT>
<ELEMENT ID="CQGNKEZ" PROMPT="Line Weight" DEFAULT="" TYPE="TEXTBOX" DATA="product:amz:prod_sports_lineweight" MANDATORY="Y"></ELEMENT>
<ELEMENT ID="CQGNKFA" PROMPT="Material" DEFAULT="" TYPE="TEXTBOX" DATA="product:amz:prod_sports_material" MANDATORY="Y"></ELEMENT>
<ELEMENT ID="CQGNKFB" PROMPT="Quantity" DEFAULT="" TYPE="NUMBER" DATA="product:amz:prod_sports_quantity"></ELEMENT>
<ELEMENT ID="CQGNKFC" PROMPT="Rounds" DEFAULT="" TYPE="TEXTBOX" DATA="product:amz:prod_sports_rounds" MANDATORY="Y"></ELEMENT>
<ELEMENT ID="CQGNKFD" PROMPT="Shaft Material" DEFAULT="" TYPE="TEXTBOX" DATA="product:amz:prod_sports_shaftmaterial" MANDATORY="Y"></ELEMENT>
<ELEMENT ID="CQGNKFE" PROMPT="Sports Shaft Type" LIST="LIST_SPORTS_SHAFTTYPE" TYPE="SELECT" DATA="product:amz:prod_sports_sports_shafttype"></ELEMENT>
<ELEMENT ID="CQGNKFF" PROMPT="Shape" DEFAULT="" TYPE="TEXTBOX" DATA="product:amz:prod_sports_shape" MANDATORY="Y"></ELEMENT>
<ELEMENT ID="CQGNKFG" PROMPT="Size" DEFAULT="" TYPE="TEXTBOX" DATA="product:amz:prod_sports_size" MANDATORY="Y"></ELEMENT>
<ELEMENT ID="CQGNKFH" PROMPT="Style" DEFAULT="" TYPE="TEXTBOX" DATA="product:amz:prod_sports_style" MANDATORY="Y"></ELEMENT>
<ELEMENT ID="CQGNKFI" PROMPT="Temperature Rating" DEFAULT="" TYPE="TEXTBOX" DATA="product:amz:prod_sports_temperaturerating" MANDATORY="Y"></ELEMENT>
<ELEMENT ID="CQGNKFJ" PROMPT="Tension Level" DEFAULT="" TYPE="TEXTBOX" DATA="product:amz:prod_sports_tensionlevel" MANDATORY="Y"></ELEMENT>
<ELEMENT ID="CQGNKFK" PROMPT="Wattage" DEFAULT="" TYPE="TEXTBOX" DATA="product:amz:prod_sports_wattage" MANDATORY="Y"></ELEMENT>
<ELEMENT ID="CQGNKFL" PROMPT="Weight" DEFAULT="" TYPE="NUMBER" DATA="product:amz:prod_sports_weight"></ELEMENT>
<ELEMENT ID="CQGNKFM" PROMPT="WeightSupported" DEFAULT="" TYPE="NUMBER" DATA="product:amz:prod_sports_weightsupported"></ELEMENT>
<ELEMENT ID="CQGNKFN" PROMPT="WheelSize" DEFAULT="" TYPE="NUMBER" DATA="product:amz:prod_sports_wheelsize"></ELEMENT>
<ELEMENT ID="CQGNKFO" PROMPT="Width" DEFAULT="" TYPE="NUMBER" DATA="product:amz:prod_sports_width"></ELEMENT>
<ELEMENT ID="CQGNKFP" PROMPT="Packaging" DEFAULT="" TYPE="TEXTBOX" DATA="product:amz:prod_sports_packaging" MANDATORY="Y"></ELEMENT>
<ELEMENT ID="CQGNKFQ" PROMPT="Is Customizable" TYPE="CHECKBOX" DATA="product:amz:prod_sports_iscustomizable"></ELEMENT>
<ELEMENT ID="CQGNKFR" PROMPT="Customizable Template Name" DEFAULT="" TYPE="TEXTBOX" DATA="product:amz:prod_sports_customizabletemplatename" MANDATORY="Y"></ELEMENT>

</TEMPLATE>