<TEMPLATE ID="amz.home.seedsandplants" FORMAT="DEFINITION">
<LIST ID="LIST_BASE_COLORMAP">
<OPT T="black" V="black"></OPT>
<OPT T="blue" V="blue"></OPT>
<OPT T="bronze" V="bronze"></OPT>
<OPT T="brown" V="brown"></OPT>
<OPT T="gold" V="gold"></OPT>
<OPT T="gray" V="gray"></OPT>
<OPT T="green" V="green"></OPT>
<OPT T="metallic" V="metallic"></OPT>
<OPT T="off-white" V="off-white"></OPT>
<OPT T="orange" V="orange"></OPT>
<OPT T="pink" V="pink"></OPT>
<OPT T="purple" V="purple"></OPT>
<OPT T="red" V="red"></OPT>
<OPT T="silver" V="silver"></OPT>
<OPT T="white" V="white"></OPT>
<OPT T="yellow" V="yellow"></OPT>
</LIST>
<LIST ID="LIST_HOME_SEEDSANDPLANTS_MOISTURENEEDS" TYPE="TEXT">
<OPT T="little-to-no-watering" V="little-to-no-watering"></OPT>
<OPT T="moderate-watering" V="moderate-watering"></OPT>
<OPT T="regular-watering" V="regular-watering"></OPT>
<OPT T="constant-watering" V="constant-watering"></OPT>
</LIST>
<LIST ID="LIST_HOME_SEEDSANDPLANTS_SUNLIGHTEXPOSURE" TYPE="TEXT">
<OPT T="shade" V="shade"></OPT>
<OPT T="partial-shade" V="partial-shade"></OPT>
<OPT T="partial-sun" V="partial-sun"></OPT>
<OPT T="full-sun" V="full-sun"></OPT>
</LIST>
<LIST ID="LIST_HOME_SEEDSANDPLANTS_SUNSETCLIMATEZONE" TYPE="TEXT">
<OPT T="1" V="1"></OPT>
<OPT T="2" V="2"></OPT>
<OPT T="3" V="3"></OPT>
<OPT T="4" V="4"></OPT>
<OPT T="5" V="5"></OPT>
<OPT T="6" V="6"></OPT>
<OPT T="7" V="7"></OPT>
<OPT T="8" V="8"></OPT>
<OPT T="9" V="9"></OPT>
<OPT T="10" V="10"></OPT>
<OPT T="11" V="11"></OPT>
<OPT T="12" V="12"></OPT>
<OPT T="13" V="13"></OPT>
<OPT T="14" V="14"></OPT>
<OPT T="15" V="15"></OPT>
<OPT T="16" V="16"></OPT>
<OPT T="17" V="17"></OPT>
<OPT T="18" V="18"></OPT>
<OPT T="19" V="19"></OPT>
<OPT T="20" V="20"></OPT>
<OPT T="21" V="21"></OPT>
<OPT T="22" V="22"></OPT>
<OPT T="23" V="23"></OPT>
<OPT T="24" V="24"></OPT>
</LIST>
<LIST ID="LIST_HOME_SEEDSANDPLANTS_USDAHARDINESSZONE" TYPE="TEXT">
<OPT T="1" V="1"></OPT>
<OPT T="2" V="2"></OPT>
<OPT T="3" V="3"></OPT>
<OPT T="4" V="4"></OPT>
<OPT T="5" V="5"></OPT>
<OPT T="6" V="6"></OPT>
<OPT T="7" V="7"></OPT>
<OPT T="8" V="8"></OPT>
<OPT T="9" V="9"></OPT>
<OPT T="10" V="10"></OPT>
<OPT T="11" V="11"></OPT>
</LIST>
<LIST ID="LIST_HOME_SEEDSANDPLANTS_VARIATIONTHEME" TYPE="TEXT">
<OPT T="Size" V="Size"></OPT>
<OPT T="Color" V="Color"></OPT>
<OPT T="Size-Color" V="Size-Color"></OPT>
</LIST>


<!-- ******* -->
<ELEMENT ID="CQGNLSD" PROMPT="Home:SeedsAndPlants" TYPE="HIDDEN" DATA="product:amz:catalog"></ELEMENT>
<ELEMENT ID="CQGNLSE" PROMPT="Home Parentage" LIST="LIST_HOME_PARENTAGE" TYPE="SELECT" DATA="product:amz:prod_home_home_parentage"></ELEMENT>
<ELEMENT ID="CQGNLSF" PROMPT="Country Produced In" DEFAULT="" TYPE="TEXTBOX" DATA="product:amz:prod_home_countryproducedin" MANDATORY="Y"></ELEMENT>
<ELEMENT ID="CQGNLSG" PROMPT="DisplayLength" DEFAULT="" TYPE="NUMBER" DATA="product:amz:prod_home_displaylength"></ELEMENT>
<ELEMENT ID="CQGNLSH" PROMPT="DisplayWidth" DEFAULT="" TYPE="NUMBER" DATA="product:amz:prod_home_displaywidth"></ELEMENT>
<ELEMENT ID="CQGNLSI" PROMPT="DisplayHeight" DEFAULT="" TYPE="NUMBER" DATA="product:amz:prod_home_displayheight"></ELEMENT>
<ELEMENT ID="CQGNLSJ" PROMPT="DisplayDepth" DEFAULT="" TYPE="NUMBER" DATA="product:amz:prod_home_displaydepth"></ELEMENT>
<ELEMENT ID="CQGNLSK" PROMPT="DisplayDiameter" DEFAULT="" TYPE="NUMBER" DATA="product:amz:prod_home_displaydiameter"></ELEMENT>
<ELEMENT ID="CQGNLSL" PROMPT="DisplayWeight" DEFAULT="" TYPE="NUMBER" DATA="product:amz:prod_home_displayweight"></ELEMENT>
<ELEMENT ID="CQGNLSM" PROMPT="ItemPackageQuantity" DEFAULT="1" TYPE="NUMBER" DATA="product:amz:prod_home_itempackagequantity"></ELEMENT>
<ELEMENT ID="CQGNLSN" PROMPT="Home Manufacturer Warranty Description" LIST="LIST_HOME_MANUFACTURERWARRANTYDESCRIPTION" TYPE="SELECT" DATA="product:amz:prod_home_home_manufacturerwarrantydescription"></ELEMENT>
<ELEMENT ID="CQGNLSO" PROMPT="Volume Capacity" DEFAULT="" TYPE="TEXTBOX" DATA="product:amz:prod_home_volumecapacity" MANDATORY="Y"></ELEMENT>
<ELEMENT ID="CQGNLSP" PROMPT="Color Map" LIST="LIST_BASE_COLORMAP" TYPE="SELECT" DATA="product:amz:prod_base_colormap"></ELEMENT>
<ELEMENT ID="CQGNLSQ" PROMPT="Seeds And Plants Moisture Needs" LIST="LIST_HOME_SEEDSANDPLANTS_MOISTURENEEDS" TYPE="SELECT" DATA="product:amz:prod_home_seedsandplants_moistureneeds"></ELEMENT>
<ELEMENT ID="CQGNLSR" PROMPT="Spread" DEFAULT="" TYPE="NUMBER" DATA="product:amz:prod_home_spread"></ELEMENT>
<ELEMENT ID="CQGNLSS" PROMPT="Seeds And Plants Sunlight Exposure" LIST="LIST_HOME_SEEDSANDPLANTS_SUNLIGHTEXPOSURE" TYPE="SELECT" DATA="product:amz:prod_home_seedsandplants_sunlightexposure"></ELEMENT>
<ELEMENT ID="CQGNLST" PROMPT="Seeds And Plants Sunset Climate Zone" LIST="LIST_HOME_SEEDSANDPLANTS_SUNSETCLIMATEZONE" TYPE="SELECT" DATA="product:amz:prod_home_seedsandplants_sunsetclimatezone"></ELEMENT>
<ELEMENT ID="CQGNLSU" PROMPT="Seeds And Plants U S D A Hardiness Zone" LIST="LIST_HOME_SEEDSANDPLANTS_USDAHARDINESSZONE" TYPE="SELECT" DATA="product:amz:prod_home_seedsandplants_usdahardinesszone"></ELEMENT>
<ELEMENT ID="CQGNLSV" PROMPT="Seeds And Plants Variation Theme" LIST="LIST_HOME_SEEDSANDPLANTS_VARIATIONTHEME" TYPE="SELECT" DATA="product:amz:prod_home_seedsandplants_variationtheme"></ELEMENT>
<ELEMENT ID="CQGNLSW" PROMPT="Size" DEFAULT="" TYPE="TEXTBOX" DATA="product:amz:prod_home_size" MANDATORY="Y"></ELEMENT>
<ELEMENT ID="CQGNLSX" PROMPT="Color" DEFAULT="" TYPE="TEXTBOX" DATA="product:amz:prod_home_color" MANDATORY="Y"></ELEMENT>

</TEMPLATE>