<TEMPLATE ID="amz.jewerly.finenecklacebraceletanklet" FORMAT="DEFINITION">
<LIST ID="LIST_JEWELRY_FINENECKLACEBRACELETANKLET_PARENTAGE" TYPE="TEXT">
<OPT T="parent" V="parent"></OPT>
<OPT T="child" V="child"></OPT>
</LIST>
<LIST ID="LIST_JEWELRY_FINENECKLACEBRACELETANKLET_VARIATIONTHEME" TYPE="TEXT">
<OPT T="Length" V="Length"></OPT>
<OPT T="MetalType" V="MetalType"></OPT>
<OPT T="SizePerPearl" V="SizePerPearl"></OPT>
<OPT T="TotalDiamondWeight" V="TotalDiamondWeight"></OPT>
<OPT T="Length-TotalDiamondWeight" V="Length-TotalDiamondWeight"></OPT>
<OPT T="Length-SizePerPearl" V="Length-SizePerPearl"></OPT>
<OPT T="MetalType-TotalDiamondWeight" V="MetalType-TotalDiamondWeight"></OPT>
<OPT T="MetalType-SizePerPearl" V="MetalType-SizePerPearl"></OPT>
</LIST>


<!-- ******* -->
<ELEMENT ID="CQGNLUQ" PROMPT="Jewelry:FineNecklaceBraceletAnklet" TYPE="HIDDEN" DATA="product:amz:catalog"></ELEMENT>
<ELEMENT ID="CQGNLUR" PROMPT="Fine Necklace Bracelet Anklet Parentage" LIST="LIST_JEWELRY_FINENECKLACEBRACELETANKLET_PARENTAGE" TYPE="SELECT" DATA="product:amz:prod_jewelry_finenecklacebraceletanklet_parentage"></ELEMENT>
<ELEMENT ID="CQGNLUS" PROMPT="Fine Necklace Bracelet Anklet Variation Theme" LIST="LIST_JEWELRY_FINENECKLACEBRACELETANKLET_VARIATIONTHEME" TYPE="SELECT" DATA="product:amz:prod_jewelry_finenecklacebraceletanklet_variationtheme"></ELEMENT>
<ELEMENT ID="CQGNLUT" PROMPT="Length" DEFAULT="" TYPE="NUMBER" DATA="product:amz:prod_jewelry_length"></ELEMENT>
<ELEMENT ID="CQGNLUU" PROMPT="Metal Type" DEFAULT="" TYPE="TEXTBOX" DATA="product:amz:prod_jewelry_metaltype" MANDATORY="Y"></ELEMENT>
<ELEMENT ID="CQGNLUV" PROMPT="Total Diamond Weight" DEFAULT="" TYPE="TEXTBOX" DATA="product:amz:prod_jewelry_totaldiamondweight" MANDATORY="Y"></ELEMENT>
<ELEMENT ID="CQGNLUW" PROMPT="Clasp Type" DEFAULT="" TYPE="TEXTBOX" DATA="product:amz:prod_jewelry_clasptype" MANDATORY="Y"></ELEMENT>
<ELEMENT ID="CQGNLUX" PROMPT="Material_1" DEFAULT="" TYPE="TEXTBOX" DATA="product:amz:prod_jewelry_material_1" MANDATORY="Y"></ELEMENT>
<ELEMENT ID="CQGNLUY" PROMPT="Material_2" DEFAULT="" TYPE="TEXTBOX" DATA="product:amz:prod_jewelry_material_2"></ELEMENT>
<ELEMENT ID="CQGNLUZ" PROMPT="Material_3" DEFAULT="" TYPE="TEXTBOX" DATA="product:amz:prod_jewelry_material_3"></ELEMENT>
<ELEMENT ID="CQGNLVA" PROMPT="Material_4" DEFAULT="" TYPE="TEXTBOX" DATA="product:amz:prod_jewelry_material_4"></ELEMENT>
<ELEMENT ID="CQGNLVB" PROMPT="Metal Stamp" DEFAULT="" TYPE="TEXTBOX" DATA="product:amz:prod_jewelry_metalstamp" MANDATORY="Y"></ELEMENT>
<ELEMENT ID="CQGNLVC" PROMPT="Setting Type" DEFAULT="" TYPE="TEXTBOX" DATA="product:amz:prod_jewelry_settingtype" MANDATORY="Y"></ELEMENT>
<ELEMENT ID="CQGNLVD" PROMPT="Pearl Type" DEFAULT="" TYPE="TEXTBOX" DATA="product:amz:prod_jewelry_pearltype" MANDATORY="Y"></ELEMENT>
<ELEMENT ID="CQGNLVE" PROMPT="Pearl Minimum Color" DEFAULT="" TYPE="TEXTBOX" DATA="product:amz:prod_jewelry_pearlminimumcolor" MANDATORY="Y"></ELEMENT>
<ELEMENT ID="CQGNLVF" PROMPT="Pearl Lustre" DEFAULT="" TYPE="TEXTBOX" DATA="product:amz:prod_jewelry_pearllustre" MANDATORY="Y"></ELEMENT>
<ELEMENT ID="CQGNLVG" PROMPT="Pearl Shape" DEFAULT="" TYPE="TEXTBOX" DATA="product:amz:prod_jewelry_pearlshape" MANDATORY="Y"></ELEMENT>
<ELEMENT ID="CQGNLVH" PROMPT="Pearl Uniformity" DEFAULT="" TYPE="TEXTBOX" DATA="product:amz:prod_jewelry_pearluniformity" MANDATORY="Y"></ELEMENT>
<ELEMENT ID="CQGNLVI" PROMPT="Pearl Surface Markings And Blemishes" DEFAULT="" TYPE="TEXTBOX" DATA="product:amz:prod_jewelry_pearlsurfacemarkingsandblemishes" MANDATORY="Y"></ELEMENT>
<ELEMENT ID="CQGNLVJ" PROMPT="Pearl Stringing Method" DEFAULT="" TYPE="TEXTBOX" DATA="product:amz:prod_jewelry_pearlstringingmethod" MANDATORY="Y"></ELEMENT>
<ELEMENT ID="CQGNLVK" PROMPT="Size Per Pearl" DEFAULT="" TYPE="TEXTBOX" DATA="product:amz:prod_jewelry_sizeperpearl" MANDATORY="Y"></ELEMENT>
<ELEMENT ID="CQGNLVL" PROMPT="Total Gem Weight" DEFAULT="" TYPE="TEXTBOX" DATA="product:amz:prod_jewelry_totalgemweight" MANDATORY="Y"></ELEMENT>
<ELEMENT ID="CQGNLVM" PROMPT="Total Metal Weight" DEFAULT="" TYPE="TEXTBOX" DATA="product:amz:prod_jewelry_totalmetalweight" MANDATORY="Y"></ELEMENT>
<ELEMENT ID="CQGNLVN" PROMPT="Diameter" DEFAULT="" TYPE="NUMBER" DATA="product:amz:prod_jewelry_diameter"></ELEMENT>
<ELEMENT ID="CQGNLVO" PROMPT="Height" DEFAULT="" TYPE="NUMBER" DATA="product:amz:prod_jewelry_height"></ELEMENT>
<ELEMENT ID="CQGNLVP" PROMPT="Width" DEFAULT="" TYPE="NUMBER" DATA="product:amz:prod_jewelry_width"></ELEMENT>
<ELEMENT ID="CQGNLVQ" PROMPT="Chain Type" DEFAULT="" TYPE="TEXTBOX" DATA="product:amz:prod_jewelry_chaintype" MANDATORY="Y"></ELEMENT>
<ELEMENT ID="CQGNLVR" PROMPT="Estate Period" DEFAULT="" TYPE="TEXTBOX" DATA="product:amz:prod_jewelry_estateperiod" MANDATORY="Y"></ELEMENT>
<ELEMENT ID="CQGNLVS" PROMPT="NumberOfStones" DEFAULT="" TYPE="NUMBER" DATA="product:amz:prod_jewelry_numberofstones"></ELEMENT>
<ELEMENT ID="CQGNLVT" PROMPT="Pearl Type" DEFAULT="" TYPE="TEXTBOX" DATA="product:amz:prod_jewelry_pearltype" MANDATORY="Y"></ELEMENT>
<ELEMENT ID="CQGNLVU" PROMPT="Pearl Minimum Color" DEFAULT="" TYPE="TEXTBOX" DATA="product:amz:prod_jewelry_pearlminimumcolor" MANDATORY="Y"></ELEMENT>
<ELEMENT ID="CQGNLVV" PROMPT="Pearl Lustre" DEFAULT="" TYPE="TEXTBOX" DATA="product:amz:prod_jewelry_pearllustre" MANDATORY="Y"></ELEMENT>
<ELEMENT ID="CQGNLVW" PROMPT="Pearl Shape" DEFAULT="" TYPE="TEXTBOX" DATA="product:amz:prod_jewelry_pearlshape" MANDATORY="Y"></ELEMENT>
<ELEMENT ID="CQGNLVX" PROMPT="Pearl Uniformity" DEFAULT="" TYPE="TEXTBOX" DATA="product:amz:prod_jewelry_pearluniformity" MANDATORY="Y"></ELEMENT>
<ELEMENT ID="CQGNLVY" PROMPT="Pearl Surface Markings And Blemishes" DEFAULT="" TYPE="TEXTBOX" DATA="product:amz:prod_jewelry_pearlsurfacemarkingsandblemishes" MANDATORY="Y"></ELEMENT>
<ELEMENT ID="CQGNLVZ" PROMPT="Pearl Stringing Method" DEFAULT="" TYPE="TEXTBOX" DATA="product:amz:prod_jewelry_pearlstringingmethod" MANDATORY="Y"></ELEMENT>
<ELEMENT ID="CQGNLWA" PROMPT="Size Per Pearl" DEFAULT="" TYPE="TEXTBOX" DATA="product:amz:prod_jewelry_sizeperpearl" MANDATORY="Y"></ELEMENT>
<ELEMENT ID="CQGNLWB" PROMPT="NumberOfPearls" DEFAULT="" TYPE="NUMBER" DATA="product:amz:prod_jewelry_numberofpearls"></ELEMENT>
<ELEMENT ID="CQGNLWC" PROMPT="Pearl Type" DEFAULT="" TYPE="TEXTBOX" DATA="product:amz:prod_jewelry_pearltype" MANDATORY="Y"></ELEMENT>
<ELEMENT ID="CQGNLWD" PROMPT="Pearl Minimum Color" DEFAULT="" TYPE="TEXTBOX" DATA="product:amz:prod_jewelry_pearlminimumcolor" MANDATORY="Y"></ELEMENT>
<ELEMENT ID="CQGNLWE" PROMPT="Pearl Lustre" DEFAULT="" TYPE="TEXTBOX" DATA="product:amz:prod_jewelry_pearllustre" MANDATORY="Y"></ELEMENT>
<ELEMENT ID="CQGNLWF" PROMPT="Pearl Shape" DEFAULT="" TYPE="TEXTBOX" DATA="product:amz:prod_jewelry_pearlshape" MANDATORY="Y"></ELEMENT>
<ELEMENT ID="CQGNLWG" PROMPT="Pearl Uniformity" DEFAULT="" TYPE="TEXTBOX" DATA="product:amz:prod_jewelry_pearluniformity" MANDATORY="Y"></ELEMENT>
<ELEMENT ID="CQGNLWH" PROMPT="Pearl Surface Markings And Blemishes" DEFAULT="" TYPE="TEXTBOX" DATA="product:amz:prod_jewelry_pearlsurfacemarkingsandblemishes" MANDATORY="Y"></ELEMENT>
<ELEMENT ID="CQGNLWI" PROMPT="Pearl Stringing Method" DEFAULT="" TYPE="TEXTBOX" DATA="product:amz:prod_jewelry_pearlstringingmethod" MANDATORY="Y"></ELEMENT>
<ELEMENT ID="CQGNLWJ" PROMPT="Size Per Pearl" DEFAULT="" TYPE="TEXTBOX" DATA="product:amz:prod_jewelry_sizeperpearl" MANDATORY="Y"></ELEMENT>

</TEMPLATE>