<TEMPLATE ID="amz.office.officeproducts" FORMAT="DEFINITION">


<!-- ******* -->
<ELEMENT ID="CQGNKLG" PROMPT="Office:OfficeProducts" TYPE="HIDDEN" DATA="product:amz:catalog"></ELEMENT>
<ELEMENT ID="CQGNKLH" PROMPT="ItemPackageQuantity" DEFAULT="1" TYPE="NUMBER" DATA="product:amz:prod_office_itempackagequantity"></ELEMENT>
<ELEMENT ID="CQGNKLI" PROMPT="Material Type_1" DEFAULT="" TYPE="TEXTBOX" DATA="product:amz:prod_office_materialtype_1" MANDATORY="Y"></ELEMENT>
<ELEMENT ID="CQGNKLJ" PROMPT="Material Type_2" DEFAULT="" TYPE="TEXTBOX" DATA="product:amz:prod_office_materialtype_2"></ELEMENT>

</TEMPLATE>