<TEMPLATE ID="amz.home.kitchen" FORMAT="DEFINITION">
<LIST ID="LIST_BASE_COLORMAP">
<OPT T="black" V="black"></OPT>
<OPT T="blue" V="blue"></OPT>
<OPT T="bronze" V="bronze"></OPT>
<OPT T="brown" V="brown"></OPT>
<OPT T="gold" V="gold"></OPT>
<OPT T="gray" V="gray"></OPT>
<OPT T="green" V="green"></OPT>
<OPT T="metallic" V="metallic"></OPT>
<OPT T="off-white" V="off-white"></OPT>
<OPT T="orange" V="orange"></OPT>
<OPT T="pink" V="pink"></OPT>
<OPT T="purple" V="purple"></OPT>
<OPT T="red" V="red"></OPT>
<OPT T="silver" V="silver"></OPT>
<OPT T="white" V="white"></OPT>
<OPT T="yellow" V="yellow"></OPT>
</LIST>
<LIST ID="LIST_HOME_KITCHEN_VARIATIONTHEME" TYPE="TEXT">
<OPT T="Size" V="Size"></OPT>
<OPT T="Color" V="Color"></OPT>
<OPT T="Size-Color" V="Size-Color"></OPT>
</LIST>


<!-- ******* -->
<ELEMENT ID="CQGNLML" PROMPT="Home:Kitchen" TYPE="HIDDEN" DATA="product:amz:catalog"></ELEMENT>
<ELEMENT ID="CQGNLMM" PROMPT="Home Parentage" LIST="LIST_HOME_PARENTAGE" TYPE="SELECT" DATA="product:amz:prod_home_home_parentage"></ELEMENT>
<ELEMENT ID="CQGNLMN" PROMPT="Country Produced In" DEFAULT="" TYPE="TEXTBOX" DATA="product:amz:prod_home_countryproducedin" MANDATORY="Y"></ELEMENT>
<ELEMENT ID="CQGNLMO" PROMPT="DisplayLength" DEFAULT="" TYPE="NUMBER" DATA="product:amz:prod_home_displaylength"></ELEMENT>
<ELEMENT ID="CQGNLMP" PROMPT="DisplayWidth" DEFAULT="" TYPE="NUMBER" DATA="product:amz:prod_home_displaywidth"></ELEMENT>
<ELEMENT ID="CQGNLMQ" PROMPT="DisplayHeight" DEFAULT="" TYPE="NUMBER" DATA="product:amz:prod_home_displayheight"></ELEMENT>
<ELEMENT ID="CQGNLMR" PROMPT="DisplayDepth" DEFAULT="" TYPE="NUMBER" DATA="product:amz:prod_home_displaydepth"></ELEMENT>
<ELEMENT ID="CQGNLMS" PROMPT="DisplayDiameter" DEFAULT="" TYPE="NUMBER" DATA="product:amz:prod_home_displaydiameter"></ELEMENT>
<ELEMENT ID="CQGNLMT" PROMPT="DisplayWeight" DEFAULT="" TYPE="NUMBER" DATA="product:amz:prod_home_displayweight"></ELEMENT>
<ELEMENT ID="CQGNLMU" PROMPT="ItemPackageQuantity" DEFAULT="1" TYPE="NUMBER" DATA="product:amz:prod_home_itempackagequantity"></ELEMENT>
<ELEMENT ID="CQGNLMV" PROMPT="Home Manufacturer Warranty Description" LIST="LIST_HOME_MANUFACTURERWARRANTYDESCRIPTION" TYPE="SELECT" DATA="product:amz:prod_home_home_manufacturerwarrantydescription"></ELEMENT>
<ELEMENT ID="CQGNLMW" PROMPT="Volume Capacity" DEFAULT="" TYPE="TEXTBOX" DATA="product:amz:prod_home_volumecapacity" MANDATORY="Y"></ELEMENT>
<ELEMENT ID="CQGNLMX" PROMPT="Color Map" LIST="LIST_BASE_COLORMAP" TYPE="SELECT" DATA="product:amz:prod_base_colormap"></ELEMENT>
<ELEMENT ID="CQGNLMY" PROMPT="Material" DEFAULT="" TYPE="TEXTBOX" DATA="product:amz:prod_home_material" MANDATORY="Y"></ELEMENT>
<ELEMENT ID="CQGNLMZ" PROMPT="NumberOfSets" DEFAULT="" TYPE="NUMBER" DATA="product:amz:prod_home_numberofsets"></ELEMENT>
<ELEMENT ID="CQGNLNA" PROMPT="ThreadCount" DEFAULT="" TYPE="NUMBER" DATA="product:amz:prod_home_threadcount"></ELEMENT>
<ELEMENT ID="CQGNLNB" PROMPT="Kitchen Variation Theme" LIST="LIST_HOME_KITCHEN_VARIATIONTHEME" TYPE="SELECT" DATA="product:amz:prod_home_kitchen_variationtheme"></ELEMENT>
<ELEMENT ID="CQGNLNC" PROMPT="Size" DEFAULT="" TYPE="TEXTBOX" DATA="product:amz:prod_home_size" MANDATORY="Y"></ELEMENT>
<ELEMENT ID="CQGNLND" PROMPT="Color" DEFAULT="" TYPE="TEXTBOX" DATA="product:amz:prod_home_color" MANDATORY="Y"></ELEMENT>
<ELEMENT ID="CQGNLNE" PROMPT="Wattage" DEFAULT="" TYPE="NUMBER" DATA="product:amz:prod_home_wattage"></ELEMENT>

</TEMPLATE>