<TEMPLATE ID="amz.software.videogames" FORMAT="DEFINITION">


<!-- ******* -->
<ELEMENT ID="CQGNMMF" PROMPT="SoftwareVideoGames:VideoGames" TYPE="HIDDEN" DATA="product:amz:catalog"></ELEMENT>
<ELEMENT ID="CQGNMMG" PROMPT="Console Video Games Genre_1" DEFAULT="" TYPE="TEXTBOX" DATA="product:amz:prod_software_consolevideogamesgenre_1" MANDATORY="Y"></ELEMENT>
<ELEMENT ID="CQGNMMH" PROMPT="Console Video Games Genre_2" DEFAULT="" TYPE="TEXTBOX" DATA="product:amz:prod_software_consolevideogamesgenre_2"></ELEMENT>
<ELEMENT ID="CQGNMMI" PROMPT="Console Video Games Genre_3" DEFAULT="" TYPE="TEXTBOX" DATA="product:amz:prod_software_consolevideogamesgenre_3"></ELEMENT>
<ELEMENT ID="CQGNMMJ" PROMPT="Console Video Games Genre_4" DEFAULT="" TYPE="TEXTBOX" DATA="product:amz:prod_software_consolevideogamesgenre_4"></ELEMENT>
<ELEMENT ID="CQGNMMK" PROMPT="Console Video Games Genre_5" DEFAULT="" TYPE="TEXTBOX" DATA="product:amz:prod_software_consolevideogamesgenre_5"></ELEMENT>
<ELEMENT ID="CQGNMML" PROMPT="E S R B Rating" DEFAULT="" TYPE="TEXTBOX" DATA="product:amz:prod_software_esrbrating" MANDATORY="Y"></ELEMENT>
<ELEMENT ID="CQGNMMM" PROMPT="Hardware Platform" DEFAULT="" TYPE="TEXTBOX" DATA="product:amz:prod_software_hardwareplatform" MANDATORY="Y"></ELEMENT>
<ELEMENT ID="CQGNMMN" PROMPT="Bundles" DEFAULT="" TYPE="TEXTBOX" DATA="product:amz:prod_software_bundles" MANDATORY="Y"></ELEMENT>
<ELEMENT ID="CQGNMMO" PROMPT="E S R B Descriptors_1" DEFAULT="" TYPE="TEXTBOX" DATA="product:amz:prod_software_esrbdescriptors_1" MANDATORY="Y"></ELEMENT>
<ELEMENT ID="CQGNMMP" PROMPT="E S R B Descriptors_2" DEFAULT="" TYPE="TEXTBOX" DATA="product:amz:prod_software_esrbdescriptors_2"></ELEMENT>
<ELEMENT ID="CQGNMMQ" PROMPT="E S R B Descriptors_3" DEFAULT="" TYPE="TEXTBOX" DATA="product:amz:prod_software_esrbdescriptors_3"></ELEMENT>
<ELEMENT ID="CQGNMMR" PROMPT="E S R B Descriptors_4" DEFAULT="" TYPE="TEXTBOX" DATA="product:amz:prod_software_esrbdescriptors_4"></ELEMENT>
<ELEMENT ID="CQGNMMS" PROMPT="E S R B Descriptors_5" DEFAULT="" TYPE="TEXTBOX" DATA="product:amz:prod_software_esrbdescriptors_5"></ELEMENT>
<ELEMENT ID="CQGNMMT" PROMPT="MaxNumberOfPlayers" DEFAULT="" TYPE="NUMBER" DATA="product:amz:prod_software_maxnumberofplayers"></ELEMENT>

</TEMPLATE>