<TEMPLATE ID="amz.camera.telescope" FORMAT="DEFINITION">
<LIST ID="LIST_CAMERA_TELESCOPE_TELESCOPETYPE" TYPE="TEXT">
<OPT T="general" V="general"></OPT>
<OPT T="mirror-lens" V="mirror-lens"></OPT>
<OPT T="schmidt-cassegrain" V="schmidt-cassegrain"></OPT>
<OPT T="maksutov-cassegrain" V="maksutov-cassegrain"></OPT>
<OPT T="reflecting" V="reflecting"></OPT>
<OPT T="newtonian-reflector" V="newtonian-reflector"></OPT>
<OPT T="rich-field-reflector" V="rich-field-reflector"></OPT>
<OPT T="dobsonian-reflector" V="dobsonian-reflector"></OPT>
<OPT T="refracting" V="refracting"></OPT>
<OPT T="achromatic-refractor" V="achromatic-refractor"></OPT>
<OPT T="apochromatic-refractor" V="apochromatic-refractor"></OPT>
</LIST>
<LIST ID="LIST_CAMERA_TELESCOPE_PRIMARYAPERTURE" TYPE="TEXT">
<OPT T="under-80mm" V="under-80mm"></OPT>
<OPT T="80mm-90mm" V="80mm-90mm"></OPT>
<OPT T="100mm-150mm" V="100mm-150mm"></OPT>
<OPT T="150mm-200mm" V="150mm-200mm"></OPT>
<OPT T="over-200mm" V="over-200mm"></OPT>
</LIST>
<LIST ID="LIST_BASE_COMPUTERPLATFORM_TYPE">
<OPT T="windows" V="windows"></OPT>
<OPT T="mac" V="mac"></OPT>
<OPT T="linux" V="linux"></OPT>
</LIST>


<!-- ******* -->
<ELEMENT ID="CQGNLIH" PROMPT="CameraPhoto:Telescope" TYPE="HIDDEN" DATA="product:amz:catalog"></ELEMENT>
<ELEMENT ID="CQGNLII" PROMPT="Manufacturer" DEFAULT="" TYPE="TEXTBOX" DATA="product:zoovy:prod_mfg" MANDATORY="Y"></ELEMENT>
<ELEMENT ID="CQGNLIJ" PROMPT="Model Name" DEFAULT="" TYPE="TEXTBOX" DATA="product:zoovy:prod_mfgmodel" MANDATORY="Y"></ELEMENT>
<ELEMENT ID="CQGNLIK" PROMPT="Model Number" DEFAULT="" TYPE="TEXTBOX" DATA="product:zoovy:prod_mfgmodelid" MANDATORY="Y"></ELEMENT>
<ELEMENT ID="CQGNLIL" PROMPT="Mfr Part Number" DEFAULT="" TYPE="TEXTBOX" DATA="product:zoovy:prod_mfgid" MANDATORY="Y"></ELEMENT>
<ELEMENT ID="CQGNLIM" PROMPT="Color" DEFAULT="" TYPE="TEXTBOX" DATA="product:zoovy:prod_color" MANDATORY="Y"></ELEMENT>
<ELEMENT ID="CQGNLIN" PROMPT="Items Included" DEFAULT="" TYPE="TEXTBOX" DATA="product:zoovy:prod_included" MANDATORY="Y"></ELEMENT>
<ELEMENT ID="CQGNLIO" PROMPT="Keywords_1" DEFAULT="" TYPE="TEXTBOX" DATA="product:zoovy:keywords_1" MANDATORY="Y"></ELEMENT>
<ELEMENT ID="CQGNLIP" PROMPT="Keywords_2" DEFAULT="" TYPE="TEXTBOX" DATA="product:zoovy:keywords_2"></ELEMENT>
<ELEMENT ID="CQGNLIQ" PROMPT="Keywords_3" DEFAULT="" TYPE="TEXTBOX" DATA="product:zoovy:keywords_3"></ELEMENT>
<ELEMENT ID="CQGNLIR" PROMPT="Keywords_4" DEFAULT="" TYPE="TEXTBOX" DATA="product:zoovy:keywords_4"></ELEMENT>
<ELEMENT ID="CQGNLIS" PROMPT="Keywords_5" DEFAULT="" TYPE="TEXTBOX" DATA="product:zoovy:keywords_5"></ELEMENT>
<ELEMENT ID="CQGNLIT" PROMPT="Platinum Keywords_1" DEFAULT="" TYPE="TEXTBOX" DATA="product:amz:platinum_keywords_1" MANDATORY="Y"></ELEMENT>
<ELEMENT ID="CQGNLIU" PROMPT="Platinum Keywords_2" DEFAULT="" TYPE="TEXTBOX" DATA="product:amz:platinum_keywords_2"></ELEMENT>
<ELEMENT ID="CQGNLIV" PROMPT="Platinum Keywords_3" DEFAULT="" TYPE="TEXTBOX" DATA="product:amz:platinum_keywords_3"></ELEMENT>
<ELEMENT ID="CQGNLIW" PROMPT="Platinum Keywords_4" DEFAULT="" TYPE="TEXTBOX" DATA="product:amz:platinum_keywords_4"></ELEMENT>
<ELEMENT ID="CQGNLIX" PROMPT="Platinum Keywords_5" DEFAULT="" TYPE="TEXTBOX" DATA="product:amz:platinum_keywords_5"></ELEMENT>
<ELEMENT ID="CQGNLIY" PROMPT="Platinum Keywords_6" DEFAULT="" TYPE="TEXTBOX" DATA="product:amz:platinum_keywords_6"></ELEMENT>
<ELEMENT ID="CQGNLIZ" PROMPT="Platinum Keywords_7" DEFAULT="" TYPE="TEXTBOX" DATA="product:amz:platinum_keywords_7"></ELEMENT>
<ELEMENT ID="CQGNLJA" PROMPT="Platinum Keywords_8" DEFAULT="" TYPE="TEXTBOX" DATA="product:amz:platinum_keywords_8"></ELEMENT>
<ELEMENT ID="CQGNLJB" PROMPT="Platinum Keywords_9" DEFAULT="" TYPE="TEXTBOX" DATA="product:amz:platinum_keywords_9"></ELEMENT>
<ELEMENT ID="CQGNLJC" PROMPT="Platinum Keywords_10" DEFAULT="" TYPE="TEXTBOX" DATA="product:amz:platinum_keywords_10"></ELEMENT>
<ELEMENT ID="CQGNLJD" PROMPT="Platinum Keywords_11" DEFAULT="" TYPE="TEXTBOX" DATA="product:amz:platinum_keywords_11"></ELEMENT>
<ELEMENT ID="CQGNLJE" PROMPT="Platinum Keywords_12" DEFAULT="" TYPE="TEXTBOX" DATA="product:amz:platinum_keywords_12"></ELEMENT>
<ELEMENT ID="CQGNLJF" PROMPT="Platinum Keywords_13" DEFAULT="" TYPE="TEXTBOX" DATA="product:amz:platinum_keywords_13"></ELEMENT>
<ELEMENT ID="CQGNLJG" PROMPT="Platinum Keywords_14" DEFAULT="" TYPE="TEXTBOX" DATA="product:amz:platinum_keywords_14"></ELEMENT>
<ELEMENT ID="CQGNLJH" PROMPT="Platinum Keywords_15" DEFAULT="" TYPE="TEXTBOX" DATA="product:amz:platinum_keywords_15"></ELEMENT>
<ELEMENT ID="CQGNLJI" PROMPT="Platinum Keywords_16" DEFAULT="" TYPE="TEXTBOX" DATA="product:amz:platinum_keywords_16"></ELEMENT>
<ELEMENT ID="CQGNLJJ" PROMPT="Platinum Keywords_17" DEFAULT="" TYPE="TEXTBOX" DATA="product:amz:platinum_keywords_17"></ELEMENT>
<ELEMENT ID="CQGNLJK" PROMPT="Platinum Keywords_18" DEFAULT="" TYPE="TEXTBOX" DATA="product:amz:platinum_keywords_18"></ELEMENT>
<ELEMENT ID="CQGNLJL" PROMPT="Platinum Keywords_19" DEFAULT="" TYPE="TEXTBOX" DATA="product:amz:platinum_keywords_19"></ELEMENT>
<ELEMENT ID="CQGNLJM" PROMPT="Platinum Keywords_20" DEFAULT="" TYPE="TEXTBOX" DATA="product:amz:platinum_keywords_20"></ELEMENT>
<ELEMENT ID="CQGNLJN" PROMPT="Telescope Telescope Type" LIST="LIST_CAMERA_TELESCOPE_TELESCOPETYPE" TYPE="SELECT" DATA="product:amz:prod_camera_telescope_telescopetype"></ELEMENT>
<ELEMENT ID="CQGNLJO" PROMPT="Min Aperture" DEFAULT="" TYPE="TEXTBOX" DATA="product:amz:prod_camera_minaperture" MANDATORY="Y"></ELEMENT>
<ELEMENT ID="CQGNLJP" PROMPT="Max Aperture" DEFAULT="" TYPE="TEXTBOX" DATA="product:amz:prod_camera_maxaperture" MANDATORY="Y"></ELEMENT>
<ELEMENT ID="CQGNLJQ" PROMPT="Telescope Primary Aperture" LIST="LIST_CAMERA_TELESCOPE_PRIMARYAPERTURE" TYPE="SELECT" DATA="product:amz:prod_camera_telescope_primaryaperture"></ELEMENT>
<ELEMENT ID="CQGNLJR" PROMPT="FocalLength" DEFAULT="" TYPE="NUMBER" DATA="product:amz:prod_camera_focallength"></ELEMENT>
<ELEMENT ID="CQGNLJS" PROMPT="Resolving Power" DEFAULT="" TYPE="TEXTBOX" DATA="product:amz:prod_camera_resolvingpower" MANDATORY="Y"></ELEMENT>
<ELEMENT ID="CQGNLJT" PROMPT="Mount" DEFAULT="" TYPE="TEXTBOX" DATA="product:amz:prod_camera_mount" MANDATORY="Y"></ELEMENT>
<ELEMENT ID="CQGNLJU" PROMPT="Highest Useful Magnification" DEFAULT="" TYPE="TEXTBOX" DATA="product:amz:prod_camera_highestusefulmagnification" MANDATORY="Y"></ELEMENT>
<ELEMENT ID="CQGNLJV" PROMPT="Lowest Useful Magnification" DEFAULT="" TYPE="TEXTBOX" DATA="product:amz:prod_camera_lowestusefulmagnification" MANDATORY="Y"></ELEMENT>
<ELEMENT ID="CQGNLJW" PROMPT="OpticalTubeLength" DEFAULT="" TYPE="NUMBER" DATA="product:amz:prod_camera_opticaltubelength"></ELEMENT>
<ELEMENT ID="CQGNLJX" PROMPT="OpticalTubeDiameter" DEFAULT="" TYPE="NUMBER" DATA="product:amz:prod_camera_opticaltubediameter"></ELEMENT>
<ELEMENT ID="CQGNLJY" PROMPT="Optical Coatings" DEFAULT="" TYPE="TEXTBOX" DATA="product:amz:prod_camera_opticalcoatings" MANDATORY="Y"></ELEMENT>
<ELEMENT ID="CQGNLJZ" PROMPT="Motorized Controls" DEFAULT="" TYPE="TEXTBOX" DATA="product:amz:prod_camera_motorizedcontrols" MANDATORY="Y"></ELEMENT>
<ELEMENT ID="CQGNLKA" PROMPT="Viewfinder" DEFAULT="" TYPE="TEXTBOX" DATA="product:amz:prod_camera_viewfinder" MANDATORY="Y"></ELEMENT>
<ELEMENT ID="CQGNLKB" PROMPT="Eyepiece Type" DEFAULT="" TYPE="TEXTBOX" DATA="product:amz:prod_camera_eyepiecetype" MANDATORY="Y"></ELEMENT>
<ELEMENT ID="CQGNLKC" PROMPT="Photographic Resolution" DEFAULT="" TYPE="TEXTBOX" DATA="product:amz:prod_camera_photographicresolution" MANDATORY="Y"></ELEMENT>
<ELEMENT ID="CQGNLKD" PROMPT="Dawes Limit" DEFAULT="" TYPE="TEXTBOX" DATA="product:amz:prod_camera_daweslimit" MANDATORY="Y"></ELEMENT>
<ELEMENT ID="CQGNLKE" PROMPT="Computer Platform Type" LIST="LIST_BASE_COMPUTERPLATFORM_TYPE" TYPE="SELECT" DATA="product:amz:prod_base_computerplatform_type"></ELEMENT>
<ELEMENT ID="CQGNLKF" PROMPT="System Requirements" DEFAULT="" TYPE="TEXTBOX" DATA="product:amz:prod_base_systemrequirements" MANDATORY="Y"></ELEMENT>
<ELEMENT ID="CQGNLKG" PROMPT="Battery Type" DEFAULT="" TYPE="TEXTBOX" DATA="product:amz:prod_camera_batterytype" MANDATORY="Y"></ELEMENT>
<ELEMENT ID="CQGNLKH" PROMPT="Battery Included" TYPE="CHECKBOX" DATA="product:amz:prod_camera_batteryincluded"></ELEMENT>

</TEMPLATE>