<TEMPLATE ID="amz.software.handheldsoftwaredownloads" FORMAT="DEFINITION">


<!-- ******* -->
<ELEMENT ID="CQGNMIK" PROMPT="SoftwareVideoGames:HandheldSoftwareDownloads" TYPE="HIDDEN" DATA="product:amz:catalog"></ELEMENT>
<ELEMENT ID="CQGNMIL" PROMPT="Application Version" DEFAULT="" TYPE="TEXTBOX" DATA="product:amz:prod_software_applicationversion" MANDATORY="Y"></ELEMENT>
<ELEMENT ID="CQGNMIM" PROMPT="Hardware Platform" DEFAULT="" TYPE="TEXTBOX" DATA="product:amz:prod_software_hardwareplatform" MANDATORY="Y"></ELEMENT>
<ELEMENT ID="CQGNMIN" PROMPT="System Requirements" DEFAULT="N/A" TYPE="TEXTBOX" DATA="product:amz:prod_software_systemrequirements" MANDATORY="Y"></ELEMENT>
<ELEMENT ID="CQGNMIO" PROMPT="Operating System_1" DEFAULT="" TYPE="TEXTBOX" DATA="product:amz:prod_software_operatingsystem_1" MANDATORY="Y"></ELEMENT>
<ELEMENT ID="CQGNMIP" PROMPT="Operating System_2" DEFAULT="" TYPE="TEXTBOX" DATA="product:amz:prod_software_operatingsystem_2"></ELEMENT>
<ELEMENT ID="CQGNMIQ" PROMPT="Operating System_3" DEFAULT="" TYPE="TEXTBOX" DATA="product:amz:prod_software_operatingsystem_3"></ELEMENT>
<ELEMENT ID="CQGNMIR" PROMPT="Operating System_4" DEFAULT="" TYPE="TEXTBOX" DATA="product:amz:prod_software_operatingsystem_4"></ELEMENT>
<ELEMENT ID="CQGNMIS" PROMPT="Operating System_5" DEFAULT="" TYPE="TEXTBOX" DATA="product:amz:prod_software_operatingsystem_5"></ELEMENT>
<ELEMENT ID="CQGNMIT" PROMPT="Operating System_6" DEFAULT="" TYPE="TEXTBOX" DATA="product:amz:prod_software_operatingsystem_6"></ELEMENT>
<ELEMENT ID="CQGNMIU" PROMPT="Operating System_7" DEFAULT="" TYPE="TEXTBOX" DATA="product:amz:prod_software_operatingsystem_7"></ELEMENT>
<ELEMENT ID="CQGNMIV" PROMPT="System Requirements" DEFAULT="" TYPE="TEXTBOX" DATA="product:amz:prod_software_systemrequirements" MANDATORY="Y"></ELEMENT>
<ELEMENT ID="CQGNMIW" PROMPT="NumberOfLicenses" DEFAULT="" TYPE="NUMBER" DATA="product:amz:prod_software_numberoflicenses"></ELEMENT>

</TEMPLATE>