<TEMPLATE ID="amz.jewerly.fashionearring" FORMAT="DEFINITION">
<LIST ID="LIST_JEWELRY_FASHIONEARRING_PARENTAGE" TYPE="TEXT">
<OPT T="parent" V="parent"></OPT>
<OPT T="child" V="child"></OPT>
</LIST>
<LIST ID="LIST_JEWELRY_FASHIONEARRING_VARIATIONTHEME" TYPE="TEXT">
<OPT T="MetalType" V="MetalType"></OPT>
</LIST>


<!-- ******* -->
<ELEMENT ID="CQGNLRN" PROMPT="Jewelry:FashionEarring" TYPE="HIDDEN" DATA="product:amz:catalog"></ELEMENT>
<ELEMENT ID="CQGNLRO" PROMPT="Fashion Earring Parentage" LIST="LIST_JEWELRY_FASHIONEARRING_PARENTAGE" TYPE="SELECT" DATA="product:amz:prod_jewelry_fashionearring_parentage"></ELEMENT>
<ELEMENT ID="CQGNLRP" PROMPT="Fashion Earring Variation Theme" LIST="LIST_JEWELRY_FASHIONEARRING_VARIATIONTHEME" TYPE="SELECT" DATA="product:amz:prod_jewelry_fashionearring_variationtheme"></ELEMENT>
<ELEMENT ID="CQGNLRQ" PROMPT="Metal Type" DEFAULT="" TYPE="TEXTBOX" DATA="product:amz:prod_jewelry_metaltype" MANDATORY="Y"></ELEMENT>
<ELEMENT ID="CQGNLRR" PROMPT="Material_1" DEFAULT="" TYPE="TEXTBOX" DATA="product:amz:prod_jewelry_material_1" MANDATORY="Y"></ELEMENT>
<ELEMENT ID="CQGNLRS" PROMPT="Material_2" DEFAULT="" TYPE="TEXTBOX" DATA="product:amz:prod_jewelry_material_2"></ELEMENT>
<ELEMENT ID="CQGNLRT" PROMPT="Material_3" DEFAULT="" TYPE="TEXTBOX" DATA="product:amz:prod_jewelry_material_3"></ELEMENT>
<ELEMENT ID="CQGNLRU" PROMPT="Material_4" DEFAULT="" TYPE="TEXTBOX" DATA="product:amz:prod_jewelry_material_4"></ELEMENT>
<ELEMENT ID="CQGNLRV" PROMPT="Metal Stamp" DEFAULT="" TYPE="TEXTBOX" DATA="product:amz:prod_jewelry_metalstamp" MANDATORY="Y"></ELEMENT>
<ELEMENT ID="CQGNLRW" PROMPT="Setting Type" DEFAULT="" TYPE="TEXTBOX" DATA="product:amz:prod_jewelry_settingtype" MANDATORY="Y"></ELEMENT>
<ELEMENT ID="CQGNLRX" PROMPT="Diameter" DEFAULT="" TYPE="NUMBER" DATA="product:amz:prod_jewelry_diameter"></ELEMENT>
<ELEMENT ID="CQGNLRY" PROMPT="Height" DEFAULT="" TYPE="NUMBER" DATA="product:amz:prod_jewelry_height"></ELEMENT>
<ELEMENT ID="CQGNLRZ" PROMPT="Width" DEFAULT="" TYPE="NUMBER" DATA="product:amz:prod_jewelry_width"></ELEMENT>
<ELEMENT ID="CQGNLSA" PROMPT="Length" DEFAULT="" TYPE="NUMBER" DATA="product:amz:prod_jewelry_length"></ELEMENT>
<ELEMENT ID="CQGNLSB" PROMPT="Back Finding" DEFAULT="" TYPE="TEXTBOX" DATA="product:amz:prod_jewelry_backfinding" MANDATORY="Y"></ELEMENT>
<ELEMENT ID="CQGNLSC" PROMPT="Estate Period" DEFAULT="" TYPE="TEXTBOX" DATA="product:amz:prod_jewelry_estateperiod" MANDATORY="Y"></ELEMENT>

</TEMPLATE>