<TEMPLATE ID="amz.autopart.autoaccessorymisc" FORMAT="DEFINITION">


<!-- ******* -->
<ELEMENT ID="CQGNKDM" PROMPT="AutoAccessory:AutoAccessoryMisc" TYPE="HIDDEN" DATA="product:amz:catalog"></ELEMENT>
<ELEMENT ID="CQGNKDN" PROMPT="Amperage" DEFAULT="" TYPE="TEXTBOX" DATA="product:amz:prod_autopart_amperage"></ELEMENT>
<ELEMENT ID="CQGNKDO" PROMPT="Color" DEFAULT="" TYPE="TEXTBOX" DATA="product:amz:prod_base_color" MANDATORY="Y"></ELEMENT>
<ELEMENT ID="CQGNKDP" PROMPT="Diameter" DEFAULT="" TYPE="NUMBER" DATA="product:amz:prod_autopart_diameter"></ELEMENT>
<ELEMENT ID="CQGNKDQ" PROMPT="ItemPackageQuantity" DEFAULT="1" TYPE="NUMBER" DATA="product:amz:prod_autopart_itempackagequantity"></ELEMENT>
<ELEMENT ID="CQGNKDR" PROMPT="Material" DEFAULT="" TYPE="TEXTBOX" DATA="product:amz:prod_autopart_material" MANDATORY="Y"></ELEMENT>
<ELEMENT ID="CQGNKDS" PROMPT="Size" DEFAULT="" TYPE="TEXTBOX" DATA="product:amz:prod_autopart_size" MANDATORY="Y"></ELEMENT>
<ELEMENT ID="CQGNKDT" PROMPT="Viscosity" DEFAULT="" TYPE="TEXTBOX" DATA="product:amz:prod_autopart_viscosity" MANDATORY="Y"></ELEMENT>
<ELEMENT ID="CQGNKDU" PROMPT="Volume" DEFAULT="" TYPE="TEXTBOX" DATA="product:amz:prod_autopart_volume" MANDATORY="Y"></ELEMENT>
<ELEMENT ID="CQGNKDV" PROMPT="Voltage" DEFAULT="" TYPE="NUMBER" DATA="product:amz:prod_autopart_voltage"></ELEMENT>
<ELEMENT ID="CQGNKDW" PROMPT="Wattage" DEFAULT="" TYPE="NUMBER" DATA="product:amz:prod_autopart_wattage"></ELEMENT>

</TEMPLATE>