<TEMPLATE ID="amz.musicinst.instrumentpartsandaccessor" FORMAT="DEFINITION">
<LIST ID="LIST_MUSICINST_INSTRUMENTPARTSANDACCESSORIES_GUITARPICKTHICKNESS" TYPE="TEXT">
<OPT T="extra-thick" V="extra-thick"></OPT>
<OPT T="medium" V="medium"></OPT>
<OPT T="thick" V="thick"></OPT>
<OPT T="thin" V="thin"></OPT>
</LIST>
<LIST ID="LIST_MUSICINST_INSTRUMENTPARTSANDACCESSORIES_MALLETHARDNESS" TYPE="TEXT">
<OPT T="extra-hard" V="extra-hard"></OPT>
<OPT T="hard" V="hard"></OPT>
<OPT T="medium" V="medium"></OPT>
<OPT T="soft" V="soft"></OPT>
</LIST>


<!-- ******* -->
<ELEMENT ID="CQGNMGF" PROMPT="MusicalInstruments:InstrumentPartsAndAccessories" TYPE="HIDDEN" DATA="product:amz:catalog"></ELEMENT>
<ELEMENT ID="CQGNMGG" PROMPT="Additional Specifications" DEFAULT="" TYPE="TEXTBOX" DATA="product:amz:prod_musicinst_additionalspecifications" MANDATORY="Y"></ELEMENT>
<ELEMENT ID="CQGNMGH" PROMPT="Color" DEFAULT="" TYPE="TEXTBOX" DATA="product:amz:prod_base_color" MANDATORY="Y"></ELEMENT>
<ELEMENT ID="CQGNMGI" PROMPT="CableLength" DEFAULT="" TYPE="NUMBER" DATA="product:amz:prod_musicinst_cablelength"></ELEMENT>
<ELEMENT ID="CQGNMGJ" PROMPT="Country Produced In" DEFAULT="" TYPE="TEXTBOX" DATA="product:amz:prod_musicinst_countryproducedin" MANDATORY="Y"></ELEMENT>
<ELEMENT ID="CQGNMGK" PROMPT="Drum Sticks Size" DEFAULT="" TYPE="TEXTBOX" DATA="product:amz:prod_musicinst_drumstickssize" MANDATORY="Y"></ELEMENT>
<ELEMENT ID="CQGNMGL" PROMPT="Instrument Parts And Accessories Guitar Pick Thickness" LIST="LIST_MUSICINST_INSTRUMENTPARTSANDACCESSORIES_GUITARPICKTHICKNESS" TYPE="SELECT" DATA="product:amz:prod_musicinst_instrumentpartsandaccessories_guitarpickthickness"></ELEMENT>
<ELEMENT ID="CQGNMGM" PROMPT="Instrument Key" DEFAULT="" TYPE="TEXTBOX" DATA="product:amz:prod_musicinst_instrumentkey" MANDATORY="Y"></ELEMENT>
<ELEMENT ID="CQGNMGN" PROMPT="ItemPackageQuantity" DEFAULT="1" TYPE="NUMBER" DATA="product:amz:prod_musicinst_itempackagequantity"></ELEMENT>
<ELEMENT ID="CQGNMGO" PROMPT="Instrument Parts And Accessories Mallet Hardness" LIST="LIST_MUSICINST_INSTRUMENTPARTSANDACCESSORIES_MALLETHARDNESS" TYPE="SELECT" DATA="product:amz:prod_musicinst_instrumentpartsandaccessories_mallethardness"></ELEMENT>
<ELEMENT ID="CQGNMGP" PROMPT="Material Type" DEFAULT="" TYPE="TEXTBOX" DATA="product:amz:prod_musicinst_materialtype" MANDATORY="Y"></ELEMENT>
<ELEMENT ID="CQGNMGQ" PROMPT="Model Name" DEFAULT="" TYPE="TEXTBOX" DATA="product:amz:prod_musicinst_modelname" MANDATORY="Y"></ELEMENT>
<ELEMENT ID="CQGNMGR" PROMPT="Model Number" DEFAULT="" TYPE="TEXTBOX" DATA="product:amz:prod_musicinst_modelnumber" MANDATORY="Y"></ELEMENT>
<ELEMENT ID="CQGNMGS" PROMPT="Model Year" DEFAULT="" TYPE="TEXTBOX" DATA="product:amz:prod_musicinst_modelyear" MANDATORY="Y"></ELEMENT>
<ELEMENT ID="CQGNMGT" PROMPT="Musical Style" DEFAULT="" TYPE="TEXTBOX" DATA="product:amz:prod_musicinst_musicalstyle" MANDATORY="Y"></ELEMENT>
<ELEMENT ID="CQGNMGU" PROMPT="NumberOfKeyboardKeys" DEFAULT="" TYPE="NUMBER" DATA="product:amz:prod_musicinst_numberofkeyboardkeys"></ELEMENT>
<ELEMENT ID="CQGNMGV" PROMPT="Percussion Diameter" DEFAULT="" TYPE="TEXTBOX" DATA="product:amz:prod_musicinst_percussiondiameter" MANDATORY="Y"></ELEMENT>

</TEMPLATE>