<TEMPLATE ID="amz.office.artsupplies" FORMAT="DEFINITION">


<!-- ******* -->
<ELEMENT ID="CQGNKLM" PROMPT="Office:ArtSupplies" TYPE="HIDDEN" DATA="product:amz:catalog"></ELEMENT>
<ELEMENT ID="CQGNKLN" PROMPT="Color" DEFAULT="" TYPE="TEXTBOX" DATA="product:amz:prod_base_color" MANDATORY="Y"></ELEMENT>
<ELEMENT ID="CQGNKLO" PROMPT="ItemPackageQuantity" DEFAULT="1" TYPE="NUMBER" DATA="product:amz:prod_office_itempackagequantity"></ELEMENT>
<ELEMENT ID="CQGNKLP" PROMPT="Material Type_1" DEFAULT="" TYPE="TEXTBOX" DATA="product:amz:prod_office_materialtype_1" MANDATORY="Y"></ELEMENT>
<ELEMENT ID="CQGNKLQ" PROMPT="Material Type_2" DEFAULT="" TYPE="TEXTBOX" DATA="product:amz:prod_office_materialtype_2"></ELEMENT>
<ELEMENT ID="CQGNKLR" PROMPT="Paint Type_1" DEFAULT="" TYPE="TEXTBOX" DATA="product:amz:prod_office_painttype_1" MANDATORY="Y"></ELEMENT>
<ELEMENT ID="CQGNKLS" PROMPT="Paint Type_2" DEFAULT="" TYPE="TEXTBOX" DATA="product:amz:prod_office_painttype_2"></ELEMENT>
<ELEMENT ID="CQGNKLT" PROMPT="Paint Type_3" DEFAULT="" TYPE="TEXTBOX" DATA="product:amz:prod_office_painttype_3"></ELEMENT>

</TEMPLATE>