<TEMPLATE ID="amz.home.outdoorliving" FORMAT="DEFINITION">
<LIST ID="LIST_BASE_COLORMAP">
<OPT T="black" V="black"></OPT>
<OPT T="blue" V="blue"></OPT>
<OPT T="bronze" V="bronze"></OPT>
<OPT T="brown" V="brown"></OPT>
<OPT T="gold" V="gold"></OPT>
<OPT T="gray" V="gray"></OPT>
<OPT T="green" V="green"></OPT>
<OPT T="metallic" V="metallic"></OPT>
<OPT T="off-white" V="off-white"></OPT>
<OPT T="orange" V="orange"></OPT>
<OPT T="pink" V="pink"></OPT>
<OPT T="purple" V="purple"></OPT>
<OPT T="red" V="red"></OPT>
<OPT T="silver" V="silver"></OPT>
<OPT T="white" V="white"></OPT>
<OPT T="yellow" V="yellow"></OPT>
</LIST>
<LIST ID="LIST_HOME_OUTDOORLIVING_VARIATIONTHEME" TYPE="TEXT">
<OPT T="Size" V="Size"></OPT>
<OPT T="Color" V="Color"></OPT>
<OPT T="Size-Color" V="Size-Color"></OPT>
</LIST>


<!-- ******* -->
<ELEMENT ID="CQGNLLS" PROMPT="Home:OutdoorLiving" TYPE="HIDDEN" DATA="product:amz:catalog"></ELEMENT>
<ELEMENT ID="CQGNLLT" PROMPT="Home Parentage" LIST="LIST_HOME_PARENTAGE" TYPE="SELECT" DATA="product:amz:prod_home_home_parentage"></ELEMENT>
<ELEMENT ID="CQGNLLU" PROMPT="Country Produced In" DEFAULT="" TYPE="TEXTBOX" DATA="product:amz:prod_home_countryproducedin" MANDATORY="Y"></ELEMENT>
<ELEMENT ID="CQGNLLV" PROMPT="DisplayLength" DEFAULT="" TYPE="NUMBER" DATA="product:amz:prod_home_displaylength"></ELEMENT>
<ELEMENT ID="CQGNLLW" PROMPT="DisplayWidth" DEFAULT="" TYPE="NUMBER" DATA="product:amz:prod_home_displaywidth"></ELEMENT>
<ELEMENT ID="CQGNLLX" PROMPT="DisplayHeight" DEFAULT="" TYPE="NUMBER" DATA="product:amz:prod_home_displayheight"></ELEMENT>
<ELEMENT ID="CQGNLLY" PROMPT="DisplayDepth" DEFAULT="" TYPE="NUMBER" DATA="product:amz:prod_home_displaydepth"></ELEMENT>
<ELEMENT ID="CQGNLLZ" PROMPT="DisplayDiameter" DEFAULT="" TYPE="NUMBER" DATA="product:amz:prod_home_displaydiameter"></ELEMENT>
<ELEMENT ID="CQGNLMA" PROMPT="DisplayWeight" DEFAULT="" TYPE="NUMBER" DATA="product:amz:prod_home_displayweight"></ELEMENT>
<ELEMENT ID="CQGNLMB" PROMPT="ItemPackageQuantity" DEFAULT="1" TYPE="NUMBER" DATA="product:amz:prod_home_itempackagequantity"></ELEMENT>
<ELEMENT ID="CQGNLMC" PROMPT="Home Manufacturer Warranty Description" LIST="LIST_HOME_MANUFACTURERWARRANTYDESCRIPTION" TYPE="SELECT" DATA="product:amz:prod_home_home_manufacturerwarrantydescription"></ELEMENT>
<ELEMENT ID="CQGNLMD" PROMPT="Volume Capacity" DEFAULT="" TYPE="TEXTBOX" DATA="product:amz:prod_home_volumecapacity" MANDATORY="Y"></ELEMENT>
<ELEMENT ID="CQGNLME" PROMPT="Color Map" LIST="LIST_BASE_COLORMAP" TYPE="SELECT" DATA="product:amz:prod_base_colormap"></ELEMENT>
<ELEMENT ID="CQGNLMF" PROMPT="Is Stain Resistant" TYPE="CHECKBOX" DATA="product:amz:prod_home_isstainresistant"></ELEMENT>
<ELEMENT ID="CQGNLMG" PROMPT="Material" DEFAULT="" TYPE="TEXTBOX" DATA="product:amz:prod_home_material" MANDATORY="Y"></ELEMENT>
<ELEMENT ID="CQGNLMH" PROMPT="Outdoor Living Variation Theme" LIST="LIST_HOME_OUTDOORLIVING_VARIATIONTHEME" TYPE="SELECT" DATA="product:amz:prod_home_outdoorliving_variationtheme"></ELEMENT>
<ELEMENT ID="CQGNLMI" PROMPT="Size" DEFAULT="" TYPE="TEXTBOX" DATA="product:amz:prod_home_size" MANDATORY="Y"></ELEMENT>
<ELEMENT ID="CQGNLMJ" PROMPT="Color" DEFAULT="" TYPE="TEXTBOX" DATA="product:amz:prod_home_color" MANDATORY="Y"></ELEMENT>
<ELEMENT ID="CQGNLMK" PROMPT="Wattage" DEFAULT="" TYPE="NUMBER" DATA="product:amz:prod_home_wattage"></ELEMENT>

</TEMPLATE>