<TEMPLATE ID="amz.wireless.wirelessaccessories" FORMAT="DEFINITION">
<LIST ID="LIST_BASE_COLORMAP">
<OPT T="black" V="black"></OPT>
<OPT T="blue" V="blue"></OPT>
<OPT T="bronze" V="bronze"></OPT>
<OPT T="brown" V="brown"></OPT>
<OPT T="gold" V="gold"></OPT>
<OPT T="gray" V="gray"></OPT>
<OPT T="green" V="green"></OPT>
<OPT T="metallic" V="metallic"></OPT>
<OPT T="off-white" V="off-white"></OPT>
<OPT T="orange" V="orange"></OPT>
<OPT T="pink" V="pink"></OPT>
<OPT T="purple" V="purple"></OPT>
<OPT T="red" V="red"></OPT>
<OPT T="silver" V="silver"></OPT>
<OPT T="white" V="white"></OPT>
<OPT T="yellow" V="yellow"></OPT>
</LIST>


<!-- ******* -->
<ELEMENT ID="CQGNMKF" PROMPT="Wireless:WirelessAccessories" TYPE="HIDDEN" DATA="product:amz:catalog"></ELEMENT>
<ELEMENT ID="CQGNMKG" PROMPT="Color" DEFAULT="" TYPE="TEXTBOX" DATA="product:amz:prod_wireless_color" MANDATORY="Y"></ELEMENT>
<ELEMENT ID="CQGNMKH" PROMPT="Color Map" LIST="LIST_BASE_COLORMAP" TYPE="SELECT" DATA="product:amz:prod_base_colormap"></ELEMENT>
<ELEMENT ID="CQGNMKI" PROMPT="Additional Features" DEFAULT="" TYPE="TEXTBOX" DATA="product:amz:prod_wireless_additionalfeatures" MANDATORY="Y"></ELEMENT>
<ELEMENT ID="CQGNMKJ" PROMPT="Talk Time" DEFAULT="" TYPE="TEXTBOX" DATA="product:amz:prod_wireless_talktime" MANDATORY="Y"></ELEMENT>
<ELEMENT ID="CQGNMKK" PROMPT="Standby Time" DEFAULT="" TYPE="TEXTBOX" DATA="product:amz:prod_wireless_standbytime" MANDATORY="Y"></ELEMENT>
<ELEMENT ID="CQGNMKL" PROMPT="Charging Time" DEFAULT="" TYPE="TEXTBOX" DATA="product:amz:prod_wireless_chargingtime" MANDATORY="Y"></ELEMENT>
<ELEMENT ID="CQGNMKM" PROMPT="Battery Power" DEFAULT="" TYPE="TEXTBOX" DATA="product:amz:prod_wireless_batterypower" MANDATORY="Y"></ELEMENT>
<ELEMENT ID="CQGNMKN" PROMPT="Solar" TYPE="CHECKBOX" DATA="product:amz:prod_wireless_solar"></ELEMENT>
<ELEMENT ID="CQGNMKO" PROMPT="Refillable" TYPE="CHECKBOX" DATA="product:amz:prod_wireless_refillable"></ELEMENT>
<ELEMENT ID="CQGNMKP" PROMPT="Extended" TYPE="CHECKBOX" DATA="product:amz:prod_wireless_extended"></ELEMENT>
<ELEMENT ID="CQGNMKQ" PROMPT="Slim" TYPE="CHECKBOX" DATA="product:amz:prod_wireless_slim"></ELEMENT>
<ELEMENT ID="CQGNMKR" PROMPT="Auxiliary" TYPE="CHECKBOX" DATA="product:amz:prod_wireless_auxiliary"></ELEMENT>
<ELEMENT ID="CQGNMKS" PROMPT="Battery Type" DEFAULT="" TYPE="TEXTBOX" DATA="product:amz:prod_wireless_batterytype" MANDATORY="Y"></ELEMENT>
<ELEMENT ID="CQGNMKT" PROMPT="Antenna Type" DEFAULT="" TYPE="TEXTBOX" DATA="product:amz:prod_wireless_antennatype" MANDATORY="Y"></ELEMENT>
<ELEMENT ID="CQGNMKU" PROMPT="Compatible Phone Models_1" DEFAULT="" TYPE="TEXTBOX" DATA="product:amz:prod_wireless_compatiblephonemodels_1" MANDATORY="Y"></ELEMENT>
<ELEMENT ID="CQGNMKV" PROMPT="Compatible Phone Models_2" DEFAULT="" TYPE="TEXTBOX" DATA="product:amz:prod_wireless_compatiblephonemodels_2"></ELEMENT>
<ELEMENT ID="CQGNMKW" PROMPT="Compatible Phone Models_3" DEFAULT="" TYPE="TEXTBOX" DATA="product:amz:prod_wireless_compatiblephonemodels_3"></ELEMENT>
<ELEMENT ID="CQGNMKX" PROMPT="Compatible Phone Models_4" DEFAULT="" TYPE="TEXTBOX" DATA="product:amz:prod_wireless_compatiblephonemodels_4"></ELEMENT>
<ELEMENT ID="CQGNMKY" PROMPT="Compatible Phone Models_5" DEFAULT="" TYPE="TEXTBOX" DATA="product:amz:prod_wireless_compatiblephonemodels_5"></ELEMENT>
<ELEMENT ID="CQGNMKZ" PROMPT="Compatible Phone Models_6" DEFAULT="" TYPE="TEXTBOX" DATA="product:amz:prod_wireless_compatiblephonemodels_6"></ELEMENT>
<ELEMENT ID="CQGNMLA" PROMPT="Compatible Phone Models_7" DEFAULT="" TYPE="TEXTBOX" DATA="product:amz:prod_wireless_compatiblephonemodels_7"></ELEMENT>
<ELEMENT ID="CQGNMLB" PROMPT="Compatible Phone Models_8" DEFAULT="" TYPE="TEXTBOX" DATA="product:amz:prod_wireless_compatiblephonemodels_8"></ELEMENT>
<ELEMENT ID="CQGNMLC" PROMPT="Compatible Phone Models_9" DEFAULT="" TYPE="TEXTBOX" DATA="product:amz:prod_wireless_compatiblephonemodels_9"></ELEMENT>
<ELEMENT ID="CQGNMLD" PROMPT="Compatible Phone Models_10" DEFAULT="" TYPE="TEXTBOX" DATA="product:amz:prod_wireless_compatiblephonemodels_10"></ELEMENT>
<ELEMENT ID="CQGNMLE" PROMPT="Compatible Phone Models_11" DEFAULT="" TYPE="TEXTBOX" DATA="product:amz:prod_wireless_compatiblephonemodels_11"></ELEMENT>
<ELEMENT ID="CQGNMLF" PROMPT="Compatible Phone Models_12" DEFAULT="" TYPE="TEXTBOX" DATA="product:amz:prod_wireless_compatiblephonemodels_12"></ELEMENT>
<ELEMENT ID="CQGNMLG" PROMPT="Compatible Phone Models_13" DEFAULT="" TYPE="TEXTBOX" DATA="product:amz:prod_wireless_compatiblephonemodels_13"></ELEMENT>
<ELEMENT ID="CQGNMLH" PROMPT="Compatible Phone Models_14" DEFAULT="" TYPE="TEXTBOX" DATA="product:amz:prod_wireless_compatiblephonemodels_14"></ELEMENT>
<ELEMENT ID="CQGNMLI" PROMPT="Compatible Phone Models_15" DEFAULT="" TYPE="TEXTBOX" DATA="product:amz:prod_wireless_compatiblephonemodels_15"></ELEMENT>
<ELEMENT ID="CQGNMLJ" PROMPT="Compatible Phone Models_16" DEFAULT="" TYPE="TEXTBOX" DATA="product:amz:prod_wireless_compatiblephonemodels_16"></ELEMENT>
<ELEMENT ID="CQGNMLK" PROMPT="Compatible Phone Models_17" DEFAULT="" TYPE="TEXTBOX" DATA="product:amz:prod_wireless_compatiblephonemodels_17"></ELEMENT>
<ELEMENT ID="CQGNMLL" PROMPT="Compatible Phone Models_18" DEFAULT="" TYPE="TEXTBOX" DATA="product:amz:prod_wireless_compatiblephonemodels_18"></ELEMENT>
<ELEMENT ID="CQGNMLM" PROMPT="Manufacturer Name" DEFAULT="" TYPE="TEXTBOX" DATA="product:amz:prod_wireless_manufacturername" MANDATORY="Y"></ELEMENT>
<ELEMENT ID="CQGNMLN" PROMPT="Keywords_1" DEFAULT="" TYPE="TEXTBOX" DATA="product:amz:prod_wireless_keywords_1" MANDATORY="Y"></ELEMENT>
<ELEMENT ID="CQGNMLO" PROMPT="Keywords_2" DEFAULT="" TYPE="TEXTBOX" DATA="product:amz:prod_wireless_keywords_2"></ELEMENT>
<ELEMENT ID="CQGNMLP" PROMPT="Keywords_3" DEFAULT="" TYPE="TEXTBOX" DATA="product:amz:prod_wireless_keywords_3"></ELEMENT>
<ELEMENT ID="CQGNMLQ" PROMPT="Keywords_4" DEFAULT="" TYPE="TEXTBOX" DATA="product:amz:prod_wireless_keywords_4"></ELEMENT>
<ELEMENT ID="CQGNMLR" PROMPT="Keywords_5" DEFAULT="" TYPE="TEXTBOX" DATA="product:amz:prod_wireless_keywords_5"></ELEMENT>
<ELEMENT ID="CQGNMLS" PROMPT="ItemPackageQuantity" DEFAULT="" TYPE="NUMBER" DATA="product:amz:prod_wireless_itempackagequantity"></ELEMENT>

</TEMPLATE>