<TEMPLATE ID="amz.camera.filter" FORMAT="DEFINITION">
<LIST ID="LIST_CAMERA_FILTER_FORUSEWITH" TYPE="TEXT">
<OPT T="camcorders" V="camcorders"></OPT>
<OPT T="digital-cameras" V="digital-cameras"></OPT>
<OPT T="film-cameras" V="film-cameras"></OPT>
<OPT T="telescopes" V="telescopes"></OPT>
<OPT T="binoculars" V="binoculars"></OPT>
</LIST>
<LIST ID="LIST_CAMERA_FILTER_PACKAGETYPE" TYPE="TEXT">
<OPT T="single-filter" V="single-filter"></OPT>
<OPT T="filter-sets" V="filter-sets"></OPT>
</LIST>
<LIST ID="LIST_CAMERA_FILTER_MOUNTTYPE" TYPE="TEXT">
<OPT T="round" V="round"></OPT>
<OPT T="square" V="square"></OPT>
<OPT T="bayonet" V="bayonet"></OPT>
<OPT T="other" V="other"></OPT>
</LIST>
<LIST ID="LIST_CAMERA_FILTER_DROPINSIZE" TYPE="TEXT">
<OPT T="6-inch-wratten" V="6-inch-wratten"></OPT>
<OPT T="cokin-a" V="cokin-a"></OPT>
<OPT T="cokin-p" V="cokin-p"></OPT>
<OPT T="lee-type" V="lee-type"></OPT>
<OPT T="pro-optic-a" V="pro-optic-a"></OPT>
<OPT T="pro-optic-p" V="pro-optic-p"></OPT>
<OPT T="other" V="other"></OPT>
</LIST>
<LIST ID="LIST_CAMERA_FILTER_BAYONETSIZE" TYPE="TEXT">
<OPT T="b-3" V="b-3"></OPT>
<OPT T="b-39" V="b-39"></OPT>
<OPT T="b-50" V="b-50"></OPT>
<OPT T="b-6" V="b-6"></OPT>
<OPT T="b-60" V="b-60"></OPT>
<OPT T="b-70" V="b-70"></OPT>
<OPT T="b-93" V="b-93"></OPT>
</LIST>
<LIST ID="LIST_CAMERA_FILTER_FILTERTYPE" TYPE="TEXT">
<OPT T="graduated" V="graduated"></OPT>
<OPT T="black-and-white-contrast" V="black-and-white-contrast"></OPT>
<OPT T="close-up" V="close-up"></OPT>
<OPT T="image-softening" V="image-softening"></OPT>
<OPT T="neutral-density" V="neutral-density"></OPT>
<OPT T="general-polarizer" V="general-polarizer"></OPT>
<OPT T="circular-polarizer" V="circular-polarizer"></OPT>
<OPT T="linear-polarizer" V="linear-polarizer"></OPT>
<OPT T="underwater" V="underwater"></OPT>
<OPT T="uv-and-protective" V="uv-and-protective"></OPT>
<OPT T="viewing-filters" V="viewing-filters"></OPT>
<OPT T="lighting-and-compensation" V="lighting-and-compensation"></OPT>
<OPT T="cooling" V="cooling"></OPT>
<OPT T="flourescent" V="flourescent"></OPT>
<OPT T="indoor" V="indoor"></OPT>
<OPT T="outdoor" V="outdoor"></OPT>
<OPT T="warming" V="warming"></OPT>
</LIST>
<LIST ID="LIST_CAMERA_FILTER_FILTERCOLOR" TYPE="TEXT">
<OPT T="blue" V="blue"></OPT>
<OPT T="brown" V="brown"></OPT>
<OPT T="cyan" V="cyan"></OPT>
<OPT T="green" V="green"></OPT>
<OPT T="magenta" V="magenta"></OPT>
<OPT T="orange" V="orange"></OPT>
<OPT T="red" V="red"></OPT>
<OPT T="red-orange" V="red-orange"></OPT>
<OPT T="violet" V="violet"></OPT>
<OPT T="yellow" V="yellow"></OPT>
<OPT T="yellow-green" V="yellow-green"></OPT>
<OPT T="yellow-orange" V="yellow-orange"></OPT>
</LIST>
<LIST ID="LIST_CAMERA_FILTER_SPECIALEFFECT" TYPE="TEXT">
<OPT T="center-spot" V="center-spot"></OPT>
<OPT T="cross-screen" V="cross-screen"></OPT>
<OPT T="diffraction" V="diffraction"></OPT>
<OPT T="double-exposure" V="double-exposure"></OPT>
<OPT T="enhancing" V="enhancing"></OPT>
<OPT T="fog" V="fog"></OPT>
<OPT T="hot-mirror" V="hot-mirror"></OPT>
<OPT T="infrared" V="infrared"></OPT>
<OPT T="masks" V="masks"></OPT>
<OPT T="multi-image" V="multi-image"></OPT>
<OPT T="prism" V="prism"></OPT>
<OPT T="sepia" V="sepia"></OPT>
<OPT T="special-contrast" V="special-contrast"></OPT>
<OPT T="speed" V="speed"></OPT>
<OPT T="split-field" V="split-field"></OPT>
<OPT T="star-filters" V="star-filters"></OPT>
<OPT T="other" V="other"></OPT>
</LIST>
<LIST ID="LIST_CAMERA_FILTER_SPECIFICUSES" TYPE="TEXT">
<OPT T="travel" V="travel"></OPT>
<OPT T="hiking-and-outdoors" V="hiking-and-outdoors"></OPT>
<OPT T="hunting-and-shooting" V="hunting-and-shooting"></OPT>
<OPT T="sports" V="sports"></OPT>
</LIST>


<!-- ******* -->
<ELEMENT ID="CQGNKND" PROMPT="CameraPhoto:Filter" TYPE="HIDDEN" DATA="product:amz:catalog"></ELEMENT>
<ELEMENT ID="CQGNKNE" PROMPT="Manufacturer" DEFAULT="" TYPE="TEXTBOX" DATA="product:zoovy:prod_mfg" MANDATORY="Y"></ELEMENT>
<ELEMENT ID="CQGNKNF" PROMPT="Model Name" DEFAULT="" TYPE="TEXTBOX" DATA="product:zoovy:prod_mfgmodel" MANDATORY="Y"></ELEMENT>
<ELEMENT ID="CQGNKNG" PROMPT="Model Number" DEFAULT="" TYPE="TEXTBOX" DATA="product:zoovy:prod_mfgmodelid" MANDATORY="Y"></ELEMENT>
<ELEMENT ID="CQGNKNH" PROMPT="Mfr Part Number" DEFAULT="" TYPE="TEXTBOX" DATA="product:zoovy:prod_mfgid" MANDATORY="Y"></ELEMENT>
<ELEMENT ID="CQGNKNI" PROMPT="Color" DEFAULT="" TYPE="TEXTBOX" DATA="product:zoovy:prod_color" MANDATORY="Y"></ELEMENT>
<ELEMENT ID="CQGNKNJ" PROMPT="Items Included" DEFAULT="" TYPE="TEXTBOX" DATA="product:zoovy:prod_included" MANDATORY="Y"></ELEMENT>
<ELEMENT ID="CQGNKNK" PROMPT="Keywords_1" DEFAULT="" TYPE="TEXTBOX" DATA="product:zoovy:keywords_1" MANDATORY="Y"></ELEMENT>
<ELEMENT ID="CQGNKNL" PROMPT="Keywords_2" DEFAULT="" TYPE="TEXTBOX" DATA="product:zoovy:keywords_2"></ELEMENT>
<ELEMENT ID="CQGNKNM" PROMPT="Keywords_3" DEFAULT="" TYPE="TEXTBOX" DATA="product:zoovy:keywords_3"></ELEMENT>
<ELEMENT ID="CQGNKNN" PROMPT="Keywords_4" DEFAULT="" TYPE="TEXTBOX" DATA="product:zoovy:keywords_4"></ELEMENT>
<ELEMENT ID="CQGNKNO" PROMPT="Keywords_5" DEFAULT="" TYPE="TEXTBOX" DATA="product:zoovy:keywords_5"></ELEMENT>
<ELEMENT ID="CQGNKNP" PROMPT="Platinum Keywords_1" DEFAULT="" TYPE="TEXTBOX" DATA="product:amz:platinum_keywords_1" MANDATORY="Y"></ELEMENT>
<ELEMENT ID="CQGNKNQ" PROMPT="Platinum Keywords_2" DEFAULT="" TYPE="TEXTBOX" DATA="product:amz:platinum_keywords_2"></ELEMENT>
<ELEMENT ID="CQGNKNR" PROMPT="Platinum Keywords_3" DEFAULT="" TYPE="TEXTBOX" DATA="product:amz:platinum_keywords_3"></ELEMENT>
<ELEMENT ID="CQGNKNS" PROMPT="Platinum Keywords_4" DEFAULT="" TYPE="TEXTBOX" DATA="product:amz:platinum_keywords_4"></ELEMENT>
<ELEMENT ID="CQGNKNT" PROMPT="Platinum Keywords_5" DEFAULT="" TYPE="TEXTBOX" DATA="product:amz:platinum_keywords_5"></ELEMENT>
<ELEMENT ID="CQGNKNU" PROMPT="Platinum Keywords_6" DEFAULT="" TYPE="TEXTBOX" DATA="product:amz:platinum_keywords_6"></ELEMENT>
<ELEMENT ID="CQGNKNV" PROMPT="Platinum Keywords_7" DEFAULT="" TYPE="TEXTBOX" DATA="product:amz:platinum_keywords_7"></ELEMENT>
<ELEMENT ID="CQGNKNW" PROMPT="Platinum Keywords_8" DEFAULT="" TYPE="TEXTBOX" DATA="product:amz:platinum_keywords_8"></ELEMENT>
<ELEMENT ID="CQGNKNX" PROMPT="Platinum Keywords_9" DEFAULT="" TYPE="TEXTBOX" DATA="product:amz:platinum_keywords_9"></ELEMENT>
<ELEMENT ID="CQGNKNY" PROMPT="Platinum Keywords_10" DEFAULT="" TYPE="TEXTBOX" DATA="product:amz:platinum_keywords_10"></ELEMENT>
<ELEMENT ID="CQGNKNZ" PROMPT="Platinum Keywords_11" DEFAULT="" TYPE="TEXTBOX" DATA="product:amz:platinum_keywords_11"></ELEMENT>
<ELEMENT ID="CQGNKOA" PROMPT="Platinum Keywords_12" DEFAULT="" TYPE="TEXTBOX" DATA="product:amz:platinum_keywords_12"></ELEMENT>
<ELEMENT ID="CQGNKOB" PROMPT="Platinum Keywords_13" DEFAULT="" TYPE="TEXTBOX" DATA="product:amz:platinum_keywords_13"></ELEMENT>
<ELEMENT ID="CQGNKOC" PROMPT="Platinum Keywords_14" DEFAULT="" TYPE="TEXTBOX" DATA="product:amz:platinum_keywords_14"></ELEMENT>
<ELEMENT ID="CQGNKOD" PROMPT="Platinum Keywords_15" DEFAULT="" TYPE="TEXTBOX" DATA="product:amz:platinum_keywords_15"></ELEMENT>
<ELEMENT ID="CQGNKOE" PROMPT="Platinum Keywords_16" DEFAULT="" TYPE="TEXTBOX" DATA="product:amz:platinum_keywords_16"></ELEMENT>
<ELEMENT ID="CQGNKOF" PROMPT="Platinum Keywords_17" DEFAULT="" TYPE="TEXTBOX" DATA="product:amz:platinum_keywords_17"></ELEMENT>
<ELEMENT ID="CQGNKOG" PROMPT="Platinum Keywords_18" DEFAULT="" TYPE="TEXTBOX" DATA="product:amz:platinum_keywords_18"></ELEMENT>
<ELEMENT ID="CQGNKOH" PROMPT="Platinum Keywords_19" DEFAULT="" TYPE="TEXTBOX" DATA="product:amz:platinum_keywords_19"></ELEMENT>
<ELEMENT ID="CQGNKOI" PROMPT="Platinum Keywords_20" DEFAULT="" TYPE="TEXTBOX" DATA="product:amz:platinum_keywords_20"></ELEMENT>
<ELEMENT ID="CQGNKOJ" PROMPT="Filter For Use With" LIST="LIST_CAMERA_FILTER_FORUSEWITH" TYPE="SELECT" DATA="product:amz:prod_camera_filter_forusewith"></ELEMENT>
<ELEMENT ID="CQGNKOK" PROMPT="Filter Package Type" LIST="LIST_CAMERA_FILTER_PACKAGETYPE" TYPE="SELECT" DATA="product:amz:prod_camera_filter_packagetype"></ELEMENT>
<ELEMENT ID="CQGNKOL" PROMPT="Filter Mount Type" LIST="LIST_CAMERA_FILTER_MOUNTTYPE" TYPE="SELECT" DATA="product:amz:prod_camera_filter_mounttype"></ELEMENT>
<ELEMENT ID="CQGNKOM" PROMPT="ThreadSize" DEFAULT="" TYPE="NUMBER" DATA="product:amz:prod_camera_threadsize"></ELEMENT>
<ELEMENT ID="CQGNKON" PROMPT="Filter Drop In Size" LIST="LIST_CAMERA_FILTER_DROPINSIZE" TYPE="SELECT" DATA="product:amz:prod_camera_filter_dropinsize"></ELEMENT>
<ELEMENT ID="CQGNKOO" PROMPT="Filter Bayonet Size" LIST="LIST_CAMERA_FILTER_BAYONETSIZE" TYPE="SELECT" DATA="product:amz:prod_camera_filter_bayonetsize"></ELEMENT>
<ELEMENT ID="CQGNKOP" PROMPT="Filter Filter Type" LIST="LIST_CAMERA_FILTER_FILTERTYPE" TYPE="SELECT" DATA="product:amz:prod_camera_filter_filtertype"></ELEMENT>
<ELEMENT ID="CQGNKOQ" PROMPT="Filter Filter Color" LIST="LIST_CAMERA_FILTER_FILTERCOLOR" TYPE="SELECT" DATA="product:amz:prod_camera_filter_filtercolor"></ELEMENT>
<ELEMENT ID="CQGNKOR" PROMPT="Filter Special Effect" LIST="LIST_CAMERA_FILTER_SPECIALEFFECT" TYPE="SELECT" DATA="product:amz:prod_camera_filter_specialeffect"></ELEMENT>
<ELEMENT ID="CQGNKOS" PROMPT="Filter Specific Uses" LIST="LIST_CAMERA_FILTER_SPECIFICUSES" TYPE="SELECT" DATA="product:amz:prod_camera_filter_specificuses"></ELEMENT>

</TEMPLATE>