<TEMPLATE ID="amz.musicinst.brassandwoodwindinstrument" FORMAT="DEFINITION">
<LIST ID="LIST_MUSICINST_BRASSANDWOODWINDINSTRUMENTS_PROFICIENCYLEVEL" TYPE="TEXT">
<OPT T="Intermediate" V="Intermediate"></OPT>
<OPT T="Professional" V="Professional"></OPT>
<OPT T="Student" V="Student"></OPT>
</LIST>


<!-- ******* -->
<ELEMENT ID="CQGNLZW" PROMPT="MusicalInstruments:BrassAndWoodwindInstruments" TYPE="HIDDEN" DATA="product:amz:catalog"></ELEMENT>
<ELEMENT ID="CQGNLZX" PROMPT="Additional Specifications" DEFAULT="" TYPE="TEXTBOX" DATA="product:amz:prod_musicinst_additionalspecifications" MANDATORY="Y"></ELEMENT>
<ELEMENT ID="CQGNLZY" PROMPT="Color" DEFAULT="" TYPE="TEXTBOX" DATA="product:amz:prod_base_color" MANDATORY="Y"></ELEMENT>
<ELEMENT ID="CQGNLZZ" PROMPT="Country Produced In" DEFAULT="" TYPE="TEXTBOX" DATA="product:amz:prod_musicinst_countryproducedin" MANDATORY="Y"></ELEMENT>
<ELEMENT ID="CQGNMAA" PROMPT="Instrument Key" DEFAULT="" TYPE="TEXTBOX" DATA="product:amz:prod_musicinst_instrumentkey" MANDATORY="Y"></ELEMENT>
<ELEMENT ID="CQGNMAB" PROMPT="ItemPackageQuantity" DEFAULT="1" TYPE="NUMBER" DATA="product:amz:prod_musicinst_itempackagequantity"></ELEMENT>
<ELEMENT ID="CQGNMAC" PROMPT="Material Type" DEFAULT="" TYPE="TEXTBOX" DATA="product:amz:prod_musicinst_materialtype" MANDATORY="Y"></ELEMENT>
<ELEMENT ID="CQGNMAD" PROMPT="Model Name" DEFAULT="" TYPE="TEXTBOX" DATA="product:amz:prod_musicinst_modelname" MANDATORY="Y"></ELEMENT>
<ELEMENT ID="CQGNMAE" PROMPT="Model Number" DEFAULT="" TYPE="TEXTBOX" DATA="product:amz:prod_musicinst_modelnumber" MANDATORY="Y"></ELEMENT>
<ELEMENT ID="CQGNMAF" PROMPT="Model Year" DEFAULT="" TYPE="TEXTBOX" DATA="product:amz:prod_musicinst_modelyear" MANDATORY="Y"></ELEMENT>
<ELEMENT ID="CQGNMAG" PROMPT="Musical Style" DEFAULT="" TYPE="TEXTBOX" DATA="product:amz:prod_musicinst_musicalstyle" MANDATORY="Y"></ELEMENT>
<ELEMENT ID="CQGNMAH" PROMPT="Brass And Woodwind Instruments Proficiency Level" LIST="LIST_MUSICINST_BRASSANDWOODWINDINSTRUMENTS_PROFICIENCYLEVEL" TYPE="SELECT" DATA="product:amz:prod_musicinst_brassandwoodwindinstruments_proficiencylevel"></ELEMENT>

</TEMPLATE>