<TEMPLATE ID="amz.jewerly.loosestone" FORMAT="DEFINITION">


<!-- ******* -->
<ELEMENT ID="CQGNMBC" PROMPT="Jewelry:LooseStone" TYPE="HIDDEN" DATA="product:amz:catalog"></ELEMENT>
<ELEMENT ID="CQGNMBD" PROMPT="Pearl Type" DEFAULT="" TYPE="TEXTBOX" DATA="product:amz:prod_jewelry_pearltype" MANDATORY="Y"></ELEMENT>
<ELEMENT ID="CQGNMBE" PROMPT="Pearl Minimum Color" DEFAULT="" TYPE="TEXTBOX" DATA="product:amz:prod_jewelry_pearlminimumcolor" MANDATORY="Y"></ELEMENT>
<ELEMENT ID="CQGNMBF" PROMPT="Pearl Lustre" DEFAULT="" TYPE="TEXTBOX" DATA="product:amz:prod_jewelry_pearllustre" MANDATORY="Y"></ELEMENT>
<ELEMENT ID="CQGNMBG" PROMPT="Pearl Shape" DEFAULT="" TYPE="TEXTBOX" DATA="product:amz:prod_jewelry_pearlshape" MANDATORY="Y"></ELEMENT>
<ELEMENT ID="CQGNMBH" PROMPT="Pearl Uniformity" DEFAULT="" TYPE="TEXTBOX" DATA="product:amz:prod_jewelry_pearluniformity" MANDATORY="Y"></ELEMENT>
<ELEMENT ID="CQGNMBI" PROMPT="Pearl Surface Markings And Blemishes" DEFAULT="" TYPE="TEXTBOX" DATA="product:amz:prod_jewelry_pearlsurfacemarkingsandblemishes" MANDATORY="Y"></ELEMENT>
<ELEMENT ID="CQGNMBJ" PROMPT="Pearl Stringing Method" DEFAULT="" TYPE="TEXTBOX" DATA="product:amz:prod_jewelry_pearlstringingmethod" MANDATORY="Y"></ELEMENT>
<ELEMENT ID="CQGNMBK" PROMPT="Size Per Pearl" DEFAULT="" TYPE="TEXTBOX" DATA="product:amz:prod_jewelry_sizeperpearl" MANDATORY="Y"></ELEMENT>
<ELEMENT ID="CQGNMBL" PROMPT="Pearl Type" DEFAULT="" TYPE="TEXTBOX" DATA="product:amz:prod_jewelry_pearltype" MANDATORY="Y"></ELEMENT>
<ELEMENT ID="CQGNMBM" PROMPT="Pearl Minimum Color" DEFAULT="" TYPE="TEXTBOX" DATA="product:amz:prod_jewelry_pearlminimumcolor" MANDATORY="Y"></ELEMENT>
<ELEMENT ID="CQGNMBN" PROMPT="Pearl Lustre" DEFAULT="" TYPE="TEXTBOX" DATA="product:amz:prod_jewelry_pearllustre" MANDATORY="Y"></ELEMENT>
<ELEMENT ID="CQGNMBO" PROMPT="Pearl Shape" DEFAULT="" TYPE="TEXTBOX" DATA="product:amz:prod_jewelry_pearlshape" MANDATORY="Y"></ELEMENT>
<ELEMENT ID="CQGNMBP" PROMPT="Pearl Uniformity" DEFAULT="" TYPE="TEXTBOX" DATA="product:amz:prod_jewelry_pearluniformity" MANDATORY="Y"></ELEMENT>
<ELEMENT ID="CQGNMBQ" PROMPT="Pearl Surface Markings And Blemishes" DEFAULT="" TYPE="TEXTBOX" DATA="product:amz:prod_jewelry_pearlsurfacemarkingsandblemishes" MANDATORY="Y"></ELEMENT>
<ELEMENT ID="CQGNMBR" PROMPT="Pearl Stringing Method" DEFAULT="" TYPE="TEXTBOX" DATA="product:amz:prod_jewelry_pearlstringingmethod" MANDATORY="Y"></ELEMENT>
<ELEMENT ID="CQGNMBS" PROMPT="Size Per Pearl" DEFAULT="" TYPE="TEXTBOX" DATA="product:amz:prod_jewelry_sizeperpearl" MANDATORY="Y"></ELEMENT>
<ELEMENT ID="CQGNMBT" PROMPT="Diameter" DEFAULT="" TYPE="NUMBER" DATA="product:amz:prod_jewelry_diameter"></ELEMENT>
<ELEMENT ID="CQGNMBU" PROMPT="Height" DEFAULT="" TYPE="NUMBER" DATA="product:amz:prod_jewelry_height"></ELEMENT>
<ELEMENT ID="CQGNMBV" PROMPT="Width" DEFAULT="" TYPE="NUMBER" DATA="product:amz:prod_jewelry_width"></ELEMENT>
<ELEMENT ID="CQGNMBW" PROMPT="Length" DEFAULT="" TYPE="NUMBER" DATA="product:amz:prod_jewelry_length"></ELEMENT>

</TEMPLATE>