<TEMPLATE ID="amz.jewerly.fineearring" FORMAT="DEFINITION">
<LIST ID="LIST_JEWELRY_FINEEARRING_PARENTAGE" TYPE="TEXT">
<OPT T="parent" V="parent"></OPT>
<OPT T="child" V="child"></OPT>
</LIST>
<LIST ID="LIST_JEWELRY_FINEEARRING_VARIATIONTHEME" TYPE="TEXT">
<OPT T="MetalType" V="MetalType"></OPT>
<OPT T="SizePerPearl" V="SizePerPearl"></OPT>
<OPT T="TotalDiamondWeight" V="TotalDiamondWeight"></OPT>
<OPT T="MetalType-TotalDiamondWeight" V="MetalType-TotalDiamondWeight"></OPT>
<OPT T="MetalType-SizePerPearl" V="MetalType-SizePerPearl"></OPT>
</LIST>


<!-- ******* -->
<ELEMENT ID="CQGNLWK" PROMPT="Jewelry:FineEarring" TYPE="HIDDEN" DATA="product:amz:catalog"></ELEMENT>
<ELEMENT ID="CQGNLWL" PROMPT="Fine Earring Parentage" LIST="LIST_JEWELRY_FINEEARRING_PARENTAGE" TYPE="SELECT" DATA="product:amz:prod_jewelry_fineearring_parentage"></ELEMENT>
<ELEMENT ID="CQGNLWM" PROMPT="Fine Earring Variation Theme" LIST="LIST_JEWELRY_FINEEARRING_VARIATIONTHEME" TYPE="SELECT" DATA="product:amz:prod_jewelry_fineearring_variationtheme"></ELEMENT>
<ELEMENT ID="CQGNLWN" PROMPT="Metal Type" DEFAULT="" TYPE="TEXTBOX" DATA="product:amz:prod_jewelry_metaltype" MANDATORY="Y"></ELEMENT>
<ELEMENT ID="CQGNLWO" PROMPT="Total Diamond Weight" DEFAULT="" TYPE="TEXTBOX" DATA="product:amz:prod_jewelry_totaldiamondweight" MANDATORY="Y"></ELEMENT>
<ELEMENT ID="CQGNLWP" PROMPT="Material_1" DEFAULT="" TYPE="TEXTBOX" DATA="product:amz:prod_jewelry_material_1" MANDATORY="Y"></ELEMENT>
<ELEMENT ID="CQGNLWQ" PROMPT="Material_2" DEFAULT="" TYPE="TEXTBOX" DATA="product:amz:prod_jewelry_material_2"></ELEMENT>
<ELEMENT ID="CQGNLWR" PROMPT="Material_3" DEFAULT="" TYPE="TEXTBOX" DATA="product:amz:prod_jewelry_material_3"></ELEMENT>
<ELEMENT ID="CQGNLWS" PROMPT="Material_4" DEFAULT="" TYPE="TEXTBOX" DATA="product:amz:prod_jewelry_material_4"></ELEMENT>
<ELEMENT ID="CQGNLWT" PROMPT="Metal Stamp" DEFAULT="" TYPE="TEXTBOX" DATA="product:amz:prod_jewelry_metalstamp" MANDATORY="Y"></ELEMENT>
<ELEMENT ID="CQGNLWU" PROMPT="Setting Type" DEFAULT="" TYPE="TEXTBOX" DATA="product:amz:prod_jewelry_settingtype" MANDATORY="Y"></ELEMENT>
<ELEMENT ID="CQGNLWV" PROMPT="Pearl Type" DEFAULT="" TYPE="TEXTBOX" DATA="product:amz:prod_jewelry_pearltype" MANDATORY="Y"></ELEMENT>
<ELEMENT ID="CQGNLWW" PROMPT="Pearl Minimum Color" DEFAULT="" TYPE="TEXTBOX" DATA="product:amz:prod_jewelry_pearlminimumcolor" MANDATORY="Y"></ELEMENT>
<ELEMENT ID="CQGNLWX" PROMPT="Pearl Lustre" DEFAULT="" TYPE="TEXTBOX" DATA="product:amz:prod_jewelry_pearllustre" MANDATORY="Y"></ELEMENT>
<ELEMENT ID="CQGNLWY" PROMPT="Pearl Shape" DEFAULT="" TYPE="TEXTBOX" DATA="product:amz:prod_jewelry_pearlshape" MANDATORY="Y"></ELEMENT>
<ELEMENT ID="CQGNLWZ" PROMPT="Pearl Uniformity" DEFAULT="" TYPE="TEXTBOX" DATA="product:amz:prod_jewelry_pearluniformity" MANDATORY="Y"></ELEMENT>
<ELEMENT ID="CQGNLXA" PROMPT="Pearl Surface Markings And Blemishes" DEFAULT="" TYPE="TEXTBOX" DATA="product:amz:prod_jewelry_pearlsurfacemarkingsandblemishes" MANDATORY="Y"></ELEMENT>
<ELEMENT ID="CQGNLXB" PROMPT="Pearl Stringing Method" DEFAULT="" TYPE="TEXTBOX" DATA="product:amz:prod_jewelry_pearlstringingmethod" MANDATORY="Y"></ELEMENT>
<ELEMENT ID="CQGNLXC" PROMPT="Size Per Pearl" DEFAULT="" TYPE="TEXTBOX" DATA="product:amz:prod_jewelry_sizeperpearl" MANDATORY="Y"></ELEMENT>
<ELEMENT ID="CQGNLXD" PROMPT="Total Gem Weight" DEFAULT="" TYPE="TEXTBOX" DATA="product:amz:prod_jewelry_totalgemweight" MANDATORY="Y"></ELEMENT>
<ELEMENT ID="CQGNLXE" PROMPT="Total Metal Weight" DEFAULT="" TYPE="TEXTBOX" DATA="product:amz:prod_jewelry_totalmetalweight" MANDATORY="Y"></ELEMENT>
<ELEMENT ID="CQGNLXF" PROMPT="Diameter" DEFAULT="" TYPE="NUMBER" DATA="product:amz:prod_jewelry_diameter"></ELEMENT>
<ELEMENT ID="CQGNLXG" PROMPT="Height" DEFAULT="" TYPE="NUMBER" DATA="product:amz:prod_jewelry_height"></ELEMENT>
<ELEMENT ID="CQGNLXH" PROMPT="Width" DEFAULT="" TYPE="NUMBER" DATA="product:amz:prod_jewelry_width"></ELEMENT>
<ELEMENT ID="CQGNLXI" PROMPT="Length" DEFAULT="" TYPE="NUMBER" DATA="product:amz:prod_jewelry_length"></ELEMENT>
<ELEMENT ID="CQGNLXJ" PROMPT="Back Finding" DEFAULT="" TYPE="TEXTBOX" DATA="product:amz:prod_jewelry_backfinding" MANDATORY="Y"></ELEMENT>
<ELEMENT ID="CQGNLXK" PROMPT="Estate Period" DEFAULT="" TYPE="TEXTBOX" DATA="product:amz:prod_jewelry_estateperiod" MANDATORY="Y"></ELEMENT>
<ELEMENT ID="CQGNLXL" PROMPT="NumberOfStones" DEFAULT="" TYPE="NUMBER" DATA="product:amz:prod_jewelry_numberofstones"></ELEMENT>
<ELEMENT ID="CQGNLXM" PROMPT="Pearl Type" DEFAULT="" TYPE="TEXTBOX" DATA="product:amz:prod_jewelry_pearltype" MANDATORY="Y"></ELEMENT>
<ELEMENT ID="CQGNLXN" PROMPT="Pearl Minimum Color" DEFAULT="" TYPE="TEXTBOX" DATA="product:amz:prod_jewelry_pearlminimumcolor" MANDATORY="Y"></ELEMENT>
<ELEMENT ID="CQGNLXO" PROMPT="Pearl Lustre" DEFAULT="" TYPE="TEXTBOX" DATA="product:amz:prod_jewelry_pearllustre" MANDATORY="Y"></ELEMENT>
<ELEMENT ID="CQGNLXP" PROMPT="Pearl Shape" DEFAULT="" TYPE="TEXTBOX" DATA="product:amz:prod_jewelry_pearlshape" MANDATORY="Y"></ELEMENT>
<ELEMENT ID="CQGNLXQ" PROMPT="Pearl Uniformity" DEFAULT="" TYPE="TEXTBOX" DATA="product:amz:prod_jewelry_pearluniformity" MANDATORY="Y"></ELEMENT>
<ELEMENT ID="CQGNLXR" PROMPT="Pearl Surface Markings And Blemishes" DEFAULT="" TYPE="TEXTBOX" DATA="product:amz:prod_jewelry_pearlsurfacemarkingsandblemishes" MANDATORY="Y"></ELEMENT>
<ELEMENT ID="CQGNLXS" PROMPT="Pearl Stringing Method" DEFAULT="" TYPE="TEXTBOX" DATA="product:amz:prod_jewelry_pearlstringingmethod" MANDATORY="Y"></ELEMENT>
<ELEMENT ID="CQGNLXT" PROMPT="Size Per Pearl" DEFAULT="" TYPE="TEXTBOX" DATA="product:amz:prod_jewelry_sizeperpearl" MANDATORY="Y"></ELEMENT>
<ELEMENT ID="CQGNLXU" PROMPT="NumberOfPearls" DEFAULT="" TYPE="NUMBER" DATA="product:amz:prod_jewelry_numberofpearls"></ELEMENT>
<ELEMENT ID="CQGNLXV" PROMPT="Pearl Type" DEFAULT="" TYPE="TEXTBOX" DATA="product:amz:prod_jewelry_pearltype" MANDATORY="Y"></ELEMENT>
<ELEMENT ID="CQGNLXW" PROMPT="Pearl Minimum Color" DEFAULT="" TYPE="TEXTBOX" DATA="product:amz:prod_jewelry_pearlminimumcolor" MANDATORY="Y"></ELEMENT>
<ELEMENT ID="CQGNLXX" PROMPT="Pearl Lustre" DEFAULT="" TYPE="TEXTBOX" DATA="product:amz:prod_jewelry_pearllustre" MANDATORY="Y"></ELEMENT>
<ELEMENT ID="CQGNLXY" PROMPT="Pearl Shape" DEFAULT="" TYPE="TEXTBOX" DATA="product:amz:prod_jewelry_pearlshape" MANDATORY="Y"></ELEMENT>
<ELEMENT ID="CQGNLXZ" PROMPT="Pearl Uniformity" DEFAULT="" TYPE="TEXTBOX" DATA="product:amz:prod_jewelry_pearluniformity" MANDATORY="Y"></ELEMENT>
<ELEMENT ID="CQGNLYA" PROMPT="Pearl Surface Markings And Blemishes" DEFAULT="" TYPE="TEXTBOX" DATA="product:amz:prod_jewelry_pearlsurfacemarkingsandblemishes" MANDATORY="Y"></ELEMENT>
<ELEMENT ID="CQGNLYB" PROMPT="Pearl Stringing Method" DEFAULT="" TYPE="TEXTBOX" DATA="product:amz:prod_jewelry_pearlstringingmethod" MANDATORY="Y"></ELEMENT>
<ELEMENT ID="CQGNLYC" PROMPT="Size Per Pearl" DEFAULT="" TYPE="TEXTBOX" DATA="product:amz:prod_jewelry_sizeperpearl" MANDATORY="Y"></ELEMENT>

</TEMPLATE>