<TEMPLATE ID="amz.camera.cleaner" FORMAT="DEFINITION">
<LIST ID="LIST_CAMERA_CLEANER_CLEANERTYPE" TYPE="TEXT">
<OPT T="brushes" V="brushes"></OPT>
<OPT T="cloths" V="cloths"></OPT>
<OPT T="cleaning-kits" V="cleaning-kits"></OPT>
<OPT T="compressed-air" V="compressed-air"></OPT>
<OPT T="liquid-cleaners" V="liquid-cleaners"></OPT>
<OPT T="refills" V="refills"></OPT>
</LIST>


<!-- ******* -->
<ELEMENT ID="CQGNJWQ" PROMPT="CameraPhoto:Cleaner" TYPE="HIDDEN" DATA="product:amz:catalog"></ELEMENT>
<ELEMENT ID="CQGNJWR" PROMPT="Manufacturer" DEFAULT="" TYPE="TEXTBOX" DATA="product:zoovy:prod_mfg" MANDATORY="Y"></ELEMENT>
<ELEMENT ID="CQGNJWS" PROMPT="Model Name" DEFAULT="" TYPE="TEXTBOX" DATA="product:zoovy:prod_mfgmodel" MANDATORY="Y"></ELEMENT>
<ELEMENT ID="CQGNJWT" PROMPT="Model Number" DEFAULT="" TYPE="TEXTBOX" DATA="product:zoovy:prod_mfgmodelid" MANDATORY="Y"></ELEMENT>
<ELEMENT ID="CQGNJWU" PROMPT="Mfr Part Number" DEFAULT="" TYPE="TEXTBOX" DATA="product:zoovy:prod_mfgid" MANDATORY="Y"></ELEMENT>
<ELEMENT ID="CQGNJWV" PROMPT="Color" DEFAULT="" TYPE="TEXTBOX" DATA="product:zoovy:prod_color" MANDATORY="Y"></ELEMENT>
<ELEMENT ID="CQGNJWW" PROMPT="Items Included" DEFAULT="" TYPE="TEXTBOX" DATA="product:zoovy:prod_included" MANDATORY="Y"></ELEMENT>
<ELEMENT ID="CQGNJWX" PROMPT="Keywords_1" DEFAULT="" TYPE="TEXTBOX" DATA="product:zoovy:keywords_1" MANDATORY="Y"></ELEMENT>
<ELEMENT ID="CQGNJWY" PROMPT="Keywords_2" DEFAULT="" TYPE="TEXTBOX" DATA="product:zoovy:keywords_2"></ELEMENT>
<ELEMENT ID="CQGNJWZ" PROMPT="Keywords_3" DEFAULT="" TYPE="TEXTBOX" DATA="product:zoovy:keywords_3"></ELEMENT>
<ELEMENT ID="CQGNJXA" PROMPT="Keywords_4" DEFAULT="" TYPE="TEXTBOX" DATA="product:zoovy:keywords_4"></ELEMENT>
<ELEMENT ID="CQGNJXB" PROMPT="Keywords_5" DEFAULT="" TYPE="TEXTBOX" DATA="product:zoovy:keywords_5"></ELEMENT>
<ELEMENT ID="CQGNJXC" PROMPT="Platinum Keywords_1" DEFAULT="" TYPE="TEXTBOX" DATA="product:amz:platinum_keywords_1" MANDATORY="Y"></ELEMENT>
<ELEMENT ID="CQGNJXD" PROMPT="Platinum Keywords_2" DEFAULT="" TYPE="TEXTBOX" DATA="product:amz:platinum_keywords_2"></ELEMENT>
<ELEMENT ID="CQGNJXE" PROMPT="Platinum Keywords_3" DEFAULT="" TYPE="TEXTBOX" DATA="product:amz:platinum_keywords_3"></ELEMENT>
<ELEMENT ID="CQGNJXF" PROMPT="Platinum Keywords_4" DEFAULT="" TYPE="TEXTBOX" DATA="product:amz:platinum_keywords_4"></ELEMENT>
<ELEMENT ID="CQGNJXG" PROMPT="Platinum Keywords_5" DEFAULT="" TYPE="TEXTBOX" DATA="product:amz:platinum_keywords_5"></ELEMENT>
<ELEMENT ID="CQGNJXH" PROMPT="Platinum Keywords_6" DEFAULT="" TYPE="TEXTBOX" DATA="product:amz:platinum_keywords_6"></ELEMENT>
<ELEMENT ID="CQGNJXI" PROMPT="Platinum Keywords_7" DEFAULT="" TYPE="TEXTBOX" DATA="product:amz:platinum_keywords_7"></ELEMENT>
<ELEMENT ID="CQGNJXJ" PROMPT="Platinum Keywords_8" DEFAULT="" TYPE="TEXTBOX" DATA="product:amz:platinum_keywords_8"></ELEMENT>
<ELEMENT ID="CQGNJXK" PROMPT="Platinum Keywords_9" DEFAULT="" TYPE="TEXTBOX" DATA="product:amz:platinum_keywords_9"></ELEMENT>
<ELEMENT ID="CQGNJXL" PROMPT="Platinum Keywords_10" DEFAULT="" TYPE="TEXTBOX" DATA="product:amz:platinum_keywords_10"></ELEMENT>
<ELEMENT ID="CQGNJXM" PROMPT="Platinum Keywords_11" DEFAULT="" TYPE="TEXTBOX" DATA="product:amz:platinum_keywords_11"></ELEMENT>
<ELEMENT ID="CQGNJXN" PROMPT="Platinum Keywords_12" DEFAULT="" TYPE="TEXTBOX" DATA="product:amz:platinum_keywords_12"></ELEMENT>
<ELEMENT ID="CQGNJXO" PROMPT="Platinum Keywords_13" DEFAULT="" TYPE="TEXTBOX" DATA="product:amz:platinum_keywords_13"></ELEMENT>
<ELEMENT ID="CQGNJXP" PROMPT="Platinum Keywords_14" DEFAULT="" TYPE="TEXTBOX" DATA="product:amz:platinum_keywords_14"></ELEMENT>
<ELEMENT ID="CQGNJXQ" PROMPT="Platinum Keywords_15" DEFAULT="" TYPE="TEXTBOX" DATA="product:amz:platinum_keywords_15"></ELEMENT>
<ELEMENT ID="CQGNJXR" PROMPT="Platinum Keywords_16" DEFAULT="" TYPE="TEXTBOX" DATA="product:amz:platinum_keywords_16"></ELEMENT>
<ELEMENT ID="CQGNJXS" PROMPT="Platinum Keywords_17" DEFAULT="" TYPE="TEXTBOX" DATA="product:amz:platinum_keywords_17"></ELEMENT>
<ELEMENT ID="CQGNJXT" PROMPT="Platinum Keywords_18" DEFAULT="" TYPE="TEXTBOX" DATA="product:amz:platinum_keywords_18"></ELEMENT>
<ELEMENT ID="CQGNJXU" PROMPT="Platinum Keywords_19" DEFAULT="" TYPE="TEXTBOX" DATA="product:amz:platinum_keywords_19"></ELEMENT>
<ELEMENT ID="CQGNJXV" PROMPT="Platinum Keywords_20" DEFAULT="" TYPE="TEXTBOX" DATA="product:amz:platinum_keywords_20"></ELEMENT>
<ELEMENT ID="CQGNJXW" PROMPT="Cleaner Cleaner Type" LIST="LIST_CAMERA_CLEANER_CLEANERTYPE" TYPE="SELECT" DATA="product:amz:prod_camera_cleaner_cleanertype"></ELEMENT>

</TEMPLATE>