<TEMPLATE ID="amz.misc" FORMAT="DEFINITION">


<!-- ******* -->
<ELEMENT ID="CQGNKFS" PROMPT="MISC" TYPE="HIDDEN" DATA="product:amz:catalog"></ELEMENT>
<ELEMENT ID="CQGNKFT" PROMPT="Product Type" DEFAULT="" TYPE="TEXTBOX" DATA="product:amz:prod_misc_producttype" MANDATORY="Y"></ELEMENT>
<ELEMENT ID="CQGNKFU" PROMPT="Product Category" DEFAULT="" TYPE="TEXTBOX" DATA="product:amz:prod_misc_productcategory" MANDATORY="Y"></ELEMENT>
<ELEMENT ID="CQGNKFV" PROMPT="Product Subcategory" DEFAULT="" TYPE="TEXTBOX" DATA="product:amz:prod_misc_productsubcategory" MANDATORY="Y"></ELEMENT>
<ELEMENT ID="CQGNKFW" PROMPT="Manufacturer" DEFAULT="" TYPE="TEXTBOX" DATA="product:amz:prod_misc_manufacturer" MANDATORY="Y"></ELEMENT>
<ELEMENT ID="CQGNKFX" PROMPT="Keywords_1" DEFAULT="" TYPE="TEXTBOX" DATA="product:amz:prod_misc_keywords_1" MANDATORY="Y"></ELEMENT>
<ELEMENT ID="CQGNKFY" PROMPT="Keywords_2" DEFAULT="" TYPE="TEXTBOX" DATA="product:amz:prod_misc_keywords_2"></ELEMENT>
<ELEMENT ID="CQGNKFZ" PROMPT="Keywords_3" DEFAULT="" TYPE="TEXTBOX" DATA="product:amz:prod_misc_keywords_3"></ELEMENT>
<ELEMENT ID="CQGNKGA" PROMPT="Keywords_4" DEFAULT="" TYPE="TEXTBOX" DATA="product:amz:prod_misc_keywords_4"></ELEMENT>
<ELEMENT ID="CQGNKGB" PROMPT="Keywords_5" DEFAULT="" TYPE="TEXTBOX" DATA="product:amz:prod_misc_keywords_5"></ELEMENT>
<ELEMENT ID="CQGNKGC" PROMPT="Color" DEFAULT="" TYPE="TEXTBOX" DATA="product:amz:prod_misc_color" MANDATORY="Y"></ELEMENT>
<ELEMENT ID="CQGNKGD" PROMPT="Size" DEFAULT="" TYPE="TEXTBOX" DATA="product:amz:prod_misc_size" MANDATORY="Y"></ELEMENT>
<ELEMENT ID="CQGNKGE" PROMPT="Event Date" DEFAULT="" TYPE="TEXTBOX" DATA="product:amz:prod_misc_eventdate" MANDATORY="Y"></ELEMENT>
<ELEMENT ID="CQGNKGF" PROMPT="Model Name" DEFAULT="" TYPE="TEXTBOX" DATA="product:amz:prod_misc_modelname" MANDATORY="Y"></ELEMENT>
<ELEMENT ID="CQGNKGG" PROMPT="Model Number" DEFAULT="" TYPE="TEXTBOX" DATA="product:amz:prod_misc_modelnumber" MANDATORY="Y"></ELEMENT>
<ELEMENT ID="CQGNKGH" PROMPT="Mfr Part Number" DEFAULT="" TYPE="TEXTBOX" DATA="product:amz:prod_misc_mfrpartnumber" MANDATORY="Y"></ELEMENT>

</TEMPLATE>