<TEMPLATE ID="amz.ce.pda" FORMAT="DEFINITION">


<!-- ******* -->
<ELEMENT ID="CQGNLNM" PROMPT="CE:PDA" TYPE="HIDDEN" DATA="product:amz:catalog"></ELEMENT>
<ELEMENT ID="CQGNLNN" PROMPT="Computer Memory Type_1" DEFAULT="" TYPE="TEXTBOX" DATA="product:amz:prod_electronix_computermemorytype_1" MANDATORY="Y"></ELEMENT>
<ELEMENT ID="CQGNLNO" PROMPT="Computer Memory Type_2" DEFAULT="" TYPE="TEXTBOX" DATA="product:amz:prod_electronix_computermemorytype_2"></ELEMENT>
<ELEMENT ID="CQGNLNP" PROMPT="Computer Memory Type_3" DEFAULT="" TYPE="TEXTBOX" DATA="product:amz:prod_electronix_computermemorytype_3"></ELEMENT>
<ELEMENT ID="CQGNLNQ" PROMPT="Computer Memory Type_4" DEFAULT="" TYPE="TEXTBOX" DATA="product:amz:prod_electronix_computermemorytype_4"></ELEMENT>
<ELEMENT ID="CQGNLNR" PROMPT="Computer Memory Type_5" DEFAULT="" TYPE="TEXTBOX" DATA="product:amz:prod_electronix_computermemorytype_5"></ELEMENT>
<ELEMENT ID="CQGNLNS" PROMPT="Computer Memory Type_6" DEFAULT="" TYPE="TEXTBOX" DATA="product:amz:prod_electronix_computermemorytype_6"></ELEMENT>
<ELEMENT ID="CQGNLNT" PROMPT="Computer Memory Type_7" DEFAULT="" TYPE="TEXTBOX" DATA="product:amz:prod_electronix_computermemorytype_7"></ELEMENT>
<ELEMENT ID="CQGNLNU" PROMPT="Computer Memory Type_8" DEFAULT="" TYPE="TEXTBOX" DATA="product:amz:prod_electronix_computermemorytype_8"></ELEMENT>
<ELEMENT ID="CQGNLNV" PROMPT="Computer Memory Type_9" DEFAULT="" TYPE="TEXTBOX" DATA="product:amz:prod_electronix_computermemorytype_9"></ELEMENT>
<ELEMENT ID="CQGNLNW" PROMPT="Computer Memory Type_10" DEFAULT="" TYPE="TEXTBOX" DATA="product:amz:prod_electronix_computermemorytype_10"></ELEMENT>
<ELEMENT ID="CQGNLNX" PROMPT="R A M Size" DEFAULT="" TYPE="TEXTBOX" DATA="product:amz:prod_electronix_ramsize" MANDATORY="Y"></ELEMENT>
<ELEMENT ID="CQGNLNY" PROMPT="Screen Resolution" DEFAULT="" TYPE="TEXTBOX" DATA="product:amz:prod_electronix_screenresolution" MANDATORY="Y"></ELEMENT>
<ELEMENT ID="CQGNLNZ" PROMPT="Color Screen" TYPE="CHECKBOX" DATA="product:amz:prod_electronix_colorscreen"></ELEMENT>
<ELEMENT ID="CQGNLOA" PROMPT="Operating System_1" DEFAULT="" TYPE="TEXTBOX" DATA="product:amz:prod_electronix_operatingsystem_1" MANDATORY="Y"></ELEMENT>
<ELEMENT ID="CQGNLOB" PROMPT="Operating System_2" DEFAULT="" TYPE="TEXTBOX" DATA="product:amz:prod_electronix_operatingsystem_2"></ELEMENT>
<ELEMENT ID="CQGNLOC" PROMPT="Operating System_3" DEFAULT="" TYPE="TEXTBOX" DATA="product:amz:prod_electronix_operatingsystem_3"></ELEMENT>
<ELEMENT ID="CQGNLOD" PROMPT="Operating System_4" DEFAULT="" TYPE="TEXTBOX" DATA="product:amz:prod_electronix_operatingsystem_4"></ELEMENT>
<ELEMENT ID="CQGNLOE" PROMPT="Operating System_5" DEFAULT="" TYPE="TEXTBOX" DATA="product:amz:prod_electronix_operatingsystem_5"></ELEMENT>
<ELEMENT ID="CQGNLOF" PROMPT="Wireless Type_1" DEFAULT="" TYPE="TEXTBOX" DATA="product:amz:prod_electronix_wirelesstype_1" MANDATORY="Y"></ELEMENT>
<ELEMENT ID="CQGNLOG" PROMPT="Wireless Type_2" DEFAULT="" TYPE="TEXTBOX" DATA="product:amz:prod_electronix_wirelesstype_2"></ELEMENT>
<ELEMENT ID="CQGNLOH" PROMPT="Wireless Type_3" DEFAULT="" TYPE="TEXTBOX" DATA="product:amz:prod_electronix_wirelesstype_3"></ELEMENT>
<ELEMENT ID="CQGNLOI" PROMPT="Hard Drive Size" DEFAULT="" TYPE="TEXTBOX" DATA="product:amz:prod_electronix_harddrivesize" MANDATORY="Y"></ELEMENT>
<ELEMENT ID="CQGNLOJ" PROMPT="Software Included" DEFAULT="" TYPE="TEXTBOX" DATA="product:amz:prod_electronix_softwareincluded" MANDATORY="Y"></ELEMENT>
<ELEMENT ID="CQGNLOK" PROMPT="Memory Slots Available" DEFAULT="" TYPE="TEXTBOX" DATA="product:amz:prod_electronix_memoryslotsavailable" MANDATORY="Y"></ELEMENT>
<ELEMENT ID="CQGNLOL" PROMPT="Processor Speed" DEFAULT="" TYPE="TEXTBOX" DATA="product:amz:prod_electronix_processorspeed" MANDATORY="Y"></ELEMENT>
<ELEMENT ID="CQGNLOM" PROMPT="Processor Type" DEFAULT="" TYPE="TEXTBOX" DATA="product:amz:prod_electronix_processortype" MANDATORY="Y"></ELEMENT>
<ELEMENT ID="CQGNLON" PROMPT="R O M Size" DEFAULT="" TYPE="TEXTBOX" DATA="product:amz:prod_electronix_romsize" MANDATORY="Y"></ELEMENT>
<ELEMENT ID="CQGNLOO" PROMPT="ScreenSize" DEFAULT="" TYPE="NUMBER" DATA="product:amz:prod_electronix_screensize"></ELEMENT>
<ELEMENT ID="CQGNLOP" PROMPT="Additional Features" DEFAULT="" TYPE="TEXTBOX" DATA="product:amz:prod_electronix_additionalfeatures" MANDATORY="Y"></ELEMENT>
<ELEMENT ID="CQGNLOQ" PROMPT="P D A Base Model_1" DEFAULT="" TYPE="TEXTBOX" DATA="product:amz:prod_electronix_pdabasemodel_1" MANDATORY="Y"></ELEMENT>
<ELEMENT ID="CQGNLOR" PROMPT="P D A Base Model_2" DEFAULT="" TYPE="TEXTBOX" DATA="product:amz:prod_electronix_pdabasemodel_2"></ELEMENT>
<ELEMENT ID="CQGNLOS" PROMPT="P D A Base Model_3" DEFAULT="" TYPE="TEXTBOX" DATA="product:amz:prod_electronix_pdabasemodel_3"></ELEMENT>
<ELEMENT ID="CQGNLOT" PROMPT="P D A Base Model_4" DEFAULT="" TYPE="TEXTBOX" DATA="product:amz:prod_electronix_pdabasemodel_4"></ELEMENT>
<ELEMENT ID="CQGNLOU" PROMPT="P D A Base Model_5" DEFAULT="" TYPE="TEXTBOX" DATA="product:amz:prod_electronix_pdabasemodel_5"></ELEMENT>

</TEMPLATE>