<TEMPLATE ID="amz.camera.powersupply" FORMAT="DEFINITION">
<LIST ID="LIST_CAMERA_POWERSUPPLY_FORUSEWITH" TYPE="TEXT">
<OPT T="film-cameras" V="film-cameras"></OPT>
<OPT T="digital-cameras" V="digital-cameras"></OPT>
<OPT T="analog-camcorders-general" V="analog-camcorders-general"></OPT>
<OPT T="8mm-camcorders" V="8mm-camcorders"></OPT>
<OPT T="betacam-sp-camcorders" V="betacam-sp-camcorders"></OPT>
<OPT T="hi-8-camcorders" V="hi-8-camcorders"></OPT>
<OPT T="s-vhs-camcorders" V="s-vhs-camcorders"></OPT>
<OPT T="s-vhs-c-camcorders" V="s-vhs-c-camcorders"></OPT>
<OPT T="vhs-camcorders" V="vhs-camcorders"></OPT>
<OPT T="vhs-c-camcorders" V="vhs-c-camcorders"></OPT>
<OPT T="other-analog-formats-camcorders" V="other-analog-formats-camcorders"></OPT>
<OPT T="digital-camcorders-general" V="digital-camcorders-general"></OPT>
<OPT T="digital-betacam-camcorders" V="digital-betacam-camcorders"></OPT>
<OPT T="dv-camcorders" V="dv-camcorders"></OPT>
<OPT T="dvcam-camcorders" V="dvcam-camcorders"></OPT>
<OPT T="dvcpro-camcorders" V="dvcpro-camcorders"></OPT>
<OPT T="minidv-camcorders" V="minidv-camcorders"></OPT>
<OPT T="micromv-camcorders" V="micromv-camcorders"></OPT>
<OPT T="digital8-camcorders" V="digital8-camcorders"></OPT>
<OPT T="dvd-camcorders" V="dvd-camcorders"></OPT>
<OPT T="minidisc-camcorders" V="minidisc-camcorders"></OPT>
<OPT T="other-digital-formats-camcorders" V="other-digital-formats-camcorders"></OPT>
<OPT T="flashes" V="flashes"></OPT>
<OPT T="lighting" V="lighting"></OPT>
<OPT T="surveillence-products" V="surveillence-products"></OPT>
<OPT T="other-products" V="other-products"></OPT>
</LIST>
<LIST ID="LIST_CAMERA_POWERSUPPLY_CAMERAPOWERSUPPLYTYPE" TYPE="TEXT">
<OPT T="batteries-general" V="batteries-general"></OPT>
<OPT T="disposable-batteries" V="disposable-batteries"></OPT>
<OPT T="rechargeable-Batteries" V="rechargeable-Batteries"></OPT>
<OPT T="external-batteries" V="external-batteries"></OPT>
<OPT T="battery-packs-general" V="battery-packs-general"></OPT>
<OPT T="shoulder-battery-packs" V="shoulder-battery-packs"></OPT>
<OPT T="belt-battery-packs" V="belt-battery-packs"></OPT>
<OPT T="dedicated-battery-packs" V="dedicated-battery-packs"></OPT>
<OPT T="other-batteries-and-packs" V="other-batteries-and-packs"></OPT>
<OPT T="adapters-general" V="adapters-general"></OPT>
<OPT T="ac-adapters" V="ac-adapters"></OPT>
<OPT T="dc-adapters" V="dc-adapters"></OPT>
<OPT T="battery-chargers" V="battery-chargers"></OPT>
<OPT T="ac-power-supply" V="ac-power-supply"></OPT>
<OPT T="dc-power-supply" V="dc-power-supply"></OPT>
<OPT T="other-power-supplies" V="other-power-supplies"></OPT>
</LIST>
<LIST ID="LIST_CAMERA_POWERSUPPLY_BATTERYCHEMICALTYPE" TYPE="TEXT">
<OPT T="lead-acid" V="lead-acid"></OPT>
<OPT T="lithium" V="lithium"></OPT>
<OPT T="lithium-ion" V="lithium-ion"></OPT>
<OPT T="nickel-metal-hydride" V="nickel-metal-hydride"></OPT>
<OPT T="nicd" V="nicd"></OPT>
<OPT T="silver-oxide" V="silver-oxide"></OPT>
<OPT T="alkaline" V="alkaline"></OPT>
<OPT T="other-battery-types" V="other-battery-types"></OPT>
</LIST>
<LIST ID="LIST_CAMERA_POWERSUPPLY_POWERSUPPLYACCESSORIES" TYPE="TEXT">
<OPT T="battery-holders" V="battery-holders"></OPT>
<OPT T="battery-testers" V="battery-testers"></OPT>
<OPT T="mounting-plates" V="mounting-plates"></OPT>
<OPT T="cables-general" V="cables-general"></OPT>
<OPT T="battery-power-cables" V="battery-power-cables"></OPT>
<OPT T="power-supply-cables" V="power-supply-cables"></OPT>
<OPT T="charger-cables" V="charger-cables"></OPT>
<OPT T="adapter-cables" V="adapter-cables"></OPT>
<OPT T="other-cables" V="other-cables"></OPT>
<OPT T="cigarette-connectors" V="cigarette-connectors"></OPT>
<OPT T="xlr-connectors" V="xlr-connectors"></OPT>
<OPT T="dc-couplers" V="dc-couplers"></OPT>
</LIST>


<!-- ******* -->
<ELEMENT ID="CQGNLBS" PROMPT="CameraPhoto:PowerSupply" TYPE="HIDDEN" DATA="product:amz:catalog"></ELEMENT>
<ELEMENT ID="CQGNLBT" PROMPT="Manufacturer" DEFAULT="" TYPE="TEXTBOX" DATA="product:zoovy:prod_mfg" MANDATORY="Y"></ELEMENT>
<ELEMENT ID="CQGNLBU" PROMPT="Model Name" DEFAULT="" TYPE="TEXTBOX" DATA="product:zoovy:prod_mfgmodel" MANDATORY="Y"></ELEMENT>
<ELEMENT ID="CQGNLBV" PROMPT="Model Number" DEFAULT="" TYPE="TEXTBOX" DATA="product:zoovy:prod_mfgmodelid" MANDATORY="Y"></ELEMENT>
<ELEMENT ID="CQGNLBW" PROMPT="Mfr Part Number" DEFAULT="" TYPE="TEXTBOX" DATA="product:zoovy:prod_mfgid" MANDATORY="Y"></ELEMENT>
<ELEMENT ID="CQGNLBX" PROMPT="Color" DEFAULT="" TYPE="TEXTBOX" DATA="product:zoovy:prod_color" MANDATORY="Y"></ELEMENT>
<ELEMENT ID="CQGNLBY" PROMPT="Items Included" DEFAULT="" TYPE="TEXTBOX" DATA="product:zoovy:prod_included" MANDATORY="Y"></ELEMENT>
<ELEMENT ID="CQGNLBZ" PROMPT="Keywords_1" DEFAULT="" TYPE="TEXTBOX" DATA="product:zoovy:keywords_1" MANDATORY="Y"></ELEMENT>
<ELEMENT ID="CQGNLCA" PROMPT="Keywords_2" DEFAULT="" TYPE="TEXTBOX" DATA="product:zoovy:keywords_2"></ELEMENT>
<ELEMENT ID="CQGNLCB" PROMPT="Keywords_3" DEFAULT="" TYPE="TEXTBOX" DATA="product:zoovy:keywords_3"></ELEMENT>
<ELEMENT ID="CQGNLCC" PROMPT="Keywords_4" DEFAULT="" TYPE="TEXTBOX" DATA="product:zoovy:keywords_4"></ELEMENT>
<ELEMENT ID="CQGNLCD" PROMPT="Keywords_5" DEFAULT="" TYPE="TEXTBOX" DATA="product:zoovy:keywords_5"></ELEMENT>
<ELEMENT ID="CQGNLCE" PROMPT="Platinum Keywords_1" DEFAULT="" TYPE="TEXTBOX" DATA="product:amz:platinum_keywords_1" MANDATORY="Y"></ELEMENT>
<ELEMENT ID="CQGNLCF" PROMPT="Platinum Keywords_2" DEFAULT="" TYPE="TEXTBOX" DATA="product:amz:platinum_keywords_2"></ELEMENT>
<ELEMENT ID="CQGNLCG" PROMPT="Platinum Keywords_3" DEFAULT="" TYPE="TEXTBOX" DATA="product:amz:platinum_keywords_3"></ELEMENT>
<ELEMENT ID="CQGNLCH" PROMPT="Platinum Keywords_4" DEFAULT="" TYPE="TEXTBOX" DATA="product:amz:platinum_keywords_4"></ELEMENT>
<ELEMENT ID="CQGNLCI" PROMPT="Platinum Keywords_5" DEFAULT="" TYPE="TEXTBOX" DATA="product:amz:platinum_keywords_5"></ELEMENT>
<ELEMENT ID="CQGNLCJ" PROMPT="Platinum Keywords_6" DEFAULT="" TYPE="TEXTBOX" DATA="product:amz:platinum_keywords_6"></ELEMENT>
<ELEMENT ID="CQGNLCK" PROMPT="Platinum Keywords_7" DEFAULT="" TYPE="TEXTBOX" DATA="product:amz:platinum_keywords_7"></ELEMENT>
<ELEMENT ID="CQGNLCL" PROMPT="Platinum Keywords_8" DEFAULT="" TYPE="TEXTBOX" DATA="product:amz:platinum_keywords_8"></ELEMENT>
<ELEMENT ID="CQGNLCM" PROMPT="Platinum Keywords_9" DEFAULT="" TYPE="TEXTBOX" DATA="product:amz:platinum_keywords_9"></ELEMENT>
<ELEMENT ID="CQGNLCN" PROMPT="Platinum Keywords_10" DEFAULT="" TYPE="TEXTBOX" DATA="product:amz:platinum_keywords_10"></ELEMENT>
<ELEMENT ID="CQGNLCO" PROMPT="Platinum Keywords_11" DEFAULT="" TYPE="TEXTBOX" DATA="product:amz:platinum_keywords_11"></ELEMENT>
<ELEMENT ID="CQGNLCP" PROMPT="Platinum Keywords_12" DEFAULT="" TYPE="TEXTBOX" DATA="product:amz:platinum_keywords_12"></ELEMENT>
<ELEMENT ID="CQGNLCQ" PROMPT="Platinum Keywords_13" DEFAULT="" TYPE="TEXTBOX" DATA="product:amz:platinum_keywords_13"></ELEMENT>
<ELEMENT ID="CQGNLCR" PROMPT="Platinum Keywords_14" DEFAULT="" TYPE="TEXTBOX" DATA="product:amz:platinum_keywords_14"></ELEMENT>
<ELEMENT ID="CQGNLCS" PROMPT="Platinum Keywords_15" DEFAULT="" TYPE="TEXTBOX" DATA="product:amz:platinum_keywords_15"></ELEMENT>
<ELEMENT ID="CQGNLCT" PROMPT="Platinum Keywords_16" DEFAULT="" TYPE="TEXTBOX" DATA="product:amz:platinum_keywords_16"></ELEMENT>
<ELEMENT ID="CQGNLCU" PROMPT="Platinum Keywords_17" DEFAULT="" TYPE="TEXTBOX" DATA="product:amz:platinum_keywords_17"></ELEMENT>
<ELEMENT ID="CQGNLCV" PROMPT="Platinum Keywords_18" DEFAULT="" TYPE="TEXTBOX" DATA="product:amz:platinum_keywords_18"></ELEMENT>
<ELEMENT ID="CQGNLCW" PROMPT="Platinum Keywords_19" DEFAULT="" TYPE="TEXTBOX" DATA="product:amz:platinum_keywords_19"></ELEMENT>
<ELEMENT ID="CQGNLCX" PROMPT="Platinum Keywords_20" DEFAULT="" TYPE="TEXTBOX" DATA="product:amz:platinum_keywords_20"></ELEMENT>
<ELEMENT ID="CQGNLCY" PROMPT="Power Supply For Use With" LIST="LIST_CAMERA_POWERSUPPLY_FORUSEWITH" TYPE="SELECT" DATA="product:amz:prod_camera_powersupply_forusewith"></ELEMENT>
<ELEMENT ID="CQGNLCZ" PROMPT="Power Supply Camera Power Supply Type" LIST="LIST_CAMERA_POWERSUPPLY_CAMERAPOWERSUPPLYTYPE" TYPE="SELECT" DATA="product:amz:prod_camera_powersupply_camerapowersupplytype"></ELEMENT>
<ELEMENT ID="CQGNLDA" PROMPT="Power Supply Battery Chemical Type" LIST="LIST_CAMERA_POWERSUPPLY_BATTERYCHEMICALTYPE" TYPE="SELECT" DATA="product:amz:prod_camera_powersupply_batterychemicaltype"></ELEMENT>
<ELEMENT ID="CQGNLDB" PROMPT="Power Supply Power Supply Accessories" LIST="LIST_CAMERA_POWERSUPPLY_POWERSUPPLYACCESSORIES" TYPE="SELECT" DATA="product:amz:prod_camera_powersupply_powersupplyaccessories"></ELEMENT>

</TEMPLATE>