<TEMPLATE ID="amz.jewerly.fashionother" FORMAT="DEFINITION">
<LIST ID="LIST_JEWELRY_FASHIONOTHER_PARENTAGE" TYPE="TEXT">
<OPT T="parent" V="parent"></OPT>
<OPT T="child" V="child"></OPT>
</LIST>
<LIST ID="LIST_JEWELRY_FASHIONOTHER_VARIATIONTHEME" TYPE="TEXT">
<OPT T="Length" V="Length"></OPT>
<OPT T="MetalType" V="MetalType"></OPT>
<OPT T="Length-MetalType" V="Length-MetalType"></OPT>
</LIST>


<!-- ******* -->
<ELEMENT ID="CQGNLYT" PROMPT="Jewelry:FashionOther" TYPE="HIDDEN" DATA="product:amz:catalog"></ELEMENT>
<ELEMENT ID="CQGNLYU" PROMPT="Fashion Other Parentage" LIST="LIST_JEWELRY_FASHIONOTHER_PARENTAGE" TYPE="SELECT" DATA="product:amz:prod_jewelry_fashionother_parentage"></ELEMENT>
<ELEMENT ID="CQGNLYV" PROMPT="Fashion Other Variation Theme" LIST="LIST_JEWELRY_FASHIONOTHER_VARIATIONTHEME" TYPE="SELECT" DATA="product:amz:prod_jewelry_fashionother_variationtheme"></ELEMENT>
<ELEMENT ID="CQGNLYW" PROMPT="Length" DEFAULT="" TYPE="NUMBER" DATA="product:amz:prod_jewelry_length"></ELEMENT>
<ELEMENT ID="CQGNLYX" PROMPT="Metal Type" DEFAULT="" TYPE="TEXTBOX" DATA="product:amz:prod_jewelry_metaltype" MANDATORY="Y"></ELEMENT>
<ELEMENT ID="CQGNLYY" PROMPT="Material_1" DEFAULT="" TYPE="TEXTBOX" DATA="product:amz:prod_jewelry_material_1" MANDATORY="Y"></ELEMENT>
<ELEMENT ID="CQGNLYZ" PROMPT="Material_2" DEFAULT="" TYPE="TEXTBOX" DATA="product:amz:prod_jewelry_material_2"></ELEMENT>
<ELEMENT ID="CQGNLZA" PROMPT="Material_3" DEFAULT="" TYPE="TEXTBOX" DATA="product:amz:prod_jewelry_material_3"></ELEMENT>
<ELEMENT ID="CQGNLZB" PROMPT="Material_4" DEFAULT="" TYPE="TEXTBOX" DATA="product:amz:prod_jewelry_material_4"></ELEMENT>
<ELEMENT ID="CQGNLZC" PROMPT="Metal Stamp" DEFAULT="" TYPE="TEXTBOX" DATA="product:amz:prod_jewelry_metalstamp" MANDATORY="Y"></ELEMENT>
<ELEMENT ID="CQGNLZD" PROMPT="Total Metal Weight" DEFAULT="" TYPE="TEXTBOX" DATA="product:amz:prod_jewelry_totalmetalweight" MANDATORY="Y"></ELEMENT>
<ELEMENT ID="CQGNLZE" PROMPT="Diameter" DEFAULT="" TYPE="NUMBER" DATA="product:amz:prod_jewelry_diameter"></ELEMENT>
<ELEMENT ID="CQGNLZF" PROMPT="Height" DEFAULT="" TYPE="NUMBER" DATA="product:amz:prod_jewelry_height"></ELEMENT>
<ELEMENT ID="CQGNLZG" PROMPT="Width" DEFAULT="" TYPE="NUMBER" DATA="product:amz:prod_jewelry_width"></ELEMENT>
<ELEMENT ID="CQGNLZH" PROMPT="Estate Period" DEFAULT="" TYPE="TEXTBOX" DATA="product:amz:prod_jewelry_estateperiod" MANDATORY="Y"></ELEMENT>

</TEMPLATE>