<TEMPLATE ID="amz.musicinst.keyboardinstruments" FORMAT="DEFINITION">


<!-- ******* -->
<ELEMENT ID="CQGNMFT" PROMPT="MusicalInstruments:KeyboardInstruments" TYPE="HIDDEN" DATA="product:amz:catalog"></ELEMENT>
<ELEMENT ID="CQGNMFU" PROMPT="Additional Specifications" DEFAULT="" TYPE="TEXTBOX" DATA="product:amz:prod_musicinst_additionalspecifications" MANDATORY="Y"></ELEMENT>
<ELEMENT ID="CQGNMFV" PROMPT="Color" DEFAULT="" TYPE="TEXTBOX" DATA="product:amz:prod_base_color" MANDATORY="Y"></ELEMENT>
<ELEMENT ID="CQGNMFW" PROMPT="Country Produced In" DEFAULT="" TYPE="TEXTBOX" DATA="product:amz:prod_musicinst_countryproducedin" MANDATORY="Y"></ELEMENT>
<ELEMENT ID="CQGNMFX" PROMPT="Instrument Key" DEFAULT="" TYPE="TEXTBOX" DATA="product:amz:prod_musicinst_instrumentkey" MANDATORY="Y"></ELEMENT>
<ELEMENT ID="CQGNMFY" PROMPT="ItemPackageQuantity" DEFAULT="1" TYPE="NUMBER" DATA="product:amz:prod_musicinst_itempackagequantity"></ELEMENT>
<ELEMENT ID="CQGNMFZ" PROMPT="Material Type" DEFAULT="" TYPE="TEXTBOX" DATA="product:amz:prod_musicinst_materialtype" MANDATORY="Y"></ELEMENT>
<ELEMENT ID="CQGNMGA" PROMPT="Model Name" DEFAULT="" TYPE="TEXTBOX" DATA="product:amz:prod_musicinst_modelname" MANDATORY="Y"></ELEMENT>
<ELEMENT ID="CQGNMGB" PROMPT="Model Number" DEFAULT="" TYPE="TEXTBOX" DATA="product:amz:prod_musicinst_modelnumber" MANDATORY="Y"></ELEMENT>
<ELEMENT ID="CQGNMGC" PROMPT="Model Year" DEFAULT="" TYPE="TEXTBOX" DATA="product:amz:prod_musicinst_modelyear" MANDATORY="Y"></ELEMENT>
<ELEMENT ID="CQGNMGD" PROMPT="Musical Style" DEFAULT="" TYPE="TEXTBOX" DATA="product:amz:prod_musicinst_musicalstyle" MANDATORY="Y"></ELEMENT>
<ELEMENT ID="CQGNMGE" PROMPT="NumberOfKeyboardKeys" DEFAULT="" TYPE="NUMBER" DATA="product:amz:prod_musicinst_numberofkeyboardkeys"></ELEMENT>

</TEMPLATE>