<TEMPLATE ID="amz.camera.filmcamera" FORMAT="DEFINITION">
<LIST ID="LIST_CAMERA_FILMCAMERA_CAMERATYPE" TYPE="TEXT">
<OPT T="point-and-shoot" V="point-and-shoot"></OPT>
<OPT T="slr" V="slr"></OPT>
<OPT T="instant" V="instant"></OPT>
<OPT T="single-use" V="single-use"></OPT>
<OPT T="large-format" V="large-format"></OPT>
<OPT T="medium-format" V="medium-format"></OPT>
<OPT T="rangefinder" V="rangefinder"></OPT>
<OPT T="field" V="field"></OPT>
<OPT T="monorail" V="monorail"></OPT>
<OPT T="kids" V="kids"></OPT>
<OPT T="3-d" V="3-d"></OPT>
<OPT T="micro" V="micro"></OPT>
<OPT T="panorama" V="panorama"></OPT>
<OPT T="passport-and-id" V="passport-and-id"></OPT>
<OPT T="underwater" V="underwater"></OPT>
<OPT T="other" V="other"></OPT>
</LIST>
<LIST ID="LIST_CAMERA_FILMCAMERA_FILMFORMAT" TYPE="TEXT">
<OPT T="aps" V="aps"></OPT>
<OPT T="16mm" V="16mm"></OPT>
<OPT T="35mm" V="35mm"></OPT>
<OPT T="110" V="110"></OPT>
<OPT T="120" V="120"></OPT>
<OPT T="2x3" V="2x3"></OPT>
<OPT T="4x5" V="4x5"></OPT>
<OPT T="5x7" V="5x7"></OPT>
<OPT T="6x8" V="6x8"></OPT>
<OPT T="8x10" V="8x10"></OPT>
<OPT T="8x20" V="8x20"></OPT>
<OPT T="10x12" V="10x12"></OPT>
<OPT T="11x14" V="11x14"></OPT>
<OPT T="12x20" V="12x20"></OPT>
<OPT T="14x17" V="14x17"></OPT>
<OPT T="16x20" V="16x20"></OPT>
</LIST>
<LIST ID="LIST_CAMERA_FILMCAMERA_FOCUSTYPE" TYPE="TEXT">
<OPT T="auto-focus" V="auto-focus"></OPT>
<OPT T="manual-focus" V="manual-focus"></OPT>
<OPT T="manual-and-auto-focus" V="manual-and-auto-focus"></OPT>
<OPT T="focus-free" V="focus-free"></OPT>
</LIST>
<LIST ID="LIST_CAMERA_FILMCAMERA_LENSTYPE" TYPE="TEXT">
<OPT T="fixed" V="fixed"></OPT>
<OPT T="interchangeable" V="interchangeable"></OPT>
</LIST>
<LIST ID="LIST_CAMERA_FILMCAMERA_FLASHTYPE" TYPE="TEXT">
<OPT T="automatic" V="automatic"></OPT>
<OPT T="forced" V="forced"></OPT>
<OPT T="fill" V="fill"></OPT>
<OPT T="none" V="none"></OPT>
<OPT T="flash-override" V="flash-override"></OPT>
</LIST>
<LIST ID="LIST_CAMERA_FILMCAMERA_VIEWFINDER" TYPE="TEXT">
<OPT T="optical" V="optical"></OPT>
<OPT T="electronic" V="electronic"></OPT>
</LIST>
<LIST ID="LIST_CAMERA_FILMCAMERA_EXPOSURECONTROL" TYPE="TEXT">
<OPT T="manual" V="manual"></OPT>
<OPT T="automatic" V="automatic"></OPT>
<OPT T="manual-and-automatic" V="manual-and-automatic"></OPT>
<OPT T="aperture-priority" V="aperture-priority"></OPT>
<OPT T="shutter-speed-priority" V="shutter-speed-priority"></OPT>
</LIST>
<LIST ID="LIST_CAMERA_FILMCAMERA_SIZE" TYPE="TEXT">
<OPT T="compact" V="compact"></OPT>
<OPT T="ultra-compact" V="ultra-compact"></OPT>
</LIST>
<LIST ID="LIST_CAMERA_FILMCAMERA_PACKAGETYPE" TYPE="TEXT">
<OPT T="body-only" V="body-only"></OPT>
<OPT T="multiple-lenses" V="multiple-lenses"></OPT>
</LIST>


<!-- ******* -->
<ELEMENT ID="CQGNJMH" PROMPT="CameraPhoto:FilmCamera" TYPE="HIDDEN" DATA="product:amz:catalog"></ELEMENT>
<ELEMENT ID="CQGNJMI" PROMPT="Manufacturer" DEFAULT="" TYPE="TEXTBOX" DATA="product:zoovy:prod_mfg" MANDATORY="Y"></ELEMENT>
<ELEMENT ID="CQGNJMJ" PROMPT="Model Name" DEFAULT="" TYPE="TEXTBOX" DATA="product:zoovy:prod_mfgmodel" MANDATORY="Y"></ELEMENT>
<ELEMENT ID="CQGNJMK" PROMPT="Model Number" DEFAULT="" TYPE="TEXTBOX" DATA="product:zoovy:prod_mfgmodelid" MANDATORY="Y"></ELEMENT>
<ELEMENT ID="CQGNJML" PROMPT="Mfr Part Number" DEFAULT="" TYPE="TEXTBOX" DATA="product:zoovy:prod_mfgid" MANDATORY="Y"></ELEMENT>
<ELEMENT ID="CQGNJMM" PROMPT="Color" DEFAULT="" TYPE="TEXTBOX" DATA="product:zoovy:prod_color" MANDATORY="Y"></ELEMENT>
<ELEMENT ID="CQGNJMN" PROMPT="Items Included" DEFAULT="" TYPE="TEXTBOX" DATA="product:zoovy:prod_included" MANDATORY="Y"></ELEMENT>
<ELEMENT ID="CQGNJMO" PROMPT="Keywords_1" DEFAULT="" TYPE="TEXTBOX" DATA="product:zoovy:keywords_1" MANDATORY="Y"></ELEMENT>
<ELEMENT ID="CQGNJMP" PROMPT="Keywords_2" DEFAULT="" TYPE="TEXTBOX" DATA="product:zoovy:keywords_2"></ELEMENT>
<ELEMENT ID="CQGNJMQ" PROMPT="Keywords_3" DEFAULT="" TYPE="TEXTBOX" DATA="product:zoovy:keywords_3"></ELEMENT>
<ELEMENT ID="CQGNJMR" PROMPT="Keywords_4" DEFAULT="" TYPE="TEXTBOX" DATA="product:zoovy:keywords_4"></ELEMENT>
<ELEMENT ID="CQGNJMS" PROMPT="Keywords_5" DEFAULT="" TYPE="TEXTBOX" DATA="product:zoovy:keywords_5"></ELEMENT>
<ELEMENT ID="CQGNJMT" PROMPT="Platinum Keywords_1" DEFAULT="" TYPE="TEXTBOX" DATA="product:amz:platinum_keywords_1" MANDATORY="Y"></ELEMENT>
<ELEMENT ID="CQGNJMU" PROMPT="Platinum Keywords_2" DEFAULT="" TYPE="TEXTBOX" DATA="product:amz:platinum_keywords_2"></ELEMENT>
<ELEMENT ID="CQGNJMV" PROMPT="Platinum Keywords_3" DEFAULT="" TYPE="TEXTBOX" DATA="product:amz:platinum_keywords_3"></ELEMENT>
<ELEMENT ID="CQGNJMW" PROMPT="Platinum Keywords_4" DEFAULT="" TYPE="TEXTBOX" DATA="product:amz:platinum_keywords_4"></ELEMENT>
<ELEMENT ID="CQGNJMX" PROMPT="Platinum Keywords_5" DEFAULT="" TYPE="TEXTBOX" DATA="product:amz:platinum_keywords_5"></ELEMENT>
<ELEMENT ID="CQGNJMY" PROMPT="Platinum Keywords_6" DEFAULT="" TYPE="TEXTBOX" DATA="product:amz:platinum_keywords_6"></ELEMENT>
<ELEMENT ID="CQGNJMZ" PROMPT="Platinum Keywords_7" DEFAULT="" TYPE="TEXTBOX" DATA="product:amz:platinum_keywords_7"></ELEMENT>
<ELEMENT ID="CQGNJNA" PROMPT="Platinum Keywords_8" DEFAULT="" TYPE="TEXTBOX" DATA="product:amz:platinum_keywords_8"></ELEMENT>
<ELEMENT ID="CQGNJNB" PROMPT="Platinum Keywords_9" DEFAULT="" TYPE="TEXTBOX" DATA="product:amz:platinum_keywords_9"></ELEMENT>
<ELEMENT ID="CQGNJNC" PROMPT="Platinum Keywords_10" DEFAULT="" TYPE="TEXTBOX" DATA="product:amz:platinum_keywords_10"></ELEMENT>
<ELEMENT ID="CQGNJND" PROMPT="Platinum Keywords_11" DEFAULT="" TYPE="TEXTBOX" DATA="product:amz:platinum_keywords_11"></ELEMENT>
<ELEMENT ID="CQGNJNE" PROMPT="Platinum Keywords_12" DEFAULT="" TYPE="TEXTBOX" DATA="product:amz:platinum_keywords_12"></ELEMENT>
<ELEMENT ID="CQGNJNF" PROMPT="Platinum Keywords_13" DEFAULT="" TYPE="TEXTBOX" DATA="product:amz:platinum_keywords_13"></ELEMENT>
<ELEMENT ID="CQGNJNG" PROMPT="Platinum Keywords_14" DEFAULT="" TYPE="TEXTBOX" DATA="product:amz:platinum_keywords_14"></ELEMENT>
<ELEMENT ID="CQGNJNH" PROMPT="Platinum Keywords_15" DEFAULT="" TYPE="TEXTBOX" DATA="product:amz:platinum_keywords_15"></ELEMENT>
<ELEMENT ID="CQGNJNI" PROMPT="Platinum Keywords_16" DEFAULT="" TYPE="TEXTBOX" DATA="product:amz:platinum_keywords_16"></ELEMENT>
<ELEMENT ID="CQGNJNJ" PROMPT="Platinum Keywords_17" DEFAULT="" TYPE="TEXTBOX" DATA="product:amz:platinum_keywords_17"></ELEMENT>
<ELEMENT ID="CQGNJNK" PROMPT="Platinum Keywords_18" DEFAULT="" TYPE="TEXTBOX" DATA="product:amz:platinum_keywords_18"></ELEMENT>
<ELEMENT ID="CQGNJNL" PROMPT="Platinum Keywords_19" DEFAULT="" TYPE="TEXTBOX" DATA="product:amz:platinum_keywords_19"></ELEMENT>
<ELEMENT ID="CQGNJNM" PROMPT="Platinum Keywords_20" DEFAULT="" TYPE="TEXTBOX" DATA="product:amz:platinum_keywords_20"></ELEMENT>
<ELEMENT ID="CQGNJNN" PROMPT="Film Camera Camera Type" LIST="LIST_CAMERA_FILMCAMERA_CAMERATYPE" TYPE="SELECT" DATA="product:amz:prod_camera_filmcamera_cameratype"></ELEMENT>
<ELEMENT ID="CQGNJNO" PROMPT="Film Camera Film Format" LIST="LIST_CAMERA_FILMCAMERA_FILMFORMAT" TYPE="SELECT" DATA="product:amz:prod_camera_filmcamera_filmformat"></ELEMENT>
<ELEMENT ID="CQGNJNP" PROMPT="Film Camera Focus Type" LIST="LIST_CAMERA_FILMCAMERA_FOCUSTYPE" TYPE="SELECT" DATA="product:amz:prod_camera_filmcamera_focustype"></ELEMENT>
<ELEMENT ID="CQGNJNQ" PROMPT="Film Camera Lens Type" LIST="LIST_CAMERA_FILMCAMERA_LENSTYPE" TYPE="SELECT" DATA="product:amz:prod_camera_filmcamera_lenstype"></ELEMENT>
<ELEMENT ID="CQGNJNR" PROMPT="OpticalZoomRange" DEFAULT="" TYPE="NUMBER" DATA="product:amz:prod_camera_opticalzoomrange"></ELEMENT>
<ELEMENT ID="CQGNJNS" PROMPT="MinFocalLength" DEFAULT="" TYPE="NUMBER" DATA="product:amz:prod_camera_minfocallength"></ELEMENT>
<ELEMENT ID="CQGNJNT" PROMPT="MaxFocalLength" DEFAULT="" TYPE="NUMBER" DATA="product:amz:prod_camera_maxfocallength"></ELEMENT>
<ELEMENT ID="CQGNJNU" PROMPT="Min Aperture" DEFAULT="" TYPE="TEXTBOX" DATA="product:amz:prod_camera_minaperture" MANDATORY="Y"></ELEMENT>
<ELEMENT ID="CQGNJNV" PROMPT="Max Aperture" DEFAULT="" TYPE="TEXTBOX" DATA="product:amz:prod_camera_maxaperture" MANDATORY="Y"></ELEMENT>
<ELEMENT ID="CQGNJNW" PROMPT="Min Shutter Speed" DEFAULT="" TYPE="TEXTBOX" DATA="product:amz:prod_camera_minshutterspeed" MANDATORY="Y"></ELEMENT>
<ELEMENT ID="CQGNJNX" PROMPT="Max Shutter Speed" DEFAULT="" TYPE="TEXTBOX" DATA="product:amz:prod_camera_maxshutterspeed" MANDATORY="Y"></ELEMENT>
<ELEMENT ID="CQGNJNY" PROMPT="Metering Methods" DEFAULT="" TYPE="TEXTBOX" DATA="product:amz:prod_camera_meteringmethods" MANDATORY="Y"></ELEMENT>
<ELEMENT ID="CQGNJNZ" PROMPT="I S O Range" DEFAULT="" TYPE="TEXTBOX" DATA="product:amz:prod_camera_isorange" MANDATORY="Y"></ELEMENT>
<ELEMENT ID="CQGNJOA" PROMPT="Film Camera Flash Type" LIST="LIST_CAMERA_FILMCAMERA_FLASHTYPE" TYPE="SELECT" DATA="product:amz:prod_camera_filmcamera_flashtype"></ELEMENT>
<ELEMENT ID="CQGNJOB" PROMPT="Flash Modes" DEFAULT="" TYPE="TEXTBOX" DATA="product:amz:prod_camera_flashmodes" MANDATORY="Y"></ELEMENT>
<ELEMENT ID="CQGNJOC" PROMPT="Hot Shoe" TYPE="CHECKBOX" DATA="product:amz:prod_camera_hotshoe"></ELEMENT>
<ELEMENT ID="CQGNJOD" PROMPT="Flash Synchronization" TYPE="CHECKBOX" DATA="product:amz:prod_camera_flashsynchronization"></ELEMENT>
<ELEMENT ID="CQGNJOE" PROMPT="Red - Eye Reduction" TYPE="CHECKBOX" DATA="product:amz:prod_camera_red-eyereduction"></ELEMENT>
<ELEMENT ID="CQGNJOF" PROMPT="Diopter Adjustment" TYPE="CHECKBOX" DATA="product:amz:prod_camera_diopteradjustment"></ELEMENT>
<ELEMENT ID="CQGNJOG" PROMPT="Film Camera Viewfinder" LIST="LIST_CAMERA_FILMCAMERA_VIEWFINDER" TYPE="SELECT" DATA="product:amz:prod_camera_filmcamera_viewfinder"></ELEMENT>
<ELEMENT ID="CQGNJOH" PROMPT="L C D" TYPE="CHECKBOX" DATA="product:amz:prod_camera_lcd"></ELEMENT>
<ELEMENT ID="CQGNJOI" PROMPT="Date Imprint" TYPE="CHECKBOX" DATA="product:amz:prod_camera_dateimprint"></ELEMENT>
<ELEMENT ID="CQGNJOJ" PROMPT="Midroll Change" TYPE="CHECKBOX" DATA="product:amz:prod_camera_midrollchange"></ELEMENT>
<ELEMENT ID="CQGNJOK" PROMPT="Midroll Rewind" TYPE="CHECKBOX" DATA="product:amz:prod_camera_midrollrewind"></ELEMENT>
<ELEMENT ID="CQGNJOL" PROMPT="Auto Rewind" TYPE="CHECKBOX" DATA="product:amz:prod_camera_autorewind"></ELEMENT>
<ELEMENT ID="CQGNJOM" PROMPT="Auto Film Advance" TYPE="CHECKBOX" DATA="product:amz:prod_camera_autofilmadvance"></ELEMENT>
<ELEMENT ID="CQGNJON" PROMPT="Auto Film Load" TYPE="CHECKBOX" DATA="product:amz:prod_camera_autofilmload"></ELEMENT>
<ELEMENT ID="CQGNJOO" PROMPT="Self Timer" DEFAULT="" TYPE="TEXTBOX" DATA="product:amz:prod_camera_selftimer" MANDATORY="Y"></ELEMENT>
<ELEMENT ID="CQGNJOP" PROMPT="Remote Included" TYPE="CHECKBOX" DATA="product:amz:prod_camera_remoteincluded"></ELEMENT>
<ELEMENT ID="CQGNJOQ" PROMPT="Continuous Shooting" DEFAULT="" TYPE="TEXTBOX" DATA="product:amz:prod_camera_continuousshooting" MANDATORY="Y"></ELEMENT>
<ELEMENT ID="CQGNJOR" PROMPT="Battery Type" DEFAULT="" TYPE="TEXTBOX" DATA="product:amz:prod_camera_batterytype" MANDATORY="Y"></ELEMENT>
<ELEMENT ID="CQGNJOS" PROMPT="Battery Included" TYPE="CHECKBOX" DATA="product:amz:prod_camera_batteryincluded"></ELEMENT>
<ELEMENT ID="CQGNJOT" PROMPT="Film Camera Exposure Control" LIST="LIST_CAMERA_FILMCAMERA_EXPOSURECONTROL" TYPE="SELECT" DATA="product:amz:prod_camera_filmcamera_exposurecontrol"></ELEMENT>
<ELEMENT ID="CQGNJOU" PROMPT="Film Camera Size" LIST="LIST_CAMERA_FILMCAMERA_SIZE" TYPE="SELECT" DATA="product:amz:prod_camera_filmcamera_size"></ELEMENT>
<ELEMENT ID="CQGNJOV" PROMPT="Film Camera Package Type" LIST="LIST_CAMERA_FILMCAMERA_PACKAGETYPE" TYPE="SELECT" DATA="product:amz:prod_camera_filmcamera_packagetype"></ELEMENT>

</TEMPLATE>