<TEMPLATE ID="amz.jewerly.finering" FORMAT="DEFINITION">
<LIST ID="LIST_JEWELRY_FINERING_PARENTAGE" TYPE="TEXT">
<OPT T="parent" V="parent"></OPT>
<OPT T="child" V="child"></OPT>
</LIST>
<LIST ID="LIST_JEWELRY_FINERING_VARIATIONTHEME" TYPE="TEXT">
<OPT T="RingSize" V="RingSize"></OPT>
<OPT T="MetalType" V="MetalType"></OPT>
<OPT T="SizePerPearl" V="SizePerPearl"></OPT>
<OPT T="TotalDiamondWeight" V="TotalDiamondWeight"></OPT>
<OPT T="MetalType-RingSize" V="MetalType-RingSize"></OPT>
<OPT T="RingSize-TotalDiamondWeight" V="RingSize-TotalDiamondWeight"></OPT>
<OPT T="RingSize-SizePerPearl" V="RingSize-SizePerPearl"></OPT>
<OPT T="MetalType-TotalDiamondWeight" V="MetalType-TotalDiamondWeight"></OPT>
<OPT T="MetalType-SizePerPearl" V="MetalType-SizePerPearl"></OPT>
</LIST>


<!-- ******* -->
<ELEMENT ID="CQGNMBX" PROMPT="Jewelry:FineRing" TYPE="HIDDEN" DATA="product:amz:catalog"></ELEMENT>
<ELEMENT ID="CQGNMBY" PROMPT="Fine Ring Parentage" LIST="LIST_JEWELRY_FINERING_PARENTAGE" TYPE="SELECT" DATA="product:amz:prod_jewelry_finering_parentage"></ELEMENT>
<ELEMENT ID="CQGNMBZ" PROMPT="Fine Ring Variation Theme" LIST="LIST_JEWELRY_FINERING_VARIATIONTHEME" TYPE="SELECT" DATA="product:amz:prod_jewelry_finering_variationtheme"></ELEMENT>
<ELEMENT ID="CQGNMCA" PROMPT="RingSize" DEFAULT="" TYPE="NUMBER" DATA="product:amz:prod_jewelry_ringsize"></ELEMENT>
<ELEMENT ID="CQGNMCB" PROMPT="Metal Type" DEFAULT="" TYPE="TEXTBOX" DATA="product:amz:prod_jewelry_metaltype" MANDATORY="Y"></ELEMENT>
<ELEMENT ID="CQGNMCC" PROMPT="Total Diamond Weight" DEFAULT="" TYPE="TEXTBOX" DATA="product:amz:prod_jewelry_totaldiamondweight" MANDATORY="Y"></ELEMENT>
<ELEMENT ID="CQGNMCD" PROMPT="Material_1" DEFAULT="" TYPE="TEXTBOX" DATA="product:amz:prod_jewelry_material_1" MANDATORY="Y"></ELEMENT>
<ELEMENT ID="CQGNMCE" PROMPT="Material_2" DEFAULT="" TYPE="TEXTBOX" DATA="product:amz:prod_jewelry_material_2"></ELEMENT>
<ELEMENT ID="CQGNMCF" PROMPT="Material_3" DEFAULT="" TYPE="TEXTBOX" DATA="product:amz:prod_jewelry_material_3"></ELEMENT>
<ELEMENT ID="CQGNMCG" PROMPT="Material_4" DEFAULT="" TYPE="TEXTBOX" DATA="product:amz:prod_jewelry_material_4"></ELEMENT>
<ELEMENT ID="CQGNMCH" PROMPT="Metal Stamp" DEFAULT="" TYPE="TEXTBOX" DATA="product:amz:prod_jewelry_metalstamp" MANDATORY="Y"></ELEMENT>
<ELEMENT ID="CQGNMCI" PROMPT="Setting Type" DEFAULT="" TYPE="TEXTBOX" DATA="product:amz:prod_jewelry_settingtype" MANDATORY="Y"></ELEMENT>
<ELEMENT ID="CQGNMCJ" PROMPT="Pearl Type" DEFAULT="" TYPE="TEXTBOX" DATA="product:amz:prod_jewelry_pearltype" MANDATORY="Y"></ELEMENT>
<ELEMENT ID="CQGNMCK" PROMPT="Pearl Minimum Color" DEFAULT="" TYPE="TEXTBOX" DATA="product:amz:prod_jewelry_pearlminimumcolor" MANDATORY="Y"></ELEMENT>
<ELEMENT ID="CQGNMCL" PROMPT="Pearl Lustre" DEFAULT="" TYPE="TEXTBOX" DATA="product:amz:prod_jewelry_pearllustre" MANDATORY="Y"></ELEMENT>
<ELEMENT ID="CQGNMCM" PROMPT="Pearl Shape" DEFAULT="" TYPE="TEXTBOX" DATA="product:amz:prod_jewelry_pearlshape" MANDATORY="Y"></ELEMENT>
<ELEMENT ID="CQGNMCN" PROMPT="Pearl Uniformity" DEFAULT="" TYPE="TEXTBOX" DATA="product:amz:prod_jewelry_pearluniformity" MANDATORY="Y"></ELEMENT>
<ELEMENT ID="CQGNMCO" PROMPT="Pearl Surface Markings And Blemishes" DEFAULT="" TYPE="TEXTBOX" DATA="product:amz:prod_jewelry_pearlsurfacemarkingsandblemishes" MANDATORY="Y"></ELEMENT>
<ELEMENT ID="CQGNMCP" PROMPT="Pearl Stringing Method" DEFAULT="" TYPE="TEXTBOX" DATA="product:amz:prod_jewelry_pearlstringingmethod" MANDATORY="Y"></ELEMENT>
<ELEMENT ID="CQGNMCQ" PROMPT="Size Per Pearl" DEFAULT="" TYPE="TEXTBOX" DATA="product:amz:prod_jewelry_sizeperpearl" MANDATORY="Y"></ELEMENT>
<ELEMENT ID="CQGNMCR" PROMPT="Total Gem Weight" DEFAULT="" TYPE="TEXTBOX" DATA="product:amz:prod_jewelry_totalgemweight" MANDATORY="Y"></ELEMENT>
<ELEMENT ID="CQGNMCS" PROMPT="Total Metal Weight" DEFAULT="" TYPE="TEXTBOX" DATA="product:amz:prod_jewelry_totalmetalweight" MANDATORY="Y"></ELEMENT>
<ELEMENT ID="CQGNMCT" PROMPT="Diameter" DEFAULT="" TYPE="NUMBER" DATA="product:amz:prod_jewelry_diameter"></ELEMENT>
<ELEMENT ID="CQGNMCU" PROMPT="Height" DEFAULT="" TYPE="NUMBER" DATA="product:amz:prod_jewelry_height"></ELEMENT>
<ELEMENT ID="CQGNMCV" PROMPT="Width" DEFAULT="" TYPE="NUMBER" DATA="product:amz:prod_jewelry_width"></ELEMENT>
<ELEMENT ID="CQGNMCW" PROMPT="Length" DEFAULT="" TYPE="NUMBER" DATA="product:amz:prod_jewelry_length"></ELEMENT>
<ELEMENT ID="CQGNMCX" PROMPT="Re Sizable" TYPE="CHECKBOX" DATA="product:amz:prod_jewelry_resizable"></ELEMENT>
<ELEMENT ID="CQGNMCY" PROMPT="SizingLowerRange" DEFAULT="" TYPE="NUMBER" DATA="product:amz:prod_jewelry_sizinglowerrange"></ELEMENT>
<ELEMENT ID="CQGNMCZ" PROMPT="SizingUpperRange" DEFAULT="" TYPE="NUMBER" DATA="product:amz:prod_jewelry_sizingupperrange"></ELEMENT>
<ELEMENT ID="CQGNMDA" PROMPT="Estate Period" DEFAULT="" TYPE="TEXTBOX" DATA="product:amz:prod_jewelry_estateperiod" MANDATORY="Y"></ELEMENT>
<ELEMENT ID="CQGNMDB" PROMPT="NumberOfStones" DEFAULT="" TYPE="NUMBER" DATA="product:amz:prod_jewelry_numberofstones"></ELEMENT>
<ELEMENT ID="CQGNMDC" PROMPT="Pearl Type" DEFAULT="" TYPE="TEXTBOX" DATA="product:amz:prod_jewelry_pearltype" MANDATORY="Y"></ELEMENT>
<ELEMENT ID="CQGNMDD" PROMPT="Pearl Minimum Color" DEFAULT="" TYPE="TEXTBOX" DATA="product:amz:prod_jewelry_pearlminimumcolor" MANDATORY="Y"></ELEMENT>
<ELEMENT ID="CQGNMDE" PROMPT="Pearl Lustre" DEFAULT="" TYPE="TEXTBOX" DATA="product:amz:prod_jewelry_pearllustre" MANDATORY="Y"></ELEMENT>
<ELEMENT ID="CQGNMDF" PROMPT="Pearl Shape" DEFAULT="" TYPE="TEXTBOX" DATA="product:amz:prod_jewelry_pearlshape" MANDATORY="Y"></ELEMENT>
<ELEMENT ID="CQGNMDG" PROMPT="Pearl Uniformity" DEFAULT="" TYPE="TEXTBOX" DATA="product:amz:prod_jewelry_pearluniformity" MANDATORY="Y"></ELEMENT>
<ELEMENT ID="CQGNMDH" PROMPT="Pearl Surface Markings And Blemishes" DEFAULT="" TYPE="TEXTBOX" DATA="product:amz:prod_jewelry_pearlsurfacemarkingsandblemishes" MANDATORY="Y"></ELEMENT>
<ELEMENT ID="CQGNMDI" PROMPT="Pearl Stringing Method" DEFAULT="" TYPE="TEXTBOX" DATA="product:amz:prod_jewelry_pearlstringingmethod" MANDATORY="Y"></ELEMENT>
<ELEMENT ID="CQGNMDJ" PROMPT="Size Per Pearl" DEFAULT="" TYPE="TEXTBOX" DATA="product:amz:prod_jewelry_sizeperpearl" MANDATORY="Y"></ELEMENT>
<ELEMENT ID="CQGNMDK" PROMPT="NumberOfPearls" DEFAULT="" TYPE="NUMBER" DATA="product:amz:prod_jewelry_numberofpearls"></ELEMENT>
<ELEMENT ID="CQGNMDL" PROMPT="Pearl Type" DEFAULT="" TYPE="TEXTBOX" DATA="product:amz:prod_jewelry_pearltype" MANDATORY="Y"></ELEMENT>
<ELEMENT ID="CQGNMDM" PROMPT="Pearl Minimum Color" DEFAULT="" TYPE="TEXTBOX" DATA="product:amz:prod_jewelry_pearlminimumcolor" MANDATORY="Y"></ELEMENT>
<ELEMENT ID="CQGNMDN" PROMPT="Pearl Lustre" DEFAULT="" TYPE="TEXTBOX" DATA="product:amz:prod_jewelry_pearllustre" MANDATORY="Y"></ELEMENT>
<ELEMENT ID="CQGNMDO" PROMPT="Pearl Shape" DEFAULT="" TYPE="TEXTBOX" DATA="product:amz:prod_jewelry_pearlshape" MANDATORY="Y"></ELEMENT>
<ELEMENT ID="CQGNMDP" PROMPT="Pearl Uniformity" DEFAULT="" TYPE="TEXTBOX" DATA="product:amz:prod_jewelry_pearluniformity" MANDATORY="Y"></ELEMENT>
<ELEMENT ID="CQGNMDQ" PROMPT="Pearl Surface Markings And Blemishes" DEFAULT="" TYPE="TEXTBOX" DATA="product:amz:prod_jewelry_pearlsurfacemarkingsandblemishes" MANDATORY="Y"></ELEMENT>
<ELEMENT ID="CQGNMDR" PROMPT="Pearl Stringing Method" DEFAULT="" TYPE="TEXTBOX" DATA="product:amz:prod_jewelry_pearlstringingmethod" MANDATORY="Y"></ELEMENT>
<ELEMENT ID="CQGNMDS" PROMPT="Size Per Pearl" DEFAULT="" TYPE="TEXTBOX" DATA="product:amz:prod_jewelry_sizeperpearl" MANDATORY="Y"></ELEMENT>

</TEMPLATE>