<TEMPLATE ID="amz.camera.surveillancesystem" FORMAT="DEFINITION">
<LIST ID="LIST_CAMERA_SURVEILLANCESYSTEM_SURVEILLANCESYSTEMTYPE" TYPE="TEXT">
<OPT T="cameras" V="cameras"></OPT>
<OPT T="complete-systems" V="complete-systems"></OPT>
<OPT T="monitors" V="monitors"></OPT>
<OPT T="network-systems" V="network-systems"></OPT>
<OPT T="multiplexer" V="multiplexer"></OPT>
</LIST>
<LIST ID="LIST_CAMERA_SURVEILLANCESYSTEM_CAMERATYPE" TYPE="TEXT">
<OPT T="security-cameras" V="security-cameras"></OPT>
<OPT T="dummy-cameras" V="dummy-cameras"></OPT>
<OPT T="bullet-cameras" V="bullet-cameras"></OPT>
<OPT T="web-cameras" V="web-cameras"></OPT>
<OPT T="mirror-image-cameras" V="mirror-image-cameras"></OPT>
<OPT T="dome-cameras" V="dome-cameras"></OPT>
<OPT T="spy-cameras" V="spy-cameras"></OPT>
<OPT T="pinhole-cameras" V="pinhole-cameras"></OPT>
<OPT T="miniature-cameras" V="miniature-cameras"></OPT>
<OPT T="nanny-cameras" V="nanny-cameras"></OPT>
<OPT T="pen-cameras" V="pen-cameras"></OPT>
</LIST>
<LIST ID="LIST_CAMERA_SURVEILLANCESYSTEM_FEATURES" TYPE="TEXT">
<OPT T="weatherproof" V="weatherproof"></OPT>
<OPT T="motion-detection" V="motion-detection"></OPT>
<OPT T="real-time" V="real-time"></OPT>
<OPT T="indoor" V="indoor"></OPT>
<OPT T="outdoor" V="outdoor"></OPT>
<OPT T="black-and-white" V="black-and-white"></OPT>
<OPT T="color" V="color"></OPT>
<OPT T="night-vision" V="night-vision"></OPT>
<OPT T="day-and-night-camera" V="day-and-night-camera"></OPT>
<OPT T="adjustable-panning" V="adjustable-panning"></OPT>
<OPT T="submersible" V="submersible"></OPT>
<OPT T="wireless" V="wireless"></OPT>
<OPT T="ptz-system" V="ptz-system"></OPT>
<OPT T="digital-spy-camera" V="digital-spy-camera"></OPT>
</LIST>
<LIST ID="LIST_CAMERA_SURVEILLANCESYSTEM_CAMERAACCESSORIES" TYPE="TEXT">
<OPT T="mounting-brackets" V="mounting-brackets"></OPT>
<OPT T="power-adapter" V="power-adapter"></OPT>
<OPT T="cable" V="cable"></OPT>
<OPT T="sun-shield" V="sun-shield"></OPT>
<OPT T="camera-controller" V="camera-controller"></OPT>
<OPT T="transmitters" V="transmitters"></OPT>
<OPT T="zoom-lens" V="zoom-lens"></OPT>
<OPT T="pinhole-lens" V="pinhole-lens"></OPT>
</LIST>


<!-- ******* -->
<ELEMENT ID="CQGNLKI" PROMPT="CameraPhoto:SurveillanceSystem" TYPE="HIDDEN" DATA="product:amz:catalog"></ELEMENT>
<ELEMENT ID="CQGNLKJ" PROMPT="Manufacturer" DEFAULT="" TYPE="TEXTBOX" DATA="product:zoovy:prod_mfg" MANDATORY="Y"></ELEMENT>
<ELEMENT ID="CQGNLKK" PROMPT="Model Name" DEFAULT="" TYPE="TEXTBOX" DATA="product:zoovy:prod_mfgmodel" MANDATORY="Y"></ELEMENT>
<ELEMENT ID="CQGNLKL" PROMPT="Model Number" DEFAULT="" TYPE="TEXTBOX" DATA="product:zoovy:prod_mfgmodelid" MANDATORY="Y"></ELEMENT>
<ELEMENT ID="CQGNLKM" PROMPT="Mfr Part Number" DEFAULT="" TYPE="TEXTBOX" DATA="product:zoovy:prod_mfgid" MANDATORY="Y"></ELEMENT>
<ELEMENT ID="CQGNLKN" PROMPT="Color" DEFAULT="" TYPE="TEXTBOX" DATA="product:zoovy:prod_color" MANDATORY="Y"></ELEMENT>
<ELEMENT ID="CQGNLKO" PROMPT="Items Included" DEFAULT="" TYPE="TEXTBOX" DATA="product:zoovy:prod_included" MANDATORY="Y"></ELEMENT>
<ELEMENT ID="CQGNLKP" PROMPT="Keywords_1" DEFAULT="" TYPE="TEXTBOX" DATA="product:zoovy:keywords_1" MANDATORY="Y"></ELEMENT>
<ELEMENT ID="CQGNLKQ" PROMPT="Keywords_2" DEFAULT="" TYPE="TEXTBOX" DATA="product:zoovy:keywords_2"></ELEMENT>
<ELEMENT ID="CQGNLKR" PROMPT="Keywords_3" DEFAULT="" TYPE="TEXTBOX" DATA="product:zoovy:keywords_3"></ELEMENT>
<ELEMENT ID="CQGNLKS" PROMPT="Keywords_4" DEFAULT="" TYPE="TEXTBOX" DATA="product:zoovy:keywords_4"></ELEMENT>
<ELEMENT ID="CQGNLKT" PROMPT="Keywords_5" DEFAULT="" TYPE="TEXTBOX" DATA="product:zoovy:keywords_5"></ELEMENT>
<ELEMENT ID="CQGNLKU" PROMPT="Platinum Keywords_1" DEFAULT="" TYPE="TEXTBOX" DATA="product:amz:platinum_keywords_1" MANDATORY="Y"></ELEMENT>
<ELEMENT ID="CQGNLKV" PROMPT="Platinum Keywords_2" DEFAULT="" TYPE="TEXTBOX" DATA="product:amz:platinum_keywords_2"></ELEMENT>
<ELEMENT ID="CQGNLKW" PROMPT="Platinum Keywords_3" DEFAULT="" TYPE="TEXTBOX" DATA="product:amz:platinum_keywords_3"></ELEMENT>
<ELEMENT ID="CQGNLKX" PROMPT="Platinum Keywords_4" DEFAULT="" TYPE="TEXTBOX" DATA="product:amz:platinum_keywords_4"></ELEMENT>
<ELEMENT ID="CQGNLKY" PROMPT="Platinum Keywords_5" DEFAULT="" TYPE="TEXTBOX" DATA="product:amz:platinum_keywords_5"></ELEMENT>
<ELEMENT ID="CQGNLKZ" PROMPT="Platinum Keywords_6" DEFAULT="" TYPE="TEXTBOX" DATA="product:amz:platinum_keywords_6"></ELEMENT>
<ELEMENT ID="CQGNLLA" PROMPT="Platinum Keywords_7" DEFAULT="" TYPE="TEXTBOX" DATA="product:amz:platinum_keywords_7"></ELEMENT>
<ELEMENT ID="CQGNLLB" PROMPT="Platinum Keywords_8" DEFAULT="" TYPE="TEXTBOX" DATA="product:amz:platinum_keywords_8"></ELEMENT>
<ELEMENT ID="CQGNLLC" PROMPT="Platinum Keywords_9" DEFAULT="" TYPE="TEXTBOX" DATA="product:amz:platinum_keywords_9"></ELEMENT>
<ELEMENT ID="CQGNLLD" PROMPT="Platinum Keywords_10" DEFAULT="" TYPE="TEXTBOX" DATA="product:amz:platinum_keywords_10"></ELEMENT>
<ELEMENT ID="CQGNLLE" PROMPT="Platinum Keywords_11" DEFAULT="" TYPE="TEXTBOX" DATA="product:amz:platinum_keywords_11"></ELEMENT>
<ELEMENT ID="CQGNLLF" PROMPT="Platinum Keywords_12" DEFAULT="" TYPE="TEXTBOX" DATA="product:amz:platinum_keywords_12"></ELEMENT>
<ELEMENT ID="CQGNLLG" PROMPT="Platinum Keywords_13" DEFAULT="" TYPE="TEXTBOX" DATA="product:amz:platinum_keywords_13"></ELEMENT>
<ELEMENT ID="CQGNLLH" PROMPT="Platinum Keywords_14" DEFAULT="" TYPE="TEXTBOX" DATA="product:amz:platinum_keywords_14"></ELEMENT>
<ELEMENT ID="CQGNLLI" PROMPT="Platinum Keywords_15" DEFAULT="" TYPE="TEXTBOX" DATA="product:amz:platinum_keywords_15"></ELEMENT>
<ELEMENT ID="CQGNLLJ" PROMPT="Platinum Keywords_16" DEFAULT="" TYPE="TEXTBOX" DATA="product:amz:platinum_keywords_16"></ELEMENT>
<ELEMENT ID="CQGNLLK" PROMPT="Platinum Keywords_17" DEFAULT="" TYPE="TEXTBOX" DATA="product:amz:platinum_keywords_17"></ELEMENT>
<ELEMENT ID="CQGNLLL" PROMPT="Platinum Keywords_18" DEFAULT="" TYPE="TEXTBOX" DATA="product:amz:platinum_keywords_18"></ELEMENT>
<ELEMENT ID="CQGNLLM" PROMPT="Platinum Keywords_19" DEFAULT="" TYPE="TEXTBOX" DATA="product:amz:platinum_keywords_19"></ELEMENT>
<ELEMENT ID="CQGNLLN" PROMPT="Platinum Keywords_20" DEFAULT="" TYPE="TEXTBOX" DATA="product:amz:platinum_keywords_20"></ELEMENT>
<ELEMENT ID="CQGNLLO" PROMPT="Surveillance System Surveillance System Type" LIST="LIST_CAMERA_SURVEILLANCESYSTEM_SURVEILLANCESYSTEMTYPE" TYPE="SELECT" DATA="product:amz:prod_camera_surveillancesystem_surveillancesystemtype"></ELEMENT>
<ELEMENT ID="CQGNLLP" PROMPT="Surveillance System Camera Type" LIST="LIST_CAMERA_SURVEILLANCESYSTEM_CAMERATYPE" TYPE="SELECT" DATA="product:amz:prod_camera_surveillancesystem_cameratype"></ELEMENT>
<ELEMENT ID="CQGNLLQ" PROMPT="Surveillance System Features" LIST="LIST_CAMERA_SURVEILLANCESYSTEM_FEATURES" TYPE="SELECT" DATA="product:amz:prod_camera_surveillancesystem_features"></ELEMENT>
<ELEMENT ID="CQGNLLR" PROMPT="Surveillance System Camera Accessories" LIST="LIST_CAMERA_SURVEILLANCESYSTEM_CAMERAACCESSORIES" TYPE="SELECT" DATA="product:amz:prod_camera_surveillancesystem_cameraaccessories"></ELEMENT>

</TEMPLATE>