<TEMPLATE ID="amz.camera.binocular" FORMAT="DEFINITION">
<LIST ID="LIST_CAMERA_BINOCULAR_BINOCULARTYPE" TYPE="TEXT">
<OPT T="binoculars" V="binoculars"></OPT>
<OPT T="monoculars" V="monoculars"></OPT>
<OPT T="laser-rangefinders" V="laser-rangefinders"></OPT>
<OPT T="spotting-scopes" V="spotting-scopes"></OPT>
<OPT T="night-vision" V="night-vision"></OPT>
</LIST>
<LIST ID="LIST_CAMERA_BINOCULAR_FEATURES" TYPE="TEXT">
<OPT T="compact" V="compact"></OPT>
<OPT T="full-size" V="full-size"></OPT>
<OPT T="image-stabilizing" V="image-stabilizing"></OPT>
<OPT T="waterproof" V="waterproof"></OPT>
<OPT T="fogproof" V="fogproof"></OPT>
<OPT T="zoom" V="zoom"></OPT>
<OPT T="uv-protection" V="uv-protection"></OPT>
</LIST>
<LIST ID="LIST_CAMERA_BINOCULAR_SPECIFICUSES" TYPE="TEXT">
<OPT T="tabletop" V="tabletop"></OPT>
<OPT T="travel" V="travel"></OPT>
<OPT T="hiking-and-outdoors" V="hiking-and-outdoors"></OPT>
<OPT T="hunting-and-shooting" V="hunting-and-shooting"></OPT>
<OPT T="sports" V="sports"></OPT>
</LIST>


<!-- ******* -->
<ELEMENT ID="CQGNKAT" PROMPT="CameraPhoto:Binocular" TYPE="HIDDEN" DATA="product:amz:catalog"></ELEMENT>
<ELEMENT ID="CQGNKAU" PROMPT="Manufacturer" DEFAULT="" TYPE="TEXTBOX" DATA="product:zoovy:prod_mfg" MANDATORY="Y"></ELEMENT>
<ELEMENT ID="CQGNKAV" PROMPT="Model Name" DEFAULT="" TYPE="TEXTBOX" DATA="product:zoovy:prod_mfgmodel" MANDATORY="Y"></ELEMENT>
<ELEMENT ID="CQGNKAW" PROMPT="Model Number" DEFAULT="" TYPE="TEXTBOX" DATA="product:zoovy:prod_mfgmodelid" MANDATORY="Y"></ELEMENT>
<ELEMENT ID="CQGNKAX" PROMPT="Mfr Part Number" DEFAULT="" TYPE="TEXTBOX" DATA="product:zoovy:prod_mfgid" MANDATORY="Y"></ELEMENT>
<ELEMENT ID="CQGNKAY" PROMPT="Color" DEFAULT="" TYPE="TEXTBOX" DATA="product:zoovy:prod_color" MANDATORY="Y"></ELEMENT>
<ELEMENT ID="CQGNKAZ" PROMPT="Items Included" DEFAULT="" TYPE="TEXTBOX" DATA="product:zoovy:prod_included" MANDATORY="Y"></ELEMENT>
<ELEMENT ID="CQGNKBA" PROMPT="Keywords_1" DEFAULT="" TYPE="TEXTBOX" DATA="product:zoovy:keywords_1" MANDATORY="Y"></ELEMENT>
<ELEMENT ID="CQGNKBB" PROMPT="Keywords_2" DEFAULT="" TYPE="TEXTBOX" DATA="product:zoovy:keywords_2"></ELEMENT>
<ELEMENT ID="CQGNKBC" PROMPT="Keywords_3" DEFAULT="" TYPE="TEXTBOX" DATA="product:zoovy:keywords_3"></ELEMENT>
<ELEMENT ID="CQGNKBD" PROMPT="Keywords_4" DEFAULT="" TYPE="TEXTBOX" DATA="product:zoovy:keywords_4"></ELEMENT>
<ELEMENT ID="CQGNKBE" PROMPT="Keywords_5" DEFAULT="" TYPE="TEXTBOX" DATA="product:zoovy:keywords_5"></ELEMENT>
<ELEMENT ID="CQGNKBF" PROMPT="Platinum Keywords_1" DEFAULT="" TYPE="TEXTBOX" DATA="product:amz:platinum_keywords_1" MANDATORY="Y"></ELEMENT>
<ELEMENT ID="CQGNKBG" PROMPT="Platinum Keywords_2" DEFAULT="" TYPE="TEXTBOX" DATA="product:amz:platinum_keywords_2"></ELEMENT>
<ELEMENT ID="CQGNKBH" PROMPT="Platinum Keywords_3" DEFAULT="" TYPE="TEXTBOX" DATA="product:amz:platinum_keywords_3"></ELEMENT>
<ELEMENT ID="CQGNKBI" PROMPT="Platinum Keywords_4" DEFAULT="" TYPE="TEXTBOX" DATA="product:amz:platinum_keywords_4"></ELEMENT>
<ELEMENT ID="CQGNKBJ" PROMPT="Platinum Keywords_5" DEFAULT="" TYPE="TEXTBOX" DATA="product:amz:platinum_keywords_5"></ELEMENT>
<ELEMENT ID="CQGNKBK" PROMPT="Platinum Keywords_6" DEFAULT="" TYPE="TEXTBOX" DATA="product:amz:platinum_keywords_6"></ELEMENT>
<ELEMENT ID="CQGNKBL" PROMPT="Platinum Keywords_7" DEFAULT="" TYPE="TEXTBOX" DATA="product:amz:platinum_keywords_7"></ELEMENT>
<ELEMENT ID="CQGNKBM" PROMPT="Platinum Keywords_8" DEFAULT="" TYPE="TEXTBOX" DATA="product:amz:platinum_keywords_8"></ELEMENT>
<ELEMENT ID="CQGNKBN" PROMPT="Platinum Keywords_9" DEFAULT="" TYPE="TEXTBOX" DATA="product:amz:platinum_keywords_9"></ELEMENT>
<ELEMENT ID="CQGNKBO" PROMPT="Platinum Keywords_10" DEFAULT="" TYPE="TEXTBOX" DATA="product:amz:platinum_keywords_10"></ELEMENT>
<ELEMENT ID="CQGNKBP" PROMPT="Platinum Keywords_11" DEFAULT="" TYPE="TEXTBOX" DATA="product:amz:platinum_keywords_11"></ELEMENT>
<ELEMENT ID="CQGNKBQ" PROMPT="Platinum Keywords_12" DEFAULT="" TYPE="TEXTBOX" DATA="product:amz:platinum_keywords_12"></ELEMENT>
<ELEMENT ID="CQGNKBR" PROMPT="Platinum Keywords_13" DEFAULT="" TYPE="TEXTBOX" DATA="product:amz:platinum_keywords_13"></ELEMENT>
<ELEMENT ID="CQGNKBS" PROMPT="Platinum Keywords_14" DEFAULT="" TYPE="TEXTBOX" DATA="product:amz:platinum_keywords_14"></ELEMENT>
<ELEMENT ID="CQGNKBT" PROMPT="Platinum Keywords_15" DEFAULT="" TYPE="TEXTBOX" DATA="product:amz:platinum_keywords_15"></ELEMENT>
<ELEMENT ID="CQGNKBU" PROMPT="Platinum Keywords_16" DEFAULT="" TYPE="TEXTBOX" DATA="product:amz:platinum_keywords_16"></ELEMENT>
<ELEMENT ID="CQGNKBV" PROMPT="Platinum Keywords_17" DEFAULT="" TYPE="TEXTBOX" DATA="product:amz:platinum_keywords_17"></ELEMENT>
<ELEMENT ID="CQGNKBW" PROMPT="Platinum Keywords_18" DEFAULT="" TYPE="TEXTBOX" DATA="product:amz:platinum_keywords_18"></ELEMENT>
<ELEMENT ID="CQGNKBX" PROMPT="Platinum Keywords_19" DEFAULT="" TYPE="TEXTBOX" DATA="product:amz:platinum_keywords_19"></ELEMENT>
<ELEMENT ID="CQGNKBY" PROMPT="Platinum Keywords_20" DEFAULT="" TYPE="TEXTBOX" DATA="product:amz:platinum_keywords_20"></ELEMENT>
<ELEMENT ID="CQGNKBZ" PROMPT="Binocular Binocular Type" LIST="LIST_CAMERA_BINOCULAR_BINOCULARTYPE" TYPE="SELECT" DATA="product:amz:prod_camera_binocular_binoculartype"></ELEMENT>
<ELEMENT ID="CQGNKCA" PROMPT="Focus Type" DEFAULT="" TYPE="TEXTBOX" DATA="product:amz:prod_camera_focustype" MANDATORY="Y"></ELEMENT>
<ELEMENT ID="CQGNKCB" PROMPT="Prism Type" DEFAULT="" TYPE="TEXTBOX" DATA="product:amz:prod_camera_prismtype" MANDATORY="Y"></ELEMENT>
<ELEMENT ID="CQGNKCC" PROMPT="ObjectiveLensDiameter" DEFAULT="" TYPE="NUMBER" DATA="product:amz:prod_camera_objectivelensdiameter"></ELEMENT>
<ELEMENT ID="CQGNKCD" PROMPT="ExitPupilDiameter" DEFAULT="" TYPE="NUMBER" DATA="product:amz:prod_camera_exitpupildiameter"></ELEMENT>
<ELEMENT ID="CQGNKCE" PROMPT="FieldOfView" DEFAULT="" TYPE="NUMBER" DATA="product:amz:prod_camera_fieldofview"></ELEMENT>
<ELEMENT ID="CQGNKCF" PROMPT="Apparent Angle Of View" DEFAULT="" TYPE="TEXTBOX" DATA="product:amz:prod_camera_apparentangleofview" MANDATORY="Y"></ELEMENT>
<ELEMENT ID="CQGNKCG" PROMPT="Real Angle Of View" DEFAULT="" TYPE="TEXTBOX" DATA="product:amz:prod_camera_realangleofview" MANDATORY="Y"></ELEMENT>
<ELEMENT ID="CQGNKCH" PROMPT="EyeRelief" DEFAULT="" TYPE="NUMBER" DATA="product:amz:prod_camera_eyerelief"></ELEMENT>
<ELEMENT ID="CQGNKCI" PROMPT="Diopter Adjustment Range" DEFAULT="" TYPE="TEXTBOX" DATA="product:amz:prod_camera_diopteradjustmentrange" MANDATORY="Y"></ELEMENT>
<ELEMENT ID="CQGNKCJ" PROMPT="Coating" DEFAULT="" TYPE="TEXTBOX" DATA="product:amz:prod_camera_coating" MANDATORY="Y"></ELEMENT>
<ELEMENT ID="CQGNKCK" PROMPT="Eyepiece Lens Construction" DEFAULT="" TYPE="TEXTBOX" DATA="product:amz:prod_camera_eyepiecelensconstruction" MANDATORY="Y"></ELEMENT>
<ELEMENT ID="CQGNKCL" PROMPT="Objective Lens Construction" DEFAULT="" TYPE="TEXTBOX" DATA="product:amz:prod_camera_objectivelensconstruction" MANDATORY="Y"></ELEMENT>
<ELEMENT ID="CQGNKCM" PROMPT="Tripod Ready" TYPE="CHECKBOX" DATA="product:amz:prod_camera_tripodready"></ELEMENT>
<ELEMENT ID="CQGNKCN" PROMPT="Binocular Features" LIST="LIST_CAMERA_BINOCULAR_FEATURES" TYPE="SELECT" DATA="product:amz:prod_camera_binocular_features"></ELEMENT>
<ELEMENT ID="CQGNKCO" PROMPT="Magnification" DEFAULT="" TYPE="TEXTBOX" DATA="product:amz:prod_camera_magnification" MANDATORY="Y"></ELEMENT>
<ELEMENT ID="CQGNKCP" PROMPT="Binocular Specific Uses" LIST="LIST_CAMERA_BINOCULAR_SPECIFICUSES" TYPE="SELECT" DATA="product:amz:prod_camera_binocular_specificuses"></ELEMENT>

</TEMPLATE>