<TEMPLATE ID="amz.camera.otheraccessory" FORMAT="DEFINITION">
<LIST ID="LIST_CAMERA_OTHERACCESSORY_CAMERAACCESSORIES" TYPE="TEXT">
<OPT T="close-up-accessories" V="close-up-accessories"></OPT>
<OPT T="viewfinders" V="viewfinders"></OPT>
<OPT T="motor-drives" V="motor-drives"></OPT>
<OPT T="eye-cups" V="eye-cups"></OPT>
<OPT T="winders" V="winders"></OPT>
<OPT T="straps" V="straps"></OPT>
<OPT T="remote-controls" V="remote-controls"></OPT>
<OPT T="cables-and-cords" V="cables-and-cords"></OPT>
<OPT T="other-camera-accessories" V="other-camera-accessories"></OPT>
</LIST>
<LIST ID="LIST_CAMERA_OTHERACCESSORY_CAMCORDERACCESSORIES" TYPE="TEXT">
<OPT T="straps" V="straps"></OPT>
<OPT T="remote-controls" V="remote-controls"></OPT>
<OPT T="cables-and-cords" V="cables-and-cords"></OPT>
<OPT T="other-camcorder-accessories" V="other-camcorder-accessories"></OPT>
</LIST>
<LIST ID="LIST_CAMERA_OTHERACCESSORY_TELESCOPEACCESSORIES" TYPE="TEXT">
<OPT T="barlow-lenses" V="barlow-lenses"></OPT>
<OPT T="collimators" V="collimators"></OPT>
<OPT T="remote-controls" V="remote-controls"></OPT>
<OPT T="electronic-drives" V="electronic-drives"></OPT>
<OPT T="photo-adapters" V="photo-adapters"></OPT>
<OPT T="finderscopes" V="finderscopes"></OPT>
<OPT T="diagonal-mirrors" V="diagonal-mirrors"></OPT>
<OPT T="erecting-prisms" V="erecting-prisms"></OPT>
<OPT T="motor-drives" V="motor-drives"></OPT>
<OPT T="illuminators" V="illuminators"></OPT>
<OPT T="guiders" V="guiders"></OPT>
<OPT T="binocular-viewers" V="binocular-viewers"></OPT>
<OPT T="wedges" V="wedges"></OPT>
<OPT T="mounts" V="mounts"></OPT>
<OPT T="viewfinders" V="viewfinders"></OPT>
<OPT T="sky-maps" V="sky-maps"></OPT>
<OPT T="filters" V="filters"></OPT>
<OPT T="dew-caps" V="dew-caps"></OPT>
<OPT T="other-telescope-accessories" V="other-telescope-accessories"></OPT>
</LIST>
<LIST ID="LIST_CAMERA_OTHERACCESSORY_TELESCOPEEYEPIECE" TYPE="TEXT">
<OPT T="telescope-eyepieces-general" V="telescope-eyepieces-general"></OPT>
<OPT T="orthoscopic" V="orthoscopic"></OPT>
<OPT T="kellner-and-rke" V="kellner-and-rke"></OPT>
<OPT T="erfle" V="erfle"></OPT>
<OPT T="plossl" V="plossl"></OPT>
<OPT T="nagler" V="nagler"></OPT>
<OPT T="zoom" V="zoom"></OPT>
<OPT T="ultra-wide" V="ultra-wide"></OPT>
<OPT T="sma" V="sma"></OPT>
<OPT T="other-eyepieces" V="other-eyepieces"></OPT>
</LIST>
<LIST ID="LIST_CAMERA_OTHERACCESSORY_MICROSCOPEACCESSORIES" TYPE="TEXT">
<OPT T="boom-stands" V="boom-stands"></OPT>
<OPT T="bulbs" V="bulbs"></OPT>
<OPT T="camera-adapters-and-mounts" V="camera-adapters-and-mounts"></OPT>
<OPT T="eyepieces" V="eyepieces"></OPT>
<OPT T="inspection-systems" V="inspection-systems"></OPT>
<OPT T="light-stands" V="light-stands"></OPT>
<OPT T="microscope-cases" V="microscope-cases"></OPT>
<OPT T="slides-and-slide-kits" V="slides-and-slide-kits"></OPT>
<OPT T="other-microscope-accessories" V="other-microscope-accessories"></OPT>
</LIST>
<LIST ID="LIST_CAMERA_OTHERACCESSORY_FILTERACCESSORIES" TYPE="TEXT">
<OPT T="adapter-rings" V="adapter-rings"></OPT>
<OPT T="filter-caps" V="filter-caps"></OPT>
<OPT T="filter-holders" V="filter-holders"></OPT>
<OPT T="filter-hoods" V="filter-hoods"></OPT>
<OPT T="gel-holder" V="gel-holder"></OPT>
<OPT T="step-down-ring" V="step-down-ring"></OPT>
<OPT T="step-up-ring" V="step-up-ring"></OPT>
</LIST>
<LIST ID="LIST_CAMERA_OTHERACCESSORY_FILMACCESSORIES" TYPE="TEXT">
<OPT T="mounting-equipment-and-cutters" V="mounting-equipment-and-cutters"></OPT>
<OPT T="slide-mounts" V="slide-mounts"></OPT>
<OPT T="film-mailers" V="film-mailers"></OPT>
<OPT T="film-loaders" V="film-loaders"></OPT>
<OPT T="other-film-accessories" V="other-film-accessories"></OPT>
</LIST>
<LIST ID="LIST_CAMERA_OTHERACCESSORY_FLASHACCESSORIES" TYPE="TEXT">
<OPT T="adapter-rings" V="adapter-rings"></OPT>
<OPT T="battery-packs" V="battery-packs"></OPT>
<OPT T="camera-brackets" V="camera-brackets"></OPT>
<OPT T="flash-bouncers" V="flash-bouncers"></OPT>
<OPT T="flash-diffusers" V="flash-diffusers"></OPT>
<OPT T="flash-filters" V="flash-filters"></OPT>
<OPT T="flash-pouches" V="flash-pouches"></OPT>
<OPT T="flash-shoe-mounts" V="flash-shoe-mounts"></OPT>
<OPT T="synch-and-pc-cords" V="synch-and-pc-cords"></OPT>
<OPT T="other-flash-accessories" V="other-flash-accessories"></OPT>
</LIST>
<LIST ID="LIST_CAMERA_OTHERACCESSORY_BAGCASEACCESSORIES" TYPE="TEXT">
<OPT T="liners" V="liners"></OPT>
<OPT T="rain-covers" V="rain-covers"></OPT>
<OPT T="replacement-parts" V="replacement-parts"></OPT>
<OPT T="straps" V="straps"></OPT>
<OPT T="belts" V="belts"></OPT>
<OPT T="harnesses" V="harnesses"></OPT>
<OPT T="inserts" V="inserts"></OPT>
<OPT T="other-bag-and-case-accessories" V="other-bag-and-case-accessories"></OPT>
</LIST>
<LIST ID="LIST_CAMERA_OTHERACCESSORY_UNDERWATERPHOTOGRAPHYACCESSORIES" TYPE="TEXT">
<OPT T="housings" V="housings"></OPT>
<OPT T="rainguards" V="rainguards"></OPT>
<OPT T="other-underwater-accessories" V="other-underwater-accessories"></OPT>
</LIST>
<LIST ID="LIST_CAMERA_OTHERACCESSORY_LIGHTMETERACCESSORIES" TYPE="TEXT">
<OPT T="caps" V="caps"></OPT>
<OPT T="gray-cards" V="gray-cards"></OPT>
<OPT T="probes" V="probes"></OPT>
<OPT T="straps" V="straps"></OPT>
<OPT T="other-light-meter-accessories" V="other-light-meter-accessories"></OPT>
</LIST>
<LIST ID="LIST_CAMERA_OTHERACCESSORY_TRIPODSTANDACCESSORIES" TYPE="TEXT">
<OPT T="monopad-accessories" V="monopad-accessories"></OPT>
<OPT T="camera-stand-accessories" V="camera-stand-accessories"></OPT>
<OPT T="tripod-head-accessories" V="tripod-head-accessories"></OPT>
<OPT T="tripod-leg-accessories" V="tripod-leg-accessories"></OPT>
<OPT T="center-columns" V="center-columns"></OPT>
<OPT T="tripod-adapters" V="tripod-adapters"></OPT>
<OPT T="tripod-straps" V="tripod-straps"></OPT>
<OPT T="camera-mounts-and-clamps" V="camera-mounts-and-clamps"></OPT>
<OPT T="plates" V="plates"></OPT>
<OPT T="other-tripod-accessories" V="other-tripod-accessories"></OPT>
</LIST>
<LIST ID="LIST_CAMERA_OTHERACCESSORY_BINOCULARACCESSORIES" TYPE="TEXT">
<OPT T="straps" V="straps"></OPT>
<OPT T="caps" V="caps"></OPT>
<OPT T="other-binocular-accessories" V="other-binocular-accessories"></OPT>
</LIST>
<LIST ID="LIST_CAMERA_OTHERACCESSORY_SPECIFICUSES" TYPE="TEXT">
<OPT T="travel" V="travel"></OPT>
<OPT T="hiking-and-outdoors" V="hiking-and-outdoors"></OPT>
<OPT T="hunting-and-shooting" V="hunting-and-shooting"></OPT>
<OPT T="sports" V="sports"></OPT>
</LIST>


<!-- ******* -->
<ELEMENT ID="CQGNKXF" PROMPT="CameraPhoto:OtherAccessory" TYPE="HIDDEN" DATA="product:amz:catalog"></ELEMENT>
<ELEMENT ID="CQGNKXG" PROMPT="Manufacturer" DEFAULT="" TYPE="TEXTBOX" DATA="product:zoovy:prod_mfg" MANDATORY="Y"></ELEMENT>
<ELEMENT ID="CQGNKXH" PROMPT="Model Name" DEFAULT="" TYPE="TEXTBOX" DATA="product:zoovy:prod_mfgmodel" MANDATORY="Y"></ELEMENT>
<ELEMENT ID="CQGNKXI" PROMPT="Model Number" DEFAULT="" TYPE="TEXTBOX" DATA="product:zoovy:prod_mfgmodelid" MANDATORY="Y"></ELEMENT>
<ELEMENT ID="CQGNKXJ" PROMPT="Mfr Part Number" DEFAULT="" TYPE="TEXTBOX" DATA="product:zoovy:prod_mfgid" MANDATORY="Y"></ELEMENT>
<ELEMENT ID="CQGNKXK" PROMPT="Color" DEFAULT="" TYPE="TEXTBOX" DATA="product:zoovy:prod_color" MANDATORY="Y"></ELEMENT>
<ELEMENT ID="CQGNKXL" PROMPT="Items Included" DEFAULT="" TYPE="TEXTBOX" DATA="product:zoovy:prod_included" MANDATORY="Y"></ELEMENT>
<ELEMENT ID="CQGNKXM" PROMPT="Keywords_1" DEFAULT="" TYPE="TEXTBOX" DATA="product:zoovy:keywords_1" MANDATORY="Y"></ELEMENT>
<ELEMENT ID="CQGNKXN" PROMPT="Keywords_2" DEFAULT="" TYPE="TEXTBOX" DATA="product:zoovy:keywords_2"></ELEMENT>
<ELEMENT ID="CQGNKXO" PROMPT="Keywords_3" DEFAULT="" TYPE="TEXTBOX" DATA="product:zoovy:keywords_3"></ELEMENT>
<ELEMENT ID="CQGNKXP" PROMPT="Keywords_4" DEFAULT="" TYPE="TEXTBOX" DATA="product:zoovy:keywords_4"></ELEMENT>
<ELEMENT ID="CQGNKXQ" PROMPT="Keywords_5" DEFAULT="" TYPE="TEXTBOX" DATA="product:zoovy:keywords_5"></ELEMENT>
<ELEMENT ID="CQGNKXR" PROMPT="Platinum Keywords_1" DEFAULT="" TYPE="TEXTBOX" DATA="product:amz:platinum_keywords_1" MANDATORY="Y"></ELEMENT>
<ELEMENT ID="CQGNKXS" PROMPT="Platinum Keywords_2" DEFAULT="" TYPE="TEXTBOX" DATA="product:amz:platinum_keywords_2"></ELEMENT>
<ELEMENT ID="CQGNKXT" PROMPT="Platinum Keywords_3" DEFAULT="" TYPE="TEXTBOX" DATA="product:amz:platinum_keywords_3"></ELEMENT>
<ELEMENT ID="CQGNKXU" PROMPT="Platinum Keywords_4" DEFAULT="" TYPE="TEXTBOX" DATA="product:amz:platinum_keywords_4"></ELEMENT>
<ELEMENT ID="CQGNKXV" PROMPT="Platinum Keywords_5" DEFAULT="" TYPE="TEXTBOX" DATA="product:amz:platinum_keywords_5"></ELEMENT>
<ELEMENT ID="CQGNKXW" PROMPT="Platinum Keywords_6" DEFAULT="" TYPE="TEXTBOX" DATA="product:amz:platinum_keywords_6"></ELEMENT>
<ELEMENT ID="CQGNKXX" PROMPT="Platinum Keywords_7" DEFAULT="" TYPE="TEXTBOX" DATA="product:amz:platinum_keywords_7"></ELEMENT>
<ELEMENT ID="CQGNKXY" PROMPT="Platinum Keywords_8" DEFAULT="" TYPE="TEXTBOX" DATA="product:amz:platinum_keywords_8"></ELEMENT>
<ELEMENT ID="CQGNKXZ" PROMPT="Platinum Keywords_9" DEFAULT="" TYPE="TEXTBOX" DATA="product:amz:platinum_keywords_9"></ELEMENT>
<ELEMENT ID="CQGNKYA" PROMPT="Platinum Keywords_10" DEFAULT="" TYPE="TEXTBOX" DATA="product:amz:platinum_keywords_10"></ELEMENT>
<ELEMENT ID="CQGNKYB" PROMPT="Platinum Keywords_11" DEFAULT="" TYPE="TEXTBOX" DATA="product:amz:platinum_keywords_11"></ELEMENT>
<ELEMENT ID="CQGNKYC" PROMPT="Platinum Keywords_12" DEFAULT="" TYPE="TEXTBOX" DATA="product:amz:platinum_keywords_12"></ELEMENT>
<ELEMENT ID="CQGNKYD" PROMPT="Platinum Keywords_13" DEFAULT="" TYPE="TEXTBOX" DATA="product:amz:platinum_keywords_13"></ELEMENT>
<ELEMENT ID="CQGNKYE" PROMPT="Platinum Keywords_14" DEFAULT="" TYPE="TEXTBOX" DATA="product:amz:platinum_keywords_14"></ELEMENT>
<ELEMENT ID="CQGNKYF" PROMPT="Platinum Keywords_15" DEFAULT="" TYPE="TEXTBOX" DATA="product:amz:platinum_keywords_15"></ELEMENT>
<ELEMENT ID="CQGNKYG" PROMPT="Platinum Keywords_16" DEFAULT="" TYPE="TEXTBOX" DATA="product:amz:platinum_keywords_16"></ELEMENT>
<ELEMENT ID="CQGNKYH" PROMPT="Platinum Keywords_17" DEFAULT="" TYPE="TEXTBOX" DATA="product:amz:platinum_keywords_17"></ELEMENT>
<ELEMENT ID="CQGNKYI" PROMPT="Platinum Keywords_18" DEFAULT="" TYPE="TEXTBOX" DATA="product:amz:platinum_keywords_18"></ELEMENT>
<ELEMENT ID="CQGNKYJ" PROMPT="Platinum Keywords_19" DEFAULT="" TYPE="TEXTBOX" DATA="product:amz:platinum_keywords_19"></ELEMENT>
<ELEMENT ID="CQGNKYK" PROMPT="Platinum Keywords_20" DEFAULT="" TYPE="TEXTBOX" DATA="product:amz:platinum_keywords_20"></ELEMENT>
<ELEMENT ID="CQGNKYL" PROMPT="Other Accessory Camera Accessories" LIST="LIST_CAMERA_OTHERACCESSORY_CAMERAACCESSORIES" TYPE="SELECT" DATA="product:amz:prod_camera_otheraccessory_cameraaccessories"></ELEMENT>
<ELEMENT ID="CQGNKYM" PROMPT="Other Accessory Camcorder Accessories" LIST="LIST_CAMERA_OTHERACCESSORY_CAMCORDERACCESSORIES" TYPE="SELECT" DATA="product:amz:prod_camera_otheraccessory_camcorderaccessories"></ELEMENT>
<ELEMENT ID="CQGNKYN" PROMPT="Other Accessory Telescope Accessories" LIST="LIST_CAMERA_OTHERACCESSORY_TELESCOPEACCESSORIES" TYPE="SELECT" DATA="product:amz:prod_camera_otheraccessory_telescopeaccessories"></ELEMENT>
<ELEMENT ID="CQGNKYO" PROMPT="Other Accessory Telescope Eyepiece" LIST="LIST_CAMERA_OTHERACCESSORY_TELESCOPEEYEPIECE" TYPE="SELECT" DATA="product:amz:prod_camera_otheraccessory_telescopeeyepiece"></ELEMENT>
<ELEMENT ID="CQGNKYP" PROMPT="Other Accessory Microscope Accessories" LIST="LIST_CAMERA_OTHERACCESSORY_MICROSCOPEACCESSORIES" TYPE="SELECT" DATA="product:amz:prod_camera_otheraccessory_microscopeaccessories"></ELEMENT>
<ELEMENT ID="CQGNKYQ" PROMPT="Other Accessory Filter Accessories" LIST="LIST_CAMERA_OTHERACCESSORY_FILTERACCESSORIES" TYPE="SELECT" DATA="product:amz:prod_camera_otheraccessory_filteraccessories"></ELEMENT>
<ELEMENT ID="CQGNKYR" PROMPT="Other Accessory Film Accessories" LIST="LIST_CAMERA_OTHERACCESSORY_FILMACCESSORIES" TYPE="SELECT" DATA="product:amz:prod_camera_otheraccessory_filmaccessories"></ELEMENT>
<ELEMENT ID="CQGNKYS" PROMPT="Other Accessory Flash Accessories" LIST="LIST_CAMERA_OTHERACCESSORY_FLASHACCESSORIES" TYPE="SELECT" DATA="product:amz:prod_camera_otheraccessory_flashaccessories"></ELEMENT>
<ELEMENT ID="CQGNKYT" PROMPT="Other Accessory Bag Case Accessories" LIST="LIST_CAMERA_OTHERACCESSORY_BAGCASEACCESSORIES" TYPE="SELECT" DATA="product:amz:prod_camera_otheraccessory_bagcaseaccessories"></ELEMENT>
<ELEMENT ID="CQGNKYU" PROMPT="Other Accessory Underwater Photography Accessories" LIST="LIST_CAMERA_OTHERACCESSORY_UNDERWATERPHOTOGRAPHYACCESSORIES" TYPE="SELECT" DATA="product:amz:prod_camera_otheraccessory_underwaterphotographyaccessories"></ELEMENT>
<ELEMENT ID="CQGNKYV" PROMPT="Other Accessory Light Meter Accessories" LIST="LIST_CAMERA_OTHERACCESSORY_LIGHTMETERACCESSORIES" TYPE="SELECT" DATA="product:amz:prod_camera_otheraccessory_lightmeteraccessories"></ELEMENT>
<ELEMENT ID="CQGNKYW" PROMPT="Other Accessory Tripod Stand Accessories" LIST="LIST_CAMERA_OTHERACCESSORY_TRIPODSTANDACCESSORIES" TYPE="SELECT" DATA="product:amz:prod_camera_otheraccessory_tripodstandaccessories"></ELEMENT>
<ELEMENT ID="CQGNKYX" PROMPT="Other Accessory Binocular Accessories" LIST="LIST_CAMERA_OTHERACCESSORY_BINOCULARACCESSORIES" TYPE="SELECT" DATA="product:amz:prod_camera_otheraccessory_binocularaccessories"></ELEMENT>
<ELEMENT ID="CQGNKYY" PROMPT="Other Accessory Specific Uses" LIST="LIST_CAMERA_OTHERACCESSORY_SPECIFICUSES" TYPE="SELECT" DATA="product:amz:prod_camera_otheraccessory_specificuses"></ELEMENT>

</TEMPLATE>