<TEMPLATE ID="amz.camera.photostudio" FORMAT="DEFINITION">
<LIST ID="LIST_CAMERA_PHOTOSTUDIO_STORAGEANDPRESENTATIONMATERIALS" TYPE="TEXT">
<OPT T="hanging-bars" V="hanging-bars"></OPT>
<OPT T="pages-general" V="pages-general"></OPT>
<OPT T="negative-and-unmounted-slides-pages" V="negative-and-unmounted-slides-pages"></OPT>
<OPT T="mounted-slides-pages" V="mounted-slides-pages"></OPT>
<OPT T="prints-pages" V="prints-pages"></OPT>
<OPT T="other-media-pages" V="other-media-pages"></OPT>
<OPT T="sleeves-general" V="sleeves-general"></OPT>
<OPT T="negative-and-unmounted-slides-sleeves" V="negative-and-unmounted-slides-sleeves"></OPT>
<OPT T="mounted-slides-sleeves" V="mounted-slides-sleeves"></OPT>
<OPT T="prints-sleeves" V="prints-sleeves"></OPT>
<OPT T="other-media-sleeves" V="other-media-sleeves"></OPT>
<OPT T="storage-binders-general" V="storage-binders-general"></OPT>
<OPT T="storage-binders-with-rings" V="storage-binders-with-rings"></OPT>
<OPT T="storage-binders-without-rings" V="storage-binders-without-rings"></OPT>
<OPT T="negatives-boxes" V="negatives-boxes"></OPT>
<OPT T="slides-boxes" V="slides-boxes"></OPT>
<OPT T="prints-boxes" V="prints-boxes"></OPT>
<OPT T="other-boxes" V="other-boxes"></OPT>
<OPT T="portfolios" V="portfolios"></OPT>
<OPT T="presentation-boards" V="presentation-boards"></OPT>
<OPT T="glassine-envelopes" V="glassine-envelopes"></OPT>
<OPT T="kraft-envelopes" V="kraft-envelopes"></OPT>
<OPT T="mailers" V="mailers"></OPT>
<OPT T="professional-photo-albums" V="professional-photo-albums"></OPT>
<OPT T="other-professional-albums" V="other-professional-albums"></OPT>
<OPT T="sectional-frames" V="sectional-frames"></OPT>
<OPT T="digital-frames" V="digital-frames"></OPT>
<OPT T="other-professional-frames" V="other-professional-frames"></OPT>
</LIST>
<LIST ID="LIST_CAMERA_PHOTOSTUDIO_STUDIOSUPPLIES" TYPE="TEXT">
<OPT T="laminating-machines" V="laminating-machines"></OPT>
<OPT T="mounting-press" V="mounting-press"></OPT>
<OPT T="mat-boards-general" V="mat-boards-general"></OPT>
<OPT T="pre-cut-mat-boards" V="pre-cut-mat-boards"></OPT>
<OPT T="heat-activated-boards" V="heat-activated-boards"></OPT>
<OPT T="pressure-sensitive-boards" V="pressure-sensitive-boards"></OPT>
<OPT T="slide-mounters" V="slide-mounters"></OPT>
<OPT T="copystands-general" V="copystands-general"></OPT>
<OPT T="tabletop-copystands" V="tabletop-copystands"></OPT>
<OPT T="instant-copystands" V="instant-copystands"></OPT>
<OPT T="other-copystands" V="other-copystands"></OPT>
</LIST>
<LIST ID="LIST_CAMERA_PHOTOSTUDIO_PHOTOBACKGROUNDS" TYPE="TEXT">
<OPT T="ceiling-to-floor" V="ceiling-to-floor"></OPT>
<OPT T="collapsible-discs" V="collapsible-discs"></OPT>
<OPT T="free-standing" V="free-standing"></OPT>
<OPT T="graduated" V="graduated"></OPT>
<OPT T="wall-mounted" V="wall-mounted"></OPT>
<OPT T="other-background-styles" V="other-background-styles"></OPT>
</LIST>
<LIST ID="LIST_CAMERA_PHOTOSTUDIO_PHOTOBACKGROUNDACCESSORIES" TYPE="TEXT">
<OPT T="posing-props" V="posing-props"></OPT>
<OPT T="shooting-tables" V="shooting-tables"></OPT>
<OPT T="shooting-tents" V="shooting-tents"></OPT>
<OPT T="studio-accessories" V="studio-accessories"></OPT>
<OPT T="support-equipment" V="support-equipment"></OPT>
<OPT T="other-background-accessories" V="other-background-accessories"></OPT>
</LIST>
<LIST ID="LIST_CAMERA_PHOTOSTUDIO_PHOTOBACKGROUNDFABRICS" TYPE="TEXT">
<OPT T="canvas" V="canvas"></OPT>
<OPT T="muslins" V="muslins"></OPT>
<OPT T="seamless-paper" V="seamless-paper"></OPT>
<OPT T="velour" V="velour"></OPT>
<OPT T="other-background-fabrics" V="other-background-fabrics"></OPT>
</LIST>
<LIST ID="LIST_CAMERA_PHOTOSTUDIO_PHOTOSTUDIOACCESSORIES" TYPE="TEXT">
<OPT T="mounting-corners" V="mounting-corners"></OPT>
<OPT T="mounting-squares" V="mounting-squares"></OPT>
<OPT T="photographic-tapes" V="photographic-tapes"></OPT>
<OPT T="wire" V="wire"></OPT>
<OPT T="picture-hangers" V="picture-hangers"></OPT>
<OPT T="mats" V="mats"></OPT>
<OPT T="mat-cutters" V="mat-cutters"></OPT>
<OPT T="trimmers" V="trimmers"></OPT>
<OPT T="replacement-blades" V="replacement-blades"></OPT>
<OPT T="other-framing-accessories" V="other-framing-accessories"></OPT>
<OPT T="mounts-general" V="mounts-general"></OPT>
<OPT T="slide-mounts" V="slide-mounts"></OPT>
<OPT T="other-mounts" V="other-mounts"></OPT>
<OPT T="dry-mount-press-accessories" V="dry-mount-press-accessories"></OPT>
<OPT T="mounting-adhesives-general" V="mounting-adhesives-general"></OPT>
<OPT T="dry-mount-tissue" V="dry-mount-tissue"></OPT>
<OPT T="laminating-film" V="laminating-film"></OPT>
<OPT T="print-finishing-lacquers" V="print-finishing-lacquers"></OPT>
</LIST>


<!-- ******* -->
<ELEMENT ID="CQGNLDC" PROMPT="CameraPhoto:PhotoStudio" TYPE="HIDDEN" DATA="product:amz:catalog"></ELEMENT>
<ELEMENT ID="CQGNLDD" PROMPT="Manufacturer" DEFAULT="" TYPE="TEXTBOX" DATA="product:zoovy:prod_mfg" MANDATORY="Y"></ELEMENT>
<ELEMENT ID="CQGNLDE" PROMPT="Model Name" DEFAULT="" TYPE="TEXTBOX" DATA="product:zoovy:prod_mfgmodel" MANDATORY="Y"></ELEMENT>
<ELEMENT ID="CQGNLDF" PROMPT="Model Number" DEFAULT="" TYPE="TEXTBOX" DATA="product:zoovy:prod_mfgmodelid" MANDATORY="Y"></ELEMENT>
<ELEMENT ID="CQGNLDG" PROMPT="Mfr Part Number" DEFAULT="" TYPE="TEXTBOX" DATA="product:zoovy:prod_mfgid" MANDATORY="Y"></ELEMENT>
<ELEMENT ID="CQGNLDH" PROMPT="Color" DEFAULT="" TYPE="TEXTBOX" DATA="product:zoovy:prod_color" MANDATORY="Y"></ELEMENT>
<ELEMENT ID="CQGNLDI" PROMPT="Items Included" DEFAULT="" TYPE="TEXTBOX" DATA="product:zoovy:prod_included" MANDATORY="Y"></ELEMENT>
<ELEMENT ID="CQGNLDJ" PROMPT="Keywords_1" DEFAULT="" TYPE="TEXTBOX" DATA="product:zoovy:keywords_1" MANDATORY="Y"></ELEMENT>
<ELEMENT ID="CQGNLDK" PROMPT="Keywords_2" DEFAULT="" TYPE="TEXTBOX" DATA="product:zoovy:keywords_2"></ELEMENT>
<ELEMENT ID="CQGNLDL" PROMPT="Keywords_3" DEFAULT="" TYPE="TEXTBOX" DATA="product:zoovy:keywords_3"></ELEMENT>
<ELEMENT ID="CQGNLDM" PROMPT="Keywords_4" DEFAULT="" TYPE="TEXTBOX" DATA="product:zoovy:keywords_4"></ELEMENT>
<ELEMENT ID="CQGNLDN" PROMPT="Keywords_5" DEFAULT="" TYPE="TEXTBOX" DATA="product:zoovy:keywords_5"></ELEMENT>
<ELEMENT ID="CQGNLDO" PROMPT="Platinum Keywords_1" DEFAULT="" TYPE="TEXTBOX" DATA="product:amz:platinum_keywords_1" MANDATORY="Y"></ELEMENT>
<ELEMENT ID="CQGNLDP" PROMPT="Platinum Keywords_2" DEFAULT="" TYPE="TEXTBOX" DATA="product:amz:platinum_keywords_2"></ELEMENT>
<ELEMENT ID="CQGNLDQ" PROMPT="Platinum Keywords_3" DEFAULT="" TYPE="TEXTBOX" DATA="product:amz:platinum_keywords_3"></ELEMENT>
<ELEMENT ID="CQGNLDR" PROMPT="Platinum Keywords_4" DEFAULT="" TYPE="TEXTBOX" DATA="product:amz:platinum_keywords_4"></ELEMENT>
<ELEMENT ID="CQGNLDS" PROMPT="Platinum Keywords_5" DEFAULT="" TYPE="TEXTBOX" DATA="product:amz:platinum_keywords_5"></ELEMENT>
<ELEMENT ID="CQGNLDT" PROMPT="Platinum Keywords_6" DEFAULT="" TYPE="TEXTBOX" DATA="product:amz:platinum_keywords_6"></ELEMENT>
<ELEMENT ID="CQGNLDU" PROMPT="Platinum Keywords_7" DEFAULT="" TYPE="TEXTBOX" DATA="product:amz:platinum_keywords_7"></ELEMENT>
<ELEMENT ID="CQGNLDV" PROMPT="Platinum Keywords_8" DEFAULT="" TYPE="TEXTBOX" DATA="product:amz:platinum_keywords_8"></ELEMENT>
<ELEMENT ID="CQGNLDW" PROMPT="Platinum Keywords_9" DEFAULT="" TYPE="TEXTBOX" DATA="product:amz:platinum_keywords_9"></ELEMENT>
<ELEMENT ID="CQGNLDX" PROMPT="Platinum Keywords_10" DEFAULT="" TYPE="TEXTBOX" DATA="product:amz:platinum_keywords_10"></ELEMENT>
<ELEMENT ID="CQGNLDY" PROMPT="Platinum Keywords_11" DEFAULT="" TYPE="TEXTBOX" DATA="product:amz:platinum_keywords_11"></ELEMENT>
<ELEMENT ID="CQGNLDZ" PROMPT="Platinum Keywords_12" DEFAULT="" TYPE="TEXTBOX" DATA="product:amz:platinum_keywords_12"></ELEMENT>
<ELEMENT ID="CQGNLEA" PROMPT="Platinum Keywords_13" DEFAULT="" TYPE="TEXTBOX" DATA="product:amz:platinum_keywords_13"></ELEMENT>
<ELEMENT ID="CQGNLEB" PROMPT="Platinum Keywords_14" DEFAULT="" TYPE="TEXTBOX" DATA="product:amz:platinum_keywords_14"></ELEMENT>
<ELEMENT ID="CQGNLEC" PROMPT="Platinum Keywords_15" DEFAULT="" TYPE="TEXTBOX" DATA="product:amz:platinum_keywords_15"></ELEMENT>
<ELEMENT ID="CQGNLED" PROMPT="Platinum Keywords_16" DEFAULT="" TYPE="TEXTBOX" DATA="product:amz:platinum_keywords_16"></ELEMENT>
<ELEMENT ID="CQGNLEE" PROMPT="Platinum Keywords_17" DEFAULT="" TYPE="TEXTBOX" DATA="product:amz:platinum_keywords_17"></ELEMENT>
<ELEMENT ID="CQGNLEF" PROMPT="Platinum Keywords_18" DEFAULT="" TYPE="TEXTBOX" DATA="product:amz:platinum_keywords_18"></ELEMENT>
<ELEMENT ID="CQGNLEG" PROMPT="Platinum Keywords_19" DEFAULT="" TYPE="TEXTBOX" DATA="product:amz:platinum_keywords_19"></ELEMENT>
<ELEMENT ID="CQGNLEH" PROMPT="Platinum Keywords_20" DEFAULT="" TYPE="TEXTBOX" DATA="product:amz:platinum_keywords_20"></ELEMENT>
<ELEMENT ID="CQGNLEI" PROMPT="Photo Studio Storage And Presentation Materials" LIST="LIST_CAMERA_PHOTOSTUDIO_STORAGEANDPRESENTATIONMATERIALS" TYPE="SELECT" DATA="product:amz:prod_camera_photostudio_storageandpresentationmaterials"></ELEMENT>
<ELEMENT ID="CQGNLEJ" PROMPT="Photo Studio Studio Supplies" LIST="LIST_CAMERA_PHOTOSTUDIO_STUDIOSUPPLIES" TYPE="SELECT" DATA="product:amz:prod_camera_photostudio_studiosupplies"></ELEMENT>
<ELEMENT ID="CQGNLEK" PROMPT="Photo Studio Photo Backgrounds" LIST="LIST_CAMERA_PHOTOSTUDIO_PHOTOBACKGROUNDS" TYPE="SELECT" DATA="product:amz:prod_camera_photostudio_photobackgrounds"></ELEMENT>
<ELEMENT ID="CQGNLEL" PROMPT="Photo Studio Photo Background Accessories" LIST="LIST_CAMERA_PHOTOSTUDIO_PHOTOBACKGROUNDACCESSORIES" TYPE="SELECT" DATA="product:amz:prod_camera_photostudio_photobackgroundaccessories"></ELEMENT>
<ELEMENT ID="CQGNLEM" PROMPT="Photo Studio Photo Background Fabrics" LIST="LIST_CAMERA_PHOTOSTUDIO_PHOTOBACKGROUNDFABRICS" TYPE="SELECT" DATA="product:amz:prod_camera_photostudio_photobackgroundfabrics"></ELEMENT>
<ELEMENT ID="CQGNLEN" PROMPT="Photo Studio Photo Studio Accessories" LIST="LIST_CAMERA_PHOTOSTUDIO_PHOTOSTUDIOACCESSORIES" TYPE="SELECT" DATA="product:amz:prod_camera_photostudio_photostudioaccessories"></ELEMENT>

</TEMPLATE>