<TEMPLATE ID="amz.camera.tripodstand" FORMAT="DEFINITION">
<LIST ID="LIST_CAMERA_TRIPODSTAND_FORUSEWITH" TYPE="TEXT">
<OPT T="still-cameras" V="still-cameras"></OPT>
<OPT T="camcorders" V="camcorders"></OPT>
<OPT T="still-camera-and-camcorders" V="still-camera-and-camcorders"></OPT>
<OPT T="telescopes" V="telescopes"></OPT>
</LIST>
<LIST ID="LIST_CAMERA_TRIPODSTAND_STANDTYPE" TYPE="TEXT">
<OPT T="camera-stands" V="camera-stands"></OPT>
<OPT T="monopods" V="monopods"></OPT>
<OPT T="tripods" V="tripods"></OPT>
<OPT T="car-window-mounts" V="car-window-mounts"></OPT>
</LIST>
<LIST ID="LIST_CAMERA_TRIPODSTAND_SPECIFICUSES" TYPE="TEXT">
<OPT T="tabletop" V="tabletop"></OPT>
<OPT T="travel" V="travel"></OPT>
<OPT T="hiking-and-outdoors" V="hiking-and-outdoors"></OPT>
<OPT T="hunting-and-shooting" V="hunting-and-shooting"></OPT>
<OPT T="sports" V="sports"></OPT>
</LIST>
<LIST ID="LIST_CAMERA_TRIPODSTAND_MATERIAL" TYPE="TEXT">
<OPT T="aluminum" V="aluminum"></OPT>
<OPT T="carbon-fiber" V="carbon-fiber"></OPT>
</LIST>
<LIST ID="LIST_CAMERA_TRIPODSTAND_HEADTYPE" TYPE="TEXT">
<OPT T="geared-heads" V="geared-heads"></OPT>
<OPT T="ball-heads" V="ball-heads"></OPT>
<OPT T="camera-rotator-heads" V="camera-rotator-heads"></OPT>
<OPT T="pan-and-tilt-heads" V="pan-and-tilt-heads"></OPT>
<OPT T="video-heads" V="video-heads"></OPT>
<OPT T="3-way-heads" V="3-way-heads"></OPT>
<OPT T="panoramic-heads" V="panoramic-heads"></OPT>
</LIST>
<LIST ID="LIST_CAMERA_TRIPODSTAND_PACKAGETYPE" TYPE="TEXT">
<OPT T="head-only" V="head-only"></OPT>
<OPT T="legs-only" V="legs-only"></OPT>
<OPT T="head-and-leg-units" V="head-and-leg-units"></OPT>
</LIST>


<!-- ******* -->
<ELEMENT ID="CQGNLGV" PROMPT="CameraPhoto:TripodStand" TYPE="HIDDEN" DATA="product:amz:catalog"></ELEMENT>
<ELEMENT ID="CQGNLGW" PROMPT="Manufacturer" DEFAULT="" TYPE="TEXTBOX" DATA="product:zoovy:prod_mfg" MANDATORY="Y"></ELEMENT>
<ELEMENT ID="CQGNLGX" PROMPT="Model Name" DEFAULT="" TYPE="TEXTBOX" DATA="product:zoovy:prod_mfgmodel" MANDATORY="Y"></ELEMENT>
<ELEMENT ID="CQGNLGY" PROMPT="Model Number" DEFAULT="" TYPE="TEXTBOX" DATA="product:zoovy:prod_mfgmodelid" MANDATORY="Y"></ELEMENT>
<ELEMENT ID="CQGNLGZ" PROMPT="Mfr Part Number" DEFAULT="" TYPE="TEXTBOX" DATA="product:zoovy:prod_mfgid" MANDATORY="Y"></ELEMENT>
<ELEMENT ID="CQGNLHA" PROMPT="Color" DEFAULT="" TYPE="TEXTBOX" DATA="product:zoovy:prod_color" MANDATORY="Y"></ELEMENT>
<ELEMENT ID="CQGNLHB" PROMPT="Items Included" DEFAULT="" TYPE="TEXTBOX" DATA="product:zoovy:prod_included" MANDATORY="Y"></ELEMENT>
<ELEMENT ID="CQGNLHC" PROMPT="Keywords_1" DEFAULT="" TYPE="TEXTBOX" DATA="product:zoovy:keywords_1" MANDATORY="Y"></ELEMENT>
<ELEMENT ID="CQGNLHD" PROMPT="Keywords_2" DEFAULT="" TYPE="TEXTBOX" DATA="product:zoovy:keywords_2"></ELEMENT>
<ELEMENT ID="CQGNLHE" PROMPT="Keywords_3" DEFAULT="" TYPE="TEXTBOX" DATA="product:zoovy:keywords_3"></ELEMENT>
<ELEMENT ID="CQGNLHF" PROMPT="Keywords_4" DEFAULT="" TYPE="TEXTBOX" DATA="product:zoovy:keywords_4"></ELEMENT>
<ELEMENT ID="CQGNLHG" PROMPT="Keywords_5" DEFAULT="" TYPE="TEXTBOX" DATA="product:zoovy:keywords_5"></ELEMENT>
<ELEMENT ID="CQGNLHH" PROMPT="Platinum Keywords_1" DEFAULT="" TYPE="TEXTBOX" DATA="product:amz:platinum_keywords_1" MANDATORY="Y"></ELEMENT>
<ELEMENT ID="CQGNLHI" PROMPT="Platinum Keywords_2" DEFAULT="" TYPE="TEXTBOX" DATA="product:amz:platinum_keywords_2"></ELEMENT>
<ELEMENT ID="CQGNLHJ" PROMPT="Platinum Keywords_3" DEFAULT="" TYPE="TEXTBOX" DATA="product:amz:platinum_keywords_3"></ELEMENT>
<ELEMENT ID="CQGNLHK" PROMPT="Platinum Keywords_4" DEFAULT="" TYPE="TEXTBOX" DATA="product:amz:platinum_keywords_4"></ELEMENT>
<ELEMENT ID="CQGNLHL" PROMPT="Platinum Keywords_5" DEFAULT="" TYPE="TEXTBOX" DATA="product:amz:platinum_keywords_5"></ELEMENT>
<ELEMENT ID="CQGNLHM" PROMPT="Platinum Keywords_6" DEFAULT="" TYPE="TEXTBOX" DATA="product:amz:platinum_keywords_6"></ELEMENT>
<ELEMENT ID="CQGNLHN" PROMPT="Platinum Keywords_7" DEFAULT="" TYPE="TEXTBOX" DATA="product:amz:platinum_keywords_7"></ELEMENT>
<ELEMENT ID="CQGNLHO" PROMPT="Platinum Keywords_8" DEFAULT="" TYPE="TEXTBOX" DATA="product:amz:platinum_keywords_8"></ELEMENT>
<ELEMENT ID="CQGNLHP" PROMPT="Platinum Keywords_9" DEFAULT="" TYPE="TEXTBOX" DATA="product:amz:platinum_keywords_9"></ELEMENT>
<ELEMENT ID="CQGNLHQ" PROMPT="Platinum Keywords_10" DEFAULT="" TYPE="TEXTBOX" DATA="product:amz:platinum_keywords_10"></ELEMENT>
<ELEMENT ID="CQGNLHR" PROMPT="Platinum Keywords_11" DEFAULT="" TYPE="TEXTBOX" DATA="product:amz:platinum_keywords_11"></ELEMENT>
<ELEMENT ID="CQGNLHS" PROMPT="Platinum Keywords_12" DEFAULT="" TYPE="TEXTBOX" DATA="product:amz:platinum_keywords_12"></ELEMENT>
<ELEMENT ID="CQGNLHT" PROMPT="Platinum Keywords_13" DEFAULT="" TYPE="TEXTBOX" DATA="product:amz:platinum_keywords_13"></ELEMENT>
<ELEMENT ID="CQGNLHU" PROMPT="Platinum Keywords_14" DEFAULT="" TYPE="TEXTBOX" DATA="product:amz:platinum_keywords_14"></ELEMENT>
<ELEMENT ID="CQGNLHV" PROMPT="Platinum Keywords_15" DEFAULT="" TYPE="TEXTBOX" DATA="product:amz:platinum_keywords_15"></ELEMENT>
<ELEMENT ID="CQGNLHW" PROMPT="Platinum Keywords_16" DEFAULT="" TYPE="TEXTBOX" DATA="product:amz:platinum_keywords_16"></ELEMENT>
<ELEMENT ID="CQGNLHX" PROMPT="Platinum Keywords_17" DEFAULT="" TYPE="TEXTBOX" DATA="product:amz:platinum_keywords_17"></ELEMENT>
<ELEMENT ID="CQGNLHY" PROMPT="Platinum Keywords_18" DEFAULT="" TYPE="TEXTBOX" DATA="product:amz:platinum_keywords_18"></ELEMENT>
<ELEMENT ID="CQGNLHZ" PROMPT="Platinum Keywords_19" DEFAULT="" TYPE="TEXTBOX" DATA="product:amz:platinum_keywords_19"></ELEMENT>
<ELEMENT ID="CQGNLIA" PROMPT="Platinum Keywords_20" DEFAULT="" TYPE="TEXTBOX" DATA="product:amz:platinum_keywords_20"></ELEMENT>
<ELEMENT ID="CQGNLIB" PROMPT="Tripod Stand For Use With" LIST="LIST_CAMERA_TRIPODSTAND_FORUSEWITH" TYPE="SELECT" DATA="product:amz:prod_camera_tripodstand_forusewith"></ELEMENT>
<ELEMENT ID="CQGNLIC" PROMPT="Tripod Stand Stand Type" LIST="LIST_CAMERA_TRIPODSTAND_STANDTYPE" TYPE="SELECT" DATA="product:amz:prod_camera_tripodstand_standtype"></ELEMENT>
<ELEMENT ID="CQGNLID" PROMPT="Tripod Stand Specific Uses" LIST="LIST_CAMERA_TRIPODSTAND_SPECIFICUSES" TYPE="SELECT" DATA="product:amz:prod_camera_tripodstand_specificuses"></ELEMENT>
<ELEMENT ID="CQGNLIE" PROMPT="Tripod Stand Material" LIST="LIST_CAMERA_TRIPODSTAND_MATERIAL" TYPE="SELECT" DATA="product:amz:prod_camera_tripodstand_material"></ELEMENT>
<ELEMENT ID="CQGNLIF" PROMPT="Tripod Stand Head Type" LIST="LIST_CAMERA_TRIPODSTAND_HEADTYPE" TYPE="SELECT" DATA="product:amz:prod_camera_tripodstand_headtype"></ELEMENT>
<ELEMENT ID="CQGNLIG" PROMPT="Tripod Stand Package Type" LIST="LIST_CAMERA_TRIPODSTAND_PACKAGETYPE" TYPE="SELECT" DATA="product:amz:prod_camera_tripodstand_packagetype"></ELEMENT>

</TEMPLATE>