<TEMPLATE ID="apitest.schedule1" FORMAT="DEFINITION">


<!-- ******* -->
<ELEMENT ID="CQFJSYJ" TYPE="META" STYLE="TITLE"><TEXT><![CDATA[
			]]></TEXT>
</ELEMENT>
<ELEMENT ID="CQFJSYK" TYPE="META" STYLE="DESCRIPTION"><TEXT><![CDATA[
			]]></TEXT>
</ELEMENT>
<ELEMENT ID="CQFJSYL" TYPE="FORMAT" TITLE="Required Information" STYLE="TITLE"></ELEMENT>
<ELEMENT ID="CQFJSYM" PROMPT="Product Name" TYPE="TEXTBOX" MANDATORY="Y" DATA="product:zoovy:prod_name" COLS="100"></ELEMENT>
<ELEMENT ID="CQFJSYN" PROMPT="Review and Launch" TARGET="OMEGA" TYPE="BUTTON"></ELEMENT>

</TEMPLATE>