<TEMPLATE ID="apparel.clothing" FORMAT="DEFINITION">
<LIST ID="CLOTHINGTYPE" TYPE="TEXT">
<OPT T="Blazer" V="Blazer"></OPT>
<OPT T="Bra" V="Bra"></OPT>
<OPT T="Dress" V="Dress"></OPT>
<OPT T="Other" V=""></OPT>
<OPT T="Outerwear" V="Outerwear"></OPT>
<OPT T="Pants" V="Pants"></OPT>
<OPT T="Shirt" V="Shirt"></OPT>
<OPT T="Shorts" V="Shorts"></OPT>
<OPT T="Skirt" V="Skirt"></OPT>
<OPT T="Sleepwear" V="Sleepwear"></OPT>
<OPT T="SocksHosiery" V="SocksHosiery"></OPT>
<OPT T="Suit" V="Suit"></OPT>
<OPT T="Sweater" V="Sweater"></OPT>
<OPT T="Swimwear" V="Swimwear"></OPT>
<OPT T="Underwear" V="Underwear"></OPT>
</LIST>
<LIST ID="FLOWS" TYPE="TEXT">
<OPT T="Accessory" V="*P-1_tall_pic"></OPT>
<OPT T="HomeAccessory" V="*P-accessorize"></OPT>
<OPT T="Jewelry" V="*P-3_wide_pics"></OPT>
<OPT T="PersonalBodyCare" V="*P-slideshow"></OPT>
</LIST>


<!-- ******* -->
<ELEMENT ID="CQFJTGI" PROMPT="Size" TYPE="TEXTBOX" DATA="product:zoovy:prod_size"></ELEMENT>
<ELEMENT ID="CQFJTGJ" PROMPT="Color" TYPE="TEXTBOX" DATA="product:zoovy:prod_color"></ELEMENT>
<ELEMENT ID="CQFJTGK" PROMPT="Size and Color" TYPE="TEXTBOX" DATA="product:zoovy:prod_sizecolor"></ELEMENT>
<ELEMENT ID="CQFJTGL" PROMPT="Clothing Type" TYPE="SELECT" LIST="CLOTHINGTYPE" DATA="product:zoovy:prod_type"></ELEMENT>
<ELEMENT ID="CQFJTGM" PROMPT="Generic Measurements" TYPE="TEXTBOX" DATA="product:zoovy:prod_measurements"></ELEMENT>
<ELEMENT ID="CQFJTGN" PROMPT="Waist Size" TYPE="TEXTBOX" DATA="product:zoovy:prod_clothing_waist"></ELEMENT>
<ELEMENT ID="CQFJTGO" PROMPT="Manufacturer" TYPE="TEXTBOX" DATA="product:zoovy:prod_mfg"></ELEMENT>
<ELEMENT ID="CQFJTGP" PROMPT="Mfg Model Number" TYPE="TEXTBOX" DATA="product:zoovy:prod_mfgid"></ELEMENT>
<ELEMENT ID="CQFJTGQ" PROMPT="Page Layout" TYPE="SELECT" LIST="FLOWS" DATA="product:zoovy:fl"></ELEMENT>

</TEMPLATE>