<TEMPLATE ID="apparel.jewelry" FORMAT="DEFINITION">
<LIST ID="JEWELRYTYPE" TYPE="TEXT">
<OPT T="Other" V=""></OPT>
</LIST>


<!-- ******* -->
<ELEMENT ID="CQFJSRN" VALUE="*P-jewelry_generic" TYPE="HIDDEN" DATA="product:zoovy:fl"></ELEMENT>
<ELEMENT ID="CQFJSRO" PROMPT="Jewelry Type" TYPE="SELECT" LIST="JEWELRYTYPE" DATA="product:zoovy:prod_type"></ELEMENT>
<ELEMENT ID="CQFJSRP" PROMPT="Manufacturer" TYPE="TEXTBOX" DATA="product:zoovy:prod_mfg"></ELEMENT>
<ELEMENT ID="CQFJSRQ" PROMPT="Mfg Model Number" TYPE="TEXTBOX" DATA="product:zoovy:prod_mfgid"></ELEMENT>
<ELEMENT ID="CQFJSRR" VALUE="" PROMPT="Material" TYPE="TEXTBOX" DATA="product:zoovy:prod_jewelry_material"></ELEMENT>
<ELEMENT ID="CQFJSRS" VALUE="" PROMPT="Metal Stamp" TYPE="TEXTBOX" DATA="product:zoovy:prod_jewelry_metalstamp"></ELEMENT>
<ELEMENT ID="CQFJSRT" VALUE="" PROMPT="Total Metal Weight" TYPE="TEXTBOX" DATA="product:zoovy:prod_jewelry_totalmetalweight"></ELEMENT>
<ELEMENT ID="CQFJSRU" VALUE="" PROMPT="Diameter" TYPE="NUMBER" DATA="product:zoovy:prod_jewelry_diameter"></ELEMENT>
<ELEMENT ID="CQFJSRV" VALUE="" PROMPT="Height" TYPE="NUMBER" DATA="product:zoovy:prod_jewelry_height"></ELEMENT>
<ELEMENT ID="CQFJSRW" VALUE="" PROMPT="Width" TYPE="NUMBER" DATA="product:zoovy:prod_jewelry_width"></ELEMENT>
<ELEMENT ID="CQFJSRX" VALUE="" PROMPT="Length" TYPE="NUMBER" DATA="product:zoovy:prod_jewelry_length"></ELEMENT>
<ELEMENT ID="CQFJSRY" VALUE="" PROMPT="Estate Period" TYPE="TEXTBOX" DATA="product:zoovy:prod_jewelry_estateperiod"></ELEMENT>

</TEMPLATE>