<TEMPLATE ID="apparel.clothing.misc" FORMAT="DEFINITION">
<LIST ID="CLOTHINGTYPE" TYPE="TEXT">
<OPT T="Accessory" V="Accessory"></OPT>
<OPT T="Bag" V="Bag"></OPT>
<OPT T="Hat" V="Hat"></OPT>
<OPT T="HomeAccessory" V="HomeAccessory"></OPT>
<OPT T="Jewelry" V="Jewelry"></OPT>
<OPT T="NonApparelMisc" V="NonApparelMisc"></OPT>
<OPT T="PersonalBodyCare" V="PersonalBodyCare"></OPT>
</LIST>
<LIST ID="FLOWS" TYPE="TEXT">
<OPT T="Accessory" V="*P-1_tall_pic"></OPT>
<OPT T="HomeAccessory" V="*P-accessorize"></OPT>
<OPT T="Jewelry" V="*P-3_wide_pics"></OPT>
<OPT T="PersonalBodyCare" V="*P-slideshow"></OPT>
</LIST>


<!-- ******* -->
<ELEMENT ID="CQFJTGI" PROMPT="Product Type" TYPE="SELECT" LIST="CLOTHINGTYPE" DATA="product:zoovy:prod_type"></ELEMENT>
<ELEMENT ID="CQFJTGJ" PROMPT="Manufacturer" TYPE="TEXTBOX" DATA="product:zoovy:prod_mfg"></ELEMENT>
<ELEMENT ID="CQFJTGK" PROMPT="Mfg Model Number" TYPE="TEXTBOX" DATA="product:zoovy:prod_mfgid"></ELEMENT>
<ELEMENT ID="CQFJTGL" PROMPT="Page Layout" TYPE="SELECT" LIST="FLOWS" DATA="product:zoovy:fl"></ELEMENT>

</TEMPLATE>