<TEMPLATE ID="apparel.jewelry.watch" FORMAT="DEFINITION">
<LIST ID="JEWELRYTYPE" TYPE="TEXT">
<OPT T="Mens Watch" V="Mens Watch"></OPT>
<OPT T="Other" V=""></OPT>
<OPT T="Unisex Watch" V="Unisex Watch"></OPT>
<OPT T="Womens Watch" V="Womens Watch"></OPT>
</LIST>


<!-- ******* -->
<ELEMENT ID="CQFJSRN" PROMPT="Jewelry Type" TYPE="SELECT" LIST="JEWELRYTYPE" DATA="product:zoovy:prod_type"></ELEMENT>
<ELEMENT ID="CQFJSRO" VALUE="*P-jewelry_watch" TYPE="HIDDEN" DATA="product:zoovy:fl"></ELEMENT>
<ELEMENT ID="CQFJSRP" PROMPT="Manufacturer" TYPE="TEXTBOX" DATA="product:zoovy:prod_mfg"></ELEMENT>
<ELEMENT ID="CQFJSRQ" PROMPT="Mfg Model Number" TYPE="TEXTBOX" DATA="product:zoovy:prod_mfgid"></ELEMENT>
<ELEMENT ID="CQFJSRR" VALUE="" PROMPT="Band Material" TYPE="TEXTBOX" DATA="product:zoovy:prod_jewelry_bandmaterial"></ELEMENT>
<ELEMENT ID="CQFJSRS" VALUE="" PROMPT="Band Length" TYPE="TEXTBOX" DATA="product:zoovy:prod_jewelry_bandlength"></ELEMENT>
<ELEMENT ID="CQFJSRT" VALUE="" PROMPT="BandWidth" TYPE="NUMBER" DATA="product:zoovy:prod_jewelry_bandwidth"></ELEMENT>
<ELEMENT ID="CQFJSRU" VALUE="" PROMPT="Clasp Type" TYPE="TEXTBOX" DATA="product:zoovy:prod_jewelry_clasptype"></ELEMENT>
<ELEMENT ID="CQFJSRV" VALUE="" PROMPT="Case Material" TYPE="TEXTBOX" DATA="product:zoovy:prod_jewelry_casematerial"></ELEMENT>
<ELEMENT ID="CQFJSRW" VALUE="" PROMPT="CaseSizeThickness" TYPE="NUMBER" DATA="product:zoovy:prod_jewelry_casesizethickness"></ELEMENT>
<ELEMENT ID="CQFJSRX" VALUE="" PROMPT="CaseSizeDiameter" TYPE="NUMBER" DATA="product:zoovy:prod_jewelry_casesizediameter"></ELEMENT>
<ELEMENT ID="CQFJSRY" VALUE="" PROMPT="Metal Stamp" TYPE="TEXTBOX" DATA="product:zoovy:prod_jewelry_metalstamp"></ELEMENT>
<ELEMENT ID="CQFJSRZ" VALUE="" PROMPT="Dial Color" TYPE="TEXTBOX" DATA="product:zoovy:prod_jewelry_dialcolor"></ELEMENT>
<ELEMENT ID="CQFJSSA" VALUE="" PROMPT="Bezel Material" TYPE="TEXTBOX" DATA="product:zoovy:prod_jewelry_bezelmaterial"></ELEMENT>
<ELEMENT ID="CQFJSSB" VALUE="" PROMPT="Bezel Function" TYPE="TEXTBOX" DATA="product:zoovy:prod_jewelry_bezelfunction"></ELEMENT>
<ELEMENT ID="CQFJSSC" VALUE="" PROMPT="Crystal" TYPE="TEXTBOX" DATA="product:zoovy:prod_jewelry_crystal"></ELEMENT>
<ELEMENT ID="CQFJSSD" VALUE="" PROMPT="Movement Type" TYPE="TEXTBOX" DATA="product:zoovy:prod_jewelry_movementtype"></ELEMENT>
<ELEMENT ID="CQFJSSE" VALUE="" PROMPT="Calendar Type" TYPE="TEXTBOX" DATA="product:zoovy:prod_jewelry_calendartype"></ELEMENT>
<ELEMENT ID="CQFJSSF" VALUE="" PROMPT="WaterResistantDepth" TYPE="NUMBER" DATA="product:zoovy:prod_jewelry_waterresistantdepth"></ELEMENT>
<ELEMENT ID="CQFJSSG" VALUE="" PROMPT="Resale Type" TYPE="TEXTBOX" DATA="product:zoovy:prod_jewelry_resaletype"></ELEMENT>
<ELEMENT ID="CQFJSSH" VALUE="" PROMPT="Warranty Type" TYPE="TEXTBOX" DATA="product:zoovy:prod_jewelry_warrantytype"></ELEMENT>
<ELEMENT ID="CQFJSSI" VALUE="" PROMPT="Estate Period" TYPE="TEXTBOX" DATA="product:zoovy:prod_jewelry_estateperiod"></ELEMENT>

</TEMPLATE>