<TEMPLATE ID="apparel.jewelry.necklace" FORMAT="DEFINITION">
<LIST ID="STONESHAPE" TYPE="TEXT">
<OPT T="" V="Princess"></OPT>
<OPT T="Other" V=""></OPT>
<OPT T="Round" V="Round"></OPT>
</LIST>
<LIST ID="JEWELRYTYPE" TYPE="TEXT">
<OPT T="Fashion" V="Fashion"></OPT>
<OPT T="Gold" V="Gold"></OPT>
<OPT T="Other" V=""></OPT>
<OPT T="Pearl" V="Pearl"></OPT>
<OPT T="Silver" V="Silver"></OPT>
</LIST>


<!-- ******* -->
<ELEMENT ID="CQFJSRN" VALUE="*P-jewelry_necklace" TYPE="HIDDEN" DATA="product:zoovy:fl"></ELEMENT>
<ELEMENT ID="CQFJSRO" PROMPT="Jewelry Type" TYPE="SELECT" LIST="JEWELRYTYPE" DATA="product:zoovy:prod_type"></ELEMENT>
<ELEMENT ID="CQFJSRP" PROMPT="Manufacturer" TYPE="TEXTBOX" DATA="product:zoovy:prod_mfg"></ELEMENT>
<ELEMENT ID="CQFJSRQ" VALUE="" PROMPT="Clasp Type" TYPE="TEXTBOX" DATA="product:zoovy:prod_jewelry_clasptype"></ELEMENT>
<ELEMENT ID="CQFJSRR" VALUE="" PROMPT="Material" TYPE="TEXTBOX" DATA="product:zoovy:prod_jewelry_material"></ELEMENT>
<ELEMENT ID="CQFJSRS" VALUE="" PROMPT="Metal Stamp" TYPE="TEXTBOX" DATA="product:amz:prod_jewelry_metalstamp"></ELEMENT>
<ELEMENT ID="CQFJSRT" VALUE="" PROMPT="Setting Type" TYPE="TEXTBOX" DATA="product:amz:prod_jewelry_settingtype"></ELEMENT>
<ELEMENT ID="CQFJSRU" VALUE="" PROMPT="Diameter" TYPE="NUMBER" DATA="product:zoovy:prod_jewelry_diameter"></ELEMENT>
<ELEMENT ID="CQFJSRV" VALUE="" PROMPT="Height" TYPE="NUMBER" DATA="product:zoovy:prod_jewelry_height"></ELEMENT>
<ELEMENT ID="CQFJSRW" VALUE="" PROMPT="Width" TYPE="NUMBER" DATA="product:zoovy:prod_jewelry_width"></ELEMENT>
<ELEMENT ID="CQFJSRX" VALUE="" PROMPT="Chain Type" TYPE="TEXTBOX" DATA="product:zoovy:prod_chaintype"></ELEMENT>
<ELEMENT ID="CQFJSRY" VALUE="" PROMPT="Estate Period" TYPE="TEXTBOX" DATA="product:zoovy:prod_estateperiod"></ELEMENT>
<ELEMENT ID="CQFJSRZ" PROMPT="Stone Shape" TYPE="SELECT" LIST="STONESHAPE" DATA="product:zoovy:prod_jewelry_stoneshape"></ELEMENT>

</TEMPLATE>