<TEMPLATE ID="apparel.clothing.shoes" FORMAT="DEFINITION">
<LIST ID="CLOTHINGTYPE" TYPE="TEXT">
<OPT T="Boys Shoes" V="Boys Shoes"></OPT>
<OPT T="Girls Shoes" V="Girls Shoes"></OPT>
<OPT T="Mens Shoes" V="Mens Shoes"></OPT>
<OPT T="Shoes" V="Shoes"></OPT>
<OPT T="Unisex Shoes" V="Unisex Shoes"></OPT>
<OPT T="Womens Shoes" V="Womens Shoes"></OPT>
</LIST>
<LIST ID="FLOWS" TYPE="TEXT">
<OPT T="Accessory" V="*P-1_tall_pic"></OPT>
<OPT T="HomeAccessory" V="*P-accessorize"></OPT>
<OPT T="Jewelry" V="*P-3_wide_pics"></OPT>
<OPT T="PersonalBodyCare" V="*P-slideshow"></OPT>
</LIST>


<!-- ******* -->
<ELEMENT ID="CQFJTGI" PROMPT="Size" TYPE="TEXTBOX" DATA="product:zoovy:prod_size"></ELEMENT>
<ELEMENT ID="CQFJTGJ" PROMPT="Color" TYPE="TEXTBOX" DATA="product:zoovy:prod_color"></ELEMENT>
<ELEMENT ID="CQFJTGK" PROMPT="Size and Color" TYPE="TEXTBOX" DATA="product:zoovy:prod_sizecolor"></ELEMENT>
<ELEMENT ID="CQFJTGL" PROMPT="Clothing Type" TYPE="SELECT" LIST="CLOTHINGTYPE" DATA="product:zoovy:prod_type"></ELEMENT>
<ELEMENT ID="CQFJTGM" PROMPT="Manufacturer" TYPE="TEXTBOX" DATA="product:zoovy:prod_mfg"></ELEMENT>
<ELEMENT ID="CQFJTGN" PROMPT="Mfg Model Number" TYPE="TEXTBOX" DATA="product:zoovy:prod_mfgid"></ELEMENT>
<ELEMENT ID="CQFJTGO" PROMPT="Page Layout" TYPE="SELECT" LIST="FLOWS" DATA="product:zoovy:fl"></ELEMENT>

</TEMPLATE>