<TEMPLATE ID="apparel.jewelry.earring" FORMAT="DEFINITION">
<LIST ID="STONESHAPE" TYPE="TEXT">
<OPT T="" V="Princess"></OPT>
<OPT T="Other" V=""></OPT>
<OPT T="Round" V="Round"></OPT>
</LIST>
<LIST ID="JEWELRYTYPE" TYPE="TEXT">
<OPT T="Diamond" V="Diamond"></OPT>
<OPT T="Fashion" V="Fashion"></OPT>
<OPT T="Gemstone" V="Gemstone"></OPT>
<OPT T="Gold" V="Gold"></OPT>
<OPT T="Other" V=""></OPT>
<OPT T="Pearl" V="Pearl"></OPT>
<OPT T="Platinum" V="Silver"></OPT>
<OPT T="Silver" V="Silver"></OPT>
<OPT T="Stainless Steel" V="Stainless Steel"></OPT>
</LIST>


<!-- ******* -->
<ELEMENT ID="CQFJTGH" VALUE="*P-jewelry_earring" PROMPT="Page Layout" TYPE="HIDDEN" DATA="product:zoovy:fl"></ELEMENT>
<ELEMENT ID="CQFJTGI" PROMPT="Jewelry Type" TYPE="SELECT" LIST="JEWELRYTYPE" DATA="product:zoovy:prod_type"></ELEMENT>
<ELEMENT ID="CQFJTGJ" PROMPT="Manufacturer" TYPE="TEXTBOX" DATA="product:zoovy:prod_mfg"></ELEMENT>
<ELEMENT ID="CQFJTGK" VALUE="" PROMPT="Material" TYPE="TEXTBOX" DATA="product:zoovy:prod_jewerly_material"></ELEMENT>
<ELEMENT ID="CQFJTGL" VALUE="" PROMPT="Metal Stamp" TYPE="TEXTBOX" DATA="product:zoovy:prod_jewerly_metalstamp"></ELEMENT>
<ELEMENT ID="CQFJTGM" VALUE="" PROMPT="Setting Type" TYPE="TEXTBOX" DATA="product:zoovy:prod_jewelry_settingtype"></ELEMENT>
<ELEMENT ID="CQFJTGN" VALUE="" PROMPT="Total Gem Weight" TYPE="TEXTBOX" DATA="product:zoovy:prod_jewelry_totalgemweight"></ELEMENT>
<ELEMENT ID="CQFJTGO" VALUE="" PROMPT="Total Metal Weight" TYPE="TEXTBOX" DATA="product:zoovy:prod_jewelry_totalmetalweight"></ELEMENT>
<ELEMENT ID="CQFJTGP" VALUE="" PROMPT="Diameter" TYPE="NUMBER" DATA="product:zoovy:prod_jewelry_diameter"></ELEMENT>
<ELEMENT ID="CQFJTGQ" VALUE="" PROMPT="Height" TYPE="NUMBER" DATA="product:zoovy:prod_jewelry_height"></ELEMENT>
<ELEMENT ID="CQFJTGR" VALUE="" PROMPT="Width" TYPE="NUMBER" DATA="product:zoovy:prod_jewelry_width"></ELEMENT>
<ELEMENT ID="CQFJTGS" VALUE="" PROMPT="Length" TYPE="NUMBER" DATA="product:zoovy:prod_jewelry_length"></ELEMENT>
<ELEMENT ID="CQFJTGT" VALUE="" PROMPT="Back Finding" TYPE="TEXTBOX" DATA="product:zoovy:prod_jewelry_backfinding"></ELEMENT>
<ELEMENT ID="CQFJTGU" VALUE="" PROMPT="Estate Period" TYPE="TEXTBOX" DATA="product:zoovy:prod_jewelry_estateperiod"></ELEMENT>
<ELEMENT ID="CQFJTGV" VALUE="" PROMPT="NumberOfStones" TYPE="NUMBER" DATA="product:zoovy:prod_jewelry_numberofstones"></ELEMENT>
<ELEMENT ID="CQFJTGW" VALUE="" PROMPT="NumberOfPearls" TYPE="NUMBER" DATA="product:zoovy:prod_jewelry_numberofpearls"></ELEMENT>
<ELEMENT ID="CQFJTGX" PROMPT="Stone Shape" TYPE="SELECT" LIST="STONESHAPE" DATA="product:zoovy:prod_jewelry_stoneshape"></ELEMENT>
<ELEMENT ID="CQFJTGY" VALUE="" PROMPT="Gemstones " TYPE="TEXTBOX" DATA="product:zoovy:prod_jewelry_gemstones"></ELEMENT>

</TEMPLATE>