<TEMPLATE ID="apparel.jewelry.ring" FORMAT="DEFINITION">
<LIST ID="STONESHAPE" TYPE="TEXT">
<OPT T="" V="Princess"></OPT>
<OPT T="Other" V=""></OPT>
<OPT T="Round" V="Round"></OPT>
</LIST>
<LIST ID="JEWELRYTYPE" TYPE="TEXT">
<OPT T="Fashion" V="Fashion"></OPT>
<OPT T="Gold" V="Gold"></OPT>
<OPT T="Other" V=""></OPT>
<OPT T="Pearl" V="Pearl"></OPT>
<OPT T="Silver" V="Silver"></OPT>
</LIST>


<!-- ******* -->
<ELEMENT ID="CQFJSRM" PROMPT="Jewelry Type" TYPE="SELECT" LIST="JEWELRYTYPE" DATA="product:zoovy:prod_type"></ELEMENT>
<ELEMENT ID="CQFJSRN" VALUE="*P-jewelry_ring" TYPE="HIDDEN" DATA="product:zoovy:fl"></ELEMENT>
<ELEMENT ID="CQFJSRO" PROMPT="Manufacturer" TYPE="TEXTBOX" DATA="product:zoovy:prod_mfg"></ELEMENT>
<ELEMENT ID="CQFJSRP" PROMPT="Re-Sizable" ON="Yes" TYPE="CHECKBOX" DATA="product:zoovy:prod_jewelry_resizable" OFF="No"></ELEMENT>
<ELEMENT ID="CQFJSRQ" VALUE="" PROMPT="Material" TYPE="TEXTBOX" DATA="product:zoovy:prod_jewelry_material"></ELEMENT>
<ELEMENT ID="CQFJSRR" VALUE="" PROMPT="Metal Stamp" TYPE="TEXTBOX" DATA="product:zoovy:prod_jewelry_metalstamp"></ELEMENT>
<ELEMENT ID="CQFJSRS" VALUE="" PROMPT="Setting Type" TYPE="TEXTBOX" DATA="product:zoovy:prod_jewelry_settingtype"></ELEMENT>
<ELEMENT ID="CQFJSRT" VALUE="" PROMPT="Total Gem Weight" TYPE="TEXTBOX" DATA="product:zoovy:prod_jewelry_totalgemweight"></ELEMENT>
<ELEMENT ID="CQFJSRU" VALUE="" PROMPT="Total Metal Weight" TYPE="TEXTBOX" DATA="product:zoovy:prod_jewelry_totalmetalweight"></ELEMENT>
<ELEMENT ID="CQFJSRV" VALUE="" PROMPT="Diameter" TYPE="NUMBER" DATA="product:amz:prod_jewelry_diameter"></ELEMENT>
<ELEMENT ID="CQFJSRW" VALUE="" PROMPT="Height" TYPE="NUMBER" DATA="product:amz:prod_jewelry_height"></ELEMENT>
<ELEMENT ID="CQFJSRX" VALUE="" PROMPT="Width" TYPE="NUMBER" DATA="product:amz:prod_jewelry_width"></ELEMENT>
<ELEMENT ID="CQFJSRY" VALUE="" PROMPT="Length" TYPE="NUMBER" DATA="product:amz:prod_jewelry_length"></ELEMENT>
<ELEMENT ID="CQFJSRZ" VALUE="" PROMPT="SizingLowerRange" TYPE="NUMBER" DATA="product:amz:prod_jewelry_sizinglowerrange"></ELEMENT>
<ELEMENT ID="CQFJSSA" VALUE="" PROMPT="SizingUpperRange" TYPE="NUMBER" DATA="product:amz:prod_jewelry_sizingupperrange"></ELEMENT>
<ELEMENT ID="CQFJSSB" VALUE="" PROMPT="Estate Period" TYPE="TEXTBOX" DATA="product:zoovy:prod_jewelry_estateperiod"></ELEMENT>
<ELEMENT ID="CQFJSSC" VALUE="" PROMPT="NumberOfStones" TYPE="NUMBER" DATA="product:amz:prod_jewelry_numberofstones"></ELEMENT>
<ELEMENT ID="CQFJSSD" VALUE="" PROMPT="NumberOfPearls" TYPE="NUMBER" DATA="product:amz:prod_jewelry_numberofpearls"></ELEMENT>
<ELEMENT ID="CQFJSSE" PROMPT="Stone Shape" TYPE="SELECT" LIST="STONESHAPE" DATA="product:zoovy:prod_jewelry_stoneshape"></ELEMENT>

</TEMPLATE>