<TEMPLATE ID="bizrate.listing" FORMAT="DEFINITION">


<!-- ******* -->
<ELEMENT ID="CQFJTGI" TYPE="META" TEXT="BizRate Listing" STYLE="TITLE"></ELEMENT>
<ELEMENT ID="CQFJTGJ" PROMPT="Manufacturers SKU" TYPE="TEXTBOX" DATA="product:zoovy:prod_mfgid"></ELEMENT>
<ELEMENT ID="CQFJTGK" HINT="example: Sony" PROMPT="Manufacturers Name" TYPE="TEXTBOX" DATA="product:zoovy:prod_mfg"></ELEMENT>
<ELEMENT ID="CQFJTGL" PROMPT="UPC" TYPE="TEXTBOX" DATA="product:zoovy:prod_upc"></ELEMENT>
<ELEMENT ID="CQFJTGM" PROMPT="BizRate Bid" TYPE="TEXTBOX" DATA="product:bizrate:bid"></ELEMENT>
<ELEMENT ID="CQFJTGN" PROMPT="BizRate Category" TYPE="TEXTBOX" DATA="product:bizrate:category"></ELEMENT>
<ELEMENT ID="CQFJTGO" TYPE="BLANK"></ELEMENT>

</TEMPLATE>