<TEMPLATE ID="dealtime.listing" FORMAT="DEFINITION">
<LIST ID="CATEGORY" TYPE="TEXT">
<OPT T="Appliances/Air Conditioners" V="Appliances -&gt; Air Conditioners"></OPT>
<OPT T="Appliances/Clothes Dryers" V="Appliances -&gt; Clothes Dryers"></OPT>
<OPT T="Appliances/Dishwashers" V="Appliances -&gt; Dishwashers"></OPT>
<OPT T="Appliances/Espresso Machines" V="Appliances -&gt; Espresso Machines"></OPT>
<OPT T="Appliances/Freezers" V="Appliances -&gt; Freezers"></OPT>
<OPT T="Appliances/Irons" V="Appliances -&gt; Irons"></OPT>
<OPT T="Appliances/Kitchen Cooktops" V="Appliances -&gt; Kitchen Cooktops"></OPT>
<OPT T="Appliances/Kitchen Electrics" V="Appliances -&gt; Kitchen Electrics"></OPT>
<OPT T="Appliances/Kitchen Ranges" V="Appliances -&gt; Kitchen Ranges"></OPT>
<OPT T="Appliances/Microwave Ovens" V="Appliances -&gt; Microwave Ovens"></OPT>
<OPT T="Appliances/Ovens (Gas &amp; Electric)" V="Appliances -&gt; Ovens (Gas &amp; Electric)"></OPT>
<OPT T="Appliances/Refrigerators" V="Appliances -&gt; Refrigerators"></OPT>
<OPT T="Appliances/Vacuums" V="Appliances -&gt; Vacuums"></OPT>
<OPT T="Appliances/Washing Machines" V="Appliances -&gt; Washing Machines"></OPT>
<OPT T="Babies &amp; Kids/Bath &amp; Healthcare/Child Bath Health &amp; Sanitary Care" V="Babies &amp; Kids -&gt; Bath &amp; Healthcare -&gt; Child Bath Health &amp; Sanitary Care"></OPT>
<OPT T="Babies &amp; Kids/Bath &amp; Healthcare/Diaper Bags" V="Babies &amp; Kids -&gt; Bath &amp; Healthcare -&gt; Diaper Bags"></OPT>
<OPT T="Babies &amp; Kids/Car Seats Strollers &amp; Travel/Baby carriers" V="Babies &amp; Kids -&gt; Car Seats Strollers &amp; Travel -&gt; Baby carriers"></OPT>
<OPT T="Babies &amp; Kids/Car Seats Strollers &amp; Travel/Car Seats &amp; Accessories" V="Babies &amp; Kids -&gt; Car Seats Strollers &amp; Travel -&gt; Car Seats &amp; Accessories"></OPT>
<OPT T="Babies &amp; Kids/Car Seats Strollers &amp; Travel/Strollers &amp; Accessories" V="Babies &amp; Kids -&gt; Car Seats Strollers &amp; Travel -&gt; Strollers &amp; Accessories"></OPT>
<OPT T="Babies &amp; Kids/Development &amp; Play/Baby Activity " V="Babies &amp; Kids -&gt; Development &amp; Play -&gt; Baby Activity "></OPT>
<OPT T="Babies &amp; Kids/For The Nursery/Child Bedding" V="Babies &amp; Kids -&gt; For The Nursery -&gt; Child Bedding"></OPT>
<OPT T="Babies &amp; Kids/For The Nursery/Child Safety " V="Babies &amp; Kids -&gt; For The Nursery -&gt; Child Safety "></OPT>
<OPT T="Babies &amp; Kids/For The Nursery/Kids' Furniture " V="Babies &amp; Kids -&gt; For The Nursery -&gt; Kids' Furniture "></OPT>
<OPT T="Babies &amp; Kids/For The Nursery/Nursing &amp; Feeding" V="Babies &amp; Kids -&gt; For The Nursery -&gt; Nursing &amp; Feeding"></OPT>
<OPT T="Clothing &amp; Accessories/Kids/Baby Clothing " V="Clothing &amp; Accessories -&gt; Kids -&gt; Baby Clothing "></OPT>
<OPT T="Clothing &amp; Accessories/Kids/School Uniforms" V="Clothing &amp; Accessories -&gt; Kids -&gt; School Uniforms"></OPT>
<OPT T="Clothing &amp; Accessories/Luggage/Briefcases &amp; Business" V="Clothing &amp; Accessories -&gt; Luggage -&gt; Briefcases &amp; Business"></OPT>
<OPT T="Clothing &amp; Accessories/Luggage/Handbags &amp; Wallets" V="Clothing &amp; Accessories -&gt; Luggage -&gt; Handbags &amp; Wallets"></OPT>
<OPT T="Clothing &amp; Accessories/Luggage/Luggage &amp; Duffels" V="Clothing &amp; Accessories -&gt; Luggage -&gt; Luggage &amp; Duffels"></OPT>
<OPT T="Clothing &amp; Accessories/Men/Men's Shoes" V="Clothing &amp; Accessories -&gt; Men -&gt; Men's Shoes"></OPT>
<OPT T="Clothing &amp; Accessories/Men/Mens Accessories" V="Clothing &amp; Accessories -&gt; Men -&gt; Mens Accessories"></OPT>
<OPT T="Clothing &amp; Accessories/Men/Mens Activewear" V="Clothing &amp; Accessories -&gt; Men -&gt; Mens Activewear"></OPT>
<OPT T="Clothing &amp; Accessories/Men/Mens Big &amp; Tall" V="Clothing &amp; Accessories -&gt; Men -&gt; Mens Big &amp; Tall"></OPT>
<OPT T="Clothing &amp; Accessories/Men/Mens Clothing" V="Clothing &amp; Accessories -&gt; Men -&gt; Mens Clothing"></OPT>
<OPT T="Clothing &amp; Accessories/Men/Mens Loungewear Underwear &amp; Socks" V="Clothing &amp; Accessories -&gt; Men -&gt; Mens Loungewear Underwear &amp; Socks"></OPT>
<OPT T="Clothing &amp; Accessories/Women/Women's Shoes" V="Clothing &amp; Accessories -&gt; Women -&gt; Women's Shoes"></OPT>
<OPT T="Clothing &amp; Accessories/Women/Womens Accessories" V="Clothing &amp; Accessories -&gt; Women -&gt; Womens Accessories"></OPT>
<OPT T="Clothing &amp; Accessories/Women/Womens Activewear" V="Clothing &amp; Accessories -&gt; Women -&gt; Womens Activewear"></OPT>
<OPT T="Clothing &amp; Accessories/Women/Womens Clothing" V="Clothing &amp; Accessories -&gt; Women -&gt; Womens Clothing"></OPT>
<OPT T="Clothing &amp; Accessories/Women/Womens Intimate Apparel &amp; Hosiery" V="Clothing &amp; Accessories -&gt; Women -&gt; Womens Intimate Apparel &amp; Hosiery"></OPT>
<OPT T="Clothing &amp; Accessories/Women/Womens Maternity" V="Clothing &amp; Accessories -&gt; Women -&gt; Womens Maternity"></OPT>
<OPT T="Clothing &amp; Accessories/Women/Womens Petites" V="Clothing &amp; Accessories -&gt; Women -&gt; Womens Petites"></OPT>
<OPT T="Clothing &amp; Accessories/Women/Womens Plus Sizes" V="Clothing &amp; Accessories -&gt; Women -&gt; Womens Plus Sizes"></OPT>
<OPT T="Computers/Accessories &amp; Supplies/Cables &amp; Connectors" V="Computers -&gt; Accessories &amp; Supplies -&gt; Cables &amp; Connectors"></OPT>
<OPT T="Computers/Accessories &amp; Supplies/Desk Accessories" V="Computers -&gt; Accessories &amp; Supplies -&gt; Desk Accessories"></OPT>
<OPT T="Computers/Accessories &amp; Supplies/I-O Adapters" V="Computers -&gt; Accessories &amp; Supplies -&gt; I/O Adapters"></OPT>
<OPT T="Computers/Accessories &amp; Supplies/Laptop Accessories" V="Computers -&gt; Accessories &amp; Supplies -&gt; Laptop Accessories"></OPT>
<OPT T="Computers/Accessories &amp; Supplies/Laptop Carrying Cases" V="Computers -&gt; Accessories &amp; Supplies -&gt; Laptop Carrying Cases"></OPT>
<OPT T="Computers/Accessories &amp; Supplies/Multimedia Audio Speakers" V="Computers -&gt; Accessories &amp; Supplies -&gt; Multimedia Audio Speakers"></OPT>
<OPT T="Computers/Accessories &amp; Supplies/Multimedia Kits" V="Computers -&gt; Accessories &amp; Supplies -&gt; Multimedia Kits"></OPT>
<OPT T="Computers/Accessories &amp; Supplies/Switchboxes" V="Computers -&gt; Accessories &amp; Supplies -&gt; Switchboxes"></OPT>
<OPT T="Computers/Input Devices/Graphics Tablets" V="Computers -&gt; Input Devices -&gt; Graphics Tablets"></OPT>
<OPT T="Computers/Input Devices/Keyboards" V="Computers -&gt; Input Devices -&gt; Keyboards"></OPT>
<OPT T="Computers/Input Devices/PC Gaming Devices" V="Computers -&gt; Input Devices -&gt; PC Gaming Devices"></OPT>
<OPT T="Computers/Input Devices/Web Cameras" V="Computers -&gt; Input Devices -&gt; Web Cameras"></OPT>
<OPT T="Computers/Mac Hardware/Notebooks Mac" V="Computers -&gt; Mac Hardware -&gt; Notebooks Mac"></OPT>
<OPT T="Computers/Memory/Cache Memory" V="Computers -&gt; Memory -&gt; Cache Memory"></OPT>
<OPT T="Computers/Memory/Flash Memory " V="Computers -&gt; Memory -&gt; Flash Memory "></OPT>
<OPT T="Computers/Memory/Memory Adapter" V="Computers -&gt; Memory -&gt; Memory Adapter"></OPT>
<OPT T="Computers/Memory/Random Access Memory " V="Computers -&gt; Memory -&gt; Random Access Memory "></OPT>
<OPT T="Computers/Memory/Read-Only Memory " V="Computers -&gt; Memory -&gt; Read-Only Memory "></OPT>
<OPT T="Computers/Memory/Video Memory" V="Computers -&gt; Memory -&gt; Video Memory"></OPT>
<OPT T="Computers/Modems" V="Computers -&gt; Modems"></OPT>
<OPT T="Computers/Monitors/Monitor Accessories" V="Computers -&gt; Monitors -&gt; Monitor Accessories"></OPT>
<OPT T="Computers/Monitors/Monitors" V="Computers -&gt; Monitors -&gt; Monitors"></OPT>
<OPT T="Computers/Networking/Bridges" V="Computers -&gt; Networking -&gt; Bridges"></OPT>
<OPT T="Computers/Networking/Concentrators and Multiplexers" V="Computers -&gt; Networking -&gt; Concentrators and Multiplexers"></OPT>
<OPT T="Computers/Networking/Expansion Modules" V="Computers -&gt; Networking -&gt; Expansion Modules"></OPT>
<OPT T="Computers/Networking/Firewalls" V="Computers -&gt; Networking -&gt; Firewalls"></OPT>
<OPT T="Computers/Networking/Hubs &amp; Switches" V="Computers -&gt; Networking -&gt; Hubs &amp; Switches"></OPT>
<OPT T="Computers/Networking/Network Accessories" V="Computers -&gt; Networking -&gt; Network Accessories"></OPT>
<OPT T="Computers/Networking/Network Adapters" V="Computers -&gt; Networking -&gt; Network Adapters"></OPT>
<OPT T="Computers/Networking/Network Cables" V="Computers -&gt; Networking -&gt; Network Cables"></OPT>
<OPT T="Computers/Networking/Other Network Devices" V="Computers -&gt; Networking -&gt; Other Network Devices"></OPT>
<OPT T="Computers/Networking/Print Servers" V="Computers -&gt; Networking -&gt; Print Servers"></OPT>
<OPT T="Computers/Networking/Remote Access Servers" V="Computers -&gt; Networking -&gt; Remote Access Servers"></OPT>
<OPT T="Computers/Networking/Repeatres" V="Computers -&gt; Networking -&gt; Repeatres"></OPT>
<OPT T="Computers/Networking/Routers" V="Computers -&gt; Networking -&gt; Routers"></OPT>
<OPT T="Computers/Networking/Serial Adapters" V="Computers -&gt; Networking -&gt; Serial Adapters"></OPT>
<OPT T="Computers/Networking/Transcievers" V="Computers -&gt; Networking -&gt; Transcievers"></OPT>
<OPT T="Computers/Networking/Wireless Access Points" V="Computers -&gt; Networking -&gt; Wireless Access Points"></OPT>
<OPT T="Computers/Performance Upgrades/Graphics Cards" V="Computers -&gt; Performance Upgrades -&gt; Graphics Cards"></OPT>
<OPT T="Computers/Performance Upgrades/Motherboards" V="Computers -&gt; Performance Upgrades -&gt; Motherboards"></OPT>
<OPT T="Computers/Performance Upgrades/Processors" V="Computers -&gt; Performance Upgrades -&gt; Processors"></OPT>
<OPT T="Computers/Performance Upgrades/Sound Cards" V="Computers -&gt; Performance Upgrades -&gt; Sound Cards"></OPT>
<OPT T="Computers/Performance Upgrades/TV-Video Capture Cards" V="Computers -&gt; Performance Upgrades -&gt; TV/Video Capture Cards"></OPT>
<OPT T="Computers/Personal Organizers/Personal Organizer Accessories" V="Computers -&gt; Personal Organizers -&gt; Personal Organizer Accessories"></OPT>
<OPT T="Computers/Personal Organizers/Personal Organizers" V="Computers -&gt; Personal Organizers -&gt; Personal Organizers"></OPT>
<OPT T="Computers/Power Equipment/Batteries &amp; Power Equipment" V="Computers -&gt; Power Equipment -&gt; Batteries &amp; Power Equipment"></OPT>
<OPT T="Computers/Power Equipment/Line Conditioners" V="Computers -&gt; Power Equipment -&gt; Line Conditioners"></OPT>
<OPT T="Computers/Power Equipment/Power Adapters" V="Computers -&gt; Power Equipment -&gt; Power Adapters"></OPT>
<OPT T="Computers/Power Equipment/Surge Suppressors" V="Computers -&gt; Power Equipment -&gt; Surge Suppressors"></OPT>
<OPT T="Computers/Power Equipment/UPS Systems Devices" V="Computers -&gt; Power Equipment -&gt; UPS Systems Devices"></OPT>
<OPT T="Computers/Printers/Printers" V="Computers -&gt; Printers -&gt; Printers"></OPT>
<OPT T="Computers/Printers/Scanner &amp; Printer Accessories" V="Computers -&gt; Printers -&gt; Scanner &amp; Printer Accessories"></OPT>
<OPT T="Computers/Scanners/Scanners" V="Computers -&gt; Scanners -&gt; Scanners"></OPT>
<OPT T="Computers/Storage and Media/CD and DVD Burners" V="Computers -&gt; Storage and Media -&gt; CD and DVD Burners"></OPT>
<OPT T="Computers/Storage and Media/CD-ROM Drives" V="Computers -&gt; Storage and Media -&gt; CD-ROM Drives"></OPT>
<OPT T="Computers/Storage and Media/DVD Drives" V="Computers -&gt; Storage and Media -&gt; DVD Drives"></OPT>
<OPT T="Computers/Storage and Media/Drive Cases " V="Computers -&gt; Storage and Media -&gt; Drive Cases "></OPT>
<OPT T="Computers/Storage and Media/Floppy Drives" V="Computers -&gt; Storage and Media -&gt; Floppy Drives"></OPT>
<OPT T="Computers/Storage and Media/Hard Drives" V="Computers -&gt; Storage and Media -&gt; Hard Drives"></OPT>
<OPT T="Computers/Storage and Media/Network Storage" V="Computers -&gt; Storage and Media -&gt; Network Storage"></OPT>
<OPT T="Computers/Storage and Media/Removable media" V="Computers -&gt; Storage and Media -&gt; Removable media"></OPT>
<OPT T="Computers/Storage and Media/Tape Drives" V="Computers -&gt; Storage and Media -&gt; Tape Drives"></OPT>
<OPT T="Computers/Storage and Media/Zip and Other Drives" V="Computers -&gt; Storage and Media -&gt; Zip and Other Drives"></OPT>
<OPT T="Computers/Systems/PC Desktops" V="Computers -&gt; Systems -&gt; PC Desktops"></OPT>
<OPT T="Computers/Systems/PC Notebooks" V="Computers -&gt; Systems -&gt; PC Notebooks"></OPT>
<OPT T="Computers/Systems/Personal Computers/Mac" V="Computers -&gt; Systems -&gt; Personal Computers -&gt; Mac"></OPT>
<OPT T="Computers/Systems/Servers" V="Computers -&gt; Systems -&gt; Servers"></OPT>
<OPT T="Computers/Systems/Systems Cabinets" V="Computers -&gt; Systems -&gt; Systems Cabinets"></OPT>
<OPT T="Computers/Systems/Workstations" V="Computers -&gt; Systems -&gt; Workstations"></OPT>
<OPT T="Electronics/Calculators" V="Electronics -&gt; Calculators"></OPT>
<OPT T="Electronics/Cameras/35mm Point &amp; Shoot - APS Cameras" V="Electronics -&gt; Cameras -&gt; 35mm Point &amp; Shoot / APS Cameras"></OPT>
<OPT T="Electronics/Cameras/35mm SLR Cameras" V="Electronics -&gt; Cameras -&gt; 35mm SLR Cameras"></OPT>
<OPT T="Electronics/Cameras/Digital Camera Accessories" V="Electronics -&gt; Cameras -&gt; Digital Camera Accessories"></OPT>
<OPT T="Electronics/Cameras/Digital Cameras" V="Electronics -&gt; Cameras -&gt; Digital Cameras"></OPT>
<OPT T="Electronics/Cameras/Instant Cameras" V="Electronics -&gt; Cameras -&gt; Instant Cameras"></OPT>
<OPT T="Electronics/Cameras/Medium Format Cameras" V="Electronics -&gt; Cameras -&gt; Medium Format Cameras"></OPT>
<OPT T="Electronics/Cameras/Photographic Accessories" V="Electronics -&gt; Cameras -&gt; Photographic Accessories"></OPT>
<OPT T="Electronics/Cameras/Photographic Film" V="Electronics -&gt; Cameras -&gt; Photographic Film"></OPT>
<OPT T="Electronics/Car Audio &amp; Radar Detectors/CB Radios" V="Electronics -&gt; Car Audio &amp; Radar Detectors -&gt; CB Radios"></OPT>
<OPT T="Electronics/Car Audio &amp; Radar Detectors/Car Audio Amplifiers" V="Electronics -&gt; Car Audio &amp; Radar Detectors -&gt; Car Audio Amplifiers"></OPT>
<OPT T="Electronics/Car Audio &amp; Radar Detectors/Car Audio CD Changers" V="Electronics -&gt; Car Audio &amp; Radar Detectors -&gt; Car Audio CD Changers"></OPT>
<OPT T="Electronics/Car Audio &amp; Radar Detectors/Car Audio Equalizers" V="Electronics -&gt; Car Audio &amp; Radar Detectors -&gt; Car Audio Equalizers"></OPT>
<OPT T="Electronics/Car Audio &amp; Radar Detectors/Car Audio Speakers and Subwoofers" V="Electronics -&gt; Car Audio &amp; Radar Detectors -&gt; Car Audio Speakers and Subwoofers"></OPT>
<OPT T="Electronics/Car Audio &amp; Radar Detectors/Car Theater" V="Electronics -&gt; Car Audio &amp; Radar Detectors -&gt; Car Theater"></OPT>
<OPT T="Electronics/Car Audio &amp; Radar Detectors/In-Dash Receivers" V="Electronics -&gt; Car Audio &amp; Radar Detectors -&gt; In-Dash Receivers"></OPT>
<OPT T="Electronics/Car Audio &amp; Radar Detectors/Radar Detectors" V="Electronics -&gt; Car Audio &amp; Radar Detectors -&gt; Radar Detectors"></OPT>
<OPT T="Electronics/Electronic Dictionaries &amp; Translators" V="Electronics -&gt; Electronic Dictionaries &amp; Translators"></OPT>
<OPT T="Electronics/Home Audio/Audio Video Shelf Systems" V="Electronics -&gt; Home Audio -&gt; Audio Video Shelf Systems"></OPT>
<OPT T="Electronics/Home Audio/Home Audio Accessories" V="Electronics -&gt; Home Audio -&gt; Home Audio Accessories"></OPT>
<OPT T="Electronics/Home Audio/Home Audio Amplifiers-Preamps" V="Electronics -&gt; Home Audio -&gt; Home Audio Amplifiers/Preamps"></OPT>
<OPT T="Electronics/Home Audio/Home Audio CD Players- Changers-Recorders" V="Electronics -&gt; Home Audio -&gt; Home Audio CD Players/ Changers/Recorders"></OPT>
<OPT T="Electronics/Home Audio/Home Audio Equalizers" V="Electronics -&gt; Home Audio -&gt; Home Audio Equalizers"></OPT>
<OPT T="Electronics/Home Audio/Home Audio Mini Disc Players" V="Electronics -&gt; Home Audio -&gt; Home Audio Mini Disc Players"></OPT>
<OPT T="Electronics/Home Audio/Home Audio Receivers" V="Electronics -&gt; Home Audio -&gt; Home Audio Receivers"></OPT>
<OPT T="Electronics/Home Audio/Tape Decks" V="Electronics -&gt; Home Audio -&gt; Tape Decks"></OPT>
<OPT T="Electronics/Home Audio/Tuners" V="Electronics -&gt; Home Audio -&gt; Tuners"></OPT>
<OPT T="Electronics/Home Audio/Turntables" V="Electronics -&gt; Home Audio -&gt; Turntables"></OPT>
<OPT T="Electronics/Home Theater/Home Theater Complete Systems" V="Electronics -&gt; Home Theater -&gt; Home Theater Complete Systems"></OPT>
<OPT T="Electronics/Home Theater/Home Theater Speakers and Subwoofers" V="Electronics -&gt; Home Theater -&gt; Home Theater Speakers and Subwoofers"></OPT>
<OPT T="Electronics/Home Theater/Large TV - 34 Inches or greater" V="Electronics -&gt; Home Theater -&gt; Large TV - 34 Inches or greater"></OPT>
<OPT T="Electronics/Phones &amp;  Clocks/Cellular Accessories" V="Electronics -&gt; Phones &amp;  Clocks -&gt; Cellular Accessories"></OPT>
<OPT T="Electronics/Phones &amp;  Clocks/Cellular Phones" V="Electronics -&gt; Phones &amp;  Clocks -&gt; Cellular Phones"></OPT>
<OPT T="Electronics/Phones &amp;  Clocks/Clock Radios" V="Electronics -&gt; Phones &amp;  Clocks -&gt; Clock Radios"></OPT>
<OPT T="Electronics/Phones &amp; Answering Machines/Answering machines" V="Electronics -&gt; Phones &amp; Answering Machines -&gt; Answering machines"></OPT>
<OPT T="Electronics/Phones &amp; Answering Machines/Caller ID" V="Electronics -&gt; Phones &amp; Answering Machines -&gt; Caller ID"></OPT>
<OPT T="Electronics/Phones &amp; Answering Machines/Conference Phones" V="Electronics -&gt; Phones &amp; Answering Machines -&gt; Conference Phones"></OPT>
<OPT T="Electronics/Phones &amp; Answering Machines/Phones" V="Electronics -&gt; Phones &amp; Answering Machines -&gt; Phones"></OPT>
<OPT T="Electronics/Portable Electronics/2-way Radios" V="Electronics -&gt; Portable Electronics -&gt; 2-way Radios"></OPT>
<OPT T="Electronics/Portable Electronics/Boomboxes" V="Electronics -&gt; Portable Electronics -&gt; Boomboxes"></OPT>
<OPT T="Electronics/Portable Electronics/GPS Accessories" V="Electronics -&gt; Portable Electronics -&gt; GPS Accessories"></OPT>
<OPT T="Electronics/Portable Electronics/GPS devices" V="Electronics -&gt; Portable Electronics -&gt; GPS devices"></OPT>
<OPT T="Electronics/Portable Electronics/Headphones" V="Electronics -&gt; Portable Electronics -&gt; Headphones"></OPT>
<OPT T="Electronics/Portable Electronics/MP3 -Digital Audio Players" V="Electronics -&gt; Portable Electronics -&gt; MP3 -Digital Audio Players"></OPT>
<OPT T="Electronics/Portable Electronics/MP3 Accessories" V="Electronics -&gt; Portable Electronics -&gt; MP3 Accessories"></OPT>
<OPT T="Electronics/Portable Electronics/Personal Audio - Mini Disc Player" V="Electronics -&gt; Portable Electronics -&gt; Personal Audio - Mini Disc Player"></OPT>
<OPT T="Electronics/Portable Electronics/Personal CD Players" V="Electronics -&gt; Portable Electronics -&gt; Personal CD Players"></OPT>
<OPT T="Electronics/Portable Electronics/Personal Cassette Players" V="Electronics -&gt; Portable Electronics -&gt; Personal Cassette Players"></OPT>
<OPT T="Electronics/Portable Electronics/Personal Radios" V="Electronics -&gt; Portable Electronics -&gt; Personal Radios"></OPT>
<OPT T="Electronics/Portable Electronics/Telescopes &amp; Binoculars" V="Electronics -&gt; Portable Electronics -&gt; Telescopes &amp; Binoculars"></OPT>
<OPT T="Electronics/TV-Video/Camcorder Accessories" V="Electronics -&gt; TV/Video -&gt; Camcorder Accessories"></OPT>
<OPT T="Electronics/TV-Video/Camcorders" V="Electronics -&gt; TV/Video -&gt; Camcorders"></OPT>
<OPT T="Electronics/TV-Video/DVD Players" V="Electronics -&gt; TV/Video -&gt; DVD Players"></OPT>
<OPT T="Electronics/TV-Video/Digital TV Recorders" V="Electronics -&gt; TV/Video -&gt; Digital TV Recorders"></OPT>
<OPT T="Electronics/TV-Video/Direct View Televisions" V="Electronics -&gt; TV/Video -&gt; Direct View Televisions"></OPT>
<OPT T="Electronics/TV-Video/Flat Panel Televisions" V="Electronics -&gt; TV/Video -&gt; Flat Panel Televisions"></OPT>
<OPT T="Electronics/TV-Video/Interactive TV" V="Electronics -&gt; TV/Video -&gt; Interactive TV"></OPT>
<OPT T="Electronics/TV-Video/Portable Televisions" V="Electronics -&gt; TV/Video -&gt; Portable Televisions"></OPT>
<OPT T="Electronics/TV-Video/Satellite TV " V="Electronics -&gt; TV/Video -&gt; Satellite TV "></OPT>
<OPT T="Electronics/TV-Video/TV - VCR - DVD Combos" V="Electronics -&gt; TV/Video -&gt; TV / VCR / DVD Combos"></OPT>
<OPT T="Electronics/TV-Video/TV Accessories" V="Electronics -&gt; TV/Video -&gt; TV Accessories"></OPT>
<OPT T="Electronics/TV-Video/Televisions" V="Electronics -&gt; TV/Video -&gt; Televisions"></OPT>
<OPT T="Electronics/TV-Video/VCRs" V="Electronics -&gt; TV/Video -&gt; VCRs"></OPT>
<OPT T="Flowers &amp; Gifts/Flowers Baskets &amp; Gifts/Chocolates &amp; Sweets" V="Flowers &amp; Gifts -&gt; Flowers Baskets &amp; Gifts -&gt; Chocolates &amp; Sweets"></OPT>
<OPT T="Flowers &amp; Gifts/Flowers Baskets &amp; Gifts/Gifts &amp; Gift Baskets" V="Flowers &amp; Gifts -&gt; Flowers Baskets &amp; Gifts -&gt; Gifts &amp; Gift Baskets"></OPT>
<OPT T="Flowers &amp; Gifts/Food &amp; Wine/Bar &amp; Wine Accessories" V="Flowers &amp; Gifts -&gt; Food &amp; Wine -&gt; Bar &amp; Wine Accessories"></OPT>
<OPT T="Flowers &amp; Gifts/Food &amp; Wine/Coffee" V="Flowers &amp; Gifts -&gt; Food &amp; Wine -&gt; Coffee"></OPT>
<OPT T="Flowers &amp; Gifts/Food &amp; Wine/Dessert" V="Flowers &amp; Gifts -&gt; Food &amp; Wine -&gt; Dessert"></OPT>
<OPT T="Flowers &amp; Gifts/Food &amp; Wine/Gourmet Groceries" V="Flowers &amp; Gifts -&gt; Food &amp; Wine -&gt; Gourmet Groceries"></OPT>
<OPT T="Flowers &amp; Gifts/Food &amp; Wine/Meat &amp; Seafood" V="Flowers &amp; Gifts -&gt; Food &amp; Wine -&gt; Meat &amp; Seafood"></OPT>
<OPT T="Flowers &amp; Gifts/Food &amp; Wine/Spirits" V="Flowers &amp; Gifts -&gt; Food &amp; Wine -&gt; Spirits"></OPT>
<OPT T="Flowers &amp; Gifts/Food &amp; Wine/Tea" V="Flowers &amp; Gifts -&gt; Food &amp; Wine -&gt; Tea"></OPT>
<OPT T="Flowers &amp; Gifts/Food &amp; Wine/Wine" V="Flowers &amp; Gifts -&gt; Food &amp; Wine -&gt; Wine"></OPT>
<OPT T="Flowers &amp; Plants" V="Flowers &amp; Plants"></OPT>
<OPT T="Fragrance" V="Fragrance"></OPT>
<OPT T="Furniture" V="Furniture"></OPT>
<OPT T="Garden/Gardening/Garden &amp; Lawn Treatments" V="Garden -&gt; Gardening -&gt; Garden &amp; Lawn Treatments"></OPT>
<OPT T="Garden/Gardening/Garden Apparel" V="Garden -&gt; Gardening -&gt; Garden Apparel"></OPT>
<OPT T="Garden/Gardening/Garden Decor" V="Garden -&gt; Gardening -&gt; Garden Decor"></OPT>
<OPT T="Garden/Gardening/Garden Equipment" V="Garden -&gt; Gardening -&gt; Garden Equipment"></OPT>
<OPT T="Garden/Gardening/Garden Hoses &amp; Sprinklers" V="Garden -&gt; Gardening -&gt; Garden Hoses &amp; Sprinklers"></OPT>
<OPT T="Garden/Gardening/Garden Tools" V="Garden -&gt; Gardening -&gt; Garden Tools"></OPT>
<OPT T="Garden/Gardening/Outdoor Lighting" V="Garden -&gt; Gardening -&gt; Outdoor Lighting"></OPT>
<OPT T="Garden/Gardening/Sprinkler Systems" V="Garden -&gt; Gardening -&gt; Sprinkler Systems"></OPT>
<OPT T="Garden/Plants/Fruits &amp; Vegetables" V="Garden -&gt; Plants -&gt; Fruits &amp; Vegetables"></OPT>
<OPT T="Garden/Plants/Garden Flowers &amp; Plants" V="Garden -&gt; Plants -&gt; Garden Flowers &amp; Plants"></OPT>
<OPT T="Garden/Plants/Grass &amp; Lawn Covers" V="Garden -&gt; Plants -&gt; Grass &amp; Lawn Covers"></OPT>
<OPT T="Garden/Plants/Herbs" V="Garden -&gt; Plants -&gt; Herbs"></OPT>
<OPT T="Garden/Plants/Trees &amp; Shrubs " V="Garden -&gt; Plants -&gt; Trees &amp; Shrubs "></OPT>
<OPT T="Garden/Seeds &amp; Bulbs/Plant &amp; Flower Bulbs" V="Garden -&gt; Seeds &amp; Bulbs -&gt; Plant &amp; Flower Bulbs"></OPT>
<OPT T="Garden/Seeds &amp; Bulbs/Seeds" V="Garden -&gt; Seeds &amp; Bulbs -&gt; Seeds"></OPT>
<OPT T="Health &amp; Beauty/Cosmetics/Cosmetic Accessories" V="Health &amp; Beauty -&gt; Cosmetics -&gt; Cosmetic Accessories"></OPT>
<OPT T="Health &amp; Beauty/Cosmetics/Eye Makeup" V="Health &amp; Beauty -&gt; Cosmetics -&gt; Eye Makeup"></OPT>
<OPT T="Health &amp; Beauty/Cosmetics/Face Makeup" V="Health &amp; Beauty -&gt; Cosmetics -&gt; Face Makeup"></OPT>
<OPT T="Health &amp; Beauty/Cosmetics/Lip Products" V="Health &amp; Beauty -&gt; Cosmetics -&gt; Lip Products"></OPT>
<OPT T="Health &amp; Beauty/Cosmetics/Nail Products" V="Health &amp; Beauty -&gt; Cosmetics -&gt; Nail Products"></OPT>
<OPT T="Health &amp; Beauty/Health Aids/Blood Pressure Kits" V="Health &amp; Beauty -&gt; Health Aids -&gt; Blood Pressure Kits"></OPT>
<OPT T="Health &amp; Beauty/Health Aids/Home Test Kits" V="Health &amp; Beauty -&gt; Health Aids -&gt; Home Test Kits"></OPT>
<OPT T="Health &amp; Beauty/Health Aids/Personal Health" V="Health &amp; Beauty -&gt; Health Aids -&gt; Personal Health"></OPT>
<OPT T="Health &amp; Beauty/Men's Shop/Men's Accessories" V="Health &amp; Beauty -&gt; Men's Shop -&gt; Men's Accessories"></OPT>
<OPT T="Health &amp; Beauty/Men's Shop/Men's Products" V="Health &amp; Beauty -&gt; Men's Shop -&gt; Men's Products"></OPT>
<OPT T="Health &amp; Beauty/Nutrition/Antioxidants" V="Health &amp; Beauty -&gt; Nutrition -&gt; Antioxidants"></OPT>
<OPT T="Health &amp; Beauty/Nutrition/Herbs" V="Health &amp; Beauty -&gt; Nutrition -&gt; Herbs"></OPT>
<OPT T="Health &amp; Beauty/Nutrition/Homeopathics" V="Health &amp; Beauty -&gt; Nutrition -&gt; Homeopathics"></OPT>
<OPT T="Health &amp; Beauty/Nutrition/Minerals" V="Health &amp; Beauty -&gt; Nutrition -&gt; Minerals"></OPT>
<OPT T="Health &amp; Beauty/Nutrition/Nutritional Supplements" V="Health &amp; Beauty -&gt; Nutrition -&gt; Nutritional Supplements"></OPT>
<OPT T="Health &amp; Beauty/Nutrition/Vitamins" V="Health &amp; Beauty -&gt; Nutrition -&gt; Vitamins"></OPT>
<OPT T="Health &amp; Beauty/Personal Care/Bath &amp; Body Care" V="Health &amp; Beauty -&gt; Personal Care -&gt; Bath &amp; Body Care"></OPT>
<OPT T="Health &amp; Beauty/Personal Care/Condoms" V="Health &amp; Beauty -&gt; Personal Care -&gt; Condoms"></OPT>
<OPT T="Health &amp; Beauty/Personal Care/Eye Care Products" V="Health &amp; Beauty -&gt; Personal Care -&gt; Eye Care Products"></OPT>
<OPT T="Health &amp; Beauty/Personal Care/Hair Care " V="Health &amp; Beauty -&gt; Personal Care -&gt; Hair Care "></OPT>
<OPT T="Health &amp; Beauty/Personal Care/Massagers" V="Health &amp; Beauty -&gt; Personal Care -&gt; Massagers"></OPT>
<OPT T="Health &amp; Beauty/Personal Care/Oral Care" V="Health &amp; Beauty -&gt; Personal Care -&gt; Oral Care"></OPT>
<OPT T="Health &amp; Beauty/Personal Care/Shavers" V="Health &amp; Beauty -&gt; Personal Care -&gt; Shavers"></OPT>
<OPT T="Health &amp; Beauty/Personal Care/Skin Care" V="Health &amp; Beauty -&gt; Personal Care -&gt; Skin Care"></OPT>
<OPT T="Home &amp; Garden/Home Accessories/Air Treatments &amp; Fans" V="Home &amp; Garden -&gt; Home Accessories -&gt; Air Treatments &amp; Fans"></OPT>
<OPT T="Home &amp; Garden/Home Accessories/Bathroom Accessories" V="Home &amp; Garden -&gt; Home Accessories -&gt; Bathroom Accessories"></OPT>
<OPT T="Home &amp; Garden/Home Accessories/Bedding" V="Home &amp; Garden -&gt; Home Accessories -&gt; Bedding"></OPT>
<OPT T="Home &amp; Garden/Home Accessories/Water Treatments" V="Home &amp; Garden -&gt; Home Accessories -&gt; Water Treatments"></OPT>
<OPT T="Home &amp; Garden/Home Accessories/Window Treatments" V="Home &amp; Garden -&gt; Home Accessories -&gt; Window Treatments"></OPT>
<OPT T="Home &amp; Garden/Kitchen/Bakeware" V="Home &amp; Garden -&gt; Kitchen -&gt; Bakeware"></OPT>
<OPT T="Home &amp; Garden/Kitchen/Coffee &amp; Tea Makers" V="Home &amp; Garden -&gt; Kitchen -&gt; Coffee &amp; Tea Makers"></OPT>
<OPT T="Home &amp; Garden/Kitchen/Cookware" V="Home &amp; Garden -&gt; Kitchen -&gt; Cookware"></OPT>
<OPT T="Home &amp; Garden/Kitchen/Cutlery" V="Home &amp; Garden -&gt; Kitchen -&gt; Cutlery"></OPT>
<OPT T="Home &amp; Garden/Kitchen/Kitchen Tableware" V="Home &amp; Garden -&gt; Kitchen -&gt; Kitchen Tableware"></OPT>
<OPT T="Home &amp; Garden/Kitchen/Kitchen Tableware " V="Home &amp; Garden -&gt; Kitchen -&gt; Kitchen Tableware "></OPT>
<OPT T="Home &amp; Garden/Kitchen/Kitchen Tools" V="Home &amp; Garden -&gt; Kitchen -&gt; Kitchen Tools"></OPT>
<OPT T="Home &amp; Garden/Patio Accessories/Outdoor Cooking" V="Home &amp; Garden -&gt; Patio Accessories -&gt; Outdoor Cooking"></OPT>
<OPT T="Home &amp; Garden/Patio Accessories/Outdoor Enhancements" V="Home &amp; Garden -&gt; Patio Accessories -&gt; Outdoor Enhancements"></OPT>
<OPT T="Jewelry" V="Jewelry"></OPT>
<OPT T="Jewelry &amp; Watches/Sunglasses" V="Jewelry &amp; Watches -&gt; Sunglasses"></OPT>
<OPT T="Jewelry &amp; Watches/Watches" V="Jewelry &amp; Watches -&gt; Watches"></OPT>
<OPT T="Musical Instruments/Drums &amp; Percussion/Cymbals" V="Musical Instruments -&gt; Drums &amp; Percussion -&gt; Cymbals"></OPT>
<OPT T="Musical Instruments/Drums &amp; Percussion/Drums &amp; Drum Sets" V="Musical Instruments -&gt; Drums &amp; Percussion -&gt; Drums &amp; Drum Sets"></OPT>
<OPT T="Musical Instruments/Drums &amp; Percussion/Drums &amp; Percussion Accessories" V="Musical Instruments -&gt; Drums &amp; Percussion -&gt; Drums &amp; Percussion Accessories"></OPT>
<OPT T="Musical Instruments/Drums &amp; Percussion/Electric Drums &amp; Drum Machines" V="Musical Instruments -&gt; Drums &amp; Percussion -&gt; Electric Drums &amp; Drum Machines"></OPT>
<OPT T="Musical Instruments/Drums &amp; Percussion/Ethnic-Folk Drums" V="Musical Instruments -&gt; Drums &amp; Percussion -&gt; Ethnic/Folk Drums"></OPT>
<OPT T="Musical Instruments/Drums &amp; Percussion/Percussion Instruments" V="Musical Instruments -&gt; Drums &amp; Percussion -&gt; Percussion Instruments"></OPT>
<OPT T="Musical Instruments/Guitars &amp; Basses/Basses" V="Musical Instruments -&gt; Guitars &amp; Basses -&gt; Basses"></OPT>
<OPT T="Musical Instruments/Guitars &amp; Basses/Effects &amp; Synths." V="Musical Instruments -&gt; Guitars &amp; Basses -&gt; Effects &amp; Synths."></OPT>
<OPT T="Musical Instruments/Guitars &amp; Basses/Guitar &amp; Bass Accessories" V="Musical Instruments -&gt; Guitars &amp; Basses -&gt; Guitar &amp; Bass Accessories"></OPT>
<OPT T="Musical Instruments/Guitars &amp; Basses/Guitar &amp; Bass Amps" V="Musical Instruments -&gt; Guitars &amp; Basses -&gt; Guitar &amp; Bass Amps"></OPT>
<OPT T="Musical Instruments/Guitars &amp; Basses/Guitars" V="Musical Instruments -&gt; Guitars &amp; Basses -&gt; Guitars"></OPT>
<OPT T="Musical Instruments/Guitars &amp; Basses/Strummed Instruments" V="Musical Instruments -&gt; Guitars &amp; Basses -&gt; Strummed Instruments"></OPT>
<OPT T="Musical Instruments/Keyboards/Electric Keyboards Digital Pianos &amp; Synths" V="Musical Instruments -&gt; Keyboards -&gt; Electric Keyboards Digital Pianos &amp; Synths"></OPT>
<OPT T="Musical Instruments/Keyboards/Keyboard Accessories" V="Musical Instruments -&gt; Keyboards -&gt; Keyboard Accessories"></OPT>
<OPT T="Musical Instruments/Keyboards/Keyboard Amps." V="Musical Instruments -&gt; Keyboards -&gt; Keyboard Amps."></OPT>
<OPT T="Musical Instruments/Keyboards/Organs" V="Musical Instruments -&gt; Keyboards -&gt; Organs"></OPT>
<OPT T="Musical Instruments/Keyboards/Pianos" V="Musical Instruments -&gt; Keyboards -&gt; Pianos"></OPT>
<OPT T="Musical Instruments/Musical Aids" V="Musical Instruments -&gt; Musical Aids"></OPT>
<OPT T="Musical Instruments/Orchestral Instruments/Brass Instruments" V="Musical Instruments -&gt; Orchestral Instruments -&gt; Brass Instruments"></OPT>
<OPT T="Musical Instruments/Orchestral Instruments/Folk &amp; Ethnic Instruments" V="Musical Instruments -&gt; Orchestral Instruments -&gt; Folk &amp; Ethnic Instruments"></OPT>
<OPT T="Musical Instruments/Orchestral Instruments/Orchestral Instrument Accessories" V="Musical Instruments -&gt; Orchestral Instruments -&gt; Orchestral Instrument Accessories"></OPT>
<OPT T="Musical Instruments/Orchestral Instruments/Orchestral Instruments" V="Musical Instruments -&gt; Orchestral Instruments -&gt; Orchestral Instruments"></OPT>
<OPT T="Musical Instruments/Orchestral Instruments/String Instruments" V="Musical Instruments -&gt; Orchestral Instruments -&gt; String Instruments"></OPT>
<OPT T="Musical Instruments/Orchestral Instruments/Woodwind Instruments" V="Musical Instruments -&gt; Orchestral Instruments -&gt; Woodwind Instruments"></OPT>
<OPT T="Musical Instruments/Studio Equipment &amp; Amplifiers/DJ Equipment" V="Musical Instruments -&gt; Studio Equipment &amp; Amplifiers -&gt; DJ Equipment"></OPT>
<OPT T="Musical Instruments/Studio Equipment &amp; Amplifiers/Microphones" V="Musical Instruments -&gt; Studio Equipment &amp; Amplifiers -&gt; Microphones"></OPT>
<OPT T="Musical Instruments/Studio Equipment &amp; Amplifiers/Mixing Desks" V="Musical Instruments -&gt; Studio Equipment &amp; Amplifiers -&gt; Mixing Desks"></OPT>
<OPT T="Musical Instruments/Studio Equipment &amp; Amplifiers/Monitors PA's &amp; Sound Systems" V="Musical Instruments -&gt; Studio Equipment &amp; Amplifiers -&gt; Monitors PA's &amp; Sound Systems"></OPT>
<OPT T="Musical Instruments/Studio Equipment &amp; Amplifiers/Rack Gear" V="Musical Instruments -&gt; Studio Equipment &amp; Amplifiers -&gt; Rack Gear"></OPT>
<OPT T="Musical Instruments/Studio Equipment &amp; Amplifiers/Samplers" V="Musical Instruments -&gt; Studio Equipment &amp; Amplifiers -&gt; Samplers"></OPT>
<OPT T="Musical Instruments/Studio Equipment &amp; Amplifiers/Sound Processors" V="Musical Instruments -&gt; Studio Equipment &amp; Amplifiers -&gt; Sound Processors"></OPT>
<OPT T="Musical Instruments/Studio Equipment &amp; Amplifiers/Studio Equipment &amp; Amplifier Accessories " V="Musical Instruments -&gt; Studio Equipment &amp; Amplifiers -&gt; Studio Equipment &amp; Amplifier Accessories "></OPT>
<OPT T="Musical Instruments/Studio Equipment &amp; Amplifiers/Studio Equipment &amp; Amplifiers" V="Musical Instruments -&gt; Studio Equipment &amp; Amplifiers -&gt; Studio Equipment &amp; Amplifiers"></OPT>
<OPT T="Musical Instruments/Studio Equipment &amp; Amplifiers/Studio Sound Recorders" V="Musical Instruments -&gt; Studio Equipment &amp; Amplifiers -&gt; Studio Sound Recorders"></OPT>
<OPT T="Office/Office Machines &amp; Supplies -&gt;Multimedia Projectors" V="Office -&gt; Office Machines &amp; Supplies -&gt;Multimedia Projectors"></OPT>
<OPT T="Office/Office Machines &amp; Supplies/Cartridges &amp; Toners" V="Office -&gt; Office Machines &amp; Supplies -&gt; Cartridges &amp; Toners"></OPT>
<OPT T="Office/Office Machines &amp; Supplies/Copiers" V="Office -&gt; Office Machines &amp; Supplies -&gt; Copiers"></OPT>
<OPT T="Office/Office Machines &amp; Supplies/Fax Machines" V="Office -&gt; Office Machines &amp; Supplies -&gt; Fax Machines"></OPT>
<OPT T="Office/Office Machines &amp; Supplies/Ribbons &amp; Printwheels" V="Office -&gt; Office Machines &amp; Supplies -&gt; Ribbons &amp; Printwheels"></OPT>
<OPT T="Office/Office Machines &amp; Supplies/Typewriters &amp; Word Processors" V="Office -&gt; Office Machines &amp; Supplies -&gt; Typewriters &amp; Word Processors"></OPT>
<OPT T="Office/Office Supplies/Binding &amp; Laminating Equipment" V="Office -&gt; Office Supplies -&gt; Binding &amp; Laminating Equipment"></OPT>
<OPT T="Office/Office Supplies/Desk and Office Accessories" V="Office -&gt; Office Supplies -&gt; Desk and Office Accessories"></OPT>
<OPT T="Office/Office Supplies/Executive Novelty" V="Office -&gt; Office Supplies -&gt; Executive Novelty"></OPT>
<OPT T="Office/Office Supplies/Labeling Machines" V="Office -&gt; Office Supplies -&gt; Labeling Machines"></OPT>
<OPT T="Office/Office Supplies/Pencil Sharpeners" V="Office -&gt; Office Supplies -&gt; Pencil Sharpeners"></OPT>
<OPT T="Office/Office Supplies/Pens" V="Office -&gt; Office Supplies -&gt; Pens"></OPT>
<OPT T="Office/Office Supplies/Shredders" V="Office -&gt; Office Supplies -&gt; Shredders"></OPT>
<OPT T="Office/Office Supplies/Staplers" V="Office -&gt; Office Supplies -&gt; Staplers"></OPT>
<OPT T="Office/Presentation Equipment" V="Office -&gt; Presentation Equipment"></OPT>
<OPT T="Office/Retail Equipment" V="Office -&gt; Retail Equipment"></OPT>
<OPT T="Office/Voice Recorders &amp; Transcribers" V="Office -&gt; Voice Recorders &amp; Transcribers"></OPT>
<OPT T="Pets/Bird Supplies/Bird Accessories" V="Pets -&gt; Bird Supplies -&gt; Bird Accessories"></OPT>
<OPT T="Pets/Bird Supplies/Bird Cages Kits &amp; Stands" V="Pets -&gt; Bird Supplies -&gt; Bird Cages Kits &amp; Stands"></OPT>
<OPT T="Pets/Bird Supplies/Bird Care" V="Pets -&gt; Bird Supplies -&gt; Bird Care"></OPT>
<OPT T="Pets/Bird Supplies/Bird Food " V="Pets -&gt; Bird Supplies -&gt; Bird Food "></OPT>
<OPT T="Pets/Bird Supplies/Bird Treats &amp; Toys" V="Pets -&gt; Bird Supplies -&gt; Bird Treats &amp; Toys"></OPT>
<OPT T="Pets/Cat Supplies/Cat Accessories" V="Pets -&gt; Cat Supplies -&gt; Cat Accessories"></OPT>
<OPT T="Pets/Cat Supplies/Cat Beds &amp; Carriers" V="Pets -&gt; Cat Supplies -&gt; Cat Beds &amp; Carriers"></OPT>
<OPT T="Pets/Cat Supplies/Cat Care" V="Pets -&gt; Cat Supplies -&gt; Cat Care"></OPT>
<OPT T="Pets/Cat Supplies/Cat Feeding Accessories" V="Pets -&gt; Cat Supplies -&gt; Cat Feeding Accessories"></OPT>
<OPT T="Pets/Cat Supplies/Cat Food " V="Pets -&gt; Cat Supplies -&gt; Cat Food "></OPT>
<OPT T="Pets/Cat Supplies/Cat Litter Supplies" V="Pets -&gt; Cat Supplies -&gt; Cat Litter Supplies"></OPT>
<OPT T="Pets/Cat Supplies/Cat Treats &amp; Toys" V="Pets -&gt; Cat Supplies -&gt; Cat Treats &amp; Toys"></OPT>
<OPT T="Pets/Dog Supplies/Dog Accessories" V="Pets -&gt; Dog Supplies -&gt; Dog Accessories"></OPT>
<OPT T="Pets/Dog Supplies/Dog Care" V="Pets -&gt; Dog Supplies -&gt; Dog Care"></OPT>
<OPT T="Pets/Dog Supplies/Dog Chews &amp; Treats" V="Pets -&gt; Dog Supplies -&gt; Dog Chews &amp; Treats"></OPT>
<OPT T="Pets/Dog Supplies/Dog Crates Carriers &amp; Beds" V="Pets -&gt; Dog Supplies -&gt; Dog Crates Carriers &amp; Beds"></OPT>
<OPT T="Pets/Dog Supplies/Dog Feeding Accessories" V="Pets -&gt; Dog Supplies -&gt; Dog Feeding Accessories"></OPT>
<OPT T="Pets/Dog Supplies/Dog Toys &amp; Gifts" V="Pets -&gt; Dog Supplies -&gt; Dog Toys &amp; Gifts"></OPT>
<OPT T="Pets/Dog Supplies/Dog food" V="Pets -&gt; Dog Supplies -&gt; Dog food"></OPT>
<OPT T="Pets/Fish Supplies/Aquarium Pumps &amp; Filters" V="Pets -&gt; Fish Supplies -&gt; Aquarium Pumps &amp; Filters"></OPT>
<OPT T="Pets/Fish Supplies/Aquarium Water Treatment &amp; Test Kits" V="Pets -&gt; Fish Supplies -&gt; Aquarium Water Treatment &amp; Test Kits"></OPT>
<OPT T="Pets/Fish Supplies/Fish Accessories" V="Pets -&gt; Fish Supplies -&gt; Fish Accessories"></OPT>
<OPT T="Pets/Fish Supplies/Fish Aquariums &amp; Kits" V="Pets -&gt; Fish Supplies -&gt; Fish Aquariums &amp; Kits"></OPT>
<OPT T="Pets/Fish Supplies/Fish Care &amp; Medication" V="Pets -&gt; Fish Supplies -&gt; Fish Care &amp; Medication"></OPT>
<OPT T="Pets/Fish Supplies/Fish Food" V="Pets -&gt; Fish Supplies -&gt; Fish Food"></OPT>
<OPT T="Pets/Fish Supplies/Fish Habitat Supplies" V="Pets -&gt; Fish Supplies -&gt; Fish Habitat Supplies"></OPT>
<OPT T="Pets/Fish Supplies/Fish Heaters &amp; Lighting" V="Pets -&gt; Fish Supplies -&gt; Fish Heaters &amp; Lighting"></OPT>
<OPT T="Pets/Reptile &amp; Amphibian Supplies/Fish Aquarium Heaters &amp; Lighters" V="Pets -&gt; Reptile &amp; Amphibian Supplies -&gt; Fish Aquarium Heaters &amp; Lighters"></OPT>
<OPT T="Pets/Reptile &amp; Amphibian Supplies/Reptile &amp; Amphibian Accessories" V="Pets -&gt; Reptile &amp; Amphibian Supplies -&gt; Reptile &amp; Amphibian Accessories"></OPT>
<OPT T="Pets/Reptile &amp; Amphibian Supplies/Reptile &amp; Amphibian Care" V="Pets -&gt; Reptile &amp; Amphibian Supplies -&gt; Reptile &amp; Amphibian Care"></OPT>
<OPT T="Pets/Reptile &amp; Amphibian Supplies/Reptile &amp; Amphibian Food" V="Pets -&gt; Reptile &amp; Amphibian Supplies -&gt; Reptile &amp; Amphibian Food"></OPT>
<OPT T="Pets/Reptile &amp; Amphibian Supplies/Reptile &amp; Amphibian Habitats" V="Pets -&gt; Reptile &amp; Amphibian Supplies -&gt; Reptile &amp; Amphibian Habitats"></OPT>
<OPT T="Pets/Small Pet Supplies/Pet Food (small pets)" V="Pets -&gt; Small Pet Supplies -&gt; Pet Food (small pets)"></OPT>
<OPT T="Pets/Small Pet Supplies/Small Pet Accessories" V="Pets -&gt; Small Pet Supplies -&gt; Small Pet Accessories"></OPT>
<OPT T="Pets/Small Pet Supplies/Small Pet Care" V="Pets -&gt; Small Pet Supplies -&gt; Small Pet Care"></OPT>
<OPT T="Pets/Small Pet Supplies/Small Pet Homes &amp; Accessories" V="Pets -&gt; Small Pet Supplies -&gt; Small Pet Homes &amp; Accessories"></OPT>
<OPT T="Pets/Small Pet Supplies/Small Pet Treats &amp; Toys" V="Pets -&gt; Small Pet Supplies -&gt; Small Pet Treats &amp; Toys"></OPT>
<OPT T="Software" V="Software"></OPT>
<OPT T="Software/Computer Games" V="Software -&gt; Computer Games"></OPT>
<OPT T="Software/Creativity" V="Software -&gt; Creativity"></OPT>
<OPT T="Software/Education" V="Software -&gt; Education"></OPT>
<OPT T="Software/Home" V="Software -&gt; Home"></OPT>
<OPT T="Software/Internet" V="Software -&gt; Internet"></OPT>
<OPT T="Software/Network Management" V="Software -&gt; Network Management"></OPT>
<OPT T="Software/Operating Systems" V="Software -&gt; Operating Systems"></OPT>
<OPT T="Software/Productivity" V="Software -&gt; Productivity"></OPT>
<OPT T="Software/Programming Tool" V="Software -&gt; Programming Tool"></OPT>
<OPT T="Software/Reference" V="Software -&gt; Reference"></OPT>
<OPT T="Software/Suites" V="Software -&gt; Suites"></OPT>
<OPT T="Software/Utilities" V="Software -&gt; Utilities"></OPT>
<OPT T="Sports &amp; Fitness/Additional Sports" V="Sports &amp; Fitness -&gt; Additional Sports"></OPT>
<OPT T="Sports &amp; Fitness/Apparel &amp; Fan Gear/All Fan Gear" V="Sports &amp; Fitness -&gt; Apparel &amp; Fan Gear -&gt; All Fan Gear"></OPT>
<OPT T="Sports &amp; Fitness/Apparel &amp; Fan Gear/Baseball - Softball Fan Gear" V="Sports &amp; Fitness -&gt; Apparel &amp; Fan Gear -&gt; Baseball / Softball Fan Gear"></OPT>
<OPT T="Sports &amp; Fitness/Apparel &amp; Fan Gear/Basketball Fan Gear" V="Sports &amp; Fitness -&gt; Apparel &amp; Fan Gear -&gt; Basketball Fan Gear"></OPT>
<OPT T="Sports &amp; Fitness/Apparel &amp; Fan Gear/Football Fan Gear" V="Sports &amp; Fitness -&gt; Apparel &amp; Fan Gear -&gt; Football Fan Gear"></OPT>
<OPT T="Sports &amp; Fitness/Apparel &amp; Fan Gear/Ice Hockey Fan Gear" V="Sports &amp; Fitness -&gt; Apparel &amp; Fan Gear -&gt; Ice Hockey Fan Gear"></OPT>
<OPT T="Sports &amp; Fitness/Apparel &amp; Fan Gear/NCAA Fan Gear" V="Sports &amp; Fitness -&gt; Apparel &amp; Fan Gear -&gt; NCAA Fan Gear"></OPT>
<OPT T="Sports &amp; Fitness/Apparel &amp; Fan Gear/Soccer Fan Gear" V="Sports &amp; Fitness -&gt; Apparel &amp; Fan Gear -&gt; Soccer Fan Gear"></OPT>
<OPT T="Sports &amp; Fitness/Athletic Footwear/All Athletic Footwear" V="Sports &amp; Fitness -&gt; Athletic Footwear -&gt; All Athletic Footwear"></OPT>
<OPT T="Sports &amp; Fitness/Athletic Footwear/Baseball Footwear" V="Sports &amp; Fitness -&gt; Athletic Footwear -&gt; Baseball Footwear"></OPT>
<OPT T="Sports &amp; Fitness/Athletic Footwear/Basketball Footwear" V="Sports &amp; Fitness -&gt; Athletic Footwear -&gt; Basketball Footwear"></OPT>
<OPT T="Sports &amp; Fitness/Athletic Footwear/Cross-Training Footwear" V="Sports &amp; Fitness -&gt; Athletic Footwear -&gt; Cross-Training Footwear"></OPT>
<OPT T="Sports &amp; Fitness/Athletic Footwear/Cycling Footwear" V="Sports &amp; Fitness -&gt; Athletic Footwear -&gt; Cycling Footwear"></OPT>
<OPT T="Sports &amp; Fitness/Athletic Footwear/Football Footwear" V="Sports &amp; Fitness -&gt; Athletic Footwear -&gt; Football Footwear"></OPT>
<OPT T="Sports &amp; Fitness/Athletic Footwear/Golf Footwear" V="Sports &amp; Fitness -&gt; Athletic Footwear -&gt; Golf Footwear"></OPT>
<OPT T="Sports &amp; Fitness/Athletic Footwear/Running Footwear" V="Sports &amp; Fitness -&gt; Athletic Footwear -&gt; Running Footwear"></OPT>
<OPT T="Sports &amp; Fitness/Athletic Footwear/Soccer Footwear" V="Sports &amp; Fitness -&gt; Athletic Footwear -&gt; Soccer Footwear"></OPT>
<OPT T="Sports &amp; Fitness/Athletic Footwear/Tennis Footwear" V="Sports &amp; Fitness -&gt; Athletic Footwear -&gt; Tennis Footwear"></OPT>
<OPT T="Sports &amp; Fitness/Baseball/Baseball Accessories" V="Sports &amp; Fitness -&gt; Baseball -&gt; Baseball Accessories"></OPT>
<OPT T="Sports &amp; Fitness/Baseball/Baseball Bags" V="Sports &amp; Fitness -&gt; Baseball -&gt; Baseball Bags"></OPT>
<OPT T="Sports &amp; Fitness/Baseball/Baseball Bats" V="Sports &amp; Fitness -&gt; Baseball -&gt; Baseball Bats"></OPT>
<OPT T="Sports &amp; Fitness/Baseball/Baseball Gloves" V="Sports &amp; Fitness -&gt; Baseball -&gt; Baseball Gloves"></OPT>
<OPT T="Sports &amp; Fitness/Baseball/Baseball Protective Equipment" V="Sports &amp; Fitness -&gt; Baseball -&gt; Baseball Protective Equipment"></OPT>
<OPT T="Sports &amp; Fitness/Baseball/Baseballs" V="Sports &amp; Fitness -&gt; Baseball -&gt; Baseballs"></OPT>
<OPT T="Sports &amp; Fitness/Basketball/Basketball Accessories" V="Sports &amp; Fitness -&gt; Basketball -&gt; Basketball Accessories"></OPT>
<OPT T="Sports &amp; Fitness/Basketball/Basketball Bags" V="Sports &amp; Fitness -&gt; Basketball -&gt; Basketball Bags"></OPT>
<OPT T="Sports &amp; Fitness/Basketball/Basketballs" V="Sports &amp; Fitness -&gt; Basketball -&gt; Basketballs"></OPT>
<OPT T="Sports &amp; Fitness/Camping &amp; Outdoor Activity/Camping Bags &amp; Packs" V="Sports &amp; Fitness -&gt; Camping &amp; Outdoor Activity -&gt; Camping Bags &amp; Packs"></OPT>
<OPT T="Sports &amp; Fitness/Camping &amp; Outdoor Activity/Camping Equipment" V="Sports &amp; Fitness -&gt; Camping &amp; Outdoor Activity -&gt; Camping Equipment"></OPT>
<OPT T="Sports &amp; Fitness/Camping &amp; Outdoor Activity/Fishing Equipment" V="Sports &amp; Fitness -&gt; Camping &amp; Outdoor Activity -&gt; Fishing Equipment"></OPT>
<OPT T="Sports &amp; Fitness/Camping &amp; Outdoor Activity/Outdoor Sleeping Gear" V="Sports &amp; Fitness -&gt; Camping &amp; Outdoor Activity -&gt; Outdoor Sleeping Gear"></OPT>
<OPT T="Sports &amp; Fitness/Camping &amp; Outdoor Activity/Tents &amp; Accessories" V="Sports &amp; Fitness -&gt; Camping &amp; Outdoor Activity -&gt; Tents &amp; Accessories"></OPT>
<OPT T="Sports &amp; Fitness/Cycling/Bikes" V="Sports &amp; Fitness -&gt; Cycling -&gt; Bikes"></OPT>
<OPT T="Sports &amp; Fitness/Cycling/Cycling Accessories" V="Sports &amp; Fitness -&gt; Cycling -&gt; Cycling Accessories"></OPT>
<OPT T="Sports &amp; Fitness/Cycling/Cycling Bags" V="Sports &amp; Fitness -&gt; Cycling -&gt; Cycling Bags"></OPT>
<OPT T="Sports &amp; Fitness/Fitness/Cardiovascular Equipment" V="Sports &amp; Fitness -&gt; Fitness -&gt; Cardiovascular Equipment"></OPT>
<OPT T="Sports &amp; Fitness/Fitness/Fitness Accessories" V="Sports &amp; Fitness -&gt; Fitness -&gt; Fitness Accessories"></OPT>
<OPT T="Sports &amp; Fitness/Fitness/Weightlifting &amp; Toning" V="Sports &amp; Fitness -&gt; Fitness -&gt; Weightlifting &amp; Toning"></OPT>
<OPT T="Sports &amp; Fitness/Football/Football Accessories" V="Sports &amp; Fitness -&gt; Football -&gt; Football Accessories"></OPT>
<OPT T="Sports &amp; Fitness/Football/Football Bags" V="Sports &amp; Fitness -&gt; Football -&gt; Football Bags"></OPT>
<OPT T="Sports &amp; Fitness/Football/Football Protective Equipment" V="Sports &amp; Fitness -&gt; Football -&gt; Football Protective Equipment"></OPT>
<OPT T="Sports &amp; Fitness/Football/Footballs" V="Sports &amp; Fitness -&gt; Football -&gt; Footballs"></OPT>
<OPT T="Sports &amp; Fitness/Golf/Golf Accessories" V="Sports &amp; Fitness -&gt; Golf -&gt; Golf Accessories"></OPT>
<OPT T="Sports &amp; Fitness/Golf/Golf Bags" V="Sports &amp; Fitness -&gt; Golf -&gt; Golf Bags"></OPT>
<OPT T="Sports &amp; Fitness/Golf/Golf Balls" V="Sports &amp; Fitness -&gt; Golf -&gt; Golf Balls"></OPT>
<OPT T="Sports &amp; Fitness/Golf/Golf Clubs" V="Sports &amp; Fitness -&gt; Golf -&gt; Golf Clubs"></OPT>
<OPT T="Sports &amp; Fitness/Ice Hockey/Hockey Accessories" V="Sports &amp; Fitness -&gt; Ice Hockey -&gt; Hockey Accessories"></OPT>
<OPT T="Sports &amp; Fitness/Ice Hockey/Hockey Protective Equipment" V="Sports &amp; Fitness -&gt; Ice Hockey -&gt; Hockey Protective Equipment"></OPT>
<OPT T="Sports &amp; Fitness/Ice Hockey/Hockey Skates" V="Sports &amp; Fitness -&gt; Ice Hockey -&gt; Hockey Skates"></OPT>
<OPT T="Sports &amp; Fitness/Ice Hockey/Hockey Sticks" V="Sports &amp; Fitness -&gt; Ice Hockey -&gt; Hockey Sticks"></OPT>
<OPT T="Sports &amp; Fitness/Ice Hockey/Ice Hockey Bags" V="Sports &amp; Fitness -&gt; Ice Hockey -&gt; Ice Hockey Bags"></OPT>
<OPT T="Sports &amp; Fitness/Soccer/Soccer Accessories" V="Sports &amp; Fitness -&gt; Soccer -&gt; Soccer Accessories"></OPT>
<OPT T="Sports &amp; Fitness/Soccer/Soccer Bags" V="Sports &amp; Fitness -&gt; Soccer -&gt; Soccer Bags"></OPT>
<OPT T="Sports &amp; Fitness/Soccer/Soccer Balls" V="Sports &amp; Fitness -&gt; Soccer -&gt; Soccer Balls"></OPT>
<OPT T="Sports &amp; Fitness/Sports Bags" V="Sports &amp; Fitness -&gt; Sports Bags"></OPT>
<OPT T="Sports &amp; Fitness/Street Skating/Skates &amp; Skateboards" V="Sports &amp; Fitness -&gt; Street Skating -&gt; Skates &amp; Skateboards"></OPT>
<OPT T="Sports &amp; Fitness/Street Skating/Skating Accessories" V="Sports &amp; Fitness -&gt; Street Skating -&gt; Skating Accessories"></OPT>
<OPT T="Sports &amp; Fitness/Street Skating/Skating Protective Equipment" V="Sports &amp; Fitness -&gt; Street Skating -&gt; Skating Protective Equipment"></OPT>
<OPT T="Sports &amp; Fitness/Winter Sports/Ski Suits" V="Sports &amp; Fitness -&gt; Winter Sports -&gt; Ski Suits"></OPT>
<OPT T="Sports &amp; Fitness/Winter Sports/Skiing Equipment" V="Sports &amp; Fitness -&gt; Winter Sports -&gt; Skiing Equipment"></OPT>
<OPT T="Sports &amp; Fitness/Winter Sports/Snowboarding Equipment" V="Sports &amp; Fitness -&gt; Winter Sports -&gt; Snowboarding Equipment"></OPT>
<OPT T="Sports &amp; Fitness/Winter Sports/Winter Sports Accessories" V="Sports &amp; Fitness -&gt; Winter Sports -&gt; Winter Sports Accessories"></OPT>
<OPT T="Sports &amp; Fitness/Winter Sports/Winter Sports Bags" V="Sports &amp; Fitness -&gt; Winter Sports -&gt; Winter Sports Bags"></OPT>
<OPT T="Sports &amp; Fitness/Winter Sports/Winter Sports Protective Equipment" V="Sports &amp; Fitness -&gt; Winter Sports -&gt; Winter Sports Protective Equipment"></OPT>
<OPT T="Tools &amp; Hardware/Hand Tools/Gripping Tools" V="Tools &amp; Hardware -&gt; Hand Tools -&gt; Gripping Tools"></OPT>
<OPT T="Tools &amp; Hardware/Hand Tools/Hand Boring Tools" V="Tools &amp; Hardware -&gt; Hand Tools -&gt; Hand Boring Tools"></OPT>
<OPT T="Tools &amp; Hardware/Hand Tools/Hand Cutting Tools " V="Tools &amp; Hardware -&gt; Hand Tools -&gt; Hand Cutting Tools "></OPT>
<OPT T="Tools &amp; Hardware/Hand Tools/Hand Fastening Tools" V="Tools &amp; Hardware -&gt; Hand Tools -&gt; Hand Fastening Tools"></OPT>
<OPT T="Tools &amp; Hardware/Hand Tools/Hand Finishing Tools" V="Tools &amp; Hardware -&gt; Hand Tools -&gt; Hand Finishing Tools"></OPT>
<OPT T="Tools &amp; Hardware/Hand Tools/Impact Tools" V="Tools &amp; Hardware -&gt; Hand Tools -&gt; Impact Tools"></OPT>
<OPT T="Tools &amp; Hardware/Hand Tools/Measuring Tools" V="Tools &amp; Hardware -&gt; Hand Tools -&gt; Measuring Tools"></OPT>
<OPT T="Tools &amp; Hardware/Home Improvement/Bathroom Hardware and Fixtures" V="Tools &amp; Hardware -&gt; Home Improvement -&gt; Bathroom Hardware and Fixtures"></OPT>
<OPT T="Tools &amp; Hardware/Home Improvement/Heating &amp; Ventilation" V="Tools &amp; Hardware -&gt; Home Improvement -&gt; Heating &amp; Ventilation"></OPT>
<OPT T="Tools &amp; Hardware/Home Improvement/Kitchen Fixtures" V="Tools &amp; Hardware -&gt; Home Improvement -&gt; Kitchen Fixtures"></OPT>
<OPT T="Tools &amp; Hardware/Home Improvement/Painting Supplies" V="Tools &amp; Hardware -&gt; Home Improvement -&gt; Painting Supplies"></OPT>
<OPT T="Tools &amp; Hardware/Home Improvement/Safety &amp; Emergency Items" V="Tools &amp; Hardware -&gt; Home Improvement -&gt; Safety &amp; Emergency Items"></OPT>
<OPT T="Tools &amp; Hardware/Power Tools/Power Boring Tools" V="Tools &amp; Hardware -&gt; Power Tools -&gt; Power Boring Tools"></OPT>
<OPT T="Tools &amp; Hardware/Power Tools/Power Cutting Tools" V="Tools &amp; Hardware -&gt; Power Tools -&gt; Power Cutting Tools"></OPT>
<OPT T="Tools &amp; Hardware/Power Tools/Power Fastening Tools " V="Tools &amp; Hardware -&gt; Power Tools -&gt; Power Fastening Tools "></OPT>
<OPT T="Tools &amp; Hardware/Power Tools/Power Tools" V="Tools &amp; Hardware -&gt; Power Tools -&gt; Power Tools"></OPT>
<OPT T="Tools &amp; Hardware/Power Tools/Shaping &amp; Finishing Tools" V="Tools &amp; Hardware -&gt; Power Tools -&gt; Shaping &amp; Finishing Tools"></OPT>
<OPT T="Tools &amp; Hardware/Sets &amp; Storage/Tool Sets" V="Tools &amp; Hardware -&gt; Sets &amp; Storage -&gt; Tool Sets"></OPT>
<OPT T="Tools &amp; Hardware/Sets &amp; Storage/Workbenches &amp; Tool Storage" V="Tools &amp; Hardware -&gt; Sets &amp; Storage -&gt; Workbenches &amp; Tool Storage"></OPT>
<OPT T="Toys &amp; Video Games/Action Center/Action Figures " V="Toys &amp; Video Games -&gt; Action Center -&gt; Action Figures "></OPT>
<OPT T="Toys &amp; Video Games/Action Center/Bubbles &amp; Water Toys" V="Toys &amp; Video Games -&gt; Action Center -&gt; Bubbles &amp; Water Toys"></OPT>
<OPT T="Toys &amp; Video Games/Action Center/Novelty Toys" V="Toys &amp; Video Games -&gt; Action Center -&gt; Novelty Toys"></OPT>
<OPT T="Toys &amp; Video Games/Action Center/Outdoor Activity Toys" V="Toys &amp; Video Games -&gt; Action Center -&gt; Outdoor Activity Toys"></OPT>
<OPT T="Toys &amp; Video Games/Action Center/Ride-on Toys" V="Toys &amp; Video Games -&gt; Action Center -&gt; Ride-on Toys"></OPT>
<OPT T="Toys &amp; Video Games/Cars Trains &amp; Planes/Cars Trucks &amp; Playsets" V="Toys &amp; Video Games -&gt; Cars Trains &amp; Planes -&gt; Cars Trucks &amp; Playsets"></OPT>
<OPT T="Toys &amp; Video Games/Cars Trains &amp; Planes/Planes Boats &amp; More" V="Toys &amp; Video Games -&gt; Cars Trains &amp; Planes -&gt; Planes Boats &amp; More"></OPT>
<OPT T="Toys &amp; Video Games/Cars Trains &amp; Planes/Radio &amp; Remote Control Vehicles" V="Toys &amp; Video Games -&gt; Cars Trains &amp; Planes -&gt; Radio &amp; Remote Control Vehicles"></OPT>
<OPT T="Toys &amp; Video Games/Cars Trains &amp; Planes/Trains Tracks &amp; Sets" V="Toys &amp; Video Games -&gt; Cars Trains &amp; Planes -&gt; Trains Tracks &amp; Sets"></OPT>
<OPT T="Toys &amp; Video Games/Construction &amp; Model Kits/Construction Toys" V="Toys &amp; Video Games -&gt; Construction &amp; Model Kits -&gt; Construction Toys"></OPT>
<OPT T="Toys &amp; Video Games/Construction &amp; Model Kits/LEGO" V="Toys &amp; Video Games -&gt; Construction &amp; Model Kits -&gt; LEGO"></OPT>
<OPT T="Toys &amp; Video Games/Construction &amp; Model Kits/Model Replica Kits " V="Toys &amp; Video Games -&gt; Construction &amp; Model Kits -&gt; Model Replica Kits "></OPT>
<OPT T="Toys &amp; Video Games/Dolls &amp; Stuffed Toys/Barbie Dolls" V="Toys &amp; Video Games -&gt; Dolls &amp; Stuffed Toys -&gt; Barbie Dolls"></OPT>
<OPT T="Toys &amp; Video Games/Dolls &amp; Stuffed Toys/Collectible Dolls" V="Toys &amp; Video Games -&gt; Dolls &amp; Stuffed Toys -&gt; Collectible Dolls"></OPT>
<OPT T="Toys &amp; Video Games/Dolls &amp; Stuffed Toys/Doll Accessories" V="Toys &amp; Video Games -&gt; Dolls &amp; Stuffed Toys -&gt; Doll Accessories"></OPT>
<OPT T="Toys &amp; Video Games/Dolls &amp; Stuffed Toys/Interactive Dolls" V="Toys &amp; Video Games -&gt; Dolls &amp; Stuffed Toys -&gt; Interactive Dolls"></OPT>
<OPT T="Toys &amp; Video Games/Dolls &amp; Stuffed Toys/Play &amp; Character Dolls" V="Toys &amp; Video Games -&gt; Dolls &amp; Stuffed Toys -&gt; Play &amp; Character Dolls"></OPT>
<OPT T="Toys &amp; Video Games/Dolls &amp; Stuffed Toys/Stuffed Toys" V="Toys &amp; Video Games -&gt; Dolls &amp; Stuffed Toys -&gt; Stuffed Toys"></OPT>
<OPT T="Toys &amp; Video Games/Electronic Toys/Interactive Toys" V="Toys &amp; Video Games -&gt; Electronic Toys -&gt; Interactive Toys"></OPT>
<OPT T="Toys &amp; Video Games/Electronic Toys/Kids Audio" V="Toys &amp; Video Games -&gt; Electronic Toys -&gt; Kids Audio"></OPT>
<OPT T="Toys &amp; Video Games/Electronic Toys/Kids Electronic Toys" V="Toys &amp; Video Games -&gt; Electronic Toys -&gt; Kids Electronic Toys"></OPT>
<OPT T="Toys &amp; Video Games/Electronic Toys/Kids Walkie Talkies &amp; Phones" V="Toys &amp; Video Games -&gt; Electronic Toys -&gt; Kids Walkie Talkies &amp; Phones"></OPT>
<OPT T="Toys &amp; Video Games/Games &amp; Learning/Baby &amp; Toddler Toys" V="Toys &amp; Video Games -&gt; Games &amp; Learning -&gt; Baby &amp; Toddler Toys"></OPT>
<OPT T="Toys &amp; Video Games/Games &amp; Learning/Board Card &amp; Party Games" V="Toys &amp; Video Games -&gt; Games &amp; Learning -&gt; Board Card &amp; Party Games"></OPT>
<OPT T="Toys &amp; Video Games/Games &amp; Learning/Learning Games" V="Toys &amp; Video Games -&gt; Games &amp; Learning -&gt; Learning Games"></OPT>
<OPT T="Toys &amp; Video Games/Games &amp; Learning/Learning Science &amp; Nature" V="Toys &amp; Video Games -&gt; Games &amp; Learning -&gt; Learning Science &amp; Nature"></OPT>
<OPT T="Toys &amp; Video Games/Games &amp; Learning/Music Arts &amp; Craft Toys" V="Toys &amp; Video Games -&gt; Games &amp; Learning -&gt; Music Arts &amp; Craft Toys"></OPT>
<OPT T="Toys &amp; Video Games/Games &amp; Learning/Puzzles" V="Toys &amp; Video Games -&gt; Games &amp; Learning -&gt; Puzzles"></OPT>
<OPT T="Toys &amp; Video Games/Games &amp; Learning/Recreation Room Games" V="Toys &amp; Video Games -&gt; Games &amp; Learning -&gt; Recreation Room Games"></OPT>
<OPT T="Toys &amp; Video Games/Games &amp; Learning/Travel &amp; Solitaire Games" V="Toys &amp; Video Games -&gt; Games &amp; Learning -&gt; Travel &amp; Solitaire Games"></OPT>
<OPT T="Toys &amp; Video Games/Role Play &amp; Costumes/Costumes" V="Toys &amp; Video Games -&gt; Role Play &amp; Costumes -&gt; Costumes"></OPT>
<OPT T="Toys &amp; Video Games/Role Play &amp; Costumes/Play Sets &amp; Accessories" V="Toys &amp; Video Games -&gt; Role Play &amp; Costumes -&gt; Play Sets &amp; Accessories"></OPT>
<OPT T="Toys &amp; Video Games/Role Play &amp; Costumes/Puppets" V="Toys &amp; Video Games -&gt; Role Play &amp; Costumes -&gt; Puppets"></OPT>
<OPT T="Video Games/Game Boy Color-Advance/Game Boy Color Consoles &amp; Accessories" V="Video Games -&gt; Game Boy Color/Advance -&gt; Game Boy Color Consoles &amp; Accessories"></OPT>
<OPT T="Video Games/Game Boy Color-Advance/Game Boy Color Games" V="Video Games -&gt; Game Boy Color/Advance -&gt; Game Boy Color Games"></OPT>
<OPT T="Video Games/Game Boy Color-Advance/Gameboy Advance Consoles &amp; Accessories" V="Video Games -&gt; Game Boy Color/Advance -&gt; Gameboy Advance Consoles &amp; Accessories"></OPT>
<OPT T="Video Games/Game Boy Color-Advance/Gameboy Advance Games" V="Video Games -&gt; Game Boy Color/Advance -&gt; Gameboy Advance Games"></OPT>
<OPT T="Video Games/Microsoft Xbox/X-Box Consoles &amp; Accessories" V="Video Games -&gt; Microsoft Xbox -&gt; X-Box Consoles &amp; Accessories"></OPT>
<OPT T="Video Games/Microsoft Xbox/X-Box Games" V="Video Games -&gt; Microsoft Xbox -&gt; X-Box Games"></OPT>
<OPT T="Video Games/Nintendo 64/Nintendo 64 Consoles &amp; Accessories" V="Video Games -&gt; Nintendo 64 -&gt; Nintendo 64 Consoles &amp; Accessories"></OPT>
<OPT T="Video Games/Nintendo 64/Nintendo 64 Games" V="Video Games -&gt; Nintendo 64 -&gt; Nintendo 64 Games"></OPT>
<OPT T="Video Games/Nintendo GameCube/GameCube Consoles &amp; Accessories" V="Video Games -&gt; Nintendo GameCube -&gt; GameCube Consoles &amp; Accessories"></OPT>
<OPT T="Video Games/Nintendo GameCube/GameCube Games" V="Video Games -&gt; Nintendo GameCube -&gt; GameCube Games"></OPT>
<OPT T="Video Games/Sega Dreamcast/Dreamcast Consoles &amp; Accessories" V="Video Games -&gt; Sega Dreamcast -&gt; Dreamcast Consoles &amp; Accessories"></OPT>
<OPT T="Video Games/Sega Dreamcast/Dreamcast Games" V="Video Games -&gt; Sega Dreamcast -&gt; Dreamcast Games"></OPT>
<OPT T="Video Games/Sony PlayStation II/PlayStation 2 Consoles &amp; Accessories" V="Video Games -&gt; Sony PlayStation II -&gt; PlayStation 2 Consoles &amp; Accessories"></OPT>
<OPT T="Video Games/Sony PlayStation II/PlayStation 2 Games" V="Video Games -&gt; Sony PlayStation II -&gt; PlayStation 2 Games"></OPT>
<OPT T="Video Games/Sony PlayStation/PlayStation 1 Consoles &amp; Accessories" V="Video Games -&gt; Sony PlayStation -&gt; PlayStation 1 Consoles &amp; Accessories"></OPT>
<OPT T="Video Games/Sony PlayStation/PlayStation 1 Games" V="Video Games -&gt; Sony PlayStation -&gt; PlayStation 1 Games"></OPT>
</LIST>
<LIST ID="CONDITION" TYPE="TEXT">
<OPT T="" V=""></OPT>
<OPT T="Acceptable" V="ACCEPTABLE"></OPT>
<OPT T="Good" V="GOOD"></OPT>
<OPT T="Like New" V="LIKE_NEW"></OPT>
<OPT T="Very Gfood" V="VERY_GOOD"></OPT>
</LIST>
<LIST ID="FORMAT" TYPE="TEXT">
<OPT T="" V=""></OPT>
<OPT T="CASSETTE" V="CASSETTE"></OPT>
<OPT T="CD" V="CD"></OPT>
<OPT T="VINYL" V="VINYL"></OPT>
</LIST>
<LIST ID="PRODTYPE" TYPE="TEXT">
<OPT T="Books - Requires Book Properties" V="BOOK"></OPT>
<OPT T="General Listing" V="-"></OPT>
<OPT T="Movies - Requires Movies Properties" V="MOVIE"></OPT>
<OPT T="Music - Requires Music Properties" V="MUSIC"></OPT>
</LIST>


<!-- ******* -->
<DIV ID="OMEGA">
<ELEMENT ID="CQFJTGX" TYPE="META" STYLE="TITLE"><TEXT><![CDATA[Books
			]]></TEXT>
</ELEMENT>
<ELEMENT ID="CQFJTGY" TYPE="META" STYLE="DESCRIPTION"><TEXT><![CDATA[
	Additional information on books
			]]></TEXT>
</ELEMENT>
<ELEMENT ID="CQFJTGZ" TYPE="FORMAT" TITLE="Submitting DealTime Deal" STYLE="TITLE"></ELEMENT>
<ELEMENT ID="CQFJTHA" PROMPT="Listing Type" TYPE="FORMAT" TITLE="" DATA="dealtime:prodtype" STYLE="BYVALUE"></ELEMENT>
</DIV>




<!-- ******* -->
<DIV ID="BOOKINFO">
<ELEMENT ID="CQFJTHB" TYPE="META" STYLE="TITLE"><TEXT><![CDATA[Books
			]]></TEXT>
</ELEMENT>
<ELEMENT ID="CQFJTHC" TYPE="META" STYLE="DESCRIPTION"><TEXT><![CDATA[
	Additional information on books
			]]></TEXT>
</ELEMENT>
<ELEMENT ID="CQFJTHD" TYPE="FORMAT" TITLE="Book Fields:" STYLE="TITLE"></ELEMENT>
<ELEMENT ID="CQFJTHE" PROMPT="ISBN" TYPE="TEXTBOX" DATA="product:zoovy:prod_isbn"></ELEMENT>
<ELEMENT ID="CQFJTHF" PROMPT="Condition" TYPE="SELECT" HELP="Please select the most appropriate condition" LIST="CONDITION" DATA="product:zoovy:condition"></ELEMENT>
<ELEMENT ID="CQFJTHG" VALUE="BOOK" TYPE="HIDDEN" DATA="product:dealtime:prodtype"></ELEMENT>
<ELEMENT ID="CQFJTHH" PROMPT="Back to Edit" TARGET="ALPHA" TYPE="BUTTON"></ELEMENT>
<ELEMENT ID="CQFJTHI" PROMPT="Review and Launch" TARGET="OMEGA" TYPE="BUTTON"></ELEMENT>
</DIV>




<!-- ******* -->
<DIV ID="MUSICINFO">
<ELEMENT ID="CQFJTHJ" TYPE="META" STYLE="TITLE"><TEXT><![CDATA[Music
			]]></TEXT>
</ELEMENT>
<ELEMENT ID="CQFJTHK" TYPE="META" STYLE="DESCRIPTION"><TEXT><![CDATA[
	Additional information on Music
			]]></TEXT>
</ELEMENT>
<ELEMENT ID="CQFJTHL" TYPE="FORMAT" TITLE="Music Fields:" STYLE="TITLE"></ELEMENT>
<ELEMENT ID="CQFJTHM" PROMPT="Music Information" TARGET="MUSICINFO" TYPE="BUTTON"></ELEMENT>
<ELEMENT ID="CQFJTHN" PROMPT="Media Format" TYPE="SELECT" HELP="Select the appropriate format" LIST="FORMAT" DATA="product:dealtime:format"></ELEMENT>
<ELEMENT ID="CQFJTHO" PROMPT="Artist Name" TYPE="TEXTBOX" DATA="product:dealtime:artist_name"></ELEMENT>
<ELEMENT ID="CQFJTHP" PROMPT="Release Date (MM/DD/YYYY)" TYPE="TEXTBOX" DATA="product:dealtime:release_date"></ELEMENT>
<ELEMENT ID="CQFJTHQ" VALUE="MUSIC" TYPE="HIDDEN" DATA="product:dealtime:prodtype"></ELEMENT>
<ELEMENT ID="CQFJTHR" PROMPT="Back to Edit" TARGET="ALPHA" TYPE="BUTTON"></ELEMENT>
<ELEMENT ID="CQFJTHS" PROMPT="Review and Launch" TARGET="OMEGA" TYPE="BUTTON"></ELEMENT>
</DIV>




<!-- ******* -->
<DIV ID="MOVIEINFO">
<ELEMENT ID="CQFJTHT" TYPE="META" STYLE="TITLE"><TEXT><![CDATA[Movies
			]]></TEXT>
</ELEMENT>
<ELEMENT ID="CQFJTHU" TYPE="META" STYLE="DESCRIPTION"><TEXT><![CDATA[
	Additional information on movies
			]]></TEXT>
</ELEMENT>
<ELEMENT ID="CQFJTHV" TYPE="FORMAT" TITLE="Movies:" STYLE="TITLE"></ELEMENT>
<ELEMENT ID="CQFJTHW" PROMPT="Movie Information" TARGET="MOVIEINFO" TYPE="BUTTON"></ELEMENT>
<ELEMENT ID="CQFJTHX" PROMPT="Director" TYPE="TEXTBOX" HELP="Format: First Name Last Name" DATA="product:dealtime:director"></ELEMENT>
<ELEMENT ID="CQFJTHY" PROMPT="Actors" TYPE="TEXTBOX" HELP="Format: First Last, First Last, .." DATA="product:dealtime:actors"></ELEMENT>
<ELEMENT ID="CQFJTHZ" PROMPT="Rating" TYPE="TEXTBOX" HELP="" DATA="product:dealtime:rating"></ELEMENT>
<ELEMENT ID="CQFJTIA" PROMPT="Release Date" TYPE="TEXTBOX" HELP="Format: MM/DD/YYYY" DATA="product:dealtime:releasedate"></ELEMENT>
<ELEMENT ID="CQFJTIB" PROMPT="Color" TYPE="TEXTBOX" HELP="Format: " DATA="product:dealtime:color"></ELEMENT>
<ELEMENT ID="CQFJTIC" PROMPT="Edition" TYPE="TEXTBOX" HELP="Format: First Name Last Name" DATA="product:dealtime:edition"></ELEMENT>
<ELEMENT ID="CQFJTID" PROMPT="Format" TYPE="TEXTBOX" HELP="Format: First Name Last Name" DATA="product:dealtime:format"></ELEMENT>
<ELEMENT ID="CQFJTIE" PROMPT="Director" TYPE="TEXTBOX" HELP="Format: First Name Last Name" DATA="product:dealtime:language"></ELEMENT>
<ELEMENT ID="CQFJTIF" VALUE="MOVIE" TYPE="HIDDEN" DATA="product:dealtime:prodtype"></ELEMENT>
<ELEMENT ID="CQFJTIG" PROMPT="Back to Edit" TARGET="ALPHA" TYPE="BUTTON"></ELEMENT>
<ELEMENT ID="CQFJTIH" PROMPT="Review and Launch" TARGET="OMEGA" TYPE="BUTTON"></ELEMENT>
</DIV>




<!-- ******* -->
<ELEMENT ID="CQFJTII" TYPE="META" STYLE="TITLE"><TEXT><![CDATA[Create a Dealtime Deal
			]]></TEXT>
</ELEMENT>
<ELEMENT ID="CQFJTIJ" TYPE="META" STYLE="DESCRIPTION"><TEXT><![CDATA[
	Before using this tool you must register for Dealtime.com and create an account.
			]]></TEXT>
</ELEMENT>
<ELEMENT ID="CQFJTIK" TYPE="FORMAT" TITLE="Required Information" STYLE="TITLE"></ELEMENT>
<ELEMENT ID="CQFJTIL" PROMPT="Product Name" TYPE="TEXTBOX" MANDATORY="Y" DATA="product:zoovy:prod_name" COLS="100"></ELEMENT>
<ELEMENT ID="CQFJTIM" PROMPT="Product Description" TYPE="TEXTAREA" MANDATORY="Y" DATA="product:zoovy:prod_desc"></ELEMENT>
<ELEMENT ID="CQFJTIN" PROMPT="Manufacturers SKU" TYPE="TEXTBOX" DATA="product:zoovy:prod_mfgid"></ELEMENT>
<ELEMENT ID="CQFJTIO" HINT="example: Sony" PROMPT="Manufacturers Name" TYPE="TEXTBOX" DATA="product:zoovy:prod_mfg"></ELEMENT>
<ELEMENT ID="CQFJTIP" PROMPT="UPC" TYPE="TEXTBOX" DATA="product:zoovy:prod_upc"></ELEMENT>
<ELEMENT ID="CQFJTIQ" MIN="0" PROMPT="Price in Dollars" TYPE="NUMBER" MANDATORY="Y" PRECISION="2" DECIMAL="Y" DATA="product:zoovy:base_price" COLS="10"></ELEMENT>
<ELEMENT ID="CQFJTIR" SIZE="10" PROMPT="Inventory on Hand" TYPE="TEXTBOX" DATA="product:dealtime:inventory"></ELEMENT>
<ELEMENT ID="CQFJTIS" PROMPT="Dealtime Category" STICKY="Y" TYPE="TREE" HELP="please select the most appropriate category" LIST="CATEGORY" DATA="product:dealtime:categorytxt"></ELEMENT>
<ELEMENT ID="CQFJTIT" PROMPT="Thumbnail" TYPE="IMAGE" MANDATORY="Y" DATA="product:zoovy:prod_thumb"></ELEMENT>
<ELEMENT ID="CQFJTIU" PROMPT="Ground Shipping" TYPE="NUMBER" PRECISION="2" DECIMAL="Y" DATA="product:dealtime:ship_ground"></ELEMENT>
<ELEMENT ID="CQFJTIV" PROMPT="2nd Shipping" TYPE="NUMBER" PRECISION="2" DECIMAL="Y" DATA="product:dealtime:ship_2day"></ELEMENT>
<ELEMENT ID="CQFJTIW" PROMPT="Overnight Shipping" TYPE="NUMBER" PRECISION="2" DECIMAL="Y" DATA="product:dealtime:ship_1day"></ELEMENT>
<ELEMENT ID="CQFJTIX" PROMPT="Product Classification" TYPE="SELECT" HELP="Use the buttons below to edit product specific properties" LIST="PRODTYPE" DATA="product:dealtime:prodtype"></ELEMENT>
<ELEMENT ID="CQFJTIY" PROMPT="Edit Book Properties" TARGET="BOOKINFO" TYPE="BUTTON"></ELEMENT>
<ELEMENT ID="CQFJTIZ" PROMPT="Edit Music Properties" TARGET="MUSICINFO" TYPE="BUTTON"></ELEMENT>
<ELEMENT ID="CQFJTJA" PROMPT="Edit Movie Properties" TARGET="MOVIEINFO" TYPE="BUTTON"></ELEMENT>
<ELEMENT ID="CQFJTJB" TYPE="BLANK"></ELEMENT>
<ELEMENT ID="CQFJTJC" PROMPT="Review and Launch" TARGET="OMEGA" TYPE="BUTTON"></ELEMENT>

</TEMPLATE>