<TEMPLATE ID="ebaymotors.auction" FORMAT="DEFINITION">
<LIST ID="COUNTRY" TYPE="TEXT">
<OPT T="Afghanistan" V="af"></OPT>
<OPT T="Albania" V="al"></OPT>
<OPT T="Algeria" V="dz"></OPT>
<OPT T="American Samoa" V="as"></OPT>
<OPT T="Andorra" V="ad"></OPT>
<OPT T="Angola" V="ao"></OPT>
<OPT T="Anguilla" V="ai"></OPT>
<OPT T="Antigua and Barbuda" V="ag"></OPT>
<OPT T="Argentina" V="ar"></OPT>
<OPT T="Armenia" V="am"></OPT>
<OPT T="Aruba" V="aw"></OPT>
<OPT T="Australia" V="au"></OPT>
<OPT T="Austria" V="at"></OPT>
<OPT T="Azerbaijan Republic" V="az"></OPT>
<OPT T="Bahamas" V="bs"></OPT>
<OPT T="Bahrain" V="bh"></OPT>
<OPT T="Bangladesh" V="bd"></OPT>
<OPT T="Barbados" V="bb"></OPT>
<OPT T="Belarus" V="by"></OPT>
<OPT T="Belgium" V="be"></OPT>
<OPT T="Belize" V="bz"></OPT>
<OPT T="Benin" V="bj"></OPT>
<OPT T="Bermuda" V="bm"></OPT>
<OPT T="Bhutan" V="bt"></OPT>
<OPT T="Bolivia" V="bo"></OPT>
<OPT T="Bosnia and Herzegovina" V="ba"></OPT>
<OPT T="Botswana" V="bw"></OPT>
<OPT T="Brazil" V="br"></OPT>
<OPT T="British Virgin Islands" V="vg"></OPT>
<OPT T="Brunei Darussalam" V="bn"></OPT>
<OPT T="Bulgaria" V="bg"></OPT>
<OPT T="Burkina Faso" V="bf"></OPT>
<OPT T="Burma" V="af"></OPT>
<OPT T="Burundi" V="bi"></OPT>
<OPT T="Cambodia" V="kh"></OPT>
<OPT T="Cameroon" V="cm"></OPT>
<OPT T="Canada" V="ca"></OPT>
<OPT T="Cape Verde Islands" V="cv"></OPT>
<OPT T="Cayman Islands" V="ky"></OPT>
<OPT T="Central African Republic" V="cf"></OPT>
<OPT T="Chad" V="td"></OPT>
<OPT T="Chile" V="cl"></OPT>
<OPT T="China" V="cn"></OPT>
<OPT T="Colombia" V="co"></OPT>
<OPT T="Comoros" V="km"></OPT>
<OPT T="Congo, Democratic Republic of the" V="zr"></OPT>
<OPT T="Congo, Republic of the" V="cg"></OPT>
<OPT T="Cook Islands" V="ck"></OPT>
<OPT T="Costa Rica" V="cr"></OPT>
<OPT T="Cote d Ivoire (Ivory Coast)" V="ci"></OPT>
<OPT T="Croatia, Democratic Republic of the" V="hr"></OPT>
<OPT T="Cuba" V="cu"></OPT>
<OPT T="Cyprus" V="cy"></OPT>
<OPT T="Czech Republic" V="cz"></OPT>
<OPT T="Denmark" V="dk"></OPT>
<OPT T="Djibouti" V="dj"></OPT>
<OPT T="Dominica" V="dm"></OPT>
<OPT T="Dominican Republic" V="do"></OPT>
<OPT T="Ecuador" V="ec"></OPT>
<OPT T="Egypt" V="eg"></OPT>
<OPT T="El Salvador" V="sv"></OPT>
<OPT T="Equatorial Guinea" V="gq"></OPT>
<OPT T="Eritrea" V="qq"></OPT>
<OPT T="Estonia" V="ee"></OPT>
<OPT T="Ethiopia" V="et"></OPT>
<OPT T="Falkland Islands (Islas Makvinas)" V="fk"></OPT>
<OPT T="Fiji" V="fj"></OPT>
<OPT T="Finland" V="fi"></OPT>
<OPT T="France" V="fr"></OPT>
<OPT T="French Guiana" V="gf"></OPT>
<OPT T="French Polynesia" V="pf"></OPT>
<OPT T="Gabon Republic" V="ga"></OPT>
<OPT T="Gambia" V="gm"></OPT>
<OPT T="Georgia" V="ge"></OPT>
<OPT T="Germany" V="de"></OPT>
<OPT T="Ghana" V="gh"></OPT>
<OPT T="Gibraltar" V="gi"></OPT>
<OPT T="Greece" V="gr"></OPT>
<OPT T="Greenland" V="gl"></OPT>
<OPT T="Grenada" V="gd"></OPT>
<OPT T="Guadeloupe" V="gp"></OPT>
<OPT T="Guam" V="gu"></OPT>
<OPT T="Guatemala" V="gt"></OPT>
<OPT T="Guernsey" V="qq"></OPT>
<OPT T="Guinea" V="Bissau"></OPT>
<OPT T="Guyana" V="gy"></OPT>
<OPT T="Haiti" V="ht"></OPT>
<OPT T="Honduras" V="hn"></OPT>
<OPT T="Hong Kong" V="hk"></OPT>
<OPT T="Hungary" V="hu"></OPT>
<OPT T="Iceland" V="is"></OPT>
<OPT T="India" V="in"></OPT>
<OPT T="Indonesia" V="id"></OPT>
<OPT T="Iran" V="ir"></OPT>
<OPT T="Iraq" V="iq"></OPT>
<OPT T="Ireland" V="ie"></OPT>
<OPT T="Israel" V="il"></OPT>
<OPT T="Italy" V="it"></OPT>
<OPT T="Jamaica" V="jm"></OPT>
<OPT T="Jan Mayen" V="sj"></OPT>
<OPT T="Japan" V="jp"></OPT>
<OPT T="Jersey" V="uk"></OPT>
<OPT T="Jordan" V="jo"></OPT>
<OPT T="Kazakhstan" V="kz"></OPT>
<OPT T="Kenya Coast Republic" V="ke"></OPT>
<OPT T="Kiribati" V="ki"></OPT>
<OPT T="Korea, North" V="kp"></OPT>
<OPT T="Korea, South" V="kr"></OPT>
<OPT T="Kuwait" V="kw"></OPT>
<OPT T="Kyrgyzstan" V="kg"></OPT>
<OPT T="Laos" V="la"></OPT>
<OPT T="Latvia" V="lv"></OPT>
<OPT T="Lebanon, South" V="lb"></OPT>
<OPT T="Lesotho" V="ls"></OPT>
<OPT T="Liberia" V="lr"></OPT>
<OPT T="Libya" V="ly"></OPT>
<OPT T="Liechtenstein" V="li"></OPT>
<OPT T="Lithuania" V="lt"></OPT>
<OPT T="Luxembourg" V="lu"></OPT>
<OPT T="Macau" V="mo"></OPT>
<OPT T="Macedonia" V="mk"></OPT>
<OPT T="Madagascar" V="mg"></OPT>
<OPT T="Malawi" V="mw"></OPT>
<OPT T="Malaysia" V="my"></OPT>
<OPT T="Maldives" V="mv"></OPT>
<OPT T="Mali" V="ml"></OPT>
<OPT T="Malta" V="mt"></OPT>
<OPT T="Marshall Islands" V="mh"></OPT>
<OPT T="Martinique" V="mq"></OPT>
<OPT T="Mauritania" V="mr"></OPT>
<OPT T="Mauritius" V="mu"></OPT>
<OPT T="Mayotte" V="yt"></OPT>
<OPT T="Mexico" V="mx"></OPT>
<OPT T="Moldova" V="qq"></OPT>
<OPT T="Monaco" V="mc"></OPT>
<OPT T="Mongolia" V="mn"></OPT>
<OPT T="Montserrat" V="ms"></OPT>
<OPT T="Morocco" V="ma"></OPT>
<OPT T="Mozambique" V="mz"></OPT>
<OPT T="Namibia" V="na"></OPT>
<OPT T="Nauru" V="nr"></OPT>
<OPT T="Nepal" V="np"></OPT>
<OPT T="Netherlands" V="nl"></OPT>
<OPT T="Netherlands Antilles" V="an"></OPT>
<OPT T="New Caledonia" V="nc"></OPT>
<OPT T="New Zealand" V="nz"></OPT>
<OPT T="Nicaragua" V="ni"></OPT>
<OPT T="Niger" V="ne"></OPT>
<OPT T="Nigeria" V="ng"></OPT>
<OPT T="Niue" V="nu"></OPT>
<OPT T="Norway" V="no"></OPT>
<OPT T="Oman" V="om"></OPT>
<OPT T="Pakistan" V="pk"></OPT>
<OPT T="Palau" V="pw"></OPT>
<OPT T="Panama" V="pa"></OPT>
<OPT T="Papua New Guinea" V="pg"></OPT>
<OPT T="Paraguay" V="py"></OPT>
<OPT T="Peru" V="pe"></OPT>
<OPT T="Philippines" V="ph"></OPT>
<OPT T="Poland" V="pl"></OPT>
<OPT T="Portugal" V="pt"></OPT>
<OPT T="Puerto Rico" V="pr"></OPT>
<OPT T="Qatar" V="qa"></OPT>
<OPT T="Romania" V="ro"></OPT>
<OPT T="Russian Federation" V="ru"></OPT>
<OPT T="Rwanda" V="rw"></OPT>
<OPT T="Saint Helena" V="sh"></OPT>
<OPT T="Saint Kitts" V="Nevis"></OPT>
<OPT T="Saint Lucia" V="lc"></OPT>
<OPT T="Saint Pierre and Miquelon" V="pm"></OPT>
<OPT T="Saint Vincent and the Grenadines" V="vc"></OPT>
<OPT T="San Marino" V="sm"></OPT>
<OPT T="Saudi Arabia" V="sa"></OPT>
<OPT T="Senegal" V="sn"></OPT>
<OPT T="Seychelles" V="sc"></OPT>
<OPT T="Sierra Leone" V="sl"></OPT>
<OPT T="Singapore" V="sg"></OPT>
<OPT T="Slovakia" V="sk"></OPT>
<OPT T="Slovenia" V="si"></OPT>
<OPT T="Solomon Islands" V="sb"></OPT>
<OPT T="Somalia" V="so"></OPT>
<OPT T="South Africa" V="za"></OPT>
<OPT T="Spain" V="es"></OPT>
<OPT T="Sri Lanka" V="lk"></OPT>
<OPT T="Sudan" V="sd"></OPT>
<OPT T="Suriname" V="sr"></OPT>
<OPT T="Svalbard" V="sj"></OPT>
<OPT T="Swaziland" V="sz"></OPT>
<OPT T="Sweden" V="se"></OPT>
<OPT T="Switzerland" V="ch"></OPT>
<OPT T="Syria" V="sy"></OPT>
<OPT T="Tahiti" V="pf"></OPT>
<OPT T="Taiwan" V="tw"></OPT>
<OPT T="Tajikistan" V="tj"></OPT>
<OPT T="Tanzania" V="tz"></OPT>
<OPT T="Thailand" V="th"></OPT>
<OPT T="Togo" V="tg"></OPT>
<OPT T="Tonga" V="to"></OPT>
<OPT T="Trinidad and Tobago" V="tt"></OPT>
<OPT T="Tunisia" V="tn"></OPT>
<OPT T="Turkey" V="tr"></OPT>
<OPT T="Turkmenistan" V="tm"></OPT>
<OPT T="Turks and Caicos Islands" V="us"></OPT>
<OPT T="Tuvalu" V="tv"></OPT>
<OPT T="Uganda" V="ug"></OPT>
<OPT T="Ukraine" V="ua"></OPT>
<OPT T="United Arab Emirates" V="af"></OPT>
<OPT T="United Kingdom" V="uk"></OPT>
<OPT T="United States" V="us"></OPT>
<OPT T="Uruguay" V="uy"></OPT>
<OPT T="Uzbekistan" V="uz"></OPT>
<OPT T="Vanuatu" V="vu"></OPT>
<OPT T="Vatican City State" V="va"></OPT>
<OPT T="Venezuela" V="ve"></OPT>
<OPT T="Vietnam" V="vn"></OPT>
<OPT T="Virgin Islands (U.S.)" V="vi"></OPT>
<OPT T="Wallis and Futuna" V="wf"></OPT>
<OPT T="Western Sahara" V="eh"></OPT>
<OPT T="Western Samoa" V="ws"></OPT>
<OPT T="Yemen" V="ye"></OPT>
<OPT T="Yugoslavia" V="yu"></OPT>
<OPT T="Zambia" V="zm"></OPT>
<OPT T="Zimbabwe" V="zw"></OPT>
</LIST>
<LIST ID="CITY" TYPE="TEXT">
<OPT T="AZ-Phoenix" V="39"></OPT>
<OPT T="CA-Los Angeles" V="1"></OPT>
<OPT T="CA-Oakland" V="57"></OPT>
<OPT T="CA-Orange County" V="58"></OPT>
<OPT T="CA-Sacramento" V="45"></OPT>
<OPT T="CA-San Diego" V="48"></OPT>
<OPT T="CA-San Francisco" V="49"></OPT>
<OPT T="CA-San Jose" V="60"></OPT>
<OPT T="CO-Denver" V="16"></OPT>
<OPT T="CT-Hartford" V="20"></OPT>
<OPT T="DC-Washington" V="4"></OPT>
<OPT T="Do not list regionally" V="0"></OPT>
<OPT T="FL-Jacksonville" V="24"></OPT>
<OPT T="FL-Miami" V="29"></OPT>
<OPT T="FL-Orlando" V="37"></OPT>
<OPT T="FL-Tampa-St. Petersburg" V="52"></OPT>
<OPT T="FL-West Palm Beach" V="53"></OPT>
<OPT T="GA-Atlanta" V="2"></OPT>
<OPT T="HI-Honolulu" V="21"></OPT>
<OPT T="ID-Billings-Boise" V="5"></OPT>
<OPT T="IL-Chicago" V="10"></OPT>
<OPT T="IN-Indianapolis" V="23"></OPT>
<OPT T="KS-Kansas City" V="25"></OPT>
<OPT T="KY-Louisville" V="27"></OPT>
<OPT T="LA-New Orleans" V="33"></OPT>
<OPT T="MA-Boston" V="7"></OPT>
<OPT T="MD-Baltimore" V="56"></OPT>
<OPT T="MI-Detroit" V="17"></OPT>
<OPT T="MI-Grand Rapids" V="18"></OPT>
<OPT T="MN-Minneapolis-St. Paul" V="31"></OPT>
<OPT T="MO-St. Louis" V="51"></OPT>
<OPT T="NC-Charlotte" V="9"></OPT>
<OPT T="NC-Greensboro" V="19"></OPT>
<OPT T="NC-Raleigh-Durham" V="43"></OPT>
<OPT T="NM-Albuquerque-Santa Fe" V="55"></OPT>
<OPT T="NV-Las Vegas" V="26"></OPT>
<OPT T="NY-Albany" V="54"></OPT>
<OPT T="NY-Buffalo" V="8"></OPT>
<OPT T="NY-New York" V="34"></OPT>
<OPT T="NY-Rochester" V="44"></OPT>
<OPT T="OH-Cincinnati" V="11"></OPT>
<OPT T="OH-Cleveland" V="12"></OPT>
<OPT T="OH-Columbus" V="13"></OPT>
<OPT T="OH-Dayton-Springfield" V="15"></OPT>
<OPT T="OK-Oklahoma City" V="36"></OPT>
<OPT T="OR-Portland" V="41"></OPT>
<OPT T="PA-Philadelphia" V="38"></OPT>
<OPT T="PA-Pittsburgh" V="40"></OPT>
<OPT T="RI-Providence" V="42"></OPT>
<OPT T="SD-Bismarck-Pierre" V="6"></OPT>
<OPT T="TN-Memphis" V="28"></OPT>
<OPT T="TN-Nashville" V="32"></OPT>
<OPT T="TX-Austin" V="3"></OPT>
<OPT T="TX-Dallas-Fort Worth" V="14"></OPT>
<OPT T="TX-Houston" V="22"></OPT>
<OPT T="TX-San Antonio" V="47"></OPT>
<OPT T="UT-Salt Lake City" V="46"></OPT>
<OPT T="VA-Norfolk-Virginia Beach" V="35"></OPT>
<OPT T="VA-Richmond" V="59"></OPT>
<OPT T="WA-Seattle-Tacoma" V="50"></OPT>
<OPT T="WI-Milwaukee" V="30"></OPT>
</LIST>
<LIST ID="LENGTH" TYPE="TEXT">
<OPT T="1 Day" V="1"></OPT>
<OPT T="10 Days" V="10"></OPT>
<OPT T="3 Days" V="3"></OPT>
<OPT T="5 Days" V="5"></OPT>
<OPT T="7 Days" V="7"></OPT>
</LIST>
<LIST ID="EBAYCAT" TYPE="TEXT">
<OPT T="No Category Selected" V="0"></OPT>
</LIST>
<LIST ID="STORECAT" TYPE="TEXT">
<OPT T="None Selected" V="-1"></OPT>
<OPT T="Other" V="0"></OPT>
<OPT T="Store Category 1" V="1"></OPT>
<OPT T="Store Category 10" V="10"></OPT>
<OPT T="Store Category 11" V="11"></OPT>
<OPT T="Store Category 12" V="12"></OPT>
<OPT T="Store Category 13" V="13"></OPT>
<OPT T="Store Category 14" V="14"></OPT>
<OPT T="Store Category 15" V="15"></OPT>
<OPT T="Store Category 16" V="16"></OPT>
<OPT T="Store Category 17" V="17"></OPT>
<OPT T="Store Category 18" V="18"></OPT>
<OPT T="Store Category 19" V="19"></OPT>
<OPT T="Store Category 2" V="2"></OPT>
<OPT T="Store Category 3" V="3"></OPT>
<OPT T="Store Category 4" V="4"></OPT>
<OPT T="Store Category 5" V="5"></OPT>
<OPT T="Store Category 6" V="6"></OPT>
<OPT T="Store Category 7" V="7"></OPT>
<OPT T="Store Category 8" V="8"></OPT>
<OPT T="Store Category 9" V="9"></OPT>
</LIST>
<LIST ID="POGCHECKOUT" TYPE="TEXT">
<OPT T="No" V="0"></OPT>
<OPT T="Yes" V="1"></OPT>
</LIST>
<LIST ID="SHIPSERVICE" TYPE="TEXT">
<OPT T="Custom Shipping Profile" V="X"></OPT>
<OPT T="Let eBay choose lowest cost (experimental)" V="AUTO"></OPT>
<OPT T="N/A" V=""></OPT>
<OPT T="UPS 2nd Day" V="5"></OPT>
<OPT T="UPS 3rd Day" V="4"></OPT>
<OPT T="UPS Ground" V="3"></OPT>
<OPT T="UPS Next Day" V="6"></OPT>
<OPT T="USPS First Class" V="10"></OPT>
<OPT T="USPS Media" V="9"></OPT>
<OPT T="USPS Parcel" V="8"></OPT>
<OPT T="USPS Priority" V="7"></OPT>
</LIST>
<LIST ID="INSURANCE" TYPE="TEXT">
<OPT T="Included" V="3"></OPT>
<OPT T="Not an option" V="0"></OPT>
<OPT T="Optional" V="1"></OPT>
<OPT T="Required" V="2"></OPT>
</LIST>
<LIST ID="SHIPDETAIL" TYPE="TEXT">
<OPT T="Fixed Rate Shipping" V="1"></OPT>
<OPT T="Free Shipping" V="SP"></OPT>
<OPT T="See Item Description" V="0"></OPT>
<OPT T="Zone Based Shipping" V="2"></OPT>
</LIST>
<LIST ID="CHECKOUTLIST" TYPE="TEXT">
<OPT T="Do NOT Include a Checkout link" V="_"></OPT>
<OPT T="Include a Link for Instant Checkout at bottom of the Auction" V="BOTTOM"></OPT>
<OPT T="Include a Link for Instant Checkout at top of the Auction" V="TOP"></OPT>
</LIST>
<LIST ID="LINKLOCATION" TYPE="TEXT">
<OPT T="Do not include a Link Back to my store." V="_"></OPT>
<OPT T="Insert at the very bottom of the Auction." V="BOTTOM"></OPT>
<OPT T="Insert at the very top of the Auction." V="TOP"></OPT>
</LIST>
<LIST ID="INTERNATIONALSHIPPING" TYPE="TEXT">
<OPT T="Ship Worldwide" V="worldwide"></OPT>
<OPT T="Ship to United States Only" V="siteonly"></OPT>
<OPT T="Ship to specified regions" V="siteplusregions"></OPT>
</LIST>
<LIST ID="PACKAGING" TYPE="TEXT">
<OPT T="Large envelope" V="2"></OPT>
<OPT T="Letter" V="1"></OPT>
<OPT T="None" V="0"></OPT>
<OPT T="Package/thick envelope" V="4"></OPT>
<OPT T="UPS Letter" V="7"></OPT>
<OPT T="USPS flat rate envelope" V="3"></OPT>
<OPT T="USPS large package/oversize 1" V="5"></OPT>
<OPT T="Very large package/oversize 2" V="6"></OPT>
</LIST>


<!-- ******* -->
<DIV ID="OMEGA">
<ELEMENT ID="CQFJTGG" TYPE="META" TEXT="Zoovy Company Configuration" STYLE="TITLE"></ELEMENT>
<ELEMENT ID="CQFJTGH" TYPE="META" STYLE="DESCRIPTION"><TEXT><![CDATA[
	This information from your store will be used in the creation of your auction. 
Please verify it is all correct. Any changes you make here will also take effect in your store.
	]]></TEXT>
</ELEMENT>
<ELEMENT ID="CQFJTGI" PROMPT="Ebay Username" TYPE="FORMAT" TITLE="" DATA="merchant:ebay:username" STYLE="BYVALUE"></ELEMENT>
<ELEMENT ID="CQFJTGJ" PROMPT="Contents" TYPE="FORMAT" TITLE="" DATA="product:ebay:description" STYLE="BYVALUE"></ELEMENT>
<ELEMENT ID="CQFJTGK" TYPE="FORMAT" TITLE="Preview of your Auction:" STYLE="LABEL"></ELEMENT>
<ELEMENT ID="CQFJTGL" PROMPT="Click Here to Preview" TARGET="http://app3.zoovy.com/ebayapi/motor/preview.cgi" TYPE="PREVIEW"></ELEMENT>
</DIV>




<!-- ******* -->
<DIV ID="CATEGORY1">
<ELEMENT ID="CQFJTGM" TYPE="META" TEXT="Category #1 Selection" STYLE="TITLE"></ELEMENT>
<ELEMENT ID="CQFJTGN" TYPE="META" STYLE="DESCRIPTION"><TEXT><![CDATA[
	Please select your primary category from the list below. Press NEXT to return to the previous form.
	]]></TEXT>
</ELEMENT>
<ELEMENT ID="CQFJTGO" PROMPT="Select Category #1" SHOWVALUE="Y" STICKY="Y" TYPE="TREE" LOADFROM="merchant:ebay:category" LIST="EBAYCAT" DATA="product:ebay:category" STYLE="BIG"></ELEMENT>
</DIV>




<!-- ******* -->
<ELEMENT ID="CQFJTGP" TYPE="META" TEXT="CATEGORY1,OMEGA" STYLE="SHOWTABS"></ELEMENT>
<ELEMENT ID="CQFJTGQ" TYPE="META" TEXT="eBay Motors Auction" STYLE="TITLE"></ELEMENT>
<ELEMENT ID="CQFJTGR" TYPE="META" STYLE="DESCRIPTION"><TEXT><![CDATA[
eBay Motors interface - API v1.0
	]]></TEXT>
</ELEMENT>
<ELEMENT ID="CQFJTGS" HEIGHT="45" FORMAT="GIF" URL="http://www.ebay.com" WIDTH="108" ALIGN="RIGHT" TYPE="META" MANDATORY="1" TEXT="" SRC="http://ebayapi.zoovy.net/ebaylogo.gif" STYLE="LOGO" ALT="eBay Marketplace Logo"></ELEMENT>
<ELEMENT ID="CQFJTGT" PROMPT="eBay Profile" TYPE="PROFILE" DATA="product:zoovy:profile"></ELEMENT>
<ELEMENT ID="CQFJTGU" TYPE="BLANK"></ELEMENT>
<ELEMENT ID="CQFJTGV" VALUE="3" TYPE="HIDDEN" DATA="channel:ebay:version"></ELEMENT>
<ELEMENT ID="CQFJTGW" TYPE="HIDDEN" DATA="product:ebay:csid"></ELEMENT>
<ELEMENT ID="CQFJTGX" TYPE="HIDDEN" DATA="product:ebay:csversion"></ELEMENT>
<ELEMENT ID="CQFJTGY" TYPE="HIDDEN" DATA="product:ebay:productid"></ELEMENT>
<ELEMENT ID="CQFJTGZ" TYPE="HIDDEN" DATA="product:ebay:attributeset"></ELEMENT>
<ELEMENT ID="CQFJTHA" TYPE="HIDDEN" DATA="product:zoovy:related_products"></ELEMENT>
<ELEMENT ID="CQFJTHB" TYPE="FORMAT" TITLE="Basic Information:" STYLE="TITLE"></ELEMENT>
<ELEMENT ID="CQFJTHC" TYPE="FORMAT" TITLE="Please complete all the fields." STYLE="LABEL"></ELEMENT>
<ELEMENT ID="CQFJTHD" PROMPT="Ebay Item Title" TYPE="TEXTBOX" MANDATORY="Y" LOADFROM="product:zoovy:prod_name" TITLE="1" HELP="Enter a title for the auction item." MAXLENGTH="55" DATA="product:ebay:title" COLS="55"></ELEMENT>
<ELEMENT ID="CQFJTHE" PROMPT="SubTitle" TYPE="TEXTBOX" HELP="Provide additional keywords. (Extra eBay fees apply)" MAXLENGTH="55" DATA="product:ebay:subtitle" COLS="55"></ELEMENT>
<ELEMENT ID="CQFJTHF" PROMPT="Known Problems" TYPE="TEXTAREA" MANDATORY="Y" LOADFROM="product:ebay:problems" MAXLENGTH="20000" HELP="" ROWS="10" DATA="product:ebay:problems" COLS="80"></ELEMENT>
<ELEMENT ID="CQFJTHG" PROMPT="Terms and Conditions" TYPE="TEXTAREA" MANDATORY="Y" LOADFROM="product:ebay:terms" MAXLENGTH="20000" HELP="" ROWS="10" DATA="product:ebay:terms" COLS="80"></ELEMENT>
<ELEMENT ID="CQFJTHH" PROMPT="Starting Bid Price" STICKY="Y" TYPE="TEXTBOX" LOADFROM="merchant:ebay:startprice" HELP="Please indicate the starting bid price." DATA="product:ebay:startprice" COLS="10"></ELEMENT>
<ELEMENT ID="CQFJTHI" VALUE="0" PROMPT="Reserve Price" TYPE="NUMBER" PRECISION="2" DATA="product:ebay:reserve" COLS="10"><HELP><![CDATA[The reserve price enables you to set a minimum required selling price, see the Ebay rules for more information.]]></HELP>
</ELEMENT>
<ELEMENT ID="CQFJTHJ" PROMPT="Buy It Now Price" STICKY="Y" TYPE="TEXTBOX" LOADFROM="merchant:ebay:buyitnow" DATA="product:ebay:buyitnow" COLS="10"><HELP><![CDATA[A Buy it now price enables a person to close an auction early, by agreeing to pay the price listed here.]]></HELP>
</ELEMENT>
<ELEMENT ID="CQFJTHK" VALUE="0" PROMPT="Use Fixed Price Format" ON="1" STICKY="Y" TYPE="CHECKBOX" LOADFROM="merchant:ebay:fixedprice" HELP="This will only allow customers to purchase at the Buy It Now price - no bidding will occur." DATA="product:ebay:usefixedprice" COLS="10" OFF="0"></ELEMENT>
<ELEMENT ID="CQFJTHL" PROMPT="Require Instant Payment via Paypal" STICKY="Y" ON="1" TYPE="CHECKBOX" LOADFROM="merchant:ebay:instantpay" DATA="product:ebay:instantpay" OFF="0"></ELEMENT>
<ELEMENT ID="CQFJTHM" PROMPT="Weight in Ounces" STICKY="Y" TYPE="TEXTBOX" VALIDATION="WEIGHT" DATA="product:zoovy:base_weight" COLS="10"></ELEMENT>
<ELEMENT ID="CQFJTHN" MIN="1" VALUE="1" PROMPT="Quantity" MAX="1000" STICKY="Y" TYPE="NUMBER" MANDATORY="Y" HELP="Please indicate the quantity of this item you will be auctioning." DATA="product:ebay:quantity" INVENTORY="1" COLS="5"></ELEMENT>
<ELEMENT ID="CQFJTHO" TYPE="BLANK"></ELEMENT>
<ELEMENT ID="CQFJTHP" TYPE="FORMAT" TITLE="Please Select Ebay Categories:" STYLE="TITLE"></ELEMENT>
<ELEMENT ID="CQFJTHQ" TYPE="HIDDEN" DATA="product:ebay:financeoffer"></ELEMENT>
<ELEMENT ID="CQFJTHR" PROMPT="Category #1" STICKY="Y" TYPE="TEXTBOX" LOADFROM="merchant:ebay:category" DATA="product:ebay:category" COLS="6"></ELEMENT>
<ELEMENT ID="CQFJTHS" PROMPT="Current Category #1" SHOWVALUE="Y" TYPE="FORMAT" ERROR="Not Selected" TITLE="" LIST="EBAYCAT" DATA="product:ebay:category" STYLE="BYPROMPT"></ELEMENT>
<ELEMENT ID="CQFJTHT" URL="http://app3.zoovy.com/ebayapi/catchooser/motor.cgi/v1=ebay:category" VAR3="ebay:title" PROMPT="Choose Category 1 (NEW FORMAT)" TARGET="@REMOTEDIV" VAR4="ebay:productid" TYPE="BUTTON" VAR6="ebay:financeoffer" VAR1="ebay:category" VAR2="ebay:username" VAR5="ebay:attributeset"></ELEMENT>
<ELEMENT ID="CQFJTHU" TYPE="BLANK"></ELEMENT>
<ELEMENT ID="CQFJTHV" PROMPT="eBay Store Category" TYPE="SELECT" HELP="Only applies to eBay store owners" LIST="STORECAT" DATA="product:ebay:storecat"></ELEMENT>
<ELEMENT ID="CQFJTHW" TYPE="BLANK"></ELEMENT>
<ELEMENT ID="CQFJTHX" TYPE="FORMAT" TITLE="Optional eBay Motors Fields" STYLE="TITLE"></ELEMENT>
<ELEMENT ID="CQFJTHY" TYPE="FORMAT" TITLE="The following fields should only be completed if appropriate for your item:" STYLE="LABEL"></ELEMENT>
<ELEMENT ID="CQFJTHZ" TYPE="FORMAT" TITLE="eBay Motors Listing Upgrades" STYLE="LABEL"></ELEMENT>
<ELEMENT ID="CQFJTIA" PROMPT="Add to AutoTrader.com" TYPE="CHECKBOX" HELP="FREE" DATA="product:ebay:autotrader"></ELEMENT>
<ELEMENT ID="CQFJTIB" MIN="0" PROMPT="Zip Code" MAX="99999" TYPE="NUMBER" DATA="product:merchant:zip"></ELEMENT>
<ELEMENT ID="CQFJTIC" TYPE="BLANK"></ELEMENT>
<ELEMENT ID="CQFJTID" TYPE="FORMAT" TITLE="Ebay Images" STYLE="TITLE"></ELEMENT>
<ELEMENT ID="CQFJTIE" TYPE="FORMAT" TITLE="Product images will be used for the Auction." STYLE="LABEL"></ELEMENT>
<ELEMENT ID="CQFJTIF" PROMPT="Ebay Picture" TYPE="IMAGE" DATA="product:zoovy:prod_image1" COLS="45"></ELEMENT>
<ELEMENT ID="CQFJTIG" TYPE="BLANK"></ELEMENT>
<ELEMENT ID="CQFJTIH" TYPE="NULL"></ELEMENT>
<ELEMENT ID="CQFJTII" PROMPT="Gallery Image" TYPE="IMAGE" LOADFROM="product:zoovy:prod_image1" DATA="product:zoovy:prod_thumb"></ELEMENT>
<ELEMENT ID="CQFJTIJ" TYPE="NULL"></ELEMENT>
<ELEMENT ID="CQFJTIK" PROMPT="Include In Gallery" STICKY="Y" ON="ON" TYPE="CHECKBOX" DATA="product:ebay:use_gallery" OFF=""></ELEMENT>
<ELEMENT ID="CQFJTIL" TYPE="FORMAT" TITLE="Ebay Options:" STYLE="TITLE"></ELEMENT>
<ELEMENT ID="CQFJTIM" VALUE="7" PROMPT="Duration" STICKY="Y" TYPE="SELECT" MANDATORY="Y" LOADFROM="merchant:ebay:duration" HELP="Please indicate the number of days between 3 and 10 that your auction should run." LIST="LENGTH" DATA="product:ebay:duration" COLS="30"></ELEMENT>
<ELEMENT ID="CQFJTIN" PROMPT="Bold Print" TYPE="CHECKBOX" HELP="Do you want this listing to be in bold print? (additional fees may apply)." DATA="product:ebay:bold"></ELEMENT>
<ELEMENT ID="CQFJTIO" PROMPT="Highlighted" TYPE="CHECKBOX" HELP="Do you want this listing to be highlighted? (additional fees may apply)." DATA="product:ebay:hilite"></ELEMENT>
<ELEMENT ID="CQFJTIP" PROMPT="Feature on Frontpage" TYPE="CHECKBOX" HELP="Should this item appear on the EBAY frontpage (additional fee may apply)" DATA="product:ebay:superfeature"></ELEMENT>
<ELEMENT ID="CQFJTIQ" PROMPT="Feature in Category" TYPE="CHECKBOX" HELP="Should this item appear as a feature in the specified EBAY category? (additional fee may apply)" DATA="product:ebay:feature"></ELEMENT>
<ELEMENT ID="CQFJTIR" TYPE="BLANK"></ELEMENT>
<ELEMENT ID="CQFJTIS" TYPE="NULL"></ELEMENT>
<ELEMENT ID="CQFJTIT" TYPE="FORMAT" TITLE="eBay/Paypal Checkout Information" STYLE="TITLE"></ELEMENT>
<ELEMENT ID="CQFJTIU" TYPE="FORMAT" STYLE="LABEL"><TITLE><![CDATA[
These settings will be used for eBay/Paypal Checkout. Unless you configure your Zoovy store to match these settings *exactly* we recommend you leave "Shipping Details" set to "See Item Description" which will disable the calculations. In the future we will be introducing additional features which make it easier to integrate Paypal and  eBay checkout with the Zoovy order management service.
]]></TITLE>
</ELEMENT>
<ELEMENT ID="CQFJTIV" VALUE="0" PROMPT="Shipping Details" TYPE="SELECT" LIST="SHIPDETAIL" DATA="merchant:ebay:checkoutdetails"></ELEMENT>
<ELEMENT ID="CQFJTIW" FORMAT="MONEY" PROMPT="Fixed: Store Shipping/Handling" TYPE="NUMBER" PRECISION="2" DATA="product:zoovy:ship_cost1" COLS="10" MINVALUE="0"></ELEMENT>
<ELEMENT ID="CQFJTIX" FORMAT="MONEY" PROMPT="Fixed: Store Additional Item Fee" TYPE="NUMBER" PRECISION="2" DATA="product:zoovy:ship_cost2" COLS="10" MINVALUE="0"></ELEMENT>
<ELEMENT ID="CQFJTIY" FORMAT="MONEY" PROMPT="Fixed: +eBay Only Shipping Markup" TYPE="NUMBER" HELP="Special fee only charged to eBay Buyers" PRECISION="2" DATA="product:zoovy:ship_markup" COLS="10" MINVALUE="0"></ELEMENT>
<ELEMENT ID="CQFJTIZ" PROMPT="Zone: Origin Zip Code" TYPE="TEXTBOX" LOADFROM="merchant:zoovy:zip" DATA="merchant:ebay:ship_zip" COLS="5"></ELEMENT>
<ELEMENT ID="CQFJTJA" VALUE="0" PROMPT="Zone: Irregular Package" ON="1" TYPE="CHECKBOX" DATA="product:ebay:ship_irregular" OFF="0"></ELEMENT>
<ELEMENT ID="CQFJTJB" PROMPT="Zone: Shipping Service" STICKY="Y" TYPE="SELECT" LOADFROM="merchant:ebay:ship_service" LIST="SHIPSERVICE" DATA="product:ebay:ship_service" COLS="25"></ELEMENT>
<ELEMENT ID="CQFJTJC" PROMPT="Zone: Package Type" STICKY="Y" TYPE="SELECT" LOADFROM="merchant:ebay:ship_type" LIST="PACKAGING" DATA="product:ebay:ship_type" COLS="25"></ELEMENT>
<ELEMENT ID="CQFJTJD" VALUE="" PROMPT="Zone: Product Weight" TYPE="TEXTBOX" LOADFROM="product:zoovy:base_weight" VALIDATION="WEIGHT" DATA="product:ebay:base_weight" COLS="5"><HELP><![CDATA[If you leave this field blank, the weight will default to the product weight (recommended). Use # for lbs.]]></HELP>
</ELEMENT>
<ELEMENT ID="CQFJTJE" PROMPT="Zone: Package Depth" TYPE="NUMBER" HELP=" Shipping depth for the item. Only used with calculated shipping." DATA="product:zoovy:prod_depth" COLS="5"></ELEMENT>
<ELEMENT ID="CQFJTJF" PROMPT="Zone: Package Length" TYPE="NUMBER" HELP=" Shipping length for the item. Only used with calculated shipping." DATA="product:zoovy:prod_length" COLS="5"></ELEMENT>
<ELEMENT ID="CQFJTJG" PROMPT="Zone: Package Width" TYPE="NUMBER" HELP=" Shipping width for the item. Only used with calculated shipping." DATA="product:zoovy:prod_width" COLS="5"></ELEMENT>
<ELEMENT ID="CQFJTJH" FORMAT="MONEY" PROMPT="Zone: Package Handling Fee" TYPE="NUMBER" LOADFROM="product:zoovy:shipcost" PRECISION="2" DATA="product:ebay:ship_handling" COLS="10" MINVALUE="0"></ELEMENT>
<ELEMENT ID="CQFJTJI" PROMPT="EXPERIMENTAL: Use eBay rates in Zoovy Checkout" ON="1" TYPE="CHECKBOX" DATA="product:ebay:calcshipping" OFF="0"></ELEMENT>
<ELEMENT ID="CQFJTJJ" PROMPT="Insurance" TYPE="SELECT" LIST="INSURANCE" DATA="merchant:ebay:insurance" COLS="25"></ELEMENT>
<ELEMENT ID="CQFJTJK" FORMAT="MONEY" VALUE="0" PROMPT="Insurance Amount" TYPE="NUMBER" MAXLENGTH="10" PRECISION="2" DATA="product:ebay:insurance_amount" MINVALUE="0" COLS="10"></ELEMENT>
<ELEMENT ID="CQFJTJL" TYPE="BLANK"></ELEMENT>
<ELEMENT ID="CQFJTJM" TYPE="NULL"></ELEMENT>
<ELEMENT ID="CQFJTJN" VALUE="blank" PROMPT="Auction Counter" STICKY="Y" TYPE="COUNTER" LOADFROM="merchant:ebay:counter" DATA="channel:ebay:counter"></ELEMENT>
<ELEMENT ID="CQFJTJO" TYPE="FORMAT" TITLE="When you're ready to launch just click the button below." STYLE="LABEL"></ELEMENT>
<ELEMENT ID="CQFJTJP" PROMPT="Click here to Review and Launch" TARGET="OMEGA" TYPE="BUTTON"></ELEMENT>

</TEMPLATE>