<TEMPLATE ID="fashionoutletma.listing" FORMAT="DEFINITION">
<LIST ID="CATEGORIES" TYPE="TEXT">
<OPT T="Adult Oriented" V="13"></OPT>
<OPT T="Boys Clothing" V="3"></OPT>
<OPT T="Everything Else" V="12"></OPT>
<OPT T="Girls Clothing" V="4"></OPT>
<OPT T="Hats" V="10"></OPT>
<OPT T="Infants" V="6"></OPT>
<OPT T="Jewelry" V="11"></OPT>
<OPT T="Mens Clothing" V="1"></OPT>
<OPT T="Shoes - Kids" V="9"></OPT>
<OPT T="Shoes - Mens" V="7"></OPT>
<OPT T="Shoes - Womens" V="8"></OPT>
<OPT T="Toddlers" V="5"></OPT>
<OPT T="Womens Clothing" V="2"></OPT>
</LIST>


<!-- ******* -->
<DIV ID="OMEGA">
<ELEMENT ID="CQFJTGG" TYPE="META" TEXT="FashionOutletMall.com Confirm Submission" STYLE="TITLE"></ELEMENT>
<ELEMENT ID="CQFJTGH" TYPE="META" STYLE="DESCRIPTION"><TEXT><![CDATA[
Please confirm the information below before this listing is submitted.
   ]]></TEXT>
</ELEMENT>
<ELEMENT ID="CQFJTGI" PROMPT="Product Name" TYPE="FORMAT" TITLE="" DATA="product:zoovy:prod_name" STYLE="BYVALUE"></ELEMENT>
<ELEMENT ID="CQFJTGJ" PROMPT="Product Price" TYPE="FORMAT" TITLE="" DATA="product:zoovy:base_price" STYLE="BYVALUE"></ELEMENT>
<ELEMENT ID="CQFJTGK" PROMPT="Product Keywords" TYPE="FORMAT" TITLE="" DATA="product:zoovy:keywords" STYLE="BYVALUE"></ELEMENT>
</DIV>




<!-- ******* -->
<ELEMENT ID="CQFJTGL" TYPE="META" TEXT="FashionOutletMall.com Data Entry" STYLE="TITLE"></ELEMENT>
<ELEMENT ID="CQFJTGM" TYPE="META" STYLE="DESCRIPTION"><TEXT><![CDATA[
Listings are completely FREE - however listing of non-fashion related items will result in all 
of your listings being terminated, and your account being banned. All listings will remain for 
30 days. Appropriate listings include anything you might wear or carry outside, or indoors. 
			]]></TEXT>
</ELEMENT>
<ELEMENT ID="CQFJTGN" TYPE="FORMAT" TITLE="Required Information" STYLE="TITLE"></ELEMENT>
<ELEMENT ID="CQFJTGO" PROMPT="Product Name" TYPE="TEXTBOX" MANDATORY="Y" DATA="product:zoovy:prod_name" COLS="100"></ELEMENT>
<ELEMENT ID="CQFJTGP" PROMPT="Classification" STICKY="Y" TYPE="SELECT" HELP="Please choose the most appropriate category" DATA="product:fashionoutletmall:category"></ELEMENT>
<ELEMENT ID="CQFJTGQ" MIN="0" PROMPT="Price in Dollars" TYPE="NUMBER" MANDATORY="Y" DECIMAL="Y" DATA="product:zoovy:base_price" COLS="10"></ELEMENT>
<ELEMENT ID="CQFJTGR" PROMPT="Thumbnail" TYPE="IMAGE" MANDATORY="Y" LOADFROM="product:zoovy:prod_image1" DATA="product:zoovy:prod_thumb"></ELEMENT>
<ELEMENT ID="CQFJTGS" PROMPT="Description" TYPE="TEXTAREA" MANDATORY="Y" DATA="product:zoovy:description"></ELEMENT>
<ELEMENT ID="CQFJTGT" PROMPT="Keywords" TYPE="TEXTAREA" HELP="Enter keywords, separated by a comma" DATA="product:zoovy:keywords"></ELEMENT>
<ELEMENT ID="CQFJTGU" PROMPT="Company Name" TYPE="TEXTBOX" HELP="This is your stores company name" DATA="merchant:zoovy:company_name"></ELEMENT>
<ELEMENT ID="CQFJTGV" PROMPT="Review and Launch" TARGET="OMEGA" TYPE="BUTTON"></ELEMENT>

</TEMPLATE>