<TEMPLATE ID="froogle.listing" FORMAT="DEFINITION">
<LIST ID="VIDEORATING" TYPE="TEXT">
<OPT T="G" V="G"></OPT>
<OPT T="NR" V="NR"></OPT>
<OPT T="Not Selected" V=""></OPT>
<OPT T="PG" V="PG"></OPT>
<OPT T="PG-13" V="PG-13"></OPT>
<OPT T="R" V="R"></OPT>
</LIST>
<LIST ID="BOOKFORMAT" TYPE="TEXT">
<OPT T="Audio DVD" V="DVD"></OPT>
<OPT T="Cassette" V="cassette"></OPT>
<OPT T="Hardcover" V="hardcover"></OPT>
<OPT T="Paperback" V="paperback"></OPT>
<OPT T="Unknown" V=""></OPT>
</LIST>
<LIST ID="MUSICFORMAT" TYPE="TEXT">
<OPT T="CD" V="CD"></OPT>
<OPT T="Cassette" V="cassette"></OPT>
<OPT T="LP" V="LP"></OPT>
<OPT T="Music DVD" V="DVD"></OPT>
<OPT T="Other" V="other"></OPT>
</LIST>
<LIST ID="VIDEOFORMAT" TYPE="TEXT">
<OPT T="DVD" V="DVD"></OPT>
<OPT T="Other" V="other"></OPT>
<OPT T="VHS" V="VHS"></OPT>
</LIST>


<!-- ******* -->
<DIV ID="VIDEO">
<ELEMENT ID="CQFJTGU" TYPE="META" STYLE="TITLE"><TEXT><![CDATA[
		Froogle Video Data Entry
			]]></TEXT>
</ELEMENT>
<ELEMENT ID="CQFJTGV" TYPE="META" STYLE="DESCRIPTION"><TEXT><![CDATA[
		By specifying these fields Froogle will treat this product as a Video
			]]></TEXT>
</ELEMENT>
<ELEMENT ID="CQFJTGW" PROMPT="Format" TYPE="SELECT" LIST="VIDEOFORMAT" DATA="product:zoovy:prod_format"></ELEMENT>
<ELEMENT ID="CQFJTGX" VALUE="" PROMPT="Rating" TYPE="SELECT" LIST="VIDEORATING" DATA="product:zoovy:prod_rating"></ELEMENT>
<ELEMENT ID="CQFJTGY" PROMPT="Director" TYPE="TEXTBOX" DATA="product:zoovy:prod_director" COLS="50"></ELEMENT>
<ELEMENT ID="CQFJTGZ" PROMPT="Release Date" TYPE="TEXTBOX" HELP="Date first released" DATA="product:zoovy:prod_releasedate" COLS="50"></ELEMENT>
<ELEMENT ID="CQFJTHA" PROMPT="Starring" TYPE="TEXTAREA" HELP="Enter star names, comma separated" ROWS="3" DATA="product:zoovy:prod_starring" COLS="50"></ELEMENT>
<ELEMENT ID="CQFJTHB" VALUE="VIDEO" TYPE="HIDDEN" DATA="product:froogle:prod_type"></ELEMENT>
<ELEMENT ID="CQFJTHC" PROMPT="Back to Data Entry" TARGET="ALPHA" TYPE="BUTTON"></ELEMENT>
</DIV>




<!-- ******* -->
<DIV ID="BOOK">
<ELEMENT ID="CQFJTHD" TYPE="META" STYLE="TITLE"><TEXT><![CDATA[
		Froogle Book Data Entry
			]]></TEXT>
</ELEMENT>
<ELEMENT ID="CQFJTHE" TYPE="META" STYLE="DESCRIPTION"><TEXT><![CDATA[
		By specifying these fields Froogle will treat this product as a Book
			]]></TEXT>
</ELEMENT>
<ELEMENT ID="CQFJTHF" VALUE="BOOK" TYPE="HIDDEN" DATA="product:froogle:prod_type"></ELEMENT>
<ELEMENT ID="CQFJTHG" PROMPT="ISBN" TYPE="TEXTBOX" DATA="product:zoovy:prod_isbn" COLS="50"></ELEMENT>
<ELEMENT ID="CQFJTHH" PROMPT="Format" TYPE="SELECT" LIST="BOOKFORMAT" DATA="product:zoovy:prod_format" COLS="50"></ELEMENT>
<ELEMENT ID="CQFJTHI" PROMPT="Author" TYPE="TEXTBOX" DATA="product:zoovy:prod_author" COLS="50"></ELEMENT>
<ELEMENT ID="CQFJTHJ" PROMPT="Publisher" TYPE="TEXTBOX" DATA="product:zoovy:prod_publisher" COLS="50"></ELEMENT>
<ELEMENT ID="CQFJTHK" PROMPT="Number of Pages" TYPE="NUMBER" DATA="product:zoovy:prod_pages" COLS="10"></ELEMENT>
<ELEMENT ID="CQFJTHL" PROMPT="Back to Data Entry" TARGET="ALPHA" TYPE="BUTTON"></ELEMENT>
</DIV>




<!-- ******* -->
<DIV ID="MUSIC">
<ELEMENT ID="CQFJTHM" TYPE="META" STYLE="TITLE"><TEXT><![CDATA[
		Froogle Music Data Entry
			]]></TEXT>
</ELEMENT>
<ELEMENT ID="CQFJTHN" TYPE="META" STYLE="DESCRIPTION"><TEXT><![CDATA[
		By specifying these fields Froogle will treat this product as Music.
			]]></TEXT>
</ELEMENT>
<ELEMENT ID="CQFJTHO" PROMPT="Format" TYPE="SELECT" LIST="MUSICFORMAT" DATA="product:zoovy:prod_format"></ELEMENT>
<ELEMENT ID="CQFJTHP" PROMPT="Artist" TYPE="TEXTBOX" DATA="product:zoovy:prod_artist" COLS="50"></ELEMENT>
<ELEMENT ID="CQFJTHQ" PROMPT="Release Date" TYPE="TEXTBOX" HELP="Date first released" DATA="product:zoovy:prod_releasedate" COLS="50"></ELEMENT>
<ELEMENT ID="CQFJTHR" VALUE="MUSIC" TYPE="HIDDEN" DATA="product:froogle:prod_type"></ELEMENT>
<ELEMENT ID="CQFJTHS" PROMPT="Back to Data Entry" TARGET="ALPHA" TYPE="BUTTON"></ELEMENT>
</DIV>




<!-- ******* -->
<ELEMENT ID="CQFJTHT" TYPE="META" TEXT="Froogle Data Entry" STYLE="TITLE"></ELEMENT>
<ELEMENT ID="CQFJTHU" TYPE="FORMAT" TITLE="Required Information" STYLE="TITLE"></ELEMENT>
<ELEMENT ID="CQFJTHV" VALUE="2" TYPE="HIDDEN" DATA="channel:froogle:version"></ELEMENT>
<ELEMENT ID="CQFJTHW" MIN="0" PROMPT="Shipping Price" TYPE="NUMBER" PRECISION="2" DATA="product:zoovy:ship_cost1" COLS="10"></ELEMENT>
<ELEMENT ID="CQFJTHX" PROMPT="Manufacturer" TYPE="TEXTBOX" DATA="product:zoovy:prod_mfg" COLS="50"></ELEMENT>
<ELEMENT ID="CQFJTHY" PROMPT="Brand" TYPE="TEXTBOX" DATA="product:zoovy:prod_brand" COLS="50"></ELEMENT>
<ELEMENT ID="CQFJTHZ" PROMPT="UPC" TYPE="TEXTBOX" DATA="product:zoovy:prod_upc" COLS="50"></ELEMENT>
<ELEMENT ID="CQFJTIA" PROMPT="Special Properties: Books Only" TARGET="BOOK" TYPE="BUTTON" HELP="Optional"></ELEMENT>
<ELEMENT ID="CQFJTIB" PROMPT="Special Properties: Videos Only" TARGET="VIDEO" TYPE="BUTTON" HELP="Optional"></ELEMENT>
<ELEMENT ID="CQFJTIC" PROMPT="Special Properties: Music Only" TARGET="MUSIC" TYPE="BUTTON" HELP="Optional"></ELEMENT>

</TEMPLATE>