<TEMPLATE ID="media.book" FORMAT="DEFINITION">
<LIST ID="LANGUAGE" TYPE="TEXT">
<OPT T="Chinese" V="CH"></OPT>
<OPT T="Elvish" V="EL"></OPT>
<OPT T="English" V="EN"></OPT>
<OPT T="Finnish" V="FI"></OPT>
<OPT T="French" V="FR"></OPT>
<OPT T="German" V="GR"></OPT>
<OPT T="Italian" V="IT"></OPT>
<OPT T="Japanese [English Characters]" V="JPe"></OPT>
<OPT T="Japanese [Kanji Characters]" V="JPk"></OPT>
<OPT T="Korean" V="KN"></OPT>
<OPT T="Other" V="-"></OPT>
<OPT T="Portugese/Tagalog" V="PO"></OPT>
<OPT T="Spanish" V="SP"></OPT>
<OPT T="Swedish" V="SW"></OPT>
<OPT T="Vietnamese" V="VT"></OPT>
</LIST>
<LIST ID="FORMAT" TYPE="TEXT">
<OPT T="Audio CD" V="Audio CD"></OPT>
<OPT T="Audio Tape" V="Audio Tape"></OPT>
<OPT T="Hardcover" V="Hardcover"></OPT>
<OPT T="Paperback" V="Paperback"></OPT>
</LIST>


<!-- ******* -->
<ELEMENT ID="CQFJTGW" TYPE="META" TEXT="Add a Book" STYLE="TITLE"></ELEMENT>
<ELEMENT ID="CQFJTGX" TYPE="META" STYLE="DESCRIPTION"><TEXT><![CDATA[
	The following fields are mandatory to create a book: ISBN, Title, Cover Image, Synopsis, Cover Price, Author, Publisher, Publish Year, Pages
   ]]></TEXT>
</ELEMENT>
<ELEMENT ID="CQFJTGY" PROMPT="ISBN/EAN" TYPE="TEXTBOX" MANDATORY="Y" MAXLENGTH="15" DATA="product:zoovy:prod_isbn" COLS="15"></ELEMENT>
<ELEMENT ID="CQFJTGZ" PROMPT="Publisher ID (optional)" TYPE="TEXTBOX" MAXLENGTH="15" DATA="product:zoovy:prod_mfgid" COLS="15"></ELEMENT>
<ELEMENT ID="CQFJTHA" VALUE="*P-book_default" TYPE="HIDDEN" DATA="product:zoovy:fl"></ELEMENT>
<ELEMENT ID="CQFJTHB" VALUE="BOOK" TYPE="HIDDEN" DATA="product:zoovy:catalog"></ELEMENT>
<ELEMENT ID="CQFJTHC" PROMPT="Book Title" TYPE="TEXTBOX" MANDATORY="Y" MAXLENGTH="255" DATA="product:zoovy:prod_name" COLS="80"></ELEMENT>
<ELEMENT ID="CQFJTHD" PROMPT="Book Cover" TYPE="IMAGE" MANDATORY="Y" DATA="product:zoovy:prod_image1"></ELEMENT>
<ELEMENT ID="CQFJTHE" PROMPT="Back Cover" TYPE="IMAGE" DATA="product:zoovy:prod_image2"></ELEMENT>
<ELEMENT ID="CQFJTHF" PROMPT="Synopsis" TYPE="TEXTAREA" MANDATORY="Y" OPTIONS="SPELL" ROWS="5" DATA="product:zoovy:prod_desc" SPELL="1" COLS="80"></ELEMENT>
<ELEMENT ID="CQFJTHG" PROMPT="MSRP/Cover Price" TYPE="NUMBER" MANDATORY="Y" PRECISION="2" DATA="product:zoovy:prod_msrp" COLS="6"></ELEMENT>
<ELEMENT ID="CQFJTHH" HINT="Last, First or First Last" PROMPT="Author" TYPE="TEXTBOX" MANDATORY="Y" MAXLENGTH="60" DATA="product:zoovy:prod_author" COLS="60"></ELEMENT>
<ELEMENT ID="CQFJTHI" PROMPT="Publisher" TYPE="TEXTBOX" MANDATORY="Y" MAXLENGTH="60" DATA="product:zoovy:prod_publisher" COLS="60"></ELEMENT>
<ELEMENT ID="CQFJTHJ" PROMPT="Genre (Unstructured)" TYPE="TEXTBOX" MAXLENGTH="60" DATA="product:zoovy:prod_ugenre" COLS="60"></ELEMENT>
<ELEMENT ID="CQFJTHK" MIN="1900" PROMPT="Year Published" MAX="2020" TYPE="NUMBER" MANDATORY="Y" MAXLENGTH="4" DATA="product:zoovy:prod_publishyear" COLS="4"></ELEMENT>
<ELEMENT ID="CQFJTHL" PROMPT="# of Pages" TYPE="NUMBER" MAXLENGTH="5" DATA="product:zoovy:prod_pages" COLS="6"></ELEMENT>
<ELEMENT ID="CQFJTHM" VALUE="EN" PROMPT="Format" TYPE="SELECT" LIST="FORMAT" DATA="product:zoovy:prod_format" COLS="30"></ELEMENT>
<ELEMENT ID="CQFJTHN" PROMPT="Language" TYPE="SELECT" LIST="LANGUAGE" DATA="product:zoovy:prod_language" COLS="30"></ELEMENT>
<ELEMENT ID="CQFJTHO" PROMPT="Oversized" ON="1" TYPE="CHECKBOX" DATA="product:zoovy:prod_oversized" OFF="0"></ELEMENT>
<ELEMENT ID="CQFJTHP" HINT="For technical books that include software" PROMPT="Includes Software" ON="1" TYPE="CHECKBOX" DATA="product:zoovy:prod_hassoftware" OFF="0"></ELEMENT>
<ELEMENT ID="CQFJTHQ" PROMPT="Reviews (optional)" TYPE="TEXTAREA" OPTIONS="SPELL" ROWS="5" DATA="product:zoovy:prod_detail" SPELL="1" COLS="80"></ELEMENT>
<ELEMENT ID="CQFJTHR" PROMPT="List of Chapters (optional)" TYPE="TEXTAREA" ROWS="10" DATA="product:zoovy:prod_chapters" COLS="50"></ELEMENT>

</TEMPLATE>