<TEMPLATE ID="media.cd" FORMAT="DEFINITION">
<LIST ID="LANGUAGE" TYPE="TEXT">
<OPT T="Bedowin Monk Chants" V="!"></OPT>
<OPT T="Chinese" V="CH"></OPT>
<OPT T="English" V="EN"></OPT>
<OPT T="Finnish" V="FI"></OPT>
<OPT T="French" V="FR"></OPT>
<OPT T="German" V="GR"></OPT>
<OPT T="Italian" V="IT"></OPT>
<OPT T="Japanese" V="JP"></OPT>
<OPT T="Korean" V="KN"></OPT>
<OPT T="Other" V="-"></OPT>
<OPT T="Portugese" V="PO"></OPT>
<OPT T="Spanish" V="SP"></OPT>
<OPT T="Swedish" V="SW"></OPT>
<OPT T="Vietnamese" V="VT"></OPT>
</LIST>
<LIST ID="FORMAT" TYPE="TEXT">
<OPT T="CD" V="CD"></OPT>
<OPT T="CD COMPILATION" V="CD Compliation"></OPT>
<OPT T="CD SINGLE" V="CD Single"></OPT>
</LIST>


<!-- ******* -->
<ELEMENT ID="CQFJTGU" TYPE="META" TEXT="Add a CD" STYLE="TITLE"></ELEMENT>
<ELEMENT ID="CQFJTGV" TYPE="META" STYLE="DESCRIPTION"><TEXT><![CDATA[
	The following fields are requried to be submitted UPC, Format, Language, Title, CD Cover, Artist, and Label
   ]]></TEXT>
</ELEMENT>
<ELEMENT ID="CQFJTGW" PROMPT="UPC" TYPE="TEXTBOX" MANDATORY="Y" MAXLENGTH="15" DATA="product:zoovy:prod_upc" COLS="15"></ELEMENT>
<ELEMENT ID="CQFJTGX" VALUE="CD" PROMPT="Format" TYPE="SELECT" LIST="FORMAT" DATA="product:zoovy:prod_format" COLS="15"></ELEMENT>
<ELEMENT ID="CQFJTGY" VALUE="EN" PROMPT="Language" TYPE="SELECT" LIST="LANGUAGE" DATA="product:zoovy:prod_language"></ELEMENT>
<ELEMENT ID="CQFJTGZ" VALUE="*P-cd_default" TYPE="HIDDEN" DATA="product:zoovy:fl"></ELEMENT>
<ELEMENT ID="CQFJTHA" VALUE="CD" TYPE="HIDDEN" DATA="product:zoovy:catalog"></ELEMENT>
<ELEMENT ID="CQFJTHB" PROMPT="Product Title" TYPE="TEXTBOX" MANDATORY="Y" MAXLENGTH="255" DATA="product:zoovy:prod_name" COLS="80"></ELEMENT>
<ELEMENT ID="CQFJTHC" PROMPT="Synopsis" TYPE="TEXTAREA" OPTIONS="SPELL" DATA="product:zoovy:prod_desc" SPELL="1"></ELEMENT>
<ELEMENT ID="CQFJTHD" PROMPT="CD Cover" TYPE="IMAGE" MANDATORY="Y" DATA="product:zoovy:prod_image1"></ELEMENT>
<ELEMENT ID="CQFJTHE" PROMPT="Artist" TYPE="TEXTBOX" MANDATORY="Y" MAXLENGTH="60" DATA="product:zoovy:prod_artist" COLS="60"></ELEMENT>
<ELEMENT ID="CQFJTHF" PROMPT="Label/Studio" TYPE="TEXTBOX" MAXLENGTH="60" DATA="product:zoovy:prod_label" COLS="60"></ELEMENT>
<ELEMENT ID="CQFJTHG" PROMPT="Release Date MM/DD/YYYY" TYPE="TEXTBOX" MAXLENGTH="10" DATA="product:zoovy:prod_release" COLS="10"></ELEMENT>
<ELEMENT ID="CQFJTHH" PROMPT="# of Tracks" TYPE="TEXTBOX" MAXLENGTH="5" DATA="product:zoovy:prod_tracks" COLS="5"></ELEMENT>
<ELEMENT ID="CQFJTHI" VALUE="-" PROMPT="Parental Advisory (Explicit Content)" ON="1" TYPE="CHECKBOX" DATA="product:zoovy:prod_advisory" OFF="0"></ELEMENT>
<ELEMENT ID="CQFJTHJ" HINT="Add keywords, or genre hints - completely optional" PROMPT="Genre (Unstructured)" TYPE="TEXTBOX" MAXLENGTH="60" DATA="product:zoovy:prod_ugenre" COLS="60"></ELEMENT>
<ELEMENT ID="CQFJTHK" PROMPT="Track List" TYPE="TEXTAREA" ROWS="10" DATA="product:zoovy:prod_tracklist" COLS="50"></ELEMENT>
<ELEMENT ID="CQFJTHL" PROMPT="Reviews" TYPE="TEXTAREA" ROWS="5" DATA="product:zoovy:prod_detail" COLS="80"></ELEMENT>

</TEMPLATE>