<TEMPLATE ID="media.vhs" FORMAT="DEFINITION">
<LIST ID="COLOR" TYPE="TEXT">
<OPT T="Black and White" V="BW"></OPT>
<OPT T="Color" V="COLOR"></OPT>
<OPT T="Unknown/Title" V=""></OPT>
</LIST>
<LIST ID="LANGUAGE" TYPE="TEXT">
<OPT T="Chinese" V="CH"></OPT>
<OPT T="English" V="EN"></OPT>
<OPT T="Finnish" V="FI"></OPT>
<OPT T="French" V="FR"></OPT>
<OPT T="German" V="GR"></OPT>
<OPT T="Italian" V="IT"></OPT>
<OPT T="Japanese" V="JP"></OPT>
<OPT T="Jive Talk" V="!"></OPT>
<OPT T="Korean" V="KN"></OPT>
<OPT T="Other" V="-"></OPT>
<OPT T="Portugese" V="PO"></OPT>
<OPT T="Spanish" V="SP"></OPT>
<OPT T="Swedish" V="SW"></OPT>
<OPT T="Vietnamese" V="VT"></OPT>
</LIST>
<LIST ID="RATING" TYPE="TEXT">
<OPT T="Adult (X)" V="X"></OPT>
<OPT T="G" V="G"></OPT>
<OPT T="NC-17" V="NC-17"></OPT>
<OPT T="Not Rated" V="NR"></OPT>
<OPT T="PG" V="PG"></OPT>
<OPT T="PG-13" V="PG-13"></OPT>
<OPT T="R" V="R"></OPT>
<OPT T="Unknown" V=""></OPT>
</LIST>
<LIST ID="SCREEN" TYPE="TEXT">
<OPT T="-" V=""></OPT>
<OPT T="Pan and Scan" V="Pan and Scan"></OPT>
<OPT T="Wide Screen" V="Wide Screen"></OPT>
</LIST>


<!-- ******* -->
<ELEMENT ID="CQFJTGU" TYPE="META" TEXT="Add a VHS" STYLE="TITLE"></ELEMENT>
<ELEMENT ID="CQFJTGV" TYPE="META" STYLE="DESCRIPTION"><TEXT><![CDATA[
   ]]></TEXT>
</ELEMENT>
<ELEMENT ID="CQFJTGW" PROMPT="UPC" TYPE="TEXTBOX" MANDATORY="Y" MAXLENGTH="15" DATA="product:zoovy:prod_upc" COLS="15"></ELEMENT>
<ELEMENT ID="CQFJTGX" VALUE="VHS" TYPE="HIDDEN" DATA="product:zoovy:prod_format"></ELEMENT>
<ELEMENT ID="CQFJTGY" VALUE="*P-vhs_default" TYPE="HIDDEN" DATA="product:zoovy:fl"></ELEMENT>
<ELEMENT ID="CQFJTGZ" PROMPT="Product Title" TYPE="TEXTBOX" MANDATORY="Y" MAXLENGTH="255" DATA="product:zoovy:prod_name" COLS="80"></ELEMENT>
<ELEMENT ID="CQFJTHA" PROMPT="Synopsis" TYPE="TEXTAREA" MANDATORY="Y" OPTIONS="SPELL" ROWS="5" DATA="product:zoovy:prod_desc" SPELL="1" COLS="80"></ELEMENT>
<ELEMENT ID="CQFJTHB" PROMPT="VHS Cover" TYPE="IMAGE" MANDATORY="Y" DATA="product:zoovy:prod_image1"></ELEMENT>
<ELEMENT ID="CQFJTHC" PROMPT="Back Cover" TYPE="IMAGE" DATA="product:zoovy:prod_image2"></ELEMENT>
<ELEMENT ID="CQFJTHD" VALUE="VHS" TYPE="HIDDEN" DATA="product:zoovy:catalog"></ELEMENT>
<ELEMENT ID="CQFJTHE" PROMPT="Producer" TYPE="TEXTBOX" MANDATORY="N" MAXLENGTH="60" DATA="product:zoovy:prod_producer" COLS="60"></ELEMENT>
<ELEMENT ID="CQFJTHF" PROMPT="Director" TYPE="TEXTBOX" MANDATORY="Y" MAXLENGTH="60" DATA="product:zoovy:prod_director" COLS="60"></ELEMENT>
<ELEMENT ID="CQFJTHG" PROMPT="Written By" TYPE="TEXTBOX" MAXLENGTH="60" DATA="product:zoovy:prod_writer" COLS="60"></ELEMENT>
<ELEMENT ID="CQFJTHH" PROMPT="Starring (one per line)" TYPE="TEXTAREA" ROWS="3" DATA="product:zoovy:prod_starring" COLS="60"></ELEMENT>
<ELEMENT ID="CQFJTHI" PROMPT="Cast (one per line)" TYPE="TEXTAREA" ROWS="3" DATA="product:zoovy:prod_cast" COLS="60"></ELEMENT>
<ELEMENT ID="CQFJTHJ" HINT="Add keywords, or genre hints - completely optional" PROMPT="Genre (Unstructured)" TYPE="TEXTBOX" MAXLENGTH="60" DATA="product:zoovy:prod_ugenre" COLS="60"></ELEMENT>
<ELEMENT ID="CQFJTHK" PROMPT="Running Time (min:sec)" TYPE="TEXTBOX" MAXLENGTH="10" DATA="product:zoovy:prod_runtime" COLS="10"></ELEMENT>
<ELEMENT ID="CQFJTHL" PROMPT="Screen Format" TYPE="SELECT" LIST="SCREEN" DATA="product:zoovy:prod_screen" COLS="30"></ELEMENT>
<ELEMENT ID="CQFJTHM" PROMPT="Original Release Year" TYPE="TEXTBOX" DATA="product:zoovy:prod_originalyear"></ELEMENT>
<ELEMENT ID="CQFJTHN" PROMPT="Video/VHS Release Date" TYPE="TEXTBOX" DATA="product:zoovy:prod_releaseyear"></ELEMENT>
<ELEMENT ID="CQFJTHO" PROMPT="MPAA Rating" TYPE="SELECT" LIST="RATING" DATA="product:zoovy:prod_rating"></ELEMENT>
<ELEMENT ID="CQFJTHP" PROMPT="Language" TYPE="SELECT" LIST="LANGUAGE" DATA="product:zoovy:prod_language"></ELEMENT>
<ELEMENT ID="CQFJTHQ" PROMPT="Color" TYPE="SELECT" LIST="COLOR" DATA="product:zoovy:prod_color"></ELEMENT>
<ELEMENT ID="CQFJTHR" PROMPT="Reviews" TYPE="TEXTAREA" OPTIONS="SPELL" ROWS="3" DATA="product:zoovy:prod_detail" SPELL="1" COLS="80"></ELEMENT>
<ELEMENT ID="CQFJTHS" PROMPT="Features (Detailed Description)" TYPE="TEXTAREA" ROWS="3" DATA="product:zoovy:prod_features" SPELL="1" COLS="80"></ELEMENT>

</TEMPLATE>