<TEMPLATE ID="media.dvd" FORMAT="DEFINITION">
<LIST ID="COUNTRY" TYPE="TEXT">
<OPT T="-" V="-"></OPT>
<OPT T="Afghanistan" V="AF"></OPT>
<OPT T="Albania" V="AL"></OPT>
<OPT T="Algeria" V="DZ"></OPT>
<OPT T="American Samoa" V="AZ"></OPT>
<OPT T="Andorra" V="AD"></OPT>
<OPT T="Angola" V="AO"></OPT>
<OPT T="Anguilla" V="AI"></OPT>
<OPT T="Argentina" V="AR"></OPT>
<OPT T="Armenia" V="AM"></OPT>
<OPT T="Aruba" V="AW"></OPT>
<OPT T="Australia" V="AU"></OPT>
<OPT T="Austria" V="AT"></OPT>
<OPT T="Azerbaijan" V="AZ"></OPT>
<OPT T="Bahamas" V="BS"></OPT>
<OPT T="Bahrain" V="BH"></OPT>
<OPT T="Bangladesh" V="BD"></OPT>
<OPT T="Barbados" V="BB"></OPT>
<OPT T="Belarus" V="BY"></OPT>
<OPT T="Belgium" V="BE"></OPT>
<OPT T="Belize" V="BZ"></OPT>
<OPT T="Benin" V="BJ"></OPT>
<OPT T="Bermuda" V="BM"></OPT>
<OPT T="Bhutan" V="BT"></OPT>
<OPT T="Bolivia" V="BO"></OPT>
<OPT T="Bonaire" V="AN"></OPT>
<OPT T="Botswana" V="BW"></OPT>
<OPT T="Brazil" V="BR"></OPT>
<OPT T="Bulgaria" V="BG"></OPT>
<OPT T="Burkina Faso" V="BF"></OPT>
<OPT T="Burundi" V="BI"></OPT>
<OPT T="Cambodia" V="KH"></OPT>
<OPT T="Cameroon" V="CM"></OPT>
<OPT T="Canada" V="CA"></OPT>
<OPT T="Chad" V="TD"></OPT>
<OPT T="Chile" V="CL"></OPT>
<OPT T="China" V="CN"></OPT>
<OPT T="Columbia" V="CO"></OPT>
<OPT T="Congo" V="CG"></OPT>
<OPT T="Croatia" V="HR"></OPT>
<OPT T="Curacao" V="AN"></OPT>
<OPT T="Cyprus" V="CY"></OPT>
<OPT T="Denmark" V="DK"></OPT>
<OPT T="Djibouti" V="DJ"></OPT>
<OPT T="Dominica" V="DM"></OPT>
<OPT T="Ecuador" V="EC"></OPT>
<OPT T="Egypt" V="EG"></OPT>
<OPT T="El Salvador" V="SV"></OPT>
<OPT T="Eritrea" V="ER"></OPT>
<OPT T="Estonia" V="EE"></OPT>
<OPT T="Ethiopia" V="ET"></OPT>
<OPT T="Finland" V="FI"></OPT>
<OPT T="France" V="FR"></OPT>
<OPT T="Gambia" V="GM"></OPT>
<OPT T="Georgia" V="GE"></OPT>
<OPT T="Germany" V="DE"></OPT>
<OPT T="Ghana" V="GH"></OPT>
<OPT T="Gibraltar" V="GI"></OPT>
<OPT T="Greece" V="GR"></OPT>
<OPT T="Greenland" V="GL"></OPT>
<OPT T="Grenada" V="GD"></OPT>
<OPT T="Guadeloupe" V="GP"></OPT>
<OPT T="Guatemala" V="GT"></OPT>
<OPT T="Guinea" V="GN"></OPT>
<OPT T="Guyana" V="GY"></OPT>
<OPT T="Haiti" V="HT"></OPT>
<OPT T="Honduras" V="HN"></OPT>
<OPT T="Hong Kong" V="HK"></OPT>
<OPT T="Hungary" V="HU"></OPT>
<OPT T="Iceland" V="IS"></OPT>
<OPT T="India" V="IN"></OPT>
<OPT T="Indonesia" V="ID"></OPT>
<OPT T="Israel" V="IL"></OPT>
<OPT T="Italy" V="IT"></OPT>
<OPT T="Ivory Coast" V="CI"></OPT>
<OPT T="Jamaica" V="JM"></OPT>
<OPT T="Japan" V="JP"></OPT>
<OPT T="Jordan" V="JO"></OPT>
<OPT T="Kazakhstan" V="KZ"></OPT>
<OPT T="Kenya" V="KE"></OPT>
<OPT T="Korea, South" V="KR"></OPT>
<OPT T="Kuwait" V="KW"></OPT>
<OPT T="Kyrgyzstan" V="KZ"></OPT>
<OPT T="Latvia" V="LV"></OPT>
<OPT T="Lebanon" V="LB"></OPT>
<OPT T="Lesotho" V="LS"></OPT>
<OPT T="Liberia" V="LR"></OPT>
<OPT T="Lithuania" V="LT"></OPT>
<OPT T="Luxembourg" V="LU"></OPT>
<OPT T="Macao" V="MO"></OPT>
<OPT T="Macedonia" V="MK"></OPT>
<OPT T="Madagascar" V="MG"></OPT>
<OPT T="Malawi" V="MW"></OPT>
<OPT T="Malaysia" V="MY"></OPT>
<OPT T="Maldives" V="MV"></OPT>
<OPT T="Malta" V="MT"></OPT>
<OPT T="Martinique" V="MQ"></OPT>
<OPT T="Mauritania" V="MR"></OPT>
<OPT T="Mauritius" V="MU"></OPT>
<OPT T="Mexico" V="MX"></OPT>
<OPT T="Micronesia" V="FM"></OPT>
<OPT T="Moldova" V="MD"></OPT>
<OPT T="Monaco" V="MC"></OPT>
<OPT T="Mongolia" V="MN"></OPT>
<OPT T="Montserrat" V="MS"></OPT>
<OPT T="Morocco" V="MA"></OPT>
<OPT T="Mozambique" V="MZ"></OPT>
<OPT T="Namibia" V="NA"></OPT>
<OPT T="Nepal" V="NP"></OPT>
<OPT T="Netherlands" V="NL"></OPT>
<OPT T="New Zealand" V="NZ"></OPT>
<OPT T="Nicaragua" V="NI"></OPT>
<OPT T="Niger" V="NE"></OPT>
<OPT T="Nigeria" V="NG"></OPT>
<OPT T="Norway" V="NO"></OPT>
<OPT T="Pakistan" V="PK"></OPT>
<OPT T="Palau" V="PW"></OPT>
<OPT T="Panama" V="PA"></OPT>
<OPT T="Paraguay" V="PY"></OPT>
<OPT T="Philippines" V="PH"></OPT>
<OPT T="Portugal" V="PT"></OPT>
<OPT T="Puerto Rico" V="PR"></OPT>
<OPT T="Qatar" V="QA"></OPT>
<OPT T="Romania" V="RO"></OPT>
<OPT T="Russia" V="RU"></OPT>
<OPT T="Rwanda" V="RW"></OPT>
<OPT T="Saipan" V="MP"></OPT>
<OPT T="Senegal" V="SN"></OPT>
<OPT T="Seychelles" V="SC"></OPT>
<OPT T="Sierra Leone" V="SL"></OPT>
<OPT T="Singapore" V="SG"></OPT>
<OPT T="Slovakia" V="SK"></OPT>
<OPT T="South Africa" V="ZA"></OPT>
<OPT T="Spain" V="ES"></OPT>
<OPT T="Sri Lanka" V="LK"></OPT>
<OPT T="St. Croix" V="VI"></OPT>
<OPT T="St. John" V="VI"></OPT>
<OPT T="St. Lucia" V="LC"></OPT>
<OPT T="St. Maarten" V="AN"></OPT>
<OPT T="St. Martin" V="AN"></OPT>
<OPT T="St. Thomas" V="VI"></OPT>
<OPT T="St. Vincent" V="VC"></OPT>
<OPT T="Sudan" V="SD"></OPT>
<OPT T="Suriname" V="SR"></OPT>
<OPT T="Swaziland" V="SZ"></OPT>
<OPT T="Sweden" V="SE"></OPT>
<OPT T="Switzerland" V="CH"></OPT>
<OPT T="Taiwan" V="TW"></OPT>
<OPT T="Tanzania" V="TZ"></OPT>
<OPT T="Thailand" V="TH"></OPT>
<OPT T="Tunisia" V="TN"></OPT>
<OPT T="Turkey" V="TR"></OPT>
<OPT T="Turkmenistan" V="TM"></OPT>
<OPT T="Uganda" V="UG"></OPT>
<OPT T="Ukraine" V="UA"></OPT>
<OPT T="United States" V="US"></OPT>
<OPT T="Uraguay" V="UY"></OPT>
<OPT T="Uzbekistan" V="UZ"></OPT>
<OPT T="Vanuatu" V="VU"></OPT>
<OPT T="Vatican City" V="VA"></OPT>
<OPT T="Venezuela" V="VE"></OPT>
<OPT T="Vietnam" V="VN"></OPT>
<OPT T="Wales" V="GB"></OPT>
<OPT T="Yemen" V="YE"></OPT>
<OPT T="Zaire" V="CG"></OPT>
<OPT T="Zambia" V="ZM"></OPT>
<OPT T="Zimbabwe" V="ZW"></OPT>
</LIST>
<LIST ID="COLOR" TYPE="TEXT">
<OPT T="-" V="-"></OPT>
<OPT T="Black and White" V="BW"></OPT>
<OPT T="Color" V="COLOR"></OPT>
</LIST>
<LIST ID="LANGUAGE" TYPE="TEXT">
<OPT T="Chinese" V="CH"></OPT>
<OPT T="English" V="EN"></OPT>
<OPT T="Finnish" V="FI"></OPT>
<OPT T="French" V="FR"></OPT>
<OPT T="German" V="GR"></OPT>
<OPT T="Italian" V="IT"></OPT>
<OPT T="Japanese" V="JP"></OPT>
<OPT T="Klingon" V="!"></OPT>
<OPT T="Korean" V="KN"></OPT>
<OPT T="Other" V="-"></OPT>
<OPT T="Portugese" V="PO"></OPT>
<OPT T="Spanish" V="SP"></OPT>
<OPT T="Swedish" V="SW"></OPT>
<OPT T="Vietnamese" V="VT"></OPT>
</LIST>
<LIST ID="RATING" TYPE="TEXT">
<OPT T="Adult (X)" V="X"></OPT>
<OPT T="G" V="G"></OPT>
<OPT T="NC-17" V="NC-17"></OPT>
<OPT T="Not Rated" V="NR"></OPT>
<OPT T="PG" V="PG"></OPT>
<OPT T="PG-13" V="PG-13"></OPT>
<OPT T="R" V="R"></OPT>
<OPT T="Unknown" V="-"></OPT>
</LIST>
<LIST ID="SCREEN" TYPE="TEXT">
<OPT T="-" V=""></OPT>
<OPT T="Anamorphic Wide Screen" V="Anamorphic Wide Screen"></OPT>
<OPT T="Pan and Scan" V="Pan and Scan"></OPT>
<OPT T="Wide Screen" V="Wide Screen"></OPT>
</LIST>
<LIST ID="REGIONS" TYPE="TEXT">
<OPT T="-" V="-"></OPT>
<OPT T="1" V="Region 1: US and Canada"></OPT>
<OPT T="2" V="Region 2: Europe, Japan, S Africa, Middle East"></OPT>
<OPT T="3" V="Region 3: Southeast Asia, East Asia"></OPT>
<OPT T="4" V="Region 4: Central/South America, Australia, and New Zealand"></OPT>
<OPT T="5" V="Region 5: Indian Subcontinent, Africa, and Russia"></OPT>
</LIST>


<!-- ******* -->
<ELEMENT ID="CQFJTGV" TYPE="META" TEXT="Add a DVD" STYLE="TITLE"></ELEMENT>
<ELEMENT ID="CQFJTGW" TYPE="META" STYLE="DESCRIPTION"><TEXT><![CDATA[
   ]]></TEXT>
</ELEMENT>
<ELEMENT ID="CQFJTGX" PROMPT="UPC" TYPE="TEXTBOX" MANDATORY="Y" MAXLENGTH="15" DATA="product:zoovy:prod_upc" COLS="15"></ELEMENT>
<ELEMENT ID="CQFJTGY" VALUE="DVD" TYPE="HIDDEN" DATA="product:zoovy:prod_format"></ELEMENT>
<ELEMENT ID="CQFJTGZ" VALUE="*P-dvd_default" TYPE="HIDDEN" DATA="product:zoovy:fl"></ELEMENT>
<ELEMENT ID="CQFJTHA" PROMPT="Product Title" TYPE="TEXTBOX" MANDATORY="Y" MAXLENGTH="255" DATA="product:zoovy:prod_name" COLS="80"></ELEMENT>
<ELEMENT ID="CQFJTHB" PROMPT="Synopsis" TYPE="TEXTAREA" MANDATORY="Y" OPTIONS="SPELL" ROWS="5" DATA="product:zoovy:prod_desc" SPELL="1" COLS="80"></ELEMENT>
<ELEMENT ID="CQFJTHC" PROMPT="DVD Cover" TYPE="IMAGE" MANDATORY="Y" DATA="product:zoovy:prod_image1"></ELEMENT>
<ELEMENT ID="CQFJTHD" PROMPT="Back Cover" TYPE="IMAGE" DATA="product:zoovy:prod_image2"></ELEMENT>
<ELEMENT ID="CQFJTHE" VALUE="DVD" TYPE="HIDDEN" DATA="product:zoovy:catalog"></ELEMENT>
<ELEMENT ID="CQFJTHF" PROMPT="Reviews" TYPE="TEXTAREA" OPTIONS="SPELL" ROWS="3" DATA="product:zoovy:prod_detail" SPELL="1" COLS="80"></ELEMENT>
<ELEMENT ID="CQFJTHG" PROMPT="Features (Detailed Description)" TYPE="TEXTAREA" ROWS="3" DATA="product:zoovy:prod_features" SPELL="1" COLS="80"></ELEMENT>
<ELEMENT ID="CQFJTHH" PROMPT="Producer" TYPE="TEXTBOX" MANDATORY="N" MAXLENGTH="60" DATA="product:zoovy:prod_producer" COLS="60"></ELEMENT>
<ELEMENT ID="CQFJTHI" PROMPT="Director" TYPE="TEXTBOX" MANDATORY="Y" MAXLENGTH="60" DATA="product:zoovy:prod_director" COLS="60"></ELEMENT>
<ELEMENT ID="CQFJTHJ" PROMPT="Written By" TYPE="TEXTBOX" MAXLENGTH="60" DATA="product:zoovy:prod_writer" COLS="60"></ELEMENT>
<ELEMENT ID="CQFJTHK" PROMPT="Starring (one per line)" TYPE="TEXTAREA" ROWS="3" DATA="product:zoovy:prod_starring" COLS="60"></ELEMENT>
<ELEMENT ID="CQFJTHL" PROMPT="Cast (one per line)" TYPE="TEXTAREA" ROWS="3" DATA="product:zoovy:prod_cast" COLS="60"></ELEMENT>
<ELEMENT ID="CQFJTHM" HINT="Add keywords, or genre hints - completely optional" PROMPT="Genre (Unstructured)" TYPE="TEXTBOX" MAXLENGTH="60" DATA="product:zoovy:prod_ugenre" COLS="60"></ELEMENT>
<ELEMENT ID="CQFJTHN" PROMPT="Running Time (min:sec)" TYPE="TEXTBOX" MAXLENGTH="10" DATA="product:zoovy:prod_runtime" COLS="10"></ELEMENT>
<ELEMENT ID="CQFJTHO" VALUE="" PROMPT="Screen Format" TYPE="SELECT" LIST="SCREEN" DATA="product:zoovy:prod_screen" COLS="30"></ELEMENT>
<ELEMENT ID="CQFJTHP" PROMPT="Original Release Year" TYPE="TEXTBOX" DATA="product:zoovy:prod_originalyear"></ELEMENT>
<ELEMENT ID="CQFJTHQ" PROMPT="Video/DVD Release Date" TYPE="TEXTBOX" DATA="product:zoovy:prod_releaseyear"></ELEMENT>
<ELEMENT ID="CQFJTHR" PROMPT="MPAA Rating" TYPE="SELECT" LIST="RATING" DATA="product:zoovy:prod_rating"></ELEMENT>
<ELEMENT ID="CQFJTHS" PROMPT="Country" TYPE="SELECT" LIST="COUNTRY" DATA="product:zoovy:prod_country"></ELEMENT>
<ELEMENT ID="CQFJTHT" PROMPT="Language" TYPE="SELECT" LIST="LANGUAGE" DATA="product:zoovy:prod_language"></ELEMENT>
<ELEMENT ID="CQFJTHU" PROMPT="Color" TYPE="SELECT" LIST="COLOR" DATA="product:zoovy:prod_color"></ELEMENT>
<ELEMENT ID="CQFJTHV" PROMPT="Region Encoding" TYPE="SELECT" LIST="REGIONS" DATA="product:zoovy:prod_region" COLS="60"></ELEMENT>
<ELEMENT ID="CQFJTHW" PROMPT="Sound: Stereo Encoding" ON="1" TYPE="CHECKBOX" DATA="product:zoovy:prod_sound_stereo" OFF="0"></ELEMENT>
<ELEMENT ID="CQFJTHX" PROMPT="Sound: AC3 Encoding" ON="1" TYPE="CHECKBOX" DATA="product:zoovy:prod_sound_ac3" OFF="0"></ELEMENT>
<ELEMENT ID="CQFJTHY" PROMPT="Sound: CX Encoding" ON="1" TYPE="CHECKBOX" DATA="product:zoovy:prod_sound_cx" OFF="0"></ELEMENT>
<ELEMENT ID="CQFJTHZ" PROMPT="Sound: DTS Encoding" ON="1" TYPE="CHECKBOX" DATA="product:zoovy:prod_sound_dts" OFF="0"></ELEMENT>
<ELEMENT ID="CQFJTIA" PROMPT="Sound: Dolby Encoding" ON="1" TYPE="CHECKBOX" DATA="product:zoovy:prod_sound_dolby" OFF="0"></ELEMENT>
<ELEMENT ID="CQFJTIB" PROMPT="Sound: THX Mastered" ON="1" TYPE="CHECKBOX" DATA="product:zoovy:prod_sound_thx" OFF="0"></ELEMENT>

</TEMPLATE>