<TEMPLATE ID="mysimon.listing" FORMAT="DEFINITION">


<!-- ******* -->
<ELEMENT ID="CQFJTGU" TYPE="META" TEXT="MySimon Listing" STYLE="TITLE"></ELEMENT>
<ELEMENT ID="CQFJTGV" TYPE="META" STYLE="DESCRIPTION"><TEXT><![CDATA[
   ]]></TEXT>
</ELEMENT>
<ELEMENT ID="CQFJTGW" TYPE="BLANK"></ELEMENT>
<ELEMENT ID="CQFJTGX" TYPE="FORMAT" TITLE="Basic Information:" STYLE="TITLE"></ELEMENT>
<ELEMENT ID="CQFJTGY" TYPE="FORMAT" TITLE="Please complete all the fields." STYLE="LABEL"></ELEMENT>
<ELEMENT ID="CQFJTGZ" PROMPT="NexTag Title" TYPE="TEXTBOX" MANDATORY="Y" TITLE="1" HELP="" MAXLENGTH="55" DATA="product:zoovy:prod_name" COLS="55"></ELEMENT>
<ELEMENT ID="CQFJTHA" TYPE="TEXTAREA" MANDATORY="Y" MAXLENGTH="50000" HELP="Please enter a description for your item." ROWS="10" DATA="product:zoovy:prod_desc" COLS="80"></ELEMENT>
<ELEMENT ID="CQFJTHB" PROMPT="Manufacturer Part #" TYPE="TEXTBOX" DATA="product:zoovy:prod_mfgid" COLS="25"></ELEMENT>
<ELEMENT ID="CQFJTHC" PROMPT="Suggested Retail Price" TYPE="TEXTBOX" DATA="product:zoovy:prod_msrp" COLS="10"></ELEMENT>
<ELEMENT ID="CQFJTHD" PROMPT="UPC" TYPE="TEXTBOX" DATA="product:zoovy:prod_upc" COLS="15"></ELEMENT>
<ELEMENT ID="CQFJTHE" PROMPT="Marketing Message" TYPE="TEXTBOX" DATA="product:zoovy:prod_promotxt" COLS="80"></ELEMENT>
<ELEMENT ID="CQFJTHF" PROMPT="Warranty" TYPE="TEXTAREA" ROWS="10" DATA="product:zoovy:prod_warranty" COLS="80"></ELEMENT>
<ELEMENT ID="CQFJTHG" PROMPT="Tech Feed: MUZE ID" TYPE="TEXTBOX" DATA="product:nextag:muze_id" COLS="80"></ELEMENT>
<ELEMENT ID="CQFJTHH" PROMPT="Tech Feed: CPC Rate" TYPE="TEXTBOX" DATA="product:nextag:cpc_rate" COLS="80"></ELEMENT>
<ELEMENT ID="CQFJTHI" PROMPT="Tech Feed: Max CPC " TYPE="TEXTBOX" DATA="product:nextag:max_cpc" COLS="80"></ELEMENT>
<ELEMENT ID="CQFJTHJ" PROMPT="Tech Feed: Condition" TYPE="TEXTBOX" DATA="product:zoovy:prod_condition" COLS="80"></ELEMENT>

</TEMPLATE>