<TEMPLATE ID="nextag.listing" FORMAT="DEFINITION">


<!-- ******* -->
<ELEMENT ID="CQFJSTD" TYPE="META" TEXT="NexTag Listing" STYLE="TITLE"></ELEMENT>
<ELEMENT ID="CQFJSTE" TYPE="META" STYLE="DESCRIPTION"><TEXT><![CDATA[
   ]]></TEXT>
</ELEMENT>
<ELEMENT ID="CQFJSTF" TYPE="BLANK"></ELEMENT>
<ELEMENT ID="CQFJSTG" TYPE="FORMAT" TITLE="Basic Information:" STYLE="TITLE"></ELEMENT>
<ELEMENT ID="CQFJSTH" TYPE="FORMAT" TITLE="Please complete all the fields." STYLE="LABEL"></ELEMENT>
<ELEMENT ID="CQFJSTI" PROMPT="NexTag Title" TYPE="TEXTBOX" MANDATORY="Y" TITLE="1" HELP="" MAXLENGTH="55" DATA="product:zoovy:prod_name" COLS="55"></ELEMENT>
<ELEMENT ID="CQFJSTJ" TYPE="TEXTAREA" MANDATORY="Y" MAXLENGTH="50000" HELP="Please enter a description for your item." ROWS="10" DATA="product:zoovy:prod_desc" COLS="80"></ELEMENT>
<ELEMENT ID="CQFJSTK" PROMPT="Manufacturer Part #" TYPE="TEXTBOX" DATA="product:zoovy:prod_mfgid" COLS="25"></ELEMENT>
<ELEMENT ID="CQFJSTL" PROMPT="Suggested Retail Price" TYPE="TEXTBOX" DATA="product:zoovy:prod_msrp" COLS="10"></ELEMENT>
<ELEMENT ID="CQFJSTM" PROMPT="UPC" TYPE="TEXTBOX" DATA="product:zoovy:prod_upc" COLS="15"></ELEMENT>
<ELEMENT ID="CQFJSTN" PROMPT="Marketing Message" TYPE="TEXTBOX" DATA="product:zoovy:prod_promotxt" COLS="80"></ELEMENT>
<ELEMENT ID="CQFJSTO" PROMPT="Warranty" TYPE="TEXTAREA" ROWS="10" DATA="product:zoovy:prod_warranty" COLS="80"></ELEMENT>
<ELEMENT ID="CQFJSTP" PROMPT="Tech Feed: MUZE ID" TYPE="TEXTBOX" DATA="product:nextag:muze_id" COLS="80"></ELEMENT>
<ELEMENT ID="CQFJSTQ" PROMPT="Tech Feed: CPC Rate" TYPE="TEXTBOX" DATA="product:nextag:cpc_rate" COLS="80"></ELEMENT>
<ELEMENT ID="CQFJSTR" PROMPT="Tech Feed: Max CPC " TYPE="TEXTBOX" DATA="product:nextag:max_cpc" COLS="80"></ELEMENT>
<ELEMENT ID="CQFJSTS" PROMPT="Tech Feed: Condition" TYPE="TEXTBOX" DATA="product:zoovy:prod_condition" COLS="80"></ELEMENT>

</TEMPLATE>