<TEMPLATE ID="pricegrabber.listing" FORMAT="DEFINITION">
<LIST ID="SHIPMETHODS" TYPE="TEXT">
<OPT T="Use Fixed Price" V="FIXED"></OPT>
</LIST>
<LIST ID="CONDITION" TYPE="TEXT">
<OPT T="Generic - 3rd Party" V="generic"></OPT>
<OPT T="Like New" V="like_new"></OPT>
<OPT T="New" V="_new"></OPT>
<OPT T="Not Working" V="not_working"></OPT>
<OPT T="OEM" V="oem"></OPT>
<OPT T="Refurbished" V="refurbished"></OPT>
<OPT T="Used - Acceptable" V="used_acceptable"></OPT>
<OPT T="Used - Good" V="used_good"></OPT>
<OPT T="Used - Very Good" V="used_verygood"></OPT>
</LIST>


<!-- ******* -->
<ELEMENT ID="CQFJSUE" TYPE="META" TEXT="PriceGrabber Listing" STYLE="TITLE"></ELEMENT>
<ELEMENT ID="CQFJSUF" TYPE="META" STYLE="DESCRIPTION"><TEXT><![CDATA[
THIS IS CURRENTLY IN BETA.
Users must have an account with pricegrabber with a credit card on file and payment options configured.
Each listing must have one of the following to match up with specific products in our database.
	]]></TEXT>
</ELEMENT>
<ELEMENT ID="CQFJSUG" PROMPT="Condition" TYPE="SELECT" LOADFROM="product:zoovy:prod_condition" LIST="CONDITION" DATA="product:pricegrabber:condition"></ELEMENT>
<ELEMENT ID="CQFJSUH" TYPE="FORMAT" TITLE="Product Identification:" STYLE="TITLE"></ELEMENT>
<ELEMENT ID="CQFJSUI" TYPE="FORMAT" STYLE="LABEL"><TITLE><![CDATA[Please provide the following information (if available) to help PriceGrabber place this item in the correct category.]]></TITLE>
</ELEMENT>
<ELEMENT ID="CQFJSUJ" PROMPT="Manufacturer" TYPE="TEXTBOX" DATA="product:zoovy:prod_mfg" COLS="25"></ELEMENT>
<ELEMENT ID="CQFJSUK" PROMPT="Manufacturer Part No" TYPE="TEXTBOX" DATA="product:zoovy:prod_mfgid" COLS="25"></ELEMENT>
<ELEMENT ID="CQFJSUL" PROMPT="UPC" TYPE="TEXTBOX" DATA="product:zoovy:prod_upc" COLS="25"></ELEMENT>
<ELEMENT ID="CQFJSUM" PROMPT="ISBN" TYPE="TEXTBOX" DATA="product:zoovy:prod_isbn" COLS="25"></ELEMENT>
<ELEMENT ID="CQFJSUN" PROMPT="PriceGrabber Master ID" TYPE="TEXTBOX" DATA="product:pricegrabber:masterid" COLS="25"></ELEMENT>
<ELEMENT ID="CQFJSUO" TYPE="FORMAT" TITLE="Shipping Information:" STYLE="TITLE"></ELEMENT>
<ELEMENT ID="CQFJSUP" TYPE="FORMAT" TITLE="Enter the price for the shipping options below. shipping options left blank will not be included." STYLE="LABEL"></ELEMENT>
<ELEMENT ID="CQFJSUQ" PROMPT="Fixed Shipping Cost" TYPE="NUMBER" MAXLENGTH="6" HELP="Required for zone based methods" PRECISION="2" DATA="product:zoovy:ship_cost1"></ELEMENT>

</TEMPLATE>