<TEMPLATE ID="yshop.listing" FORMAT="DEFINITION">
<LIST ID="CONDITION" TYPE="TEXT">
<OPT T="acceptable" V="acceptable"></OPT>
<OPT T="good" V="good"></OPT>
<OPT T="like new" V="like new"></OPT>
<OPT T="new" V="new"></OPT>
<OPT T="very good" V="very good"></OPT>
</LIST>
<LIST ID="CLASSIFICATION" TYPE="TEXT">
<OPT T="damaged" V="damaged"></OPT>
<OPT T="liquidation" V="liquidation"></OPT>
<OPT T="new" V="new"></OPT>
<OPT T="open box" V="open box"></OPT>
<OPT T="overstock" V="overstock"></OPT>
<OPT T="refurbished" V="refurbished"></OPT>
<OPT T="returned" V="returned"></OPT>
<OPT T="used" V="used"></OPT>
</LIST>


<!-- ******* -->
<DIV ID="BOOKINFO">
<ELEMENT ID="CQFJTGI" TYPE="META" STYLE="TITLE"><TEXT><![CDATA[Books
			]]></TEXT>
</ELEMENT>
<ELEMENT ID="CQFJTGJ" TYPE="META" STYLE="DESCRIPTION"><TEXT><![CDATA[
	Additional information on books
			]]></TEXT>
</ELEMENT>
<ELEMENT ID="CQFJTGK" TYPE="FORMAT" TITLE="Book Fields:" STYLE="TITLE"></ELEMENT>
<ELEMENT ID="CQFJTGL" PROMPT="ISBN" TYPE="TEXTBOX" DATA="product:zoovy:prod_isbn"></ELEMENT>
<ELEMENT ID="CQFJTGM" PROMPT="Condition" TYPE="SELECT" HELP="Please select the most appropriate condition" LIST="CONDITION" DATA="product:zoovy:condition"></ELEMENT>
<ELEMENT ID="CQFJTGN" VALUE="BOOK" TYPE="HIDDEN" DATA="product:zoovy:catalog"></ELEMENT>
<ELEMENT ID="CQFJTGO" PROMPT="Back to Edit" TARGET="ALPHA" TYPE="BUTTON"></ELEMENT>
</DIV>




<!-- ******* -->
<DIV ID="MUSICINFO">
<ELEMENT ID="CQFJTGP" TYPE="META" STYLE="TITLE"><TEXT><![CDATA[Music
			]]></TEXT>
</ELEMENT>
<ELEMENT ID="CQFJTGQ" TYPE="META" STYLE="DESCRIPTION"><TEXT><![CDATA[
	Additional information on Music
			]]></TEXT>
</ELEMENT>
<ELEMENT ID="CQFJTGR" TYPE="FORMAT" TITLE="Music Fields:" STYLE="TITLE"></ELEMENT>
<ELEMENT ID="CQFJTGS" PROMPT="Music Information" TARGET="MUSICINFO" TYPE="BUTTON"></ELEMENT>
<ELEMENT ID="CQFJTGT" PROMPT="Media Format" TYPE="SELECT" HELP="Select the appropriate format" LIST="FORMAT" DATA="product:zoovy:prod_format"></ELEMENT>
<ELEMENT ID="CQFJTGU" PROMPT="Artist Name" TYPE="TEXTBOX" DATA="product:zoovy:prod_artist"></ELEMENT>
<ELEMENT ID="CQFJTGV" PROMPT="Release Date (MM/DD/YYYY)" TYPE="TEXTBOX" DATA="product:zoovy:prod_release"></ELEMENT>
<ELEMENT ID="CQFJTGW" VALUE="CD" TYPE="HIDDEN" DATA="product:zoovy:catalog"></ELEMENT>
<ELEMENT ID="CQFJTGX" PROMPT="Back to Edit" TARGET="ALPHA" TYPE="BUTTON"></ELEMENT>
</DIV>




<!-- ******* -->
<DIV ID="MOVIEINFO">
<ELEMENT ID="CQFJTGY" TYPE="META" STYLE="TITLE"><TEXT><![CDATA[Movies
			]]></TEXT>
</ELEMENT>
<ELEMENT ID="CQFJTGZ" TYPE="META" STYLE="DESCRIPTION"><TEXT><![CDATA[
	Additional information on movies
			]]></TEXT>
</ELEMENT>
<ELEMENT ID="CQFJTHA" TYPE="FORMAT" TITLE="Movies:" STYLE="TITLE"></ELEMENT>
<ELEMENT ID="CQFJTHB" PROMPT="Movie Information" TARGET="MOVIEINFO" TYPE="BUTTON"></ELEMENT>
<ELEMENT ID="CQFJTHC" PROMPT="Director" TYPE="TEXTBOX" HELP="Format: First Name Last Name" DATA="product:zoovy:prod_director"></ELEMENT>
<ELEMENT ID="CQFJTHD" PROMPT="Actors" TYPE="TEXTBOX" HELP="Format: First Last, First Last, .." DATA="product:zoovy:prod_starring"></ELEMENT>
<ELEMENT ID="CQFJTHE" PROMPT="Rating" TYPE="TEXTBOX" HELP="" DATA="product:zoovy:prod_rating"></ELEMENT>
<ELEMENT ID="CQFJTHF" PROMPT="Release Date" TYPE="TEXTBOX" HELP="Format: MM/DD/YYYY" DATA="product:zoovy:prod_releaseyear"></ELEMENT>
<ELEMENT ID="CQFJTHG" PROMPT="Color" TYPE="TEXTBOX" HELP="Format: " DATA="product:zoovy:prod_screen"></ELEMENT>
<ELEMENT ID="CQFJTHH" PROMPT="Language" TYPE="TEXTBOX" DATA="product:zoovy:prod_language"></ELEMENT>
<ELEMENT ID="CQFJTHI" PROMPT="Back to Edit" TARGET="ALPHA" TYPE="BUTTON"></ELEMENT>
</DIV>




<!-- ******* -->
<ELEMENT ID="CQFJTHJ" TYPE="META" TEXT="Yahoo Shopping" STYLE="TITLE"></ELEMENT>
<ELEMENT ID="CQFJTHK" PROMPT="Yahoo Shopping Category" TYPE="TEXTBOX" DATA="product:yshop:category"></ELEMENT>
<ELEMENT ID="CQFJTHL" PROMPT="Yahoo Shopping Condition" TYPE="SELECT" LIST="CONDITION" DATA="product:yshop:prod_condition"></ELEMENT>
<ELEMENT ID="CQFJTHM" PROMPT="Yahoo Shopping Classification" TYPE="SELECT" LIST="CLASSIFICATION" DATA="product:yshop:prod_class"></ELEMENT>
<ELEMENT ID="CQFJTHN" SIZE="10" MIN="0" PROMPT="Yahoo Shopping Availabililty (in days)" MAX="365" TYPE="NUMBER" DATA="product:yshop:prod_avail"></ELEMENT>
<ELEMENT ID="CQFJTHO" SIZE="15" PROMPT="Yahoo Shopping EAN" TYPE="TEXTBOX" DATA="product:yshop:prod_ean"></ELEMENT>
<ELEMENT ID="CQFJTHP" LENGTH="20" PROMPT="Manufacturers SKU" TYPE="TEXTBOX" DATA="product:zoovy:prod_mfgid"></ELEMENT>
<ELEMENT ID="CQFJTHQ" HINT="example: Sony" LENGTH="20" PROMPT="Manufacturers Name" TYPE="TEXTBOX" DATA="product:zoovy:prod_mfg"></ELEMENT>
<ELEMENT ID="CQFJTHR" LENGTH="15" PROMPT="UPC" TYPE="TEXTBOX" DATA="product:zoovy:prod_upc"></ELEMENT>
<ELEMENT ID="CQFJTHS" PROMPT="Edit Book Properties" TARGET="BOOKINFO" TYPE="BUTTON"></ELEMENT>
<ELEMENT ID="CQFJTHT" PROMPT="Edit Music Properties" TARGET="MUSICINFO" TYPE="BUTTON"></ELEMENT>
<ELEMENT ID="CQFJTHU" PROMPT="Edit Movie Properties" TARGET="MOVIEINFO" TYPE="BUTTON"></ELEMENT>
<ELEMENT ID="CQFJTHV" TYPE="BLANK"></ELEMENT>

</TEMPLATE>