<TEMPLATE ID="baggy" FORMAT="WRAPPER">


<!-- ******* -->
<ELEMENT ID="CQDPNIG" SUB="LINK_VISITED_TEXT_COLOR" TYPE="READONLY" LOAD="THEME::LINK_VISITED_TEXT_COLOR" RAW="1"></ELEMENT>
<ELEMENT ID="CQDPNIH" SUB="TABLE_HEADING_FONT_SIZE" TYPE="READONLY" LOAD="THEME::TABLE_HEADING_FONT_SIZE" RAW="1"></ELEMENT>
<ELEMENT ID="CQDPNII" SUB="DISCLAIMER_FONT_SIZE" TYPE="READONLY" LOAD="THEME::DISCLAIMER_FONT_SIZE" RAW="1"></ELEMENT>
<ELEMENT ID="CQDPNIJ" SUB="CONTENT_BACKGROUND_COLOR" TYPE="READONLY" LOAD="THEME::CONTENT_BACKGROUND_COLOR" RAW="1"></ELEMENT>
<ELEMENT ID="CQDPNIK" SUB="TABLE_LISTING_BACKGROUND_COLOR" TYPE="READONLY" LOAD="THEME::TABLE_LISTING_BACKGROUND_COLOR" RAW="1"></ELEMENT>
<ELEMENT ID="CQDPNIL" SUB="CONTENT_TEXT_COLOR" TYPE="READONLY" LOAD="THEME::CONTENT_TEXT_COLOR" RAW="1"></ELEMENT>
<ELEMENT ID="CQDPNIM" SUB="TABLE_LISTING_FONT_SIZE" TYPE="READONLY" LOAD="THEME::TABLE_LISTING_FONT_SIZE" RAW="1"></ELEMENT>
<ELEMENT ID="CQDPNIN" SUB="TABLE_LISTING_TEXT_COLOR" TYPE="READONLY" LOAD="THEME::TABLE_LISTING_TEXT_COLOR" RAW="1"></ELEMENT>
<ELEMENT ID="CQDPNIO" SUB="TABLE_LISTING_FONT_FACE" TYPE="READONLY" LOAD="THEME::TABLE_LISTING_FONT_FACE" RAW="1"></ELEMENT>
<ELEMENT ID="CQDPNIP" SUB="CONTENT_FONT_FACE" TYPE="READONLY" LOAD="THEME::CONTENT_FONT_FACE" RAW="1"></ELEMENT>
<ELEMENT ID="CQDPNIQ" SUB="NAME" TYPE="READONLY" LOAD="THEME::NAME" RAW="1"></ELEMENT>
<ELEMENT ID="CQDPNIR" SUB="DISCLAIMER_FONT_FACE" TYPE="READONLY" LOAD="THEME::DISCLAIMER_FONT_FACE" RAW="1"></ELEMENT>
<ELEMENT ID="CQDPNIS" SUB="PRETTY_NAME" TYPE="READONLY" LOAD="THEME::PRETTY_NAME" RAW="1"></ELEMENT>
<ELEMENT ID="CQDPNIT" SUB="TABLE_HEADING_BACKGROUND_COLOR" TYPE="READONLY" LOAD="THEME::TABLE_HEADING_BACKGROUND_COLOR" RAW="1"></ELEMENT>
<ELEMENT ID="CQDPNIU" SUB="TABLE_LISTING_BACKGROUND_COLOR_ALTERNATE" TYPE="READONLY" LOAD="THEME::TABLE_LISTING_BACKGROUND_COLOR_ALTERNATE" RAW="1"></ELEMENT>
<ELEMENT ID="CQDPNIV" SUB="LINK_ACTIVE_TEXT_COLOR" TYPE="READONLY" LOAD="THEME::LINK_ACTIVE_TEXT_COLOR" RAW="1"></ELEMENT>
<ELEMENT ID="CQDPNIW" SUB="CONTENT_FONT_SIZE" TYPE="READONLY" LOAD="THEME::CONTENT_FONT_SIZE" RAW="1"></ELEMENT>
<ELEMENT ID="CQDPNIX" SUB="ALERT_COLOR" TYPE="READONLY" LOAD="THEME::ALERT_COLOR" RAW="1"></ELEMENT>
<ELEMENT ID="CQDPNIY" SUB="DISCLAIMER_BACKGROUND_COLOR" TYPE="READONLY" LOAD="THEME::DISCLAIMER_BACKGROUND_COLOR" RAW="1"></ELEMENT>
<ELEMENT ID="CQDPNIZ" SUB="TABLE_HEADING_FONT_FACE" TYPE="READONLY" LOAD="THEME::TABLE_HEADING_FONT_FACE" RAW="1"></ELEMENT>
<ELEMENT ID="CQDPNJA" SUB="TABLE_HEADING_TEXT_COLOR" TYPE="READONLY" LOAD="THEME::TABLE_HEADING_TEXT_COLOR" RAW="1"></ELEMENT>
<ELEMENT ID="CQDPNJB" SUB="DISCLAIMER_TEXT_COLOR" TYPE="READONLY" LOAD="THEME::DISCLAIMER_TEXT_COLOR" RAW="1"></ELEMENT>
<ELEMENT ID="CQDPNJC" SUB="LINK_TEXT_COLOR" TYPE="READONLY" LOAD="THEME::LINK_TEXT_COLOR" RAW="1"></ELEMENT>
<ELEMENT ID="CQDPNJD" SUB="HOMECATEGORY_URL" TYPE="READONLY" LOAD="URL::HOMECATEGORY_URL" RAW="1"></ELEMENT>
<ELEMENT ID="CQDPNJE" SUB="WRAPPER_URL" TYPE="READONLY" LOAD="URL::WRAPPER_URL" RAW="1"></ELEMENT>
<ELEMENT ID="CQDPNJF" SUB="CART_URL" TYPE="READONLY" LOAD="URL::CART_URL" RAW="1"></ELEMENT>
<ELEMENT ID="CQDPNJG" SUB="SUBSCRIBE_URL" TYPE="READONLY" LOAD="URL::SUBSCRIBE_URL" RAW="1"></ELEMENT>
<ELEMENT ID="CQDPNJH" SUB="FEEDBACK_URL" TYPE="READONLY" LOAD="URL::FEEDBACK_URL" RAW="1"></ELEMENT>
<ELEMENT ID="CQDPNJI" SUB="LOGOUT_FUNCTION_URL" TYPE="READONLY" LOAD="URL::LOGOUT_FUNCTION_URL" RAW="1"></ELEMENT>
<ELEMENT ID="CQDPNJJ" SUB="SHIPQUOTE_URL" TYPE="READONLY" LOAD="URL::SHIPQUOTE_URL" RAW="1"></ELEMENT>
<ELEMENT ID="CQDPNJK" SUB="PRIVACY_URL" TYPE="READONLY" LOAD="URL::PRIVACY_URL" RAW="1"></ELEMENT>
<ELEMENT ID="CQDPNJL" SUB="SITEBUTTON_URL" TYPE="READONLY" LOAD="URL::SITEBUTTON_URL" RAW="1"></ELEMENT>
<ELEMENT ID="CQDPNJM" SUB="HOMEPAGE_URL" TYPE="READONLY" LOAD="URL::HOMEPAGE_URL" RAW="1"></ELEMENT>
<ELEMENT ID="CQDPNJN" SUB="COUNTER_URL" TYPE="READONLY" LOAD="URL::COUNTER_URL" RAW="1"></ELEMENT>
<ELEMENT ID="CQDPNJO" SUB="RETURNS_URL" TYPE="READONLY" LOAD="URL::RETURNS_URL" RAW="1"></ELEMENT>
<ELEMENT ID="CQDPNJP" SUB="PASSWORD_URL" TYPE="READONLY" LOAD="URL::PASSWORD_URL" RAW="1"></ELEMENT>
<ELEMENT ID="CQDPNJQ" SUB="UPDATE_PAYMENT_URL" TYPE="READONLY" LOAD="URL::UPDATE_PAYMENT_URL" RAW="1"></ELEMENT>
<ELEMENT ID="CQDPNJR" SUB="FORGOT_URL" TYPE="READONLY" LOAD="URL::FORGOT_URL" RAW="1"></ELEMENT>
<ELEMENT ID="CQDPNJS" SUB="NAVBUTTON_URL" TYPE="READONLY" LOAD="URL::NAVBUTTON_URL" RAW="1"></ELEMENT>
<ELEMENT ID="CQDPNJT" SUB="CONTACT_URL" TYPE="READONLY" LOAD="URL::CONTACT_URL" RAW="1"></ELEMENT>
<ELEMENT ID="CQDPNJU" SUB="LOGOUT_URL" TYPE="READONLY" LOAD="URL::LOGOUT_URL" RAW="1"></ELEMENT>
<ELEMENT ID="CQDPNJV" SUB="GALLERY_URL" TYPE="READONLY" LOAD="URL::GALLERY_URL" RAW="1"></ELEMENT>
<ELEMENT ID="CQDPNJW" SUB="REMOVE_URL" TYPE="READONLY" LOAD="URL::REMOVE_URL" RAW="1"></ELEMENT>
<ELEMENT ID="CQDPNJX" SUB="HOME_URL" TYPE="READONLY" LOAD="URL::HOME_URL" RAW="1"></ELEMENT>
<ELEMENT ID="CQDPNJY" SUB="ABOUT_ZOOVY_URL" TYPE="READONLY" LOAD="URL::ABOUT_ZOOVY_URL" RAW="1"></ELEMENT>
<ELEMENT ID="CQDPNJZ" SUB="NEWS_URL" TYPE="READONLY" LOAD="URL::NEWS_URL" RAW="1"></ELEMENT>
<ELEMENT ID="CQDPNKA" SUB="SECURE_URL" TYPE="READONLY" LOAD="URL::SECURE_URL" RAW="1"></ELEMENT>
<ELEMENT ID="CQDPNKB" SUB="ABOUT_URL" TYPE="READONLY" LOAD="URL::ABOUT_URL" RAW="1"></ELEMENT>
<ELEMENT ID="CQDPNKC" SUB="USERBUTTON_URL" TYPE="READONLY" LOAD="URL::USERBUTTON_URL" RAW="1"></ELEMENT>
<ELEMENT ID="CQDPNKD" SUB="CLOSED_URL" TYPE="READONLY" LOAD="URL::CLOSED_URL" RAW="1"></ELEMENT>
<ELEMENT ID="CQDPNKE" SUB="FASTORDER_URL" TYPE="READONLY" LOAD="URL::FASTORDER_URL" RAW="1"></ELEMENT>
<ELEMENT ID="CQDPNKF" SUB="MAIL_FORM_URL" TYPE="READONLY" LOAD="URL::MAIL_FORM_URL" RAW="1"></ELEMENT>
<ELEMENT ID="CQDPNKG" SUB="GRAPHICS_URL" TYPE="READONLY" LOAD="URL::GRAPHICS_URL" RAW="1"></ELEMENT>
<ELEMENT ID="CQDPNKH" SUB="IMAGE_URL" TYPE="READONLY" LOAD="URL::IMAGE_URL" RAW="1"></ELEMENT>
<ELEMENT ID="CQDPNKI" SUB="CONTACTUS_URL" TYPE="READONLY" LOAD="URL::CONTACTUS_URL" RAW="1"></ELEMENT>
<ELEMENT ID="CQDPNKJ" SUB="DYNAMIC_URL" TYPE="READONLY" LOAD="URL::DYNAMIC_URL" RAW="1"></ELEMENT>
<ELEMENT ID="CQDPNKK" SUB="NONSECURE_URL" TYPE="READONLY" LOAD="URL::NONSECURE_URL" RAW="1"></ELEMENT>
<ELEMENT ID="CQDPNKL" SUB="CONTACT_US_URL" TYPE="READONLY" LOAD="URL::CONTACT_US_URL" RAW="1"></ELEMENT>
<ELEMENT ID="CQDPNKM" SUB="SEARCH_URL" TYPE="READONLY" LOAD="URL::SEARCH_URL" RAW="1"></ELEMENT>
<ELEMENT ID="CQDPNKN" SUB="ABOUTUS_URL" TYPE="READONLY" LOAD="URL::ABOUTUS_URL" RAW="1"></ELEMENT>
<ELEMENT ID="CQDPNKO" SUB="CUSTOMER_MAIN_URL" TYPE="READONLY" LOAD="URL::CUSTOMER_MAIN_URL" RAW="1"></ELEMENT>
<ELEMENT ID="CQDPNKP" SUB="MERCHANT_LOGIN_URL" TYPE="READONLY" LOAD="URL::MERCHANT_LOGIN_URL" RAW="1"></ELEMENT>
<ELEMENT ID="CQDPNKQ" SUB="CATEGORY_URL" TYPE="READONLY" LOAD="URL::CATEGORY_URL" RAW="1"></ELEMENT>
<ELEMENT ID="CQDPNKR" SUB="ADULT_URL" TYPE="READONLY" LOAD="URL::ADULT_URL" RAW="1"></ELEMENT>
<ELEMENT ID="CQDPNKS" SUB="CLAIM_URL" TYPE="READONLY" LOAD="URL::CLAIM_URL" RAW="1"></ELEMENT>
<ELEMENT ID="CQDPNKT" SUB="CLAIM_MULTI_URL" TYPE="READONLY" LOAD="URL::CLAIM_MULTI_URL" RAW="1"></ELEMENT>
<ELEMENT ID="CQDPNKU" SUB="ABOUT_US_URL" TYPE="READONLY" LOAD="URL::ABOUT_US_URL" RAW="1"></ELEMENT>
<ELEMENT ID="CQDPNKV" SUB="RESULTS_URL" TYPE="READONLY" LOAD="URL::RESULTS_URL" RAW="1"></ELEMENT>
<ELEMENT ID="CQDPNKW" SUB="PRODUCT_URL" TYPE="READONLY" LOAD="URL::PRODUCT_URL" RAW="1"></ELEMENT>
<ELEMENT ID="CQDPNKX" SUB="CONTINUE_URL" TYPE="READONLY" LOAD="URL::CONTINUE_URL" RAW="1"></ELEMENT>
<ELEMENT ID="CQDPNKY" SUB="REDIR_URL" TYPE="READONLY" LOAD="URL::REDIR_URL" RAW="1"></ELEMENT>
<ELEMENT ID="CQDPNKZ" SUB="KILL_COOKIES_URL" TYPE="READONLY" LOAD="URL::KILL_COOKIES_URL" RAW="1"></ELEMENT>
<ELEMENT ID="CQDPNLA" SUB="LOGIN_URL" TYPE="READONLY" LOAD="URL::LOGIN_URL" RAW="1"></ELEMENT>
<ELEMENT ID="CQDPNLB" SUB="CHECKOUT_URL" TYPE="READONLY" LOAD="URL::CHECKOUT_URL" RAW="1"></ELEMENT>
<ELEMENT ID="CQDPNLC" SUB="ORDER_STATUS_URL" TYPE="READONLY" LOAD="URL::ORDER_STATUS_URL" RAW="1"></ELEMENT>
<ELEMENT ID="CQDPNLD" SUB="NO_COOKIES_URL" TYPE="READONLY" LOAD="URL::NO_COOKIES_URL" RAW="1"></ELEMENT>
<ELEMENT ID="CQDPNLE" SUB="PAYPAL_URL" TYPE="READONLY" LOAD="URL::PAYPAL_URL" RAW="1"></ELEMENT>
<ELEMENT ID="CQDPNLF" SUB="CANCEL_ORDER_URL" TYPE="READONLY" LOAD="URL::CANCEL_ORDER_URL" RAW="1"></ELEMENT>
<ELEMENT ID="CQDPNLG" SUB="MAIL_CONFIG_URL" TYPE="READONLY" LOAD="URL::MAIL_CONFIG_URL" RAW="1"></ELEMENT>
<ELEMENT ID="CQDPNLH" SUB="DISABLED_URL" TYPE="READONLY" LOAD="URL::DISABLED_URL" RAW="1"></ELEMENT>
<ELEMENT ID="CQDPNLI" TYPE="OUTPUT"><HTML><![CDATA[<!DOCTYPE HTML PUBLIC "-//W3C//DTD HTML 4.01 Transitional//EN"
"http://www.w3.org/TR/html4/loose.dtd">
<html>
<head>
]]></HTML>
</ELEMENT>
<ELEMENT ID="CQDPNLJ" TYPE="HEAD"></ELEMENT>
<ELEMENT ID="CQDPNLK" TYPE="OUTPUT"><HTML><![CDATA[

</head>
<style type="text/css">
body		{background-color: #F1E3FF; margin: 10px;}
body, td, li, ol, ul, p	{font-family: tahoma, arial, sans-serif;}
h1			{font-size: 14px; margin: 0px; color: #666666; font-weight: bold;}
a			{color: #833B80;}
a:hover		{color: #333333;}

.minicart	{font-size: 11px; color: #333333;}
.menu		{font-size: 11px;}
.cats		{font-size: 11px; color: #ffffff;}


.menu_bg	{background-color: #FFF2AD;}
.dark_bg	{background-color: #833B80;}
.title_bg	{background-color: #F1E3FF;}
.cats_bg	{background-color: #CFA9DD;}

.formed		{background-color: #FFF2AD; border-color: #833B80; border-width: 1px; font-size: 10px;}

.left_bg	{background-image:url(%WRAPPER_URL%/body_left_bg.gif); background-repeat:repeat-y; background-position:right;}
.top_bg		{background-image:url(%WRAPPER_URL%/body_top_bg.gif); background-repeat:repeat-x; background-position:top;}
.right_bg	{background-image:url(%WRAPPER_URL%/body_right_bg.gif); background-repeat:repeat-y; background-position:left;}
.bottom_bg	{background-image:url(%WRAPPER_URL%/body_bottom_bg.gif); background-repeat:repeat-x; background-position:top;}
</style>
<body>
<table cellspacing=0 cellpadding=0 border=0 width="100%"><tr>
	<td align="right"><img src="%WRAPPER_URL%/body_corner_ul.gif" width="8" height="14"></td>
	<td align="left" class="top_bg"><img src="%WRAPPER_URL%/body_top_left.gif" width="8" height="14"></td>
	<td align="right" class="top_bg"><img src="%WRAPPER_URL%/body_top_right.gif" width="8" height="14"></td>
	<td align="left"><img src="%WRAPPER_URL%/body_corner_ur.gif" width="8" height="14"></td>
</tr><tr>
	<td class="left_bg"></td>
	<td colspan="2" width="99%" bgcolor="#ffffff"><table width="100%" cellspacing="0" cellpadding="0"><tr>
		<td align="left" valign="bottom" width="95%"><table><tr><td><a href="">]]></HTML>
</ELEMENT>
<ELEMENT ID="CQDPNLL" HEIGHT="75" WIDTH="450" BGCOLOR="FFFFFF" TYPE="LOGO"></ELEMENT>
<ELEMENT ID="CQDPNLM" TYPE="OUTPUT"><HTML><![CDATA[</a></td></tr></table><table cellspacing="0" cellpadding="0" border="0" width="100%"><tr>
			<td height="3" class="dark_bg"></td>
		</tr></table></td>
		<td align="right" valign="bottom" style="padding-right: 4px;">]]></HTML>
</ELEMENT>
<ELEMENT ID="CQDPNLN" TYPE="TEXT" DATA="merchant:zoovy:support_phone"><PRETEXT><![CDATA[<span class="minicart">Contact Us:&nbsp;]]></PRETEXT>
<POSTTEXT><![CDATA[</span>]]></POSTTEXT>
</ELEMENT>
<ELEMENT ID="CQDPNLO" TYPE="OUTPUT"><HTML><![CDATA[<!-- BEGIN MINICART TABLE -->
<table cellspacing="0" cellpadding="0" width="172"><tr>
	<td width="87" colspan="2" class="dark_bg"><a href="%CART_URL%"><img src="%WRAPPER_URL%/mc_header.gif" width="87" height="20" border="0"></a></td>
	<td><img src="%WRAPPER_URL%/mc_corner_ur.gif" width="11" height="20"></td>
</tr><tr>
	<td width="61" class="menu_bg" align="left"><a href="%CART_URL%"><img src="%WRAPPER_URL%/mc_bag.gif" width="61" height="49" border="0"></a></td>
	<td class="menu_bg" align="left" width="100"><span class="minicart">Subtotal: ]]></HTML>
</ELEMENT>
<ELEMENT ID="CQDPNLP" SUBTOTALONLY="1" TYPE="MINICART"></ELEMENT>
<ELEMENT ID="CQDPNLQ" TYPE="OUTPUT"><HTML><![CDATA[<br>Shipping: ]]></HTML>
</ELEMENT>
<ELEMENT ID="CQDPNLR" TYPE="MINICART" SHIPPINGONLY="1"></ELEMENT>
<ELEMENT ID="CQDPNLS" TYPE="OUTPUT"><HTML><![CDATA[</span></td>
	<td style="background-image:url(%WRAPPER_URL%/mc_right_bg.gif);" valign="top"><img src="%WRAPPER_URL%/mc_right.gif" width="11" height="6"></td>
</tr></table>
<!-- END MINICART TABLE -->
</td>
	</tr></table><table cellspacing="0" cellpadding="0" border="0" width="100%"><tr>
		<td class="menu_bg" height="18" colspan="3"><span class="menu">&nbsp;<a href="%HOME_URL%">Home</a>&nbsp;~&nbsp;<a href="%ABOUT_URL%">About Us</a>&nbsp;~&nbsp;<a href="%LOGIN_URL%">My Account</a>&nbsp;~&nbsp;<a href="%CONTACT_URL%">Contact</a>&nbsp;~&nbsp;<a href="%SUBSCRIBE_URL%">Mailing list</a>&nbsp;~&nbsp;<a href="%GALLERY_URL%">Gallery</a>&nbsp;~&nbsp;<a href="%CART_URL%">Cart</a>&nbsp;~&nbsp;<a href="%CHECKOUT_URL%">Checkout</a></span></td>
		<td rowspan="2" class="dark_bg"></td>
	</tr><tr>
		<td height="2" class="cats_bg" colspan="3"></td>
	</tr><tr>
		<td><img src="%GRAPHICS_URL%/blank.gif" height="1" width="12"></td>
		<td align="left" valign="top" width="5%"><table cellspacing="0" cellpadding="0" width="100%"><tr>
			<td class="cats_bg"><!-- BEGIN CATEGORY ELEMENT -->
]]></HTML>
</ELEMENT>
<ELEMENT ID="CQDPNLT" TYPE="SUBCAT" SRC="." FORCECOLUMNS="2" MODE="LIST"><HTML><![CDATA[<table cellpadding="0" cellspacing="8"><!-- ROW --><tr class="cats_bg"><!-- CATEGORY --><td style="background-image:url(%image_url%/W66-H78-Bffffff/%cat_thumb%.jpg); background-repeat:no-repeat; background-position:right; background-color: #CFA9DD" valign="top"><a href="%cat_url%"><img src="%wrapper_url%/unsquared.gif" width="76" height="78" alt="%cat_pretty%" border="0"></a></td><!-- /CATEGORY --></tr><!-- /ROW --></table>]]></HTML>
</ELEMENT>
<ELEMENT ID="CQDPNLU" TYPE="OUTPUT"><HTML><![CDATA[			
			
			<!-- END CATEGORY ELEMENT --></td>
		</tr><tr>
			<td class="cats_bg"><hr align="center" width="90%" color="#996699" style="height: 1px;"></td>
		</tr><tr>
			<td class="cats_bg" align="center"><table cellspacing="3"><form action="%RESULTS_URL%" method="get"><input type="hidden" name="catalog" value=""><tr>
				<td><input type="text" name="keywords" value="" class="formed" size="14"></td>
				<td><input type="image" src="%WRAPPER_URL%/btn_search.gif" ></td>
			</tr></form></table></td>
		</tr><tr>
			<td class="cats_bg" align="right" valign="bottom"><img src="%WRAPPER_URL%/cats_corner_lr.gif" width="5" height="5"></td>
		</tr></table><br>]]></HTML>
</ELEMENT>
<ELEMENT ID="CQDPNLV" TYPE="SIDEBAR"></ELEMENT>
<ELEMENT ID="CQDPNLW" TYPE="OUTPUT"><HTML><![CDATA[</td>
		<td align="left" valign="top" width="95%"><table width="100%" cellspacing="0"><tr><td height="20" class="title_bg"><h1>&nbsp;]]></HTML>
</ELEMENT>
<ELEMENT ID="CQDPNLX" TYPE="TITLE"></ELEMENT>
<ELEMENT ID="CQDPNLY" TYPE="OUTPUT"><HTML><![CDATA[</h1></td></tr></table><table width="100%" cellspacing="2"><tr><td>]]></HTML>
</ELEMENT>
<ELEMENT ID="CQDPNLZ" TYPE="BODY"></ELEMENT>
<ELEMENT ID="CQDPNMA" TYPE="OUTPUT"><HTML><![CDATA[</td></tr></table></td>
		<td class="dark_bg"><img src="%GRAPHICS_URL%/blank.gif" height="1" width="4"></td>
		<td><img src="%GRAPHICS_URL%/blank.gif" height="1" width="4"></td>
	</tr><tr>
		<td rowspan="2"></td>
		<td class="dark_bg" colspan="3"><table cellspacing="0" cellpadding="0" width="100%"><tr>
			<td valign="top" align="left" width="1%"><img src="%WRAPPER_URL%/lowmenu_corner_ul.gif" width="5" height="5"></td>
			<td align="left" width="98%" height="19"><span class="cats">&nbsp;]]></HTML>
</ELEMENT>
<ELEMENT ID="CQDPNMB" NOHOME="1" TYPE="MENU" DIVIDER="&amp;nbsp;~&amp;nbsp;"><HTML><![CDATA[<a href="%URL%" target="%TARGET%" class="cats">%MESSAGE%</a>]]></HTML>
</ELEMENT>
<ELEMENT ID="CQDPNMC" TYPE="OUTPUT"><HTML><![CDATA[</span></td>
			<td valign="bottom" align="right" width="1%"><img src="%WRAPPER_URL%/lowmenu_corner_lr.gif" width="5" height="5"></td>
		</tr></table></td>
		<td rowspan="2"></td>
	</tr><tr>
		<td colspan="3">]]></HTML>
</ELEMENT>
<ELEMENT ID="CQDPNMD" TYPE="FOOTER" TRANSPARENT="TRUE"></ELEMENT>
<ELEMENT ID="CQDPNME" TYPE="OUTPUT"><HTML><![CDATA[</td>
	</tr></table></td>
	<td class="right_bg"></td>
</tr><tr>
	<td class="bottom_bg" colspan="2" valign="top" align="left"><img src="%WRAPPER_URL%/body_corner_ll.gif" width="16" height="14"></td>
	<td class="bottom_bg" colspan="2" valign="top" align="right"><img src="%WRAPPER_URL%/body_corner_lr2.gif" width="16" height="14"></td>
</tr></table>
</body>
</html>
]]></HTML>
</ELEMENT>
<ELEMENT ID="CQGCQJY" COLORS="128" TYPE="CONFIG" CATEGORIES="32768" TITLE="Baggy" CREATED="20041209" PROPERTIES="15"></ELEMENT>

</TEMPLATE>