<TEMPLATE ID="ebayiron" FORMAT="WRAPPER">


<!-- ******* -->
<ELEMENT ID="CQGCQJZ" SUB="LINK_VISITED_TEXT_COLOR" TYPE="READONLY" LOAD="THEME::LINK_VISITED_TEXT_COLOR" RAW="1"></ELEMENT>
<ELEMENT ID="CQGCQKA" SUB="TABLE_HEADING_FONT_SIZE" TYPE="READONLY" LOAD="THEME::TABLE_HEADING_FONT_SIZE" RAW="1"></ELEMENT>
<ELEMENT ID="CQGCQKB" SUB="DISCLAIMER_FONT_SIZE" TYPE="READONLY" LOAD="THEME::DISCLAIMER_FONT_SIZE" RAW="1"></ELEMENT>
<ELEMENT ID="CQGCQKC" SUB="CONTENT_BACKGROUND_COLOR" TYPE="READONLY" LOAD="THEME::CONTENT_BACKGROUND_COLOR" RAW="1"></ELEMENT>
<ELEMENT ID="CQGCQKD" SUB="TABLE_LISTING_BACKGROUND_COLOR" TYPE="READONLY" LOAD="THEME::TABLE_LISTING_BACKGROUND_COLOR" RAW="1"></ELEMENT>
<ELEMENT ID="CQGCQKE" SUB="CONTENT_TEXT_COLOR" TYPE="READONLY" LOAD="THEME::CONTENT_TEXT_COLOR" RAW="1"></ELEMENT>
<ELEMENT ID="CQGCQKF" SUB="TABLE_LISTING_FONT_SIZE" TYPE="READONLY" LOAD="THEME::TABLE_LISTING_FONT_SIZE" RAW="1"></ELEMENT>
<ELEMENT ID="CQGCQKG" SUB="TABLE_LISTING_TEXT_COLOR" TYPE="READONLY" LOAD="THEME::TABLE_LISTING_TEXT_COLOR" RAW="1"></ELEMENT>
<ELEMENT ID="CQGCQKH" SUB="TABLE_LISTING_FONT_FACE" TYPE="READONLY" LOAD="THEME::TABLE_LISTING_FONT_FACE" RAW="1"></ELEMENT>
<ELEMENT ID="CQGCQKI" SUB="CONTENT_FONT_FACE" TYPE="READONLY" LOAD="THEME::CONTENT_FONT_FACE" RAW="1"></ELEMENT>
<ELEMENT ID="CQGCQKJ" SUB="NAME" TYPE="READONLY" LOAD="THEME::NAME" RAW="1"></ELEMENT>
<ELEMENT ID="CQGCQKK" SUB="DISCLAIMER_FONT_FACE" TYPE="READONLY" LOAD="THEME::DISCLAIMER_FONT_FACE" RAW="1"></ELEMENT>
<ELEMENT ID="CQGCQKL" SUB="PRETTY_NAME" TYPE="READONLY" LOAD="THEME::PRETTY_NAME" RAW="1"></ELEMENT>
<ELEMENT ID="CQGCQKM" SUB="TABLE_HEADING_BACKGROUND_COLOR" TYPE="READONLY" LOAD="THEME::TABLE_HEADING_BACKGROUND_COLOR" RAW="1"></ELEMENT>
<ELEMENT ID="CQGCQKN" SUB="TABLE_LISTING_BACKGROUND_COLOR_ALTERNATE" TYPE="READONLY" LOAD="THEME::TABLE_LISTING_BACKGROUND_COLOR_ALTERNATE" RAW="1"></ELEMENT>
<ELEMENT ID="CQGCQKO" SUB="LINK_ACTIVE_TEXT_COLOR" TYPE="READONLY" LOAD="THEME::LINK_ACTIVE_TEXT_COLOR" RAW="1"></ELEMENT>
<ELEMENT ID="CQGCQKP" SUB="CONTENT_FONT_SIZE" TYPE="READONLY" LOAD="THEME::CONTENT_FONT_SIZE" RAW="1"></ELEMENT>
<ELEMENT ID="CQGCQKQ" SUB="ALERT_COLOR" TYPE="READONLY" LOAD="THEME::ALERT_COLOR" RAW="1"></ELEMENT>
<ELEMENT ID="CQGCQKR" SUB="DISCLAIMER_BACKGROUND_COLOR" TYPE="READONLY" LOAD="THEME::DISCLAIMER_BACKGROUND_COLOR" RAW="1"></ELEMENT>
<ELEMENT ID="CQGCQKS" SUB="TABLE_HEADING_FONT_FACE" TYPE="READONLY" LOAD="THEME::TABLE_HEADING_FONT_FACE" RAW="1"></ELEMENT>
<ELEMENT ID="CQGCQKT" SUB="TABLE_HEADING_TEXT_COLOR" TYPE="READONLY" LOAD="THEME::TABLE_HEADING_TEXT_COLOR" RAW="1"></ELEMENT>
<ELEMENT ID="CQGCQKU" SUB="DISCLAIMER_TEXT_COLOR" TYPE="READONLY" LOAD="THEME::DISCLAIMER_TEXT_COLOR" RAW="1"></ELEMENT>
<ELEMENT ID="CQGCQKV" SUB="LINK_TEXT_COLOR" TYPE="READONLY" LOAD="THEME::LINK_TEXT_COLOR" RAW="1"></ELEMENT>
<ELEMENT ID="CQGCQKW" SUB="HOMECATEGORY_URL" TYPE="READONLY" LOAD="URL::HOMECATEGORY_URL" RAW="1"></ELEMENT>
<ELEMENT ID="CQGCQKX" SUB="WRAPPER_URL" TYPE="READONLY" LOAD="URL::WRAPPER_URL" RAW="1"></ELEMENT>
<ELEMENT ID="CQGCQKY" SUB="CART_URL" TYPE="READONLY" LOAD="URL::CART_URL" RAW="1"></ELEMENT>
<ELEMENT ID="CQGCQKZ" SUB="SUBSCRIBE_URL" TYPE="READONLY" LOAD="URL::SUBSCRIBE_URL" RAW="1"></ELEMENT>
<ELEMENT ID="CQGCQLA" SUB="FEEDBACK_URL" TYPE="READONLY" LOAD="URL::FEEDBACK_URL" RAW="1"></ELEMENT>
<ELEMENT ID="CQGCQLB" SUB="LOGOUT_FUNCTION_URL" TYPE="READONLY" LOAD="URL::LOGOUT_FUNCTION_URL" RAW="1"></ELEMENT>
<ELEMENT ID="CQGCQLC" SUB="SHIPQUOTE_URL" TYPE="READONLY" LOAD="URL::SHIPQUOTE_URL" RAW="1"></ELEMENT>
<ELEMENT ID="CQGCQLD" SUB="PRIVACY_URL" TYPE="READONLY" LOAD="URL::PRIVACY_URL" RAW="1"></ELEMENT>
<ELEMENT ID="CQGCQLE" SUB="SITEBUTTON_URL" TYPE="READONLY" LOAD="URL::SITEBUTTON_URL" RAW="1"></ELEMENT>
<ELEMENT ID="CQGCQLF" SUB="HOMEPAGE_URL" TYPE="READONLY" LOAD="URL::HOMEPAGE_URL" RAW="1"></ELEMENT>
<ELEMENT ID="CQGCQLG" SUB="COUNTER_URL" TYPE="READONLY" LOAD="URL::COUNTER_URL" RAW="1"></ELEMENT>
<ELEMENT ID="CQGCQLH" SUB="RETURNS_URL" TYPE="READONLY" LOAD="URL::RETURNS_URL" RAW="1"></ELEMENT>
<ELEMENT ID="CQGCQLI" SUB="PASSWORD_URL" TYPE="READONLY" LOAD="URL::PASSWORD_URL" RAW="1"></ELEMENT>
<ELEMENT ID="CQGCQLJ" SUB="UPDATE_PAYMENT_URL" TYPE="READONLY" LOAD="URL::UPDATE_PAYMENT_URL" RAW="1"></ELEMENT>
<ELEMENT ID="CQGCQLK" SUB="FORGOT_URL" TYPE="READONLY" LOAD="URL::FORGOT_URL" RAW="1"></ELEMENT>
<ELEMENT ID="CQGCQLL" SUB="NAVBUTTON_URL" TYPE="READONLY" LOAD="URL::NAVBUTTON_URL" RAW="1"></ELEMENT>
<ELEMENT ID="CQGCQLM" SUB="CONTACT_URL" TYPE="READONLY" LOAD="URL::CONTACT_URL" RAW="1"></ELEMENT>
<ELEMENT ID="CQGCQLN" SUB="LOGOUT_URL" TYPE="READONLY" LOAD="URL::LOGOUT_URL" RAW="1"></ELEMENT>
<ELEMENT ID="CQGCQLO" SUB="GALLERY_URL" TYPE="READONLY" LOAD="URL::GALLERY_URL" RAW="1"></ELEMENT>
<ELEMENT ID="CQGCQLP" SUB="REMOVE_URL" TYPE="READONLY" LOAD="URL::REMOVE_URL" RAW="1"></ELEMENT>
<ELEMENT ID="CQGCQLQ" SUB="HOME_URL" TYPE="READONLY" LOAD="URL::HOME_URL" RAW="1"></ELEMENT>
<ELEMENT ID="CQGCQLR" SUB="ABOUT_ZOOVY_URL" TYPE="READONLY" LOAD="URL::ABOUT_ZOOVY_URL" RAW="1"></ELEMENT>
<ELEMENT ID="CQGCQLS" SUB="NEWS_URL" TYPE="READONLY" LOAD="URL::NEWS_URL" RAW="1"></ELEMENT>
<ELEMENT ID="CQGCQLT" SUB="SECURE_URL" TYPE="READONLY" LOAD="URL::SECURE_URL" RAW="1"></ELEMENT>
<ELEMENT ID="CQGCQLU" SUB="ABOUT_URL" TYPE="READONLY" LOAD="URL::ABOUT_URL" RAW="1"></ELEMENT>
<ELEMENT ID="CQGCQLV" SUB="USERBUTTON_URL" TYPE="READONLY" LOAD="URL::USERBUTTON_URL" RAW="1"></ELEMENT>
<ELEMENT ID="CQGCQLW" SUB="CLOSED_URL" TYPE="READONLY" LOAD="URL::CLOSED_URL" RAW="1"></ELEMENT>
<ELEMENT ID="CQGCQLX" SUB="FASTORDER_URL" TYPE="READONLY" LOAD="URL::FASTORDER_URL" RAW="1"></ELEMENT>
<ELEMENT ID="CQGCQLY" SUB="MAIL_FORM_URL" TYPE="READONLY" LOAD="URL::MAIL_FORM_URL" RAW="1"></ELEMENT>
<ELEMENT ID="CQGCQLZ" SUB="GRAPHICS_URL" TYPE="READONLY" LOAD="URL::GRAPHICS_URL" RAW="1"></ELEMENT>
<ELEMENT ID="CQGCQMA" SUB="IMAGE_URL" TYPE="READONLY" LOAD="URL::IMAGE_URL" RAW="1"></ELEMENT>
<ELEMENT ID="CQGCQMB" SUB="CONTACTUS_URL" TYPE="READONLY" LOAD="URL::CONTACTUS_URL" RAW="1"></ELEMENT>
<ELEMENT ID="CQGCQMC" SUB="DYNAMIC_URL" TYPE="READONLY" LOAD="URL::DYNAMIC_URL" RAW="1"></ELEMENT>
<ELEMENT ID="CQGCQMD" SUB="NONSECURE_URL" TYPE="READONLY" LOAD="URL::NONSECURE_URL" RAW="1"></ELEMENT>
<ELEMENT ID="CQGCQME" SUB="CONTACT_US_URL" TYPE="READONLY" LOAD="URL::CONTACT_US_URL" RAW="1"></ELEMENT>
<ELEMENT ID="CQGCQMF" SUB="SEARCH_URL" TYPE="READONLY" LOAD="URL::SEARCH_URL" RAW="1"></ELEMENT>
<ELEMENT ID="CQGCQMG" SUB="ABOUTUS_URL" TYPE="READONLY" LOAD="URL::ABOUTUS_URL" RAW="1"></ELEMENT>
<ELEMENT ID="CQGCQMH" SUB="CUSTOMER_MAIN_URL" TYPE="READONLY" LOAD="URL::CUSTOMER_MAIN_URL" RAW="1"></ELEMENT>
<ELEMENT ID="CQGCQMI" SUB="MERCHANT_LOGIN_URL" TYPE="READONLY" LOAD="URL::MERCHANT_LOGIN_URL" RAW="1"></ELEMENT>
<ELEMENT ID="CQGCQMJ" SUB="CATEGORY_URL" TYPE="READONLY" LOAD="URL::CATEGORY_URL" RAW="1"></ELEMENT>
<ELEMENT ID="CQGCQMK" SUB="ADULT_URL" TYPE="READONLY" LOAD="URL::ADULT_URL" RAW="1"></ELEMENT>
<ELEMENT ID="CQGCQML" SUB="CLAIM_URL" TYPE="READONLY" LOAD="URL::CLAIM_URL" RAW="1"></ELEMENT>
<ELEMENT ID="CQGCQMM" SUB="CLAIM_MULTI_URL" TYPE="READONLY" LOAD="URL::CLAIM_MULTI_URL" RAW="1"></ELEMENT>
<ELEMENT ID="CQGCQMN" SUB="ABOUT_US_URL" TYPE="READONLY" LOAD="URL::ABOUT_US_URL" RAW="1"></ELEMENT>
<ELEMENT ID="CQGCQMO" SUB="RESULTS_URL" TYPE="READONLY" LOAD="URL::RESULTS_URL" RAW="1"></ELEMENT>
<ELEMENT ID="CQGCQMP" SUB="PRODUCT_URL" TYPE="READONLY" LOAD="URL::PRODUCT_URL" RAW="1"></ELEMENT>
<ELEMENT ID="CQGCQMQ" SUB="CONTINUE_URL" TYPE="READONLY" LOAD="URL::CONTINUE_URL" RAW="1"></ELEMENT>
<ELEMENT ID="CQGCQMR" SUB="REDIR_URL" TYPE="READONLY" LOAD="URL::REDIR_URL" RAW="1"></ELEMENT>
<ELEMENT ID="CQGCQMS" SUB="KILL_COOKIES_URL" TYPE="READONLY" LOAD="URL::KILL_COOKIES_URL" RAW="1"></ELEMENT>
<ELEMENT ID="CQGCQMT" SUB="LOGIN_URL" TYPE="READONLY" LOAD="URL::LOGIN_URL" RAW="1"></ELEMENT>
<ELEMENT ID="CQGCQMU" SUB="CHECKOUT_URL" TYPE="READONLY" LOAD="URL::CHECKOUT_URL" RAW="1"></ELEMENT>
<ELEMENT ID="CQGCQMV" SUB="ORDER_STATUS_URL" TYPE="READONLY" LOAD="URL::ORDER_STATUS_URL" RAW="1"></ELEMENT>
<ELEMENT ID="CQGCQMW" SUB="NO_COOKIES_URL" TYPE="READONLY" LOAD="URL::NO_COOKIES_URL" RAW="1"></ELEMENT>
<ELEMENT ID="CQGCQMX" SUB="PAYPAL_URL" TYPE="READONLY" LOAD="URL::PAYPAL_URL" RAW="1"></ELEMENT>
<ELEMENT ID="CQGCQMY" SUB="CANCEL_ORDER_URL" TYPE="READONLY" LOAD="URL::CANCEL_ORDER_URL" RAW="1"></ELEMENT>
<ELEMENT ID="CQGCQMZ" SUB="MAIL_CONFIG_URL" TYPE="READONLY" LOAD="URL::MAIL_CONFIG_URL" RAW="1"></ELEMENT>
<ELEMENT ID="CQGCQNA" SUB="DISABLED_URL" TYPE="READONLY" LOAD="URL::DISABLED_URL" RAW="1"></ELEMENT>
<ELEMENT ID="CQGCQNB" CART="persist" TYPE="CONFIG" THEME="packaged" SITEBUTTONS="bubblered"></ELEMENT>
<ELEMENT ID="CQGCQNC" TYPE="OUTPUT"><HTML><![CDATA[
<!DOCTYPE HTML PUBLIC "-//W3C//DTD HTML 4.01 Transitional//EN"
"http://www.w3.org/TR/html4/loose.dtd">
<html>
<head>
]]></HTML>
</ELEMENT>
<ELEMENT ID="CQGCQND" TYPE="HEAD"></ELEMENT>
<ELEMENT ID="CQGCQNE" TYPE="OUTPUT"><HTML><![CDATA[
</head>
<style type="text/css">
body	{background-color:#D5D5D5; margin:0px;}
body, td, li, ol, ul, p	{font-family:Verdana, Arial, Helvetica, sans-serif; color:#333333;}

a	{color:#990000; text-decoration: none;}
a:hover	{color:#666666; text-decoration: underline;}

.minicart	{font-size:11px;}
.cats	{font-size:11px;}

.formed	{border:1px solid #666666; font-size:12px; font-family:Verdana, Arial, Helvetica, sans-serif;}
</style>
<body>
<table cellspacing="0" cellpadding="0" border="0" width="100%"><tr>
	<td width="4%" valign="top" style="padding-left: 8px; background-image:url(%WRAPPER_URL%/ri_left_bg.gif); background-position:right; background-repeat:repeat-y;" align="right"><table cellspacing="0" cellpadding="0" border="0" width="185"  style="background-image:url(%WRAPPER_URL%/ri_cats_bg.gif); background-position:right; background-repeat:repeat-y;background-color:#FFFFFF;"><tr>
		<td align="right" style="padding-right:5px; padding-top:4px;"><a href="%HOME_URL%">]]></HTML>
</ELEMENT>
<ELEMENT ID="CQGCQNF" HEIGHT="80" WIDTH="165" BGCOLOR="FFFFFF" TYPE="LOGO"></ELEMENT>
<ELEMENT ID="CQGCQNG" TYPE="OUTPUT"><HTML><![CDATA[</a></td>
	</tr><tr>
		<td align="right" style="padding-right:8px;"><hr color="#cccccc" width="165"><table cellspacing=2 border=0 width=160 cellpadding=0>
<tr><td align="left"><span class="minicart">Items in Cart: </span></td><td align="right">]]></HTML>
</ELEMENT>
<ELEMENT ID="CQGCQNH" TYPE="MINICART" CSSCLASS="minicart" ITEMSONLY="1"></ELEMENT>
<ELEMENT ID="CQGCQNI" TYPE="OUTPUT"><HTML><![CDATA[
</td></tr><tr><td align="left"><span class="minicart">Shipping: </span></td><td align="right">]]></HTML>
</ELEMENT>
<ELEMENT ID="CQGCQNJ" TYPE="MINICART" SHIPPINGONLY="1" CSSCLASS="minicart"></ELEMENT>
<ELEMENT ID="CQGCQNK" TYPE="OUTPUT"><HTML><![CDATA[
</td></tr><tr><td align="left"><span class="minicart">Total: </span></td><td align="right">]]></HTML>
</ELEMENT>
<ELEMENT ID="CQGCQNL" TYPE="MINICART" CSSCLASS="minicart" TOTALONLY="1"></ELEMENT>
<ELEMENT ID="CQGCQNM" TYPE="OUTPUT"><HTML><![CDATA[
</td></tr><tr><td colspan="2"><img src="" height="7" width="1"></td></tr>
</table>
</td>
	</tr><tr>
		<td align="right"><img src="%WRAPPER_URL%/ri_header_cats.gif" width="175" height="29"></td>
	</tr><tr>
		<td style="padding-right:8px;" align="right">
		
<table cellspacing="2" cellpadding="0" width="160">
]]></HTML>
</ELEMENT>
<ELEMENT ID="CQGCQNN" NOHOME="1" TYPE="MENU"><HTML><![CDATA[<tr><td align="left"><a href="%URL%" class="cats">%MESSAGE%</td></tr>]]></HTML>
</ELEMENT>
<ELEMENT ID="CQGCQNO" TYPE="OUTPUT"><HTML><![CDATA[
</table>		<br>
		
		</td>
	</tr>
	
]]></HTML>
</ELEMENT>
<ELEMENT ID="PRODUCTLIST" FORMAT="CUSTOM" MAX="4" TYPE="PRODLIST" SRC="SMART:VISITED" ALTERNATE="1" SHOWDEFAULT="0" COLS="1"><HTML><![CDATA[<tr><td align="right"><img src="%wrapper_url%/ri_header_prodlist.gif" width="175" height="29"></td></tr><tr><td align=="right" style="padding-left:8px;"><table border="0" cellpadding="0" cellspacing="2" width="100%"><!-- ROW --><tr><!-- PRODUCT --><td width="45"><a href="%PROD_URL%">%zoovy:prod_thumb/default-zoovy:prod_image1/image-w:45-h:45-b:FFFFFF-alt:prod_name%</a></td><td align="left"><a href="%PROD_URL%" style="font-size: 11px;">%zoovy:prod_name%</a></td><!-- /PRODUCT --><!-- BLANK --><td></td><!-- /BLANK --></tr><!-- /ROW --></table></td></tr>]]></HTML>
</ELEMENT>
<ELEMENT ID="CQGCQNP" TYPE="OUTPUT"><HTML><![CDATA[<tr>
		<td><img src="%WRAPPER_URL%/ri_left_bottom.gif" width="185" height="9"></td>
	</tr></table><br>
	<div align="center">]]></HTML>
</ELEMENT>
<ELEMENT ID="CQGCQNQ" TYPE="SIDEBAR"></ELEMENT>
<ELEMENT ID="CQGCQNR" TYPE="OUTPUT"><HTML><![CDATA[</div></td>
	<td width="96%" valign="top" style="border-left:1px solid #5E5E5E; background-color:#FFFFFF;"><table cellspacing="0" cellpadding="0" border="0" width="100%"><form action="%RESULTS_URL%" method="get"><input type="hidden" name="catalog" value=""><tr style="background-image:url(%WRAPPER_URL%/ri_menu_bg.gif); background-repeat:repeat-x; height:34px;">
		<td style="padding-left:4px; word-spacing:10px; font-size:12px;"><a href="%LOGIN_URL%">Login</a>
<a href="%CONTACT_URL%">Contact</a>
<a href="%CART_URL%">Cart</a></td>
		<td align="right" width="1%" style="padding-right: 4px;"><input type="text" name="keywords" value="" class="formed"></td>
		<td width="1%"><input type="image" src="%WRAPPER_URL%/ri_search.gif" ></td>
	</tr></form><tr>
		<td colspan="3" style="background-color:#E5E5E5; border-bottom:1px solid #878787;"><h1 style="font-size:14px; padding-left:4px; margin-bottom:0px; margin-top:3px; color:#000000; height:22px;">]]></HTML>
</ELEMENT>
<ELEMENT ID="CQGCQNS" TYPE="TITLE"></ELEMENT>
<ELEMENT ID="CQGCQNT" TYPE="OUTPUT"><HTML><![CDATA[</h1></td>
	</tr><tr>
		<td colspan="3" style="background-image:url(%WRAPPER_URL%/ri_shadow.gif); background-repeat:repeat-x;"><img src="%WRAPPER_URL%/ri_shadow.gif" width="1" height="7"></td>
	</tr></table>
	
]]></HTML>
</ELEMENT>
<ELEMENT ID="CQGCQNU" TYPE="BODY"></ELEMENT>
<ELEMENT ID="CQGCQNV" TYPE="OUTPUT"><HTML><![CDATA[	
<br>
<table cellspacing="0" cellpadding="0" border="0" width="100%"><tr>
	<td style="background-color:#efefef; border-bottom:1px solid #878787;border-top:1px solid #878787; height:24px; padding-left:4px;word-spacing:10px; font-size:12px;">
<a href="%HOME_URL%">Home</a>
<a href="%ABOUT_URL%">Company</a>
<a href="%LOGIN_URL%">Login</a>
<a href="%CONTACT_URL%">Contact</a>
<a href="%CART_URL%">Cart</a>
<a href="%CHECKOUT_URL%">Checkout</a></td>
</tr><tr>
	<td style="background-color:#E5E5E5;"><form action="%SUBSCRIBE_URL%" method="post" style="margin:0px;"><input type="hidden" name="check" value="1">
<table cellspacing="3" cellpadding="2" border="0"><tr>
		<td><img src="%WRAPPER_URL%/ri_header_news.gif" width="86" height="31"></td>
		<td style="padding-left: 10px;"><span class="minicart">email: </span></td>
		<td><input type="text" class="formed" maxlength="50" name="email" value=""></td>
		<td><span class="minicart">name: </span></td>
		<td><input type="text" class="formed" maxlength="50" name="fullname" value=""></td>
		<td><input type="image" src="%WRAPPER_URL%/ri_subscribe.gif"></td>
	</tr></table></form></td>
</tr><tr>
		<td style="background-image:url(%WRAPPER_URL%/ri_shadow.gif); background-repeat:repeat-x; border-top:1px solid #878787;"><img src="%WRAPPER_URL%/ri_shadow.gif" width="1" height="7"></td>
	</tr></table>
	
]]></HTML>
</ELEMENT>
<ELEMENT ID="CQGCQNW" TYPE="FOOTER" TRANSPARENT="TRUE"></ELEMENT>
<ELEMENT ID="CQGCQNX" TYPE="OUTPUT"><HTML><![CDATA[
	</td>
</tr><tr>
	<td colspan="2" style="background-image:url(%WRAPPER_URL%/ri_footer_bg.gif); background-repeat:repeat-x;"><img src="%WRAPPER_URL%/ri_footer_left.gif" width="204" height="14"></td>
</tr></table>
</body>
</html>
]]></HTML>
</ELEMENT>

</TEMPLATE>