<TEMPLATE ID="eggs" FORMAT="WRAPPER">


<!-- ******* -->
<ELEMENT ID="CQDOVNO" SUB="LINK_VISITED_TEXT_COLOR" TYPE="READONLY" LOAD="THEME::LINK_VISITED_TEXT_COLOR" RAW="1"></ELEMENT>
<ELEMENT ID="CQDOVNP" SUB="TABLE_HEADING_FONT_SIZE" TYPE="READONLY" LOAD="THEME::TABLE_HEADING_FONT_SIZE" RAW="1"></ELEMENT>
<ELEMENT ID="CQDOVNQ" SUB="DISCLAIMER_FONT_SIZE" TYPE="READONLY" LOAD="THEME::DISCLAIMER_FONT_SIZE" RAW="1"></ELEMENT>
<ELEMENT ID="CQDOVNR" SUB="CONTENT_BACKGROUND_COLOR" TYPE="READONLY" LOAD="THEME::CONTENT_BACKGROUND_COLOR" RAW="1"></ELEMENT>
<ELEMENT ID="CQDOVNS" SUB="TABLE_LISTING_BACKGROUND_COLOR" TYPE="READONLY" LOAD="THEME::TABLE_LISTING_BACKGROUND_COLOR" RAW="1"></ELEMENT>
<ELEMENT ID="CQDOVNT" SUB="CONTENT_TEXT_COLOR" TYPE="READONLY" LOAD="THEME::CONTENT_TEXT_COLOR" RAW="1"></ELEMENT>
<ELEMENT ID="CQDOVNU" SUB="TABLE_LISTING_FONT_SIZE" TYPE="READONLY" LOAD="THEME::TABLE_LISTING_FONT_SIZE" RAW="1"></ELEMENT>
<ELEMENT ID="CQDOVNV" SUB="TABLE_LISTING_TEXT_COLOR" TYPE="READONLY" LOAD="THEME::TABLE_LISTING_TEXT_COLOR" RAW="1"></ELEMENT>
<ELEMENT ID="CQDOVNW" SUB="TABLE_LISTING_FONT_FACE" TYPE="READONLY" LOAD="THEME::TABLE_LISTING_FONT_FACE" RAW="1"></ELEMENT>
<ELEMENT ID="CQDOVNX" SUB="CONTENT_FONT_FACE" TYPE="READONLY" LOAD="THEME::CONTENT_FONT_FACE" RAW="1"></ELEMENT>
<ELEMENT ID="CQDOVNY" SUB="NAME" TYPE="READONLY" LOAD="THEME::NAME" RAW="1"></ELEMENT>
<ELEMENT ID="CQDOVNZ" SUB="DISCLAIMER_FONT_FACE" TYPE="READONLY" LOAD="THEME::DISCLAIMER_FONT_FACE" RAW="1"></ELEMENT>
<ELEMENT ID="CQDOVOA" SUB="PRETTY_NAME" TYPE="READONLY" LOAD="THEME::PRETTY_NAME" RAW="1"></ELEMENT>
<ELEMENT ID="CQDOVOB" SUB="TABLE_HEADING_BACKGROUND_COLOR" TYPE="READONLY" LOAD="THEME::TABLE_HEADING_BACKGROUND_COLOR" RAW="1"></ELEMENT>
<ELEMENT ID="CQDOVOC" SUB="TABLE_LISTING_BACKGROUND_COLOR_ALTERNATE" TYPE="READONLY" LOAD="THEME::TABLE_LISTING_BACKGROUND_COLOR_ALTERNATE" RAW="1"></ELEMENT>
<ELEMENT ID="CQDOVOD" SUB="LINK_ACTIVE_TEXT_COLOR" TYPE="READONLY" LOAD="THEME::LINK_ACTIVE_TEXT_COLOR" RAW="1"></ELEMENT>
<ELEMENT ID="CQDOVOE" SUB="CONTENT_FONT_SIZE" TYPE="READONLY" LOAD="THEME::CONTENT_FONT_SIZE" RAW="1"></ELEMENT>
<ELEMENT ID="CQDOVOF" SUB="ALERT_COLOR" TYPE="READONLY" LOAD="THEME::ALERT_COLOR" RAW="1"></ELEMENT>
<ELEMENT ID="CQDOVOG" SUB="DISCLAIMER_BACKGROUND_COLOR" TYPE="READONLY" LOAD="THEME::DISCLAIMER_BACKGROUND_COLOR" RAW="1"></ELEMENT>
<ELEMENT ID="CQDOVOH" SUB="TABLE_HEADING_FONT_FACE" TYPE="READONLY" LOAD="THEME::TABLE_HEADING_FONT_FACE" RAW="1"></ELEMENT>
<ELEMENT ID="CQDOVOI" SUB="TABLE_HEADING_TEXT_COLOR" TYPE="READONLY" LOAD="THEME::TABLE_HEADING_TEXT_COLOR" RAW="1"></ELEMENT>
<ELEMENT ID="CQDOVOJ" SUB="DISCLAIMER_TEXT_COLOR" TYPE="READONLY" LOAD="THEME::DISCLAIMER_TEXT_COLOR" RAW="1"></ELEMENT>
<ELEMENT ID="CQDOVOK" SUB="LINK_TEXT_COLOR" TYPE="READONLY" LOAD="THEME::LINK_TEXT_COLOR" RAW="1"></ELEMENT>
<ELEMENT ID="CQDOVOL" SUB="HOMECATEGORY_URL" TYPE="READONLY" LOAD="URL::HOMECATEGORY_URL" RAW="1"></ELEMENT>
<ELEMENT ID="CQDOVOM" SUB="WRAPPER_URL" TYPE="READONLY" LOAD="URL::WRAPPER_URL" RAW="1"></ELEMENT>
<ELEMENT ID="CQDOVON" SUB="CART_URL" TYPE="READONLY" LOAD="URL::CART_URL" RAW="1"></ELEMENT>
<ELEMENT ID="CQDOVOO" SUB="SUBSCRIBE_URL" TYPE="READONLY" LOAD="URL::SUBSCRIBE_URL" RAW="1"></ELEMENT>
<ELEMENT ID="CQDOVOP" SUB="FEEDBACK_URL" TYPE="READONLY" LOAD="URL::FEEDBACK_URL" RAW="1"></ELEMENT>
<ELEMENT ID="CQDOVOQ" SUB="LOGOUT_FUNCTION_URL" TYPE="READONLY" LOAD="URL::LOGOUT_FUNCTION_URL" RAW="1"></ELEMENT>
<ELEMENT ID="CQDOVOR" SUB="SHIPQUOTE_URL" TYPE="READONLY" LOAD="URL::SHIPQUOTE_URL" RAW="1"></ELEMENT>
<ELEMENT ID="CQDOVOS" SUB="PRIVACY_URL" TYPE="READONLY" LOAD="URL::PRIVACY_URL" RAW="1"></ELEMENT>
<ELEMENT ID="CQDOVOT" SUB="SITEBUTTON_URL" TYPE="READONLY" LOAD="URL::SITEBUTTON_URL" RAW="1"></ELEMENT>
<ELEMENT ID="CQDOVOU" SUB="HOMEPAGE_URL" TYPE="READONLY" LOAD="URL::HOMEPAGE_URL" RAW="1"></ELEMENT>
<ELEMENT ID="CQDOVOV" SUB="COUNTER_URL" TYPE="READONLY" LOAD="URL::COUNTER_URL" RAW="1"></ELEMENT>
<ELEMENT ID="CQDOVOW" SUB="RETURNS_URL" TYPE="READONLY" LOAD="URL::RETURNS_URL" RAW="1"></ELEMENT>
<ELEMENT ID="CQDOVOX" SUB="PASSWORD_URL" TYPE="READONLY" LOAD="URL::PASSWORD_URL" RAW="1"></ELEMENT>
<ELEMENT ID="CQDOVOY" SUB="UPDATE_PAYMENT_URL" TYPE="READONLY" LOAD="URL::UPDATE_PAYMENT_URL" RAW="1"></ELEMENT>
<ELEMENT ID="CQDOVOZ" SUB="FORGOT_URL" TYPE="READONLY" LOAD="URL::FORGOT_URL" RAW="1"></ELEMENT>
<ELEMENT ID="CQDOVPA" SUB="NAVBUTTON_URL" TYPE="READONLY" LOAD="URL::NAVBUTTON_URL" RAW="1"></ELEMENT>
<ELEMENT ID="CQDOVPB" SUB="CONTACT_URL" TYPE="READONLY" LOAD="URL::CONTACT_URL" RAW="1"></ELEMENT>
<ELEMENT ID="CQDOVPC" SUB="LOGOUT_URL" TYPE="READONLY" LOAD="URL::LOGOUT_URL" RAW="1"></ELEMENT>
<ELEMENT ID="CQDOVPD" SUB="GALLERY_URL" TYPE="READONLY" LOAD="URL::GALLERY_URL" RAW="1"></ELEMENT>
<ELEMENT ID="CQDOVPE" SUB="REMOVE_URL" TYPE="READONLY" LOAD="URL::REMOVE_URL" RAW="1"></ELEMENT>
<ELEMENT ID="CQDOVPF" SUB="HOME_URL" TYPE="READONLY" LOAD="URL::HOME_URL" RAW="1"></ELEMENT>
<ELEMENT ID="CQDOVPG" SUB="ABOUT_ZOOVY_URL" TYPE="READONLY" LOAD="URL::ABOUT_ZOOVY_URL" RAW="1"></ELEMENT>
<ELEMENT ID="CQDOVPH" SUB="NEWS_URL" TYPE="READONLY" LOAD="URL::NEWS_URL" RAW="1"></ELEMENT>
<ELEMENT ID="CQDOVPI" SUB="SECURE_URL" TYPE="READONLY" LOAD="URL::SECURE_URL" RAW="1"></ELEMENT>
<ELEMENT ID="CQDOVPJ" SUB="ABOUT_URL" TYPE="READONLY" LOAD="URL::ABOUT_URL" RAW="1"></ELEMENT>
<ELEMENT ID="CQDOVPK" SUB="USERBUTTON_URL" TYPE="READONLY" LOAD="URL::USERBUTTON_URL" RAW="1"></ELEMENT>
<ELEMENT ID="CQDOVPL" SUB="CLOSED_URL" TYPE="READONLY" LOAD="URL::CLOSED_URL" RAW="1"></ELEMENT>
<ELEMENT ID="CQDOVPM" SUB="FASTORDER_URL" TYPE="READONLY" LOAD="URL::FASTORDER_URL" RAW="1"></ELEMENT>
<ELEMENT ID="CQDOVPN" SUB="MAIL_FORM_URL" TYPE="READONLY" LOAD="URL::MAIL_FORM_URL" RAW="1"></ELEMENT>
<ELEMENT ID="CQDOVPO" SUB="GRAPHICS_URL" TYPE="READONLY" LOAD="URL::GRAPHICS_URL" RAW="1"></ELEMENT>
<ELEMENT ID="CQDOVPP" SUB="IMAGE_URL" TYPE="READONLY" LOAD="URL::IMAGE_URL" RAW="1"></ELEMENT>
<ELEMENT ID="CQDOVPQ" SUB="CONTACTUS_URL" TYPE="READONLY" LOAD="URL::CONTACTUS_URL" RAW="1"></ELEMENT>
<ELEMENT ID="CQDOVPR" SUB="DYNAMIC_URL" TYPE="READONLY" LOAD="URL::DYNAMIC_URL" RAW="1"></ELEMENT>
<ELEMENT ID="CQDOVPS" SUB="NONSECURE_URL" TYPE="READONLY" LOAD="URL::NONSECURE_URL" RAW="1"></ELEMENT>
<ELEMENT ID="CQDOVPT" SUB="CONTACT_US_URL" TYPE="READONLY" LOAD="URL::CONTACT_US_URL" RAW="1"></ELEMENT>
<ELEMENT ID="CQDOVPU" SUB="SEARCH_URL" TYPE="READONLY" LOAD="URL::SEARCH_URL" RAW="1"></ELEMENT>
<ELEMENT ID="CQDOVPV" SUB="ABOUTUS_URL" TYPE="READONLY" LOAD="URL::ABOUTUS_URL" RAW="1"></ELEMENT>
<ELEMENT ID="CQDOVPW" SUB="CUSTOMER_MAIN_URL" TYPE="READONLY" LOAD="URL::CUSTOMER_MAIN_URL" RAW="1"></ELEMENT>
<ELEMENT ID="CQDOVPX" SUB="MERCHANT_LOGIN_URL" TYPE="READONLY" LOAD="URL::MERCHANT_LOGIN_URL" RAW="1"></ELEMENT>
<ELEMENT ID="CQDOVPY" SUB="CATEGORY_URL" TYPE="READONLY" LOAD="URL::CATEGORY_URL" RAW="1"></ELEMENT>
<ELEMENT ID="CQDOVPZ" SUB="ADULT_URL" TYPE="READONLY" LOAD="URL::ADULT_URL" RAW="1"></ELEMENT>
<ELEMENT ID="CQDOVQA" SUB="CLAIM_URL" TYPE="READONLY" LOAD="URL::CLAIM_URL" RAW="1"></ELEMENT>
<ELEMENT ID="CQDOVQB" SUB="CLAIM_MULTI_URL" TYPE="READONLY" LOAD="URL::CLAIM_MULTI_URL" RAW="1"></ELEMENT>
<ELEMENT ID="CQDOVQC" SUB="ABOUT_US_URL" TYPE="READONLY" LOAD="URL::ABOUT_US_URL" RAW="1"></ELEMENT>
<ELEMENT ID="CQDOVQD" SUB="RESULTS_URL" TYPE="READONLY" LOAD="URL::RESULTS_URL" RAW="1"></ELEMENT>
<ELEMENT ID="CQDOVQE" SUB="PRODUCT_URL" TYPE="READONLY" LOAD="URL::PRODUCT_URL" RAW="1"></ELEMENT>
<ELEMENT ID="CQDOVQF" SUB="CONTINUE_URL" TYPE="READONLY" LOAD="URL::CONTINUE_URL" RAW="1"></ELEMENT>
<ELEMENT ID="CQDOVQG" SUB="REDIR_URL" TYPE="READONLY" LOAD="URL::REDIR_URL" RAW="1"></ELEMENT>
<ELEMENT ID="CQDOVQH" SUB="KILL_COOKIES_URL" TYPE="READONLY" LOAD="URL::KILL_COOKIES_URL" RAW="1"></ELEMENT>
<ELEMENT ID="CQDOVQI" SUB="LOGIN_URL" TYPE="READONLY" LOAD="URL::LOGIN_URL" RAW="1"></ELEMENT>
<ELEMENT ID="CQDOVQJ" SUB="CHECKOUT_URL" TYPE="READONLY" LOAD="URL::CHECKOUT_URL" RAW="1"></ELEMENT>
<ELEMENT ID="CQDOVQK" SUB="ORDER_STATUS_URL" TYPE="READONLY" LOAD="URL::ORDER_STATUS_URL" RAW="1"></ELEMENT>
<ELEMENT ID="CQDOVQL" SUB="NO_COOKIES_URL" TYPE="READONLY" LOAD="URL::NO_COOKIES_URL" RAW="1"></ELEMENT>
<ELEMENT ID="CQDOVQM" SUB="PAYPAL_URL" TYPE="READONLY" LOAD="URL::PAYPAL_URL" RAW="1"></ELEMENT>
<ELEMENT ID="CQDOVQN" SUB="CANCEL_ORDER_URL" TYPE="READONLY" LOAD="URL::CANCEL_ORDER_URL" RAW="1"></ELEMENT>
<ELEMENT ID="CQDOVQO" SUB="MAIL_CONFIG_URL" TYPE="READONLY" LOAD="URL::MAIL_CONFIG_URL" RAW="1"></ELEMENT>
<ELEMENT ID="CQDOVQP" SUB="DISABLED_URL" TYPE="READONLY" LOAD="URL::DISABLED_URL" RAW="1"></ELEMENT>
<ELEMENT ID="CQDOVQQ" TYPE="OUTPUT"><HTML><![CDATA[<!DOCTYPE HTML PUBLIC "-//W3C//DTD HTML 4.01 Transitional//EN">
]]></HTML>
</ELEMENT>
<ELEMENT ID="CQDOVQR" COLORS="16" TYPE="CONFIG" CATEGORIES="32768" CREATED="20020813" TITLE="Functional" THEME="l2_bluebergs" PROPERTIES="10" SITEBUTTONS="l2_bluebergs"></ELEMENT>
<ELEMENT ID="CQDOVQS" TYPE="OUTPUT"><HTML><![CDATA[
<html>
<head>
]]></HTML>
</ELEMENT>
<ELEMENT ID="CQDOVQT" TYPE="HEAD"></ELEMENT>
<ELEMENT ID="CQDOVQU" TYPE="OUTPUT"><HTML><![CDATA[
<style rel="STYLESHEET" type="text/css">
a:link	{text-decoration: none;}
a:visited	{text-decoration: none;}		
a:hover		{background-color:#33CCFF; TEXT-DECORATION: underline}
form		{display:	inline;}				
</style>


<STYLE TYPE="text/css">
<!--
-->
</STYLE>
</head>

<body leftmargin=0 marginheight=0 bottommargin=0 marginwidth=0 rightmargin=0 topmargin=0 bgcolor="#FFFFFF" text="#%CONTENT_TEXT_COLOR%" link="#%LINK_TEXT_COLOR%" alink="#%LINK_ACTIVE_TEXT_COLOR%" vlink="#%LINK_VISITED_TEXT_COLOR%">

<table cellspacing=0 cellpadding=0 border=0 width=100%>
	<tr>
		<td width=99%>]]></HTML>
</ELEMENT>
<ELEMENT ID="CQDOVQV" HEIGHT="84" WIDTH="300" TYPE="LOGO"></ELEMENT>
<ELEMENT ID="CQDOVQW" TYPE="OUTPUT"><HTML><![CDATA[</td>
		<td><img src="%GRAPHICS_URL%/blank.gif" width=2 height=84></td>
		<td valign="bottom"><a href="%CART_URL%"><img src="%WRAPPER_URL%/checkout.gif" width="96" height="29" alt="" border="0"></a></td>
		<td><img src="%GRAPHICS_URL%/blank.gif" width=4 height=1></td>
		<td valign="bottom"><a href="%CONTACT_URL%"><img src="%WRAPPER_URL%/contact.gif" width="96" height="29" alt="" border="0"></a></td>
		<td><img src="%GRAPHICS_URL%/blank.gif" width=4 height=1></td>
		<td valign="bottom"><a href="%LOGIN_URL%"><img src="%WRAPPER_URL%/login.gif" width="96" height="29" alt="" border="0"></a></td>
		<td><img src="%GRAPHICS_URL%/blank.gif" width=4 height=1></td>
		<td valign="bottom"><a href="%ABOUT_URL%"><img src="%WRAPPER_URL%/about.gif" width="96" height="29" alt="" border="0"></a></td>
		<td><img src="%GRAPHICS_URL%/blank.gif" width=4 height=1></td>
	</tr><tr>
		<td background="%WRAPPER_URL%/highlight.gif" colspan=10><img src="%GRAPHICS_URL%/blank.gif" width=1 height=4></td>
	</tr><tr>
		<td background="%WRAPPER_URL%/color.gif"><img src="%GRAPHICS_URL%/blank.gif" width=1 height=29></td>
		<td background="%WRAPPER_URL%/color.gif" colspan=9 align="right" height=29><form action="%RESULTS_URL%" method="get">
<input type="hidden" name="catalog" value="">
<input type="text" name="keywords" value="">
<input type="image" src="%WRAPPER_URL%/search.gif" >
</form>&nbsp;</td>
	</tr>
</table>
<table cellspacing=0 cellpadding=0 border=0 width=100% height=85%>
	<tr>
		<td valign="top" background="%WRAPPER_URL%/color.gif" width=170><img src="%GRAPHICS_URL%/blank.gif" width=161 height=1><br>
			<table cellspacing=0 cellpadding=0 border=0 width=158>
				<tr>
					<td bgcolor="#FFFFFF">
					<img src="%GRAPHICS_URL%/blank.gif" width=158 height=2><br>
					<div align="center"><font size=3 face="verdana" color="#3366FF"><strong>Categories:</strong></font><br>
					<img src="%GRAPHICS_URL%/blank.gif" width=158 height=2><br>
			<table cellspacing=4 cellpadding=2 border=0 width=154>
				]]></HTML>
</ELEMENT>
<ELEMENT ID="CQDOVQX" TYPE="MENU"><HTML><![CDATA[<tr><td bgcolor="#3366FF"><a href="%URL%"><font color="#FFFFFF" face="verdana" size=2><strong>%MESSAGE%</strong></font></a></td></tr>]]></HTML>
</ELEMENT>
<ELEMENT ID="CQDOVQY" TYPE="OUTPUT"><HTML><![CDATA[
</table><img src="%GRAPHICS_URL%/blank.gif" width=1 height=2><br>
</td>
				</tr>
			</table> 
		</td>
		<td valign="top"  background="%WRAPPER_URL%/spacer.gif" valign="top" align="left"><img src="%WRAPPER_URL%/corner.gif" width="14" height="18" alt="" border="0"></td>
		<td valign="top" width=99%><p><font face="verdana" size=3 color="#3366FF">]]></HTML>
</ELEMENT>
<ELEMENT ID="CQDOVQZ" TYPE="TITLE"></ELEMENT>
<ELEMENT ID="CQDOVRA" TYPE="OUTPUT"><HTML><![CDATA[</font></p>
		<table cellspacing=0 cellpadding=3 border=0 width=100%>
			<tr>
				<td valign="top" width=90% align="left" height=300>]]></HTML>
</ELEMENT>
<ELEMENT ID="CQDOVRB" TYPE="BODY"></ELEMENT>
<ELEMENT ID="CQDOVRC" TYPE="OUTPUT"><HTML><![CDATA[</td>
				<td valign="top" rowspan=2 align="right">]]></HTML>
</ELEMENT>
<ELEMENT ID="CQDOVRD" TYPE="SIDEBAR"></ELEMENT>
<ELEMENT ID="CQDOVRE" TYPE="OUTPUT"><HTML><![CDATA[</td>
			</tr><tr>
				<td valign="bottom">]]></HTML>
</ELEMENT>
<ELEMENT ID="CQDOVRF" TYPE="FOOTER"></ELEMENT>
<ELEMENT ID="CQDOVRG" TYPE="OUTPUT"><HTML><![CDATA[</td>
			</tr>
		</table>
				
		</td>
	</tr>
</table>
</body>
</html>
]]></HTML>
</ELEMENT>

</TEMPLATE>