<TEMPLATE ID="foam" FORMAT="WRAPPER">


<!-- ******* -->
<ELEMENT ID="CQDPBKD" SUB="LINK_VISITED_TEXT_COLOR" TYPE="READONLY" LOAD="THEME::LINK_VISITED_TEXT_COLOR" RAW="1"></ELEMENT>
<ELEMENT ID="CQDPBKE" SUB="TABLE_HEADING_FONT_SIZE" TYPE="READONLY" LOAD="THEME::TABLE_HEADING_FONT_SIZE" RAW="1"></ELEMENT>
<ELEMENT ID="CQDPBKF" SUB="DISCLAIMER_FONT_SIZE" TYPE="READONLY" LOAD="THEME::DISCLAIMER_FONT_SIZE" RAW="1"></ELEMENT>
<ELEMENT ID="CQDPBKG" SUB="CONTENT_BACKGROUND_COLOR" TYPE="READONLY" LOAD="THEME::CONTENT_BACKGROUND_COLOR" RAW="1"></ELEMENT>
<ELEMENT ID="CQDPBKH" SUB="TABLE_LISTING_BACKGROUND_COLOR" TYPE="READONLY" LOAD="THEME::TABLE_LISTING_BACKGROUND_COLOR" RAW="1"></ELEMENT>
<ELEMENT ID="CQDPBKI" SUB="CONTENT_TEXT_COLOR" TYPE="READONLY" LOAD="THEME::CONTENT_TEXT_COLOR" RAW="1"></ELEMENT>
<ELEMENT ID="CQDPBKJ" SUB="TABLE_LISTING_FONT_SIZE" TYPE="READONLY" LOAD="THEME::TABLE_LISTING_FONT_SIZE" RAW="1"></ELEMENT>
<ELEMENT ID="CQDPBKK" SUB="TABLE_LISTING_TEXT_COLOR" TYPE="READONLY" LOAD="THEME::TABLE_LISTING_TEXT_COLOR" RAW="1"></ELEMENT>
<ELEMENT ID="CQDPBKL" SUB="TABLE_LISTING_FONT_FACE" TYPE="READONLY" LOAD="THEME::TABLE_LISTING_FONT_FACE" RAW="1"></ELEMENT>
<ELEMENT ID="CQDPBKM" SUB="CONTENT_FONT_FACE" TYPE="READONLY" LOAD="THEME::CONTENT_FONT_FACE" RAW="1"></ELEMENT>
<ELEMENT ID="CQDPBKN" SUB="NAME" TYPE="READONLY" LOAD="THEME::NAME" RAW="1"></ELEMENT>
<ELEMENT ID="CQDPBKO" SUB="DISCLAIMER_FONT_FACE" TYPE="READONLY" LOAD="THEME::DISCLAIMER_FONT_FACE" RAW="1"></ELEMENT>
<ELEMENT ID="CQDPBKP" SUB="PRETTY_NAME" TYPE="READONLY" LOAD="THEME::PRETTY_NAME" RAW="1"></ELEMENT>
<ELEMENT ID="CQDPBKQ" SUB="TABLE_HEADING_BACKGROUND_COLOR" TYPE="READONLY" LOAD="THEME::TABLE_HEADING_BACKGROUND_COLOR" RAW="1"></ELEMENT>
<ELEMENT ID="CQDPBKR" SUB="TABLE_LISTING_BACKGROUND_COLOR_ALTERNATE" TYPE="READONLY" LOAD="THEME::TABLE_LISTING_BACKGROUND_COLOR_ALTERNATE" RAW="1"></ELEMENT>
<ELEMENT ID="CQDPBKS" SUB="LINK_ACTIVE_TEXT_COLOR" TYPE="READONLY" LOAD="THEME::LINK_ACTIVE_TEXT_COLOR" RAW="1"></ELEMENT>
<ELEMENT ID="CQDPBKT" SUB="CONTENT_FONT_SIZE" TYPE="READONLY" LOAD="THEME::CONTENT_FONT_SIZE" RAW="1"></ELEMENT>
<ELEMENT ID="CQDPBKU" SUB="ALERT_COLOR" TYPE="READONLY" LOAD="THEME::ALERT_COLOR" RAW="1"></ELEMENT>
<ELEMENT ID="CQDPBKV" SUB="DISCLAIMER_BACKGROUND_COLOR" TYPE="READONLY" LOAD="THEME::DISCLAIMER_BACKGROUND_COLOR" RAW="1"></ELEMENT>
<ELEMENT ID="CQDPBKW" SUB="TABLE_HEADING_FONT_FACE" TYPE="READONLY" LOAD="THEME::TABLE_HEADING_FONT_FACE" RAW="1"></ELEMENT>
<ELEMENT ID="CQDPBKX" SUB="TABLE_HEADING_TEXT_COLOR" TYPE="READONLY" LOAD="THEME::TABLE_HEADING_TEXT_COLOR" RAW="1"></ELEMENT>
<ELEMENT ID="CQDPBKY" SUB="DISCLAIMER_TEXT_COLOR" TYPE="READONLY" LOAD="THEME::DISCLAIMER_TEXT_COLOR" RAW="1"></ELEMENT>
<ELEMENT ID="CQDPBKZ" SUB="LINK_TEXT_COLOR" TYPE="READONLY" LOAD="THEME::LINK_TEXT_COLOR" RAW="1"></ELEMENT>
<ELEMENT ID="CQDPBLA" SUB="HOMECATEGORY_URL" TYPE="READONLY" LOAD="URL::HOMECATEGORY_URL" RAW="1"></ELEMENT>
<ELEMENT ID="CQDPBLB" SUB="WRAPPER_URL" TYPE="READONLY" LOAD="URL::WRAPPER_URL" RAW="1"></ELEMENT>
<ELEMENT ID="CQDPBLC" SUB="CART_URL" TYPE="READONLY" LOAD="URL::CART_URL" RAW="1"></ELEMENT>
<ELEMENT ID="CQDPBLD" SUB="SUBSCRIBE_URL" TYPE="READONLY" LOAD="URL::SUBSCRIBE_URL" RAW="1"></ELEMENT>
<ELEMENT ID="CQDPBLE" SUB="FEEDBACK_URL" TYPE="READONLY" LOAD="URL::FEEDBACK_URL" RAW="1"></ELEMENT>
<ELEMENT ID="CQDPBLF" SUB="LOGOUT_FUNCTION_URL" TYPE="READONLY" LOAD="URL::LOGOUT_FUNCTION_URL" RAW="1"></ELEMENT>
<ELEMENT ID="CQDPBLG" SUB="SHIPQUOTE_URL" TYPE="READONLY" LOAD="URL::SHIPQUOTE_URL" RAW="1"></ELEMENT>
<ELEMENT ID="CQDPBLH" SUB="PRIVACY_URL" TYPE="READONLY" LOAD="URL::PRIVACY_URL" RAW="1"></ELEMENT>
<ELEMENT ID="CQDPBLI" SUB="SITEBUTTON_URL" TYPE="READONLY" LOAD="URL::SITEBUTTON_URL" RAW="1"></ELEMENT>
<ELEMENT ID="CQDPBLJ" SUB="HOMEPAGE_URL" TYPE="READONLY" LOAD="URL::HOMEPAGE_URL" RAW="1"></ELEMENT>
<ELEMENT ID="CQDPBLK" SUB="COUNTER_URL" TYPE="READONLY" LOAD="URL::COUNTER_URL" RAW="1"></ELEMENT>
<ELEMENT ID="CQDPBLL" SUB="RETURNS_URL" TYPE="READONLY" LOAD="URL::RETURNS_URL" RAW="1"></ELEMENT>
<ELEMENT ID="CQDPBLM" SUB="PASSWORD_URL" TYPE="READONLY" LOAD="URL::PASSWORD_URL" RAW="1"></ELEMENT>
<ELEMENT ID="CQDPBLN" SUB="UPDATE_PAYMENT_URL" TYPE="READONLY" LOAD="URL::UPDATE_PAYMENT_URL" RAW="1"></ELEMENT>
<ELEMENT ID="CQDPBLO" SUB="FORGOT_URL" TYPE="READONLY" LOAD="URL::FORGOT_URL" RAW="1"></ELEMENT>
<ELEMENT ID="CQDPBLP" SUB="NAVBUTTON_URL" TYPE="READONLY" LOAD="URL::NAVBUTTON_URL" RAW="1"></ELEMENT>
<ELEMENT ID="CQDPBLQ" SUB="CONTACT_URL" TYPE="READONLY" LOAD="URL::CONTACT_URL" RAW="1"></ELEMENT>
<ELEMENT ID="CQDPBLR" SUB="LOGOUT_URL" TYPE="READONLY" LOAD="URL::LOGOUT_URL" RAW="1"></ELEMENT>
<ELEMENT ID="CQDPBLS" SUB="GALLERY_URL" TYPE="READONLY" LOAD="URL::GALLERY_URL" RAW="1"></ELEMENT>
<ELEMENT ID="CQDPBLT" SUB="REMOVE_URL" TYPE="READONLY" LOAD="URL::REMOVE_URL" RAW="1"></ELEMENT>
<ELEMENT ID="CQDPBLU" SUB="HOME_URL" TYPE="READONLY" LOAD="URL::HOME_URL" RAW="1"></ELEMENT>
<ELEMENT ID="CQDPBLV" SUB="ABOUT_ZOOVY_URL" TYPE="READONLY" LOAD="URL::ABOUT_ZOOVY_URL" RAW="1"></ELEMENT>
<ELEMENT ID="CQDPBLW" SUB="NEWS_URL" TYPE="READONLY" LOAD="URL::NEWS_URL" RAW="1"></ELEMENT>
<ELEMENT ID="CQDPBLX" SUB="SECURE_URL" TYPE="READONLY" LOAD="URL::SECURE_URL" RAW="1"></ELEMENT>
<ELEMENT ID="CQDPBLY" SUB="ABOUT_URL" TYPE="READONLY" LOAD="URL::ABOUT_URL" RAW="1"></ELEMENT>
<ELEMENT ID="CQDPBLZ" SUB="USERBUTTON_URL" TYPE="READONLY" LOAD="URL::USERBUTTON_URL" RAW="1"></ELEMENT>
<ELEMENT ID="CQDPBMA" SUB="CLOSED_URL" TYPE="READONLY" LOAD="URL::CLOSED_URL" RAW="1"></ELEMENT>
<ELEMENT ID="CQDPBMB" SUB="FASTORDER_URL" TYPE="READONLY" LOAD="URL::FASTORDER_URL" RAW="1"></ELEMENT>
<ELEMENT ID="CQDPBMC" SUB="MAIL_FORM_URL" TYPE="READONLY" LOAD="URL::MAIL_FORM_URL" RAW="1"></ELEMENT>
<ELEMENT ID="CQDPBMD" SUB="GRAPHICS_URL" TYPE="READONLY" LOAD="URL::GRAPHICS_URL" RAW="1"></ELEMENT>
<ELEMENT ID="CQDPBME" SUB="IMAGE_URL" TYPE="READONLY" LOAD="URL::IMAGE_URL" RAW="1"></ELEMENT>
<ELEMENT ID="CQDPBMF" SUB="CONTACTUS_URL" TYPE="READONLY" LOAD="URL::CONTACTUS_URL" RAW="1"></ELEMENT>
<ELEMENT ID="CQDPBMG" SUB="DYNAMIC_URL" TYPE="READONLY" LOAD="URL::DYNAMIC_URL" RAW="1"></ELEMENT>
<ELEMENT ID="CQDPBMH" SUB="NONSECURE_URL" TYPE="READONLY" LOAD="URL::NONSECURE_URL" RAW="1"></ELEMENT>
<ELEMENT ID="CQDPBMI" SUB="CONTACT_US_URL" TYPE="READONLY" LOAD="URL::CONTACT_US_URL" RAW="1"></ELEMENT>
<ELEMENT ID="CQDPBMJ" SUB="SEARCH_URL" TYPE="READONLY" LOAD="URL::SEARCH_URL" RAW="1"></ELEMENT>
<ELEMENT ID="CQDPBMK" SUB="ABOUTUS_URL" TYPE="READONLY" LOAD="URL::ABOUTUS_URL" RAW="1"></ELEMENT>
<ELEMENT ID="CQDPBML" SUB="CUSTOMER_MAIN_URL" TYPE="READONLY" LOAD="URL::CUSTOMER_MAIN_URL" RAW="1"></ELEMENT>
<ELEMENT ID="CQDPBMM" SUB="MERCHANT_LOGIN_URL" TYPE="READONLY" LOAD="URL::MERCHANT_LOGIN_URL" RAW="1"></ELEMENT>
<ELEMENT ID="CQDPBMN" SUB="CATEGORY_URL" TYPE="READONLY" LOAD="URL::CATEGORY_URL" RAW="1"></ELEMENT>
<ELEMENT ID="CQDPBMO" SUB="ADULT_URL" TYPE="READONLY" LOAD="URL::ADULT_URL" RAW="1"></ELEMENT>
<ELEMENT ID="CQDPBMP" SUB="CLAIM_URL" TYPE="READONLY" LOAD="URL::CLAIM_URL" RAW="1"></ELEMENT>
<ELEMENT ID="CQDPBMQ" SUB="CLAIM_MULTI_URL" TYPE="READONLY" LOAD="URL::CLAIM_MULTI_URL" RAW="1"></ELEMENT>
<ELEMENT ID="CQDPBMR" SUB="ABOUT_US_URL" TYPE="READONLY" LOAD="URL::ABOUT_US_URL" RAW="1"></ELEMENT>
<ELEMENT ID="CQDPBMS" SUB="RESULTS_URL" TYPE="READONLY" LOAD="URL::RESULTS_URL" RAW="1"></ELEMENT>
<ELEMENT ID="CQDPBMT" SUB="PRODUCT_URL" TYPE="READONLY" LOAD="URL::PRODUCT_URL" RAW="1"></ELEMENT>
<ELEMENT ID="CQDPBMU" SUB="CONTINUE_URL" TYPE="READONLY" LOAD="URL::CONTINUE_URL" RAW="1"></ELEMENT>
<ELEMENT ID="CQDPBMV" SUB="REDIR_URL" TYPE="READONLY" LOAD="URL::REDIR_URL" RAW="1"></ELEMENT>
<ELEMENT ID="CQDPBMW" SUB="KILL_COOKIES_URL" TYPE="READONLY" LOAD="URL::KILL_COOKIES_URL" RAW="1"></ELEMENT>
<ELEMENT ID="CQDPBMX" SUB="LOGIN_URL" TYPE="READONLY" LOAD="URL::LOGIN_URL" RAW="1"></ELEMENT>
<ELEMENT ID="CQDPBMY" SUB="CHECKOUT_URL" TYPE="READONLY" LOAD="URL::CHECKOUT_URL" RAW="1"></ELEMENT>
<ELEMENT ID="CQDPBMZ" SUB="ORDER_STATUS_URL" TYPE="READONLY" LOAD="URL::ORDER_STATUS_URL" RAW="1"></ELEMENT>
<ELEMENT ID="CQDPBNA" SUB="NO_COOKIES_URL" TYPE="READONLY" LOAD="URL::NO_COOKIES_URL" RAW="1"></ELEMENT>
<ELEMENT ID="CQDPBNB" SUB="PAYPAL_URL" TYPE="READONLY" LOAD="URL::PAYPAL_URL" RAW="1"></ELEMENT>
<ELEMENT ID="CQDPBNC" SUB="CANCEL_ORDER_URL" TYPE="READONLY" LOAD="URL::CANCEL_ORDER_URL" RAW="1"></ELEMENT>
<ELEMENT ID="CQDPBND" SUB="MAIL_CONFIG_URL" TYPE="READONLY" LOAD="URL::MAIL_CONFIG_URL" RAW="1"></ELEMENT>
<ELEMENT ID="CQDPBNE" SUB="DISABLED_URL" TYPE="READONLY" LOAD="URL::DISABLED_URL" RAW="1"></ELEMENT>
<ELEMENT ID="CQDPBNF" TYPE="OUTPUT"><HTML><![CDATA[<!DOCTYPE HTML PUBLIC "-//W3C//DTD HTML 4.01 Transitional//EN">
]]></HTML>
</ELEMENT>
<ELEMENT ID="CQDPBNG" COLORS="129" TYPE="CONFIG" CATEGORIES="32769" CREATED="20021227" TITLE="Foam" THEME="horakhio" PROPERTIES="0" SITEBUTTONS="horakhio"></ELEMENT>
<ELEMENT ID="CQDPBNH" TYPE="OUTPUT"><HTML><![CDATA[
<html>
<head>

<script language="JavaScript">
<!--
initialized = 0;
]]></HTML>
</ELEMENT>
<ELEMENT ID="CQDPBNI" HTML="rollover_%NUM%_on = new Image;%BREAK%rollover_%NUM%_on.src = &quot;%SRC%&quot;;%BREAK%" WIDTH="120" NOHOME="1" TYPE="MENU" BUTTONTYPE="foam_on"></ELEMENT>
<ELEMENT ID="CQDPBNJ" HTML="rollover_%NUM%_off = new Image;%BREAK%rollover_%NUM%_off.src = &quot;%SRC%&quot;;%BREAK%" WIDTH="120" NOHOME="1" TYPE="MENU" BUTTONTYPE="foam_off"></ELEMENT>
<ELEMENT ID="CQDPBNK" TYPE="OUTPUT"><HTML><![CDATA[initialized = 1;
function on(imageNumber) {
if (!initialized || !document.images) return;
document.images[eval("\"roll_"+imageNumber+"\"")].src = eval("rollover_"+imageNumber+"_on.src");
}
function off(imageNumber) {
if (!initialized || !document.images) return;
document.images[eval("\"roll_"+imageNumber+"\"")].src = eval("rollover_"+imageNumber+"_off.src");
}
// -->
</script>
]]></HTML>
</ELEMENT>
<ELEMENT ID="CQDPBNL" TYPE="HEAD"></ELEMENT>
<ELEMENT ID="CQDPBNM" TYPE="OUTPUT"><HTML><![CDATA[
<style rel="STYLESHEET" type="text/css">
body	{margin: 0px; background-color: #000000;}
.title	{font-family: arial, helvetica; font-size: 14px; font-weight: bold; color: #33FF00;}
</style>
</head>
<MAP NAME="Untitled_1_Map">
<AREA SHAPE="rect" ALT="Company Information" COORDS="44,92,106,105" HREF="%ABOUT_URL%">
<AREA SHAPE="rect" ALT="Contact Us" COORDS="54,78,107,91" HREF="%CONTACT_URL%">
<AREA SHAPE="rect" ALT="Search" COORDS="57,64,107,77" HREF="%SEARCH_URL%">
<AREA SHAPE="rect" ALT="Home" COORDS="65,50,107,63" HREF="%HOME_URL%">
<AREA SHAPE="rect" ALT="cart" COORDS="72,34,105,49" HREF="%CART_URL%">
</MAP>
<body marginheight=0 marginwidth=0>

<table cellspacing=0 cellpadding=0 border=0 width=100%>
	<tr>
		<td><img src="%GRAPHICS_URL%/blank.gif" height=5 width=1></td>
	</tr>
	<tr>
		<td><IMG SRC="%WRAPPER_URL%/menu.gif" WIDTH=155 HEIGHT=128 BORDER=0 USEMAP="#Untitled_1_Map"></td>
		<td valign="middle" align="right" width=99% background="%WRAPPER_URL%/logo_bg.gif">]]></HTML>
</ELEMENT>
<ELEMENT ID="CQDPBNN" HEIGHT="100" WIDTH="300" TYPE="LOGO"></ELEMENT>
<ELEMENT ID="CQDPBNO" TYPE="OUTPUT"><HTML><![CDATA[</td>
	</tr><tr>
		<td valign="top" height=18 background="%WRAPPER_URL%/cats_bg.gif"><img src="%WRAPPER_URL%/top.gif" width="155" height="18" alt="" border="0"></td>
		<td rowspan=3 valign="top">
		<table cellspacing=0 cellpadding=4 border=0 width=100%>
			<tr><td><p class="title">]]></HTML>
</ELEMENT>
<ELEMENT ID="CQDPBNP" TYPE="TITLE"></ELEMENT>
<ELEMENT ID="CQDPBNQ" TYPE="OUTPUT"><HTML><![CDATA[</p>]]></HTML>
</ELEMENT>
<ELEMENT ID="CQDPBNR" TYPE="BODY"></ELEMENT>
<ELEMENT ID="CQDPBNS" TYPE="OUTPUT"><HTML><![CDATA[<p>]]></HTML>
</ELEMENT>
<ELEMENT ID="CQDPBNT" TYPE="FOOTER"></ELEMENT>
<ELEMENT ID="CQDPBNU" TYPE="OUTPUT"><HTML><![CDATA[</p></td></tr></table></td>
	</tr><tr>
		<td height=15 background="%WRAPPER_URL%/cats_bg.gif" valign="top" align="center">]]></HTML>
</ELEMENT>
<ELEMENT ID="CQDPBNV" WIDTH="120" NOHOME="1" TYPE="MENU" BUTTONTYPE="foam_off"><HTML><![CDATA[<a href="%URL%" OnMouseOver="on(%NUM%)" OnMouseOut="off(%NUM%)"><img src="%SRC%" width="%WIDTH%" height="%HEIGHT%" border="0" name="roll_%NUM%"></a><br>]]></HTML>
</ELEMENT>
<ELEMENT ID="CQDPBNW" TYPE="OUTPUT"><HTML><![CDATA[</td>
	</tr><tr>
		<td valign="bottom" background="%WRAPPER_URL%/cats_bg.gif"><img src="%WRAPPER_URL%/bottom.gif" width="155" height="36" alt="" border="0"></td>
	</tr>
</table>



</body>
</html>
]]></HTML>
</ELEMENT>

</TEMPLATE>