<TEMPLATE ID="geodual" FORMAT="WRAPPER">


<!-- ******* -->
<ELEMENT ID="CQDORCN" SUB="LINK_VISITED_TEXT_COLOR" TYPE="READONLY" LOAD="THEME::LINK_VISITED_TEXT_COLOR" RAW="1"></ELEMENT>
<ELEMENT ID="CQDORCO" SUB="TABLE_HEADING_FONT_SIZE" TYPE="READONLY" LOAD="THEME::TABLE_HEADING_FONT_SIZE" RAW="1"></ELEMENT>
<ELEMENT ID="CQDORCP" SUB="DISCLAIMER_FONT_SIZE" TYPE="READONLY" LOAD="THEME::DISCLAIMER_FONT_SIZE" RAW="1"></ELEMENT>
<ELEMENT ID="CQDORCQ" SUB="CONTENT_BACKGROUND_COLOR" TYPE="READONLY" LOAD="THEME::CONTENT_BACKGROUND_COLOR" RAW="1"></ELEMENT>
<ELEMENT ID="CQDORCR" SUB="TABLE_LISTING_BACKGROUND_COLOR" TYPE="READONLY" LOAD="THEME::TABLE_LISTING_BACKGROUND_COLOR" RAW="1"></ELEMENT>
<ELEMENT ID="CQDORCS" SUB="CONTENT_TEXT_COLOR" TYPE="READONLY" LOAD="THEME::CONTENT_TEXT_COLOR" RAW="1"></ELEMENT>
<ELEMENT ID="CQDORCT" SUB="TABLE_LISTING_FONT_SIZE" TYPE="READONLY" LOAD="THEME::TABLE_LISTING_FONT_SIZE" RAW="1"></ELEMENT>
<ELEMENT ID="CQDORCU" SUB="TABLE_LISTING_TEXT_COLOR" TYPE="READONLY" LOAD="THEME::TABLE_LISTING_TEXT_COLOR" RAW="1"></ELEMENT>
<ELEMENT ID="CQDORCV" SUB="TABLE_LISTING_FONT_FACE" TYPE="READONLY" LOAD="THEME::TABLE_LISTING_FONT_FACE" RAW="1"></ELEMENT>
<ELEMENT ID="CQDORCW" SUB="CONTENT_FONT_FACE" TYPE="READONLY" LOAD="THEME::CONTENT_FONT_FACE" RAW="1"></ELEMENT>
<ELEMENT ID="CQDORCX" SUB="NAME" TYPE="READONLY" LOAD="THEME::NAME" RAW="1"></ELEMENT>
<ELEMENT ID="CQDORCY" SUB="DISCLAIMER_FONT_FACE" TYPE="READONLY" LOAD="THEME::DISCLAIMER_FONT_FACE" RAW="1"></ELEMENT>
<ELEMENT ID="CQDORCZ" SUB="PRETTY_NAME" TYPE="READONLY" LOAD="THEME::PRETTY_NAME" RAW="1"></ELEMENT>
<ELEMENT ID="CQDORDA" SUB="TABLE_HEADING_BACKGROUND_COLOR" TYPE="READONLY" LOAD="THEME::TABLE_HEADING_BACKGROUND_COLOR" RAW="1"></ELEMENT>
<ELEMENT ID="CQDORDB" SUB="TABLE_LISTING_BACKGROUND_COLOR_ALTERNATE" TYPE="READONLY" LOAD="THEME::TABLE_LISTING_BACKGROUND_COLOR_ALTERNATE" RAW="1"></ELEMENT>
<ELEMENT ID="CQDORDC" SUB="LINK_ACTIVE_TEXT_COLOR" TYPE="READONLY" LOAD="THEME::LINK_ACTIVE_TEXT_COLOR" RAW="1"></ELEMENT>
<ELEMENT ID="CQDORDD" SUB="CONTENT_FONT_SIZE" TYPE="READONLY" LOAD="THEME::CONTENT_FONT_SIZE" RAW="1"></ELEMENT>
<ELEMENT ID="CQDORDE" SUB="ALERT_COLOR" TYPE="READONLY" LOAD="THEME::ALERT_COLOR" RAW="1"></ELEMENT>
<ELEMENT ID="CQDORDF" SUB="DISCLAIMER_BACKGROUND_COLOR" TYPE="READONLY" LOAD="THEME::DISCLAIMER_BACKGROUND_COLOR" RAW="1"></ELEMENT>
<ELEMENT ID="CQDORDG" SUB="TABLE_HEADING_FONT_FACE" TYPE="READONLY" LOAD="THEME::TABLE_HEADING_FONT_FACE" RAW="1"></ELEMENT>
<ELEMENT ID="CQDORDH" SUB="TABLE_HEADING_TEXT_COLOR" TYPE="READONLY" LOAD="THEME::TABLE_HEADING_TEXT_COLOR" RAW="1"></ELEMENT>
<ELEMENT ID="CQDORDI" SUB="DISCLAIMER_TEXT_COLOR" TYPE="READONLY" LOAD="THEME::DISCLAIMER_TEXT_COLOR" RAW="1"></ELEMENT>
<ELEMENT ID="CQDORDJ" SUB="LINK_TEXT_COLOR" TYPE="READONLY" LOAD="THEME::LINK_TEXT_COLOR" RAW="1"></ELEMENT>
<ELEMENT ID="CQDORDK" SUB="HOMECATEGORY_URL" TYPE="READONLY" LOAD="URL::HOMECATEGORY_URL" RAW="1"></ELEMENT>
<ELEMENT ID="CQDORDL" SUB="WRAPPER_URL" TYPE="READONLY" LOAD="URL::WRAPPER_URL" RAW="1"></ELEMENT>
<ELEMENT ID="CQDORDM" SUB="CART_URL" TYPE="READONLY" LOAD="URL::CART_URL" RAW="1"></ELEMENT>
<ELEMENT ID="CQDORDN" SUB="SUBSCRIBE_URL" TYPE="READONLY" LOAD="URL::SUBSCRIBE_URL" RAW="1"></ELEMENT>
<ELEMENT ID="CQDORDO" SUB="FEEDBACK_URL" TYPE="READONLY" LOAD="URL::FEEDBACK_URL" RAW="1"></ELEMENT>
<ELEMENT ID="CQDORDP" SUB="LOGOUT_FUNCTION_URL" TYPE="READONLY" LOAD="URL::LOGOUT_FUNCTION_URL" RAW="1"></ELEMENT>
<ELEMENT ID="CQDORDQ" SUB="SHIPQUOTE_URL" TYPE="READONLY" LOAD="URL::SHIPQUOTE_URL" RAW="1"></ELEMENT>
<ELEMENT ID="CQDORDR" SUB="PRIVACY_URL" TYPE="READONLY" LOAD="URL::PRIVACY_URL" RAW="1"></ELEMENT>
<ELEMENT ID="CQDORDS" SUB="SITEBUTTON_URL" TYPE="READONLY" LOAD="URL::SITEBUTTON_URL" RAW="1"></ELEMENT>
<ELEMENT ID="CQDORDT" SUB="HOMEPAGE_URL" TYPE="READONLY" LOAD="URL::HOMEPAGE_URL" RAW="1"></ELEMENT>
<ELEMENT ID="CQDORDU" SUB="COUNTER_URL" TYPE="READONLY" LOAD="URL::COUNTER_URL" RAW="1"></ELEMENT>
<ELEMENT ID="CQDORDV" SUB="RETURNS_URL" TYPE="READONLY" LOAD="URL::RETURNS_URL" RAW="1"></ELEMENT>
<ELEMENT ID="CQDORDW" SUB="PASSWORD_URL" TYPE="READONLY" LOAD="URL::PASSWORD_URL" RAW="1"></ELEMENT>
<ELEMENT ID="CQDORDX" SUB="UPDATE_PAYMENT_URL" TYPE="READONLY" LOAD="URL::UPDATE_PAYMENT_URL" RAW="1"></ELEMENT>
<ELEMENT ID="CQDORDY" SUB="FORGOT_URL" TYPE="READONLY" LOAD="URL::FORGOT_URL" RAW="1"></ELEMENT>
<ELEMENT ID="CQDORDZ" SUB="NAVBUTTON_URL" TYPE="READONLY" LOAD="URL::NAVBUTTON_URL" RAW="1"></ELEMENT>
<ELEMENT ID="CQDOREA" SUB="CONTACT_URL" TYPE="READONLY" LOAD="URL::CONTACT_URL" RAW="1"></ELEMENT>
<ELEMENT ID="CQDOREB" SUB="LOGOUT_URL" TYPE="READONLY" LOAD="URL::LOGOUT_URL" RAW="1"></ELEMENT>
<ELEMENT ID="CQDOREC" SUB="GALLERY_URL" TYPE="READONLY" LOAD="URL::GALLERY_URL" RAW="1"></ELEMENT>
<ELEMENT ID="CQDORED" SUB="REMOVE_URL" TYPE="READONLY" LOAD="URL::REMOVE_URL" RAW="1"></ELEMENT>
<ELEMENT ID="CQDOREE" SUB="HOME_URL" TYPE="READONLY" LOAD="URL::HOME_URL" RAW="1"></ELEMENT>
<ELEMENT ID="CQDOREF" SUB="ABOUT_ZOOVY_URL" TYPE="READONLY" LOAD="URL::ABOUT_ZOOVY_URL" RAW="1"></ELEMENT>
<ELEMENT ID="CQDOREG" SUB="NEWS_URL" TYPE="READONLY" LOAD="URL::NEWS_URL" RAW="1"></ELEMENT>
<ELEMENT ID="CQDOREH" SUB="SECURE_URL" TYPE="READONLY" LOAD="URL::SECURE_URL" RAW="1"></ELEMENT>
<ELEMENT ID="CQDOREI" SUB="ABOUT_URL" TYPE="READONLY" LOAD="URL::ABOUT_URL" RAW="1"></ELEMENT>
<ELEMENT ID="CQDOREJ" SUB="USERBUTTON_URL" TYPE="READONLY" LOAD="URL::USERBUTTON_URL" RAW="1"></ELEMENT>
<ELEMENT ID="CQDOREK" SUB="CLOSED_URL" TYPE="READONLY" LOAD="URL::CLOSED_URL" RAW="1"></ELEMENT>
<ELEMENT ID="CQDOREL" SUB="FASTORDER_URL" TYPE="READONLY" LOAD="URL::FASTORDER_URL" RAW="1"></ELEMENT>
<ELEMENT ID="CQDOREM" SUB="MAIL_FORM_URL" TYPE="READONLY" LOAD="URL::MAIL_FORM_URL" RAW="1"></ELEMENT>
<ELEMENT ID="CQDOREN" SUB="GRAPHICS_URL" TYPE="READONLY" LOAD="URL::GRAPHICS_URL" RAW="1"></ELEMENT>
<ELEMENT ID="CQDOREO" SUB="IMAGE_URL" TYPE="READONLY" LOAD="URL::IMAGE_URL" RAW="1"></ELEMENT>
<ELEMENT ID="CQDOREP" SUB="CONTACTUS_URL" TYPE="READONLY" LOAD="URL::CONTACTUS_URL" RAW="1"></ELEMENT>
<ELEMENT ID="CQDOREQ" SUB="DYNAMIC_URL" TYPE="READONLY" LOAD="URL::DYNAMIC_URL" RAW="1"></ELEMENT>
<ELEMENT ID="CQDORER" SUB="NONSECURE_URL" TYPE="READONLY" LOAD="URL::NONSECURE_URL" RAW="1"></ELEMENT>
<ELEMENT ID="CQDORES" SUB="CONTACT_US_URL" TYPE="READONLY" LOAD="URL::CONTACT_US_URL" RAW="1"></ELEMENT>
<ELEMENT ID="CQDORET" SUB="SEARCH_URL" TYPE="READONLY" LOAD="URL::SEARCH_URL" RAW="1"></ELEMENT>
<ELEMENT ID="CQDOREU" SUB="ABOUTUS_URL" TYPE="READONLY" LOAD="URL::ABOUTUS_URL" RAW="1"></ELEMENT>
<ELEMENT ID="CQDOREV" SUB="CUSTOMER_MAIN_URL" TYPE="READONLY" LOAD="URL::CUSTOMER_MAIN_URL" RAW="1"></ELEMENT>
<ELEMENT ID="CQDOREW" SUB="MERCHANT_LOGIN_URL" TYPE="READONLY" LOAD="URL::MERCHANT_LOGIN_URL" RAW="1"></ELEMENT>
<ELEMENT ID="CQDOREX" SUB="CATEGORY_URL" TYPE="READONLY" LOAD="URL::CATEGORY_URL" RAW="1"></ELEMENT>
<ELEMENT ID="CQDOREY" SUB="ADULT_URL" TYPE="READONLY" LOAD="URL::ADULT_URL" RAW="1"></ELEMENT>
<ELEMENT ID="CQDOREZ" SUB="CLAIM_URL" TYPE="READONLY" LOAD="URL::CLAIM_URL" RAW="1"></ELEMENT>
<ELEMENT ID="CQDORFA" SUB="CLAIM_MULTI_URL" TYPE="READONLY" LOAD="URL::CLAIM_MULTI_URL" RAW="1"></ELEMENT>
<ELEMENT ID="CQDORFB" SUB="ABOUT_US_URL" TYPE="READONLY" LOAD="URL::ABOUT_US_URL" RAW="1"></ELEMENT>
<ELEMENT ID="CQDORFC" SUB="RESULTS_URL" TYPE="READONLY" LOAD="URL::RESULTS_URL" RAW="1"></ELEMENT>
<ELEMENT ID="CQDORFD" SUB="PRODUCT_URL" TYPE="READONLY" LOAD="URL::PRODUCT_URL" RAW="1"></ELEMENT>
<ELEMENT ID="CQDORFE" SUB="CONTINUE_URL" TYPE="READONLY" LOAD="URL::CONTINUE_URL" RAW="1"></ELEMENT>
<ELEMENT ID="CQDORFF" SUB="REDIR_URL" TYPE="READONLY" LOAD="URL::REDIR_URL" RAW="1"></ELEMENT>
<ELEMENT ID="CQDORFG" SUB="KILL_COOKIES_URL" TYPE="READONLY" LOAD="URL::KILL_COOKIES_URL" RAW="1"></ELEMENT>
<ELEMENT ID="CQDORFH" SUB="LOGIN_URL" TYPE="READONLY" LOAD="URL::LOGIN_URL" RAW="1"></ELEMENT>
<ELEMENT ID="CQDORFI" SUB="CHECKOUT_URL" TYPE="READONLY" LOAD="URL::CHECKOUT_URL" RAW="1"></ELEMENT>
<ELEMENT ID="CQDORFJ" SUB="ORDER_STATUS_URL" TYPE="READONLY" LOAD="URL::ORDER_STATUS_URL" RAW="1"></ELEMENT>
<ELEMENT ID="CQDORFK" SUB="NO_COOKIES_URL" TYPE="READONLY" LOAD="URL::NO_COOKIES_URL" RAW="1"></ELEMENT>
<ELEMENT ID="CQDORFL" SUB="PAYPAL_URL" TYPE="READONLY" LOAD="URL::PAYPAL_URL" RAW="1"></ELEMENT>
<ELEMENT ID="CQDORFM" SUB="CANCEL_ORDER_URL" TYPE="READONLY" LOAD="URL::CANCEL_ORDER_URL" RAW="1"></ELEMENT>
<ELEMENT ID="CQDORFN" SUB="MAIL_CONFIG_URL" TYPE="READONLY" LOAD="URL::MAIL_CONFIG_URL" RAW="1"></ELEMENT>
<ELEMENT ID="CQDORFO" SUB="DISABLED_URL" TYPE="READONLY" LOAD="URL::DISABLED_URL" RAW="1"></ELEMENT>
<ELEMENT ID="CQDORFP" TYPE="OUTPUT"><HTML><![CDATA[<html>
<head>
	]]></HTML>
</ELEMENT>
<ELEMENT ID="CQDORFQ" TYPE="HEAD"></ELEMENT>
<ELEMENT ID="CQDORFR" TYPE="OUTPUT"><HTML><![CDATA[
</head>

<body marginheight=0 marginwidth=0 leftmargin=0 rightmargin=0 topmargin=0 bgcolor="#F0F0F0" text="#%CONTENT_TEXT_COLOR%" link="#%LINK_TEXT_COLOR%" alink="#%LINK_ACTIVE_TEXT_COLOR%" vlink="#%LINK_VISITED_TEXT_COLOR%">
<div align="center">
<table cellspacing=0 cellpadding=0 border=0>
	<tr>
		<td><img src="%WRAPPER_URL%/blank.gif" width="7" height="1" alt="" border="0"></td>
		<td><img src="%WRAPPER_URL%/blank.gif" width="1" height="7" alt="" border="0"></td>
		<td><img src="%WRAPPER_URL%/blank.gif" width="400" height="1" alt="" border="0"></td>
		<td><img src="%WRAPPER_URL%/blank.gif" width="1" height="1" alt="" border="0"></td>
		<td><img src="%WRAPPER_URL%/blank.gif" width="7" height="1" alt="" border="0"></td>
	</tr><tr>
		<td></td>
		<td bgcolor="#006600" height=1><img src="%WRAPPER_URL%/blank.gif" width="1" height="1" alt="" border="0"></td>
		<td bgcolor="#006600"></td>
		<td bgcolor="#006600"></td>
		<td></td>
	</tr><tr>
		<td></td>
		<td bgcolor="#006600" height=6><img src="%WRAPPER_URL%/blank.gif" width="1" height="6" alt="" border="0"></td>
		<td bgcolor="#FFFFFF"></td>
		<td bgcolor="#006600"></td>
		<td></td>
	</tr><tr>
		<td bgcolor="#006600"></td>
		<td bgcolor="#006600"></td>
		<td bgcolor="#FFFFFF" valign="middle" align="center">]]></HTML>
</ELEMENT>
<ELEMENT ID="CQDORFS" TYPE="LOGO"></ELEMENT>
<ELEMENT ID="CQDORFT" TYPE="OUTPUT"><HTML><![CDATA[</td>
		<td bgcolor="#006600"></td>
		<td bgcolor="#006600"></td>
	</tr><tr>
		<td bgcolor="#006600"></td>
		<td bgcolor="#006600"></td>
		<td bgcolor="#FFFFFF"></td>
		<td bgcolor="#006600"></td>
		<td bgcolor="#006600"></td>
	</tr><tr>
		<td></td>
		<td bgcolor="#006600" height=6><img src="%WRAPPER_URL%/blank.gif" width="1" height="6" alt="" border="0"></td>
		<td bgcolor="#FFFFFF"></td>
		<td bgcolor="#006600"></td>
		<td></td>
	</tr><tr>
		<td></td>
		<td bgcolor="#006600" height=1><img src="%WRAPPER_URL%/blank.gif" width="1" height="1" alt="" border="0"></td>
		<td bgcolor="#006600"></td>
		<td bgcolor="#006600"></td>
		<td></td>
	</tr><tr>
		<td></td>
		<td><img src="%WRAPPER_URL%/blank.gif" width="1" height="7" alt="" border="0"></td>
		<td></td>
		<td></td>
		<td></td>
	</tr>
</table>
</div>
<table cellspacing=0 cellpadding=0 border=0 width=100%>
	<tr>
		<td bgcolor="#006600" height=3><img src="%WRAPPER_URL%/blank.gif" width="1" height="3" alt="" border="0"></td>
	</tr>
</table>
<table cellspacing=0 cellpadding=0 border=0 width="100%">
	<tr>
		<td><img src="%WRAPPER_URL%/blank.gif" width="7" height="1" alt="" border="0"></td>
		<td><img src="%WRAPPER_URL%/blank.gif" width="150" height="1" alt="" border="0"></td>
		<td><img src="%WRAPPER_URL%/blank.gif" width="7" height="1" alt="" border="0"></td>
		<td width="99%"><img src="%WRAPPER_URL%/blank.gif" width="1" height="7" alt="" border="0"></td>
		<td><img src="%WRAPPER_URL%/blank.gif" width="7" height="1" alt="" border="0"></td>
		<td><img src="%WRAPPER_URL%/blank.gif" width="150" height="1" alt="" border="0"></td>
		<td><img src="%WRAPPER_URL%/blank.gif" width="7" height="1" alt="" border="0"></td>
	</tr><tr>
		<td></td>
		<td valign="top"><!--This is the left nav bar -->
			<table cellspacing=0 cellpadding=0 border=0 width=100%>
				<tr>
					<td><img src="%WRAPPER_URL%/blank.gif" width="7" height="1" alt="" border="0"></td>
					<td bgcolor="#006600"><img src="%WRAPPER_URL%/blank.gif" width="1" height="1" alt="" border="0"></td>
					<td bgcolor="#006600"><img src="%WRAPPER_URL%/blank.gif" width="134" height="1" alt="" border="0"></td>
					<td bgcolor="#006600"><img src="%WRAPPER_URL%/blank.gif" width="1" height="1" alt="" border="0"></td>
					<td><img src="%WRAPPER_URL%/blank.gif" width="7" height="1" alt="" border="0"></td>
				</tr><tr>
					<td></td>
					<td bgcolor="#006600"><img src="%WRAPPER_URL%/blank.gif" width="1" height="7" alt="" border="0"></td>
					<td bgcolor="#FFFFFF"></td>
					<td bgcolor="#006600"></td>
					<td></td>
				</tr><tr>
					<td bgcolor="#006600"><img src="%WRAPPER_URL%/blank.gif" width="1" height="1" alt="" border="0"></td>
					<td bgcolor="#006600"></td>
					<td bgcolor="#006600"></td>
					<td bgcolor="#006600"></td>
					<td bgcolor="#006600"></td>
				</tr><tr>
					<td bgcolor="#006600"><img src="%WRAPPER_URL%/blank.gif" width="1" height="7" alt="" border="0"></td>
					<td bgcolor="#006600"></td>
					<td bgcolor="#FFFFFF">&nbsp;<font face="arial" size=1 color="#000000">Menu:</td>
					<td bgcolor="#006600"></td>
					<td bgcolor="#006600"></td>
				</tr><tr>
					<td bgcolor="#006600"><img src="%WRAPPER_URL%/blank.gif" width="1" height="1" alt="" border="0"></td>
					<td bgcolor="#006600"></td>
					<td bgcolor="#006600"></td>
					<td bgcolor="#006600"></td>
					<td bgcolor="#006600"></td>
				</tr><tr>
					<td></td>
					<td bgcolor="#006600"><img src="%WRAPPER_URL%/blank.gif" width="1" height="7" alt="" border="0"></td>
					<td bgcolor="#FFFFFF"></td>
					<td bgcolor="#006600"></td>
					<td></td>
				</tr><tr>
					<td></td>
					<td bgcolor="#006600"></td>
					<td bgcolor="#FFFFFF"><font size="1" face="arial">
&nbsp;<a href="%HOME_URL%">Home</a><br>
&nbsp;<a href="%CART_URL%">Cart</a><br>
&nbsp;<a href="%SEARCH_URL%">Search</a><br>
&nbsp;<a href="%ABOUT_URL%">About Us</a><br>
&nbsp;<a href="%LOGIN_URL%">My Account</a><br>
&nbsp;<a href="%CONTACT_URL%">Contact Us</a><br>
&nbsp;<a href="%SUBSCRIBE_URL%">Mailing list</a></font></td>
					<td bgcolor="#006600"></td>
					<td></td>
				</tr><tr>
					<td></td>
					<td bgcolor="#006600"><img src="%WRAPPER_URL%/blank.gif" width="1" height="7" alt="" border="0"></td>
					<td bgcolor="#FFFFFF"></td>
					<td bgcolor="#006600"></td>
					<td></td>
				</tr><tr>
					<td></td>
					<td colspan=3 bgcolor="#006600"></td>
				</tr>
			</table>
		</td>
		<td></td>
		<td valign="top"><!--this is the main body-->
		<table cellspacing=0 cellpadding=0 border=0 width=100%>
				<tr>
					<td><img src="%WRAPPER_URL%/blank.gif" width="7" height="1" alt="" border="0"></td>
					<td bgcolor="#006600"><img src="%WRAPPER_URL%/blank.gif" width="1" height="1" alt="" border="0"></td>
					<td bgcolor="#006600" width="99%"><img src="%WRAPPER_URL%/blank.gif" width="350" height="1" alt="" border="0"></td>
					<td bgcolor="#006600"><img src="%WRAPPER_URL%/blank.gif" width="1" height="1" alt="" border="0"></td>
					<td><img src="%WRAPPER_URL%/blank.gif" width="7" height="1" alt="" border="0"></td>
				</tr><tr>
					<td></td>
					<td bgcolor="#006600"><img src="%WRAPPER_URL%/blank.gif" width="1" height="7" alt="" border="0"></td>
					<td bgcolor="#FFFFFF"></td>
					<td bgcolor="#006600"></td>
					<td></td>
				</tr><tr>
					<td bgcolor="#006600"><img src="%WRAPPER_URL%/blank.gif" width="1" height="1" alt="" border="0"></td>
					<td bgcolor="#006600"></td>
					<td bgcolor="#006600"></td>
					<td bgcolor="#006600"></td>
					<td bgcolor="#006600"></td>
				</tr><tr>
					<td bgcolor="#006600"><img src="%WRAPPER_URL%/blank.gif" width="1" height="7" alt="" border="0"></td>
					<td bgcolor="#006600"></td>
					<td bgcolor="#FFFFFF">&nbsp;<font face="arial" size=1 color="#000000">]]></HTML>
</ELEMENT>
<ELEMENT ID="CQDORFU" TYPE="TITLE"></ELEMENT>
<ELEMENT ID="CQDORFV" TYPE="OUTPUT"><HTML><![CDATA[</td>
					<td bgcolor="#006600"></td>
					<td bgcolor="#006600"></td>
				</tr><tr>
					<td bgcolor="#006600"><img src="%WRAPPER_URL%/blank.gif" width="1" height="1" alt="" border="0"></td>
					<td bgcolor="#006600"></td>
					<td bgcolor="#006600"></td>
					<td bgcolor="#006600"></td>
					<td bgcolor="#006600"></td>
				</tr><tr>
					<td height=150></td>
					<td bgcolor="#006600"></td>
					<td bgcolor="#FFFFFF" align="left" valign="top">
						<table cellspacing=6 border=0 width="100%">
							<tr><td>]]></HTML>
</ELEMENT>
<ELEMENT ID="CQDORFW" TYPE="BODY"></ELEMENT>
<ELEMENT ID="CQDORFX" TYPE="OUTPUT"><HTML><![CDATA[</td></tr></table>
						</td>
					<td bgcolor="#006600"></td>
					<td></td>
				</tr><tr>
					<td></td>
					<td bgcolor="#006600"><img src="%WRAPPER_URL%/blank.gif" width="1" height="7" alt="" border="0"></td>
					<td bgcolor="#FFFFFF"></td>
					<td bgcolor="#006600"></td>
					<td></td>
				</tr><tr>
					<td></td>
					<td colspan=3 bgcolor="#006600"></td>
				</tr>
			</table></td>
		<td></td>
		<td valign="top"><!--this is the right nav bar-->
		<table cellspacing=0 cellpadding=0 border=0 width=100%>
				<tr>
					<td><img src="%WRAPPER_URL%/blank.gif" width="7" height="1" alt="" border="0"></td>
					<td bgcolor="#006600"><img src="%WRAPPER_URL%/blank.gif" width="1" height="1" alt="" border="0"></td>
					<td bgcolor="#006600"><img src="%WRAPPER_URL%/blank.gif" width="134" height="1" alt="" border="0"></td>
					<td bgcolor="#006600"><img src="%WRAPPER_URL%/blank.gif" width="1" height="1" alt="" border="0"></td>
					<td><img src="%WRAPPER_URL%/blank.gif" width="7" height="1" alt="" border="0"></td>
				</tr><tr>
					<td></td>
					<td bgcolor="#006600"><img src="%WRAPPER_URL%/blank.gif" width="1" height="7" alt="" border="0"></td>
					<td bgcolor="#FFFFFF"></td>
					<td bgcolor="#006600"></td>
					<td></td>
				</tr><tr>
					<td bgcolor="#006600"><img src="%WRAPPER_URL%/blank.gif" width="1" height="1" alt="" border="0"></td>
					<td bgcolor="#006600"></td>
					<td bgcolor="#006600"></td>
					<td bgcolor="#006600"></td>
					<td bgcolor="#006600"></td>
				</tr><tr>
					<td bgcolor="#006600"><img src="%WRAPPER_URL%/blank.gif" width="1" height="7" alt="" border="0"></td>
					<td bgcolor="#006600"></td>
					<td bgcolor="#FFFFFF">&nbsp;<font face="arial" size=1 color="#000000">Categories:</td>
					<td bgcolor="#006600"></td>
					<td bgcolor="#006600"></td>
				</tr><tr>
					<td bgcolor="#006600"><img src="%WRAPPER_URL%/blank.gif" width="1" height="1" alt="" border="0"></td>
					<td bgcolor="#006600"></td>
					<td bgcolor="#006600"></td>
					<td bgcolor="#006600"></td>
					<td bgcolor="#006600"></td>
				</tr><tr>
					<td></td>
					<td bgcolor="#006600"><img src="%WRAPPER_URL%/blank.gif" width="1" height="7" alt="" border="0"></td>
					<td bgcolor="#FFFFFF"></td>
					<td bgcolor="#006600"></td>
					<td></td>
				</tr><tr>
					<td></td>
					<td bgcolor="#006600"></td>
					<td bgcolor="#FFFFFF">
					<table cellspacing=0 cellpadding=2 border=0 width=100%><tr><td>
					]]></HTML>
</ELEMENT>
<ELEMENT ID="CQDORFY" TYPE="MENU"><HTML><![CDATA[<font face="arial" size=1> <a href="%URL%">%MESSAGE%</font></a><br>]]></HTML>
</ELEMENT>
<ELEMENT ID="CQDORFZ" TYPE="OUTPUT"><HTML><![CDATA[</td></tr></table></td>
					<td bgcolor="#006600"></td>
					<td></td>
				</tr><tr>
					<td></td>
					<td bgcolor="#006600"><img src="%WRAPPER_URL%/blank.gif" width="1" height="7" alt="" border="0"></td>
					<td bgcolor="#FFFFFF"></td>
					<td bgcolor="#006600"></td>
					<td></td>
				</tr><tr>
					<td></td>
					<td colspan=3 bgcolor="#006600"></td>
				</tr>
			</table>
		</td>
		<td></td>
	</tr>
</table><br>
<table cellspacing=0 cellpadding=1 border=0 width=100%>
	<tr>
		<td><img src="%WRAPPER_URL%/blank.gif" width="169" height="1" alt="" border="0"></td>
		<td width=99% bgcolor="#006600">
			<table cellspacing=0 cellpadding=2 border=0 width=100% bgcolor="#FFFFFF">
				<tr>
					<td><img src="%WRAPPER_URL%/blank.gif" width="350" height="1" alt="" border="0"><br>]]></HTML>
</ELEMENT>
<ELEMENT ID="CQDORGA" TYPE="FOOTER" TRANSPARENT="TRUE"></ELEMENT>
<ELEMENT ID="CQDORGB" TYPE="OUTPUT"><HTML><![CDATA[</td></tr></table></td>
		<td><img src="%WRAPPER_URL%/blank.gif" width="169" height="1" alt="" border="0"></td>
	</tr>
</table>

</body>
</html>
]]></HTML>
</ELEMENT>
<ELEMENT ID="CQGCQJT" COLORS="32" TYPE="CONFIG" CATEGORIES="32768" CREATED="20020506" TITLE="Geo Dual" PROPERTIES="0"></ELEMENT>

</TEMPLATE>