<TEMPLATE ID="golfcourse" FORMAT="WRAPPER">


<!-- ******* -->
<ELEMENT ID="CQDPGQE" SUB="LINK_VISITED_TEXT_COLOR" TYPE="READONLY" LOAD="THEME::LINK_VISITED_TEXT_COLOR" RAW="1"></ELEMENT>
<ELEMENT ID="CQDPGQF" SUB="TABLE_HEADING_FONT_SIZE" TYPE="READONLY" LOAD="THEME::TABLE_HEADING_FONT_SIZE" RAW="1"></ELEMENT>
<ELEMENT ID="CQDPGQG" SUB="DISCLAIMER_FONT_SIZE" TYPE="READONLY" LOAD="THEME::DISCLAIMER_FONT_SIZE" RAW="1"></ELEMENT>
<ELEMENT ID="CQDPGQH" SUB="CONTENT_BACKGROUND_COLOR" TYPE="READONLY" LOAD="THEME::CONTENT_BACKGROUND_COLOR" RAW="1"></ELEMENT>
<ELEMENT ID="CQDPGQI" SUB="TABLE_LISTING_BACKGROUND_COLOR" TYPE="READONLY" LOAD="THEME::TABLE_LISTING_BACKGROUND_COLOR" RAW="1"></ELEMENT>
<ELEMENT ID="CQDPGQJ" SUB="CONTENT_TEXT_COLOR" TYPE="READONLY" LOAD="THEME::CONTENT_TEXT_COLOR" RAW="1"></ELEMENT>
<ELEMENT ID="CQDPGQK" SUB="TABLE_LISTING_FONT_SIZE" TYPE="READONLY" LOAD="THEME::TABLE_LISTING_FONT_SIZE" RAW="1"></ELEMENT>
<ELEMENT ID="CQDPGQL" SUB="TABLE_LISTING_TEXT_COLOR" TYPE="READONLY" LOAD="THEME::TABLE_LISTING_TEXT_COLOR" RAW="1"></ELEMENT>
<ELEMENT ID="CQDPGQM" SUB="TABLE_LISTING_FONT_FACE" TYPE="READONLY" LOAD="THEME::TABLE_LISTING_FONT_FACE" RAW="1"></ELEMENT>
<ELEMENT ID="CQDPGQN" SUB="CONTENT_FONT_FACE" TYPE="READONLY" LOAD="THEME::CONTENT_FONT_FACE" RAW="1"></ELEMENT>
<ELEMENT ID="CQDPGQO" SUB="NAME" TYPE="READONLY" LOAD="THEME::NAME" RAW="1"></ELEMENT>
<ELEMENT ID="CQDPGQP" SUB="DISCLAIMER_FONT_FACE" TYPE="READONLY" LOAD="THEME::DISCLAIMER_FONT_FACE" RAW="1"></ELEMENT>
<ELEMENT ID="CQDPGQQ" SUB="PRETTY_NAME" TYPE="READONLY" LOAD="THEME::PRETTY_NAME" RAW="1"></ELEMENT>
<ELEMENT ID="CQDPGQR" SUB="TABLE_HEADING_BACKGROUND_COLOR" TYPE="READONLY" LOAD="THEME::TABLE_HEADING_BACKGROUND_COLOR" RAW="1"></ELEMENT>
<ELEMENT ID="CQDPGQS" SUB="TABLE_LISTING_BACKGROUND_COLOR_ALTERNATE" TYPE="READONLY" LOAD="THEME::TABLE_LISTING_BACKGROUND_COLOR_ALTERNATE" RAW="1"></ELEMENT>
<ELEMENT ID="CQDPGQT" SUB="LINK_ACTIVE_TEXT_COLOR" TYPE="READONLY" LOAD="THEME::LINK_ACTIVE_TEXT_COLOR" RAW="1"></ELEMENT>
<ELEMENT ID="CQDPGQU" SUB="CONTENT_FONT_SIZE" TYPE="READONLY" LOAD="THEME::CONTENT_FONT_SIZE" RAW="1"></ELEMENT>
<ELEMENT ID="CQDPGQV" SUB="ALERT_COLOR" TYPE="READONLY" LOAD="THEME::ALERT_COLOR" RAW="1"></ELEMENT>
<ELEMENT ID="CQDPGQW" SUB="DISCLAIMER_BACKGROUND_COLOR" TYPE="READONLY" LOAD="THEME::DISCLAIMER_BACKGROUND_COLOR" RAW="1"></ELEMENT>
<ELEMENT ID="CQDPGQX" SUB="TABLE_HEADING_FONT_FACE" TYPE="READONLY" LOAD="THEME::TABLE_HEADING_FONT_FACE" RAW="1"></ELEMENT>
<ELEMENT ID="CQDPGQY" SUB="TABLE_HEADING_TEXT_COLOR" TYPE="READONLY" LOAD="THEME::TABLE_HEADING_TEXT_COLOR" RAW="1"></ELEMENT>
<ELEMENT ID="CQDPGQZ" SUB="DISCLAIMER_TEXT_COLOR" TYPE="READONLY" LOAD="THEME::DISCLAIMER_TEXT_COLOR" RAW="1"></ELEMENT>
<ELEMENT ID="CQDPGRA" SUB="LINK_TEXT_COLOR" TYPE="READONLY" LOAD="THEME::LINK_TEXT_COLOR" RAW="1"></ELEMENT>
<ELEMENT ID="CQDPGRB" SUB="HOMECATEGORY_URL" TYPE="READONLY" LOAD="URL::HOMECATEGORY_URL" RAW="1"></ELEMENT>
<ELEMENT ID="CQDPGRC" SUB="WRAPPER_URL" TYPE="READONLY" LOAD="URL::WRAPPER_URL" RAW="1"></ELEMENT>
<ELEMENT ID="CQDPGRD" SUB="CART_URL" TYPE="READONLY" LOAD="URL::CART_URL" RAW="1"></ELEMENT>
<ELEMENT ID="CQDPGRE" SUB="SUBSCRIBE_URL" TYPE="READONLY" LOAD="URL::SUBSCRIBE_URL" RAW="1"></ELEMENT>
<ELEMENT ID="CQDPGRF" SUB="FEEDBACK_URL" TYPE="READONLY" LOAD="URL::FEEDBACK_URL" RAW="1"></ELEMENT>
<ELEMENT ID="CQDPGRG" SUB="LOGOUT_FUNCTION_URL" TYPE="READONLY" LOAD="URL::LOGOUT_FUNCTION_URL" RAW="1"></ELEMENT>
<ELEMENT ID="CQDPGRH" SUB="SHIPQUOTE_URL" TYPE="READONLY" LOAD="URL::SHIPQUOTE_URL" RAW="1"></ELEMENT>
<ELEMENT ID="CQDPGRI" SUB="PRIVACY_URL" TYPE="READONLY" LOAD="URL::PRIVACY_URL" RAW="1"></ELEMENT>
<ELEMENT ID="CQDPGRJ" SUB="SITEBUTTON_URL" TYPE="READONLY" LOAD="URL::SITEBUTTON_URL" RAW="1"></ELEMENT>
<ELEMENT ID="CQDPGRK" SUB="HOMEPAGE_URL" TYPE="READONLY" LOAD="URL::HOMEPAGE_URL" RAW="1"></ELEMENT>
<ELEMENT ID="CQDPGRL" SUB="COUNTER_URL" TYPE="READONLY" LOAD="URL::COUNTER_URL" RAW="1"></ELEMENT>
<ELEMENT ID="CQDPGRM" SUB="RETURNS_URL" TYPE="READONLY" LOAD="URL::RETURNS_URL" RAW="1"></ELEMENT>
<ELEMENT ID="CQDPGRN" SUB="PASSWORD_URL" TYPE="READONLY" LOAD="URL::PASSWORD_URL" RAW="1"></ELEMENT>
<ELEMENT ID="CQDPGRO" SUB="UPDATE_PAYMENT_URL" TYPE="READONLY" LOAD="URL::UPDATE_PAYMENT_URL" RAW="1"></ELEMENT>
<ELEMENT ID="CQDPGRP" SUB="FORGOT_URL" TYPE="READONLY" LOAD="URL::FORGOT_URL" RAW="1"></ELEMENT>
<ELEMENT ID="CQDPGRQ" SUB="NAVBUTTON_URL" TYPE="READONLY" LOAD="URL::NAVBUTTON_URL" RAW="1"></ELEMENT>
<ELEMENT ID="CQDPGRR" SUB="CONTACT_URL" TYPE="READONLY" LOAD="URL::CONTACT_URL" RAW="1"></ELEMENT>
<ELEMENT ID="CQDPGRS" SUB="LOGOUT_URL" TYPE="READONLY" LOAD="URL::LOGOUT_URL" RAW="1"></ELEMENT>
<ELEMENT ID="CQDPGRT" SUB="GALLERY_URL" TYPE="READONLY" LOAD="URL::GALLERY_URL" RAW="1"></ELEMENT>
<ELEMENT ID="CQDPGRU" SUB="REMOVE_URL" TYPE="READONLY" LOAD="URL::REMOVE_URL" RAW="1"></ELEMENT>
<ELEMENT ID="CQDPGRV" SUB="HOME_URL" TYPE="READONLY" LOAD="URL::HOME_URL" RAW="1"></ELEMENT>
<ELEMENT ID="CQDPGRW" SUB="ABOUT_ZOOVY_URL" TYPE="READONLY" LOAD="URL::ABOUT_ZOOVY_URL" RAW="1"></ELEMENT>
<ELEMENT ID="CQDPGRX" SUB="NEWS_URL" TYPE="READONLY" LOAD="URL::NEWS_URL" RAW="1"></ELEMENT>
<ELEMENT ID="CQDPGRY" SUB="SECURE_URL" TYPE="READONLY" LOAD="URL::SECURE_URL" RAW="1"></ELEMENT>
<ELEMENT ID="CQDPGRZ" SUB="ABOUT_URL" TYPE="READONLY" LOAD="URL::ABOUT_URL" RAW="1"></ELEMENT>
<ELEMENT ID="CQDPGSA" SUB="USERBUTTON_URL" TYPE="READONLY" LOAD="URL::USERBUTTON_URL" RAW="1"></ELEMENT>
<ELEMENT ID="CQDPGSB" SUB="CLOSED_URL" TYPE="READONLY" LOAD="URL::CLOSED_URL" RAW="1"></ELEMENT>
<ELEMENT ID="CQDPGSC" SUB="FASTORDER_URL" TYPE="READONLY" LOAD="URL::FASTORDER_URL" RAW="1"></ELEMENT>
<ELEMENT ID="CQDPGSD" SUB="MAIL_FORM_URL" TYPE="READONLY" LOAD="URL::MAIL_FORM_URL" RAW="1"></ELEMENT>
<ELEMENT ID="CQDPGSE" SUB="GRAPHICS_URL" TYPE="READONLY" LOAD="URL::GRAPHICS_URL" RAW="1"></ELEMENT>
<ELEMENT ID="CQDPGSF" SUB="IMAGE_URL" TYPE="READONLY" LOAD="URL::IMAGE_URL" RAW="1"></ELEMENT>
<ELEMENT ID="CQDPGSG" SUB="CONTACTUS_URL" TYPE="READONLY" LOAD="URL::CONTACTUS_URL" RAW="1"></ELEMENT>
<ELEMENT ID="CQDPGSH" SUB="DYNAMIC_URL" TYPE="READONLY" LOAD="URL::DYNAMIC_URL" RAW="1"></ELEMENT>
<ELEMENT ID="CQDPGSI" SUB="NONSECURE_URL" TYPE="READONLY" LOAD="URL::NONSECURE_URL" RAW="1"></ELEMENT>
<ELEMENT ID="CQDPGSJ" SUB="CONTACT_US_URL" TYPE="READONLY" LOAD="URL::CONTACT_US_URL" RAW="1"></ELEMENT>
<ELEMENT ID="CQDPGSK" SUB="SEARCH_URL" TYPE="READONLY" LOAD="URL::SEARCH_URL" RAW="1"></ELEMENT>
<ELEMENT ID="CQDPGSL" SUB="ABOUTUS_URL" TYPE="READONLY" LOAD="URL::ABOUTUS_URL" RAW="1"></ELEMENT>
<ELEMENT ID="CQDPGSM" SUB="CUSTOMER_MAIN_URL" TYPE="READONLY" LOAD="URL::CUSTOMER_MAIN_URL" RAW="1"></ELEMENT>
<ELEMENT ID="CQDPGSN" SUB="MERCHANT_LOGIN_URL" TYPE="READONLY" LOAD="URL::MERCHANT_LOGIN_URL" RAW="1"></ELEMENT>
<ELEMENT ID="CQDPGSO" SUB="CATEGORY_URL" TYPE="READONLY" LOAD="URL::CATEGORY_URL" RAW="1"></ELEMENT>
<ELEMENT ID="CQDPGSP" SUB="ADULT_URL" TYPE="READONLY" LOAD="URL::ADULT_URL" RAW="1"></ELEMENT>
<ELEMENT ID="CQDPGSQ" SUB="CLAIM_URL" TYPE="READONLY" LOAD="URL::CLAIM_URL" RAW="1"></ELEMENT>
<ELEMENT ID="CQDPGSR" SUB="CLAIM_MULTI_URL" TYPE="READONLY" LOAD="URL::CLAIM_MULTI_URL" RAW="1"></ELEMENT>
<ELEMENT ID="CQDPGSS" SUB="ABOUT_US_URL" TYPE="READONLY" LOAD="URL::ABOUT_US_URL" RAW="1"></ELEMENT>
<ELEMENT ID="CQDPGST" SUB="RESULTS_URL" TYPE="READONLY" LOAD="URL::RESULTS_URL" RAW="1"></ELEMENT>
<ELEMENT ID="CQDPGSU" SUB="PRODUCT_URL" TYPE="READONLY" LOAD="URL::PRODUCT_URL" RAW="1"></ELEMENT>
<ELEMENT ID="CQDPGSV" SUB="CONTINUE_URL" TYPE="READONLY" LOAD="URL::CONTINUE_URL" RAW="1"></ELEMENT>
<ELEMENT ID="CQDPGSW" SUB="REDIR_URL" TYPE="READONLY" LOAD="URL::REDIR_URL" RAW="1"></ELEMENT>
<ELEMENT ID="CQDPGSX" SUB="KILL_COOKIES_URL" TYPE="READONLY" LOAD="URL::KILL_COOKIES_URL" RAW="1"></ELEMENT>
<ELEMENT ID="CQDPGSY" SUB="LOGIN_URL" TYPE="READONLY" LOAD="URL::LOGIN_URL" RAW="1"></ELEMENT>
<ELEMENT ID="CQDPGSZ" SUB="CHECKOUT_URL" TYPE="READONLY" LOAD="URL::CHECKOUT_URL" RAW="1"></ELEMENT>
<ELEMENT ID="CQDPGTA" SUB="ORDER_STATUS_URL" TYPE="READONLY" LOAD="URL::ORDER_STATUS_URL" RAW="1"></ELEMENT>
<ELEMENT ID="CQDPGTB" SUB="NO_COOKIES_URL" TYPE="READONLY" LOAD="URL::NO_COOKIES_URL" RAW="1"></ELEMENT>
<ELEMENT ID="CQDPGTC" SUB="PAYPAL_URL" TYPE="READONLY" LOAD="URL::PAYPAL_URL" RAW="1"></ELEMENT>
<ELEMENT ID="CQDPGTD" SUB="CANCEL_ORDER_URL" TYPE="READONLY" LOAD="URL::CANCEL_ORDER_URL" RAW="1"></ELEMENT>
<ELEMENT ID="CQDPGTE" SUB="MAIL_CONFIG_URL" TYPE="READONLY" LOAD="URL::MAIL_CONFIG_URL" RAW="1"></ELEMENT>
<ELEMENT ID="CQDPGTF" SUB="DISABLED_URL" TYPE="READONLY" LOAD="URL::DISABLED_URL" RAW="1"></ELEMENT>
<ELEMENT ID="CQDPGTG" TYPE="OUTPUT"><HTML><![CDATA[<!DOCTYPE HTML PUBLIC "-//W3C//DTD HTML 4.01 Transitional//EN">
]]></HTML>
</ELEMENT>
<ELEMENT ID="CQDPGTH" COLORS="128" TYPE="CONFIG" CATEGORIES="33280" CREATED="20030218" TITLE="Golf Course" THEME="golfcourse" PROPERTIES="8" SITEBUTTONS="golfball"></ELEMENT>
<ELEMENT ID="CQDPGTI" TYPE="OUTPUT"><HTML><![CDATA[
<html>
<head>
]]></HTML>
</ELEMENT>
<ELEMENT ID="CQDPGTJ" TYPE="HEAD"></ELEMENT>
<ELEMENT ID="CQDPGTK" TYPE="OUTPUT"><HTML><![CDATA[
<script language="JavaScript">
<!--
initialized = 0;
]]></HTML>
</ELEMENT>
<ELEMENT ID="CQDPGTL" HTML="rollover_%NUM%_on = new Image;%BREAK%rollover_%NUM%_on.src = &quot;%SRC%&quot;;%BREAK%" WIDTH="140" NOHOME="1" TYPE="MENU" BUTTONTYPE="golfcourse_on" ONLYHOME="0"></ELEMENT>
<ELEMENT ID="CQDPGTM" HTML="rollover_%NUM%_off = new Image;%BREAK%rollover_%NUM%_off.src = &quot;%SRC%&quot;;%BREAK%" WIDTH="140" NOHOME="1" TYPE="MENU" BUTTONTYPE="golfcourse_off" ONLYHOME="0"></ELEMENT>
<ELEMENT ID="CQDPGTN" TYPE="OUTPUT"><HTML><![CDATA[initialized = 1;
function on(imageNumber) {
if (!initialized || !document.images) return;
document.images[eval("\"roll_"+imageNumber+"\"")].src = eval("rollover_"+imageNumber+"_on.src");
}
function off(imageNumber) {
if (!initialized || !document.images) return;
document.images[eval("\"roll_"+imageNumber+"\"")].src = eval("rollover_"+imageNumber+"_off.src");
}
// -->
</script>
<style rel="STYLESHEET" type="text/css">
body	{margin: 0px;}
.menu	{color:#FFFFFF; font-size: 11px; font-family: arial; text-decoration: none;}
.menu:hover	{color:#638DC8; font-size: 11px; font-family: arial;}
.title	{color:#638DC8; font-size: 11px; font-weight: bold; font-family: arial;}
.subs	{color:#000000; font-size: 11px; font-family: arial;}
form	{display: inline;}
.buttons	{border-color: #000066; background-color: #FFFFFF; font-size: 10px; color: #000066; font-weight: bold; border-style: solid; font-family: arial;}
.texties	{border-color: #000066; background-color: #FFFFFF; font-size: 11px; color: #000066; border-style: solid; font-family: arial;}
</style>
</head>

<body marginheight=0 marginwidth=0>
<table cellspacing="0" cellpadding="0" border="0" width="100%" height="100%"><tr>
	<td width="95%" valign="top"><table cellspacing="0" cellpadding="0" border="0" width="100%"><tr>
		<td bgcolor="#000000" height="16" width="100%"><span class="menu">&nbsp;&nbsp;&nbsp;&nbsp;<a href="%HOME_URL%" class="menu">Home</a>&nbsp;&nbsp;|&nbsp;&nbsp;<a href="%CART_URL%" class="menu">Cart</a>&nbsp;&nbsp;|&nbsp;&nbsp;<a href="%LOGIN_URL%" class="menu">Login</a>&nbsp;&nbsp;|&nbsp;&nbsp;<a href="%ABOUT_URL%" class="menu">About Us</a>&nbsp;&nbsp;|&nbsp;&nbsp;<a href="%CONTACT_URL%" class="menu">Contact</a>&nbsp;&nbsp;|&nbsp;&nbsp;<a href="%CHECKOUT_URL%" class="menu">Checkout</a><span></td>
	</tr><tr>
	<td background="%WRAPPER_URL%/greenstripes.gif"><img src="%WRAPPER_URL%/golfcourse.jpg" width="439" height="67" alt="" border="0"></td>
	</tr><tr>
		<td bgcolor="#000000" height="18">&nbsp;<img src="%WRAPPER_URL%/arrow.gif">&nbsp;<span class="title">]]></HTML>
</ELEMENT>
<ELEMENT ID="CQDPGTO" TYPE="TITLE"></ELEMENT>
<ELEMENT ID="CQDPGTP" TYPE="OUTPUT"><HTML><![CDATA[</span></td>
	</tr><tr>
		<td align="center"><table width="100%"><tr><td>]]></HTML>
</ELEMENT>
<ELEMENT ID="CQDPGTQ" TYPE="BODY"></ELEMENT>
<ELEMENT ID="CQDPGTR" TYPE="OUTPUT"><HTML><![CDATA[</td></tr></table></td>
	</tr></table></td>
	<td width="1%" aling="right" valign="top" background="%WRAPPER_URL%/vertdot.gif"><table cellspacing="0" cellpadding="0" border="0" width="100%"><tr>
		<td height="1%"><img src="%WRAPPER_URL%/menu_right.gif" width="18" height="16" alt="" border="0"></td>
	</tr><tr>
		<td background="%WRAPPER_URL%/greenstripes.gif" height="1%"><img src="%GRAPHICS_URL%/blank.gif" width=1 height=67></td>
	</tr><tr>
		<td bgcolor="#000000" height="1%"><img src="%GRAPHICS_URL%/blank.gif" width=1 height=18></td>
	</tr></table></td>
	<td width="4%" valign="top" bgcolor="#638DC8"><img src="%WRAPPER_URL%/top.gif" width="186" height="32" alt="" border="0"><table cellspacing=0 cellpadding=0 border=0 width=186>
	<tr>
		<td></td>
	</tr><tr>
		<td align="center" bgcolor="#638DC8">]]></HTML>
</ELEMENT>
<ELEMENT ID="CQDPGTS" HEIGHT="130" WIDTH="186" BGCOLOR="638DC8" TYPE="LOGO"></ELEMENT>
<ELEMENT ID="CQDPGTT" TYPE="OUTPUT"><HTML><![CDATA[</td>
	</tr><tr>
		<td background="%WRAPPER_URL%/hordot.gif"><img src="%GRAPHICS_URL%/blank.gif" width=1 height=3></td>
	</tr><tr>
		<td align="center"><form action="%RESULTS_URL%" method="get">
<input type="hidden" name="catalog" value="">
		<table cellpadding="1" cellspacing="1">
		<tr>
			<td><span class="subs">Product Search:</span></td>
		</tr><tr>
			<td><input type="text" name="keywords" value="" size="15" maxlength="50" class="texties" style="width: 140px;"></td>
		</tr><tr>
			<td align="right"><input type="submit" value="Search" class="buttons"></td>
		</tr>
		</table></form></td>
	</tr><tr>
		<td background="%WRAPPER_URL%/hordot.gif"><img src="%GRAPHICS_URL%/blank.gif" width=1 height=3></td>
	</tr><tr>
		<td align="center"><br>
		<table cellpadding="1" cellspacing="1">
]]></HTML>
</ELEMENT>
<ELEMENT ID="CQDPGTU" WIDTH="140" NOHOME="1" TYPE="MENU" BUTTONTYPE="golfcourse_off" ONLYHOME="0"><HTML><![CDATA[<tr><td><a href="%URL%" OnMouseOver="on(%NUM%)" OnMouseOut="off(%NUM%)"><img src="%SRC%" width="%WIDTH%" height="%HEIGHT%" border="0" name="roll_%NUM%"></a></td></tr>]]></HTML>
</ELEMENT>
<ELEMENT ID="CQDPGTV" TYPE="OUTPUT"><HTML><![CDATA[</table><br></td>
	</tr><tr>
		<td background="%WRAPPER_URL%/hordot.gif"><img src="%GRAPHICS_URL%/blank.gif" width=1 height=3></td>
	</tr><tr>
		<td align="center"><form action="%SUBSCRIBE_URL%" method="post">
<input type="hidden" name="check" value="1">
		<table cellpadding="1" cellspacing="1">
		<tr>
			<td colspan=2><span class="subs">Mailing List:</span></td>
		</tr><tr>
			<td><span class="subs">Email:</span></td>
			<td><input type="text" size="14" maxlength="50" name="email" value="" class="texties"></td>
		</tr><tr>
			<td><span class="subs">Name:</span></td>
			<td><input type="text" size="14" maxlength="50" name="fullname" value="" class="texties"></td>
		</tr><tr>
			<td colspan=2 align="right"><input type="submit" value="Subscribe" class="buttons"></td>
		</tr>
		</table></form></td>
	</tr>
	</table></td>
</tr><tr>
	<td bgcolor="#000000" height="35" colspan="2">]]></HTML>
</ELEMENT>
<ELEMENT ID="CQDPGTW" TYPE="FOOTER"></ELEMENT>
<ELEMENT ID="CQDPGTX" TYPE="OUTPUT"><HTML><![CDATA[</td>
	<td bgcolor="#638DC8">&nbsp;</td>
</tr></table>
</body>
</html>
]]></HTML>
</ELEMENT>

</TEMPLATE>