<TEMPLATE ID="golfclubbin" FORMAT="WRAPPER">


<!-- ******* -->
<ELEMENT ID="CQDPNXT" SUB="LINK_VISITED_TEXT_COLOR" TYPE="READONLY" LOAD="THEME::LINK_VISITED_TEXT_COLOR" RAW="1"></ELEMENT>
<ELEMENT ID="CQDPNXU" SUB="TABLE_HEADING_FONT_SIZE" TYPE="READONLY" LOAD="THEME::TABLE_HEADING_FONT_SIZE" RAW="1"></ELEMENT>
<ELEMENT ID="CQDPNXV" SUB="DISCLAIMER_FONT_SIZE" TYPE="READONLY" LOAD="THEME::DISCLAIMER_FONT_SIZE" RAW="1"></ELEMENT>
<ELEMENT ID="CQDPNXW" SUB="CONTENT_BACKGROUND_COLOR" TYPE="READONLY" LOAD="THEME::CONTENT_BACKGROUND_COLOR" RAW="1"></ELEMENT>
<ELEMENT ID="CQDPNXX" SUB="TABLE_LISTING_BACKGROUND_COLOR" TYPE="READONLY" LOAD="THEME::TABLE_LISTING_BACKGROUND_COLOR" RAW="1"></ELEMENT>
<ELEMENT ID="CQDPNXY" SUB="CONTENT_TEXT_COLOR" TYPE="READONLY" LOAD="THEME::CONTENT_TEXT_COLOR" RAW="1"></ELEMENT>
<ELEMENT ID="CQDPNXZ" SUB="TABLE_LISTING_FONT_SIZE" TYPE="READONLY" LOAD="THEME::TABLE_LISTING_FONT_SIZE" RAW="1"></ELEMENT>
<ELEMENT ID="CQDPNYA" SUB="TABLE_LISTING_TEXT_COLOR" TYPE="READONLY" LOAD="THEME::TABLE_LISTING_TEXT_COLOR" RAW="1"></ELEMENT>
<ELEMENT ID="CQDPNYB" SUB="TABLE_LISTING_FONT_FACE" TYPE="READONLY" LOAD="THEME::TABLE_LISTING_FONT_FACE" RAW="1"></ELEMENT>
<ELEMENT ID="CQDPNYC" SUB="CONTENT_FONT_FACE" TYPE="READONLY" LOAD="THEME::CONTENT_FONT_FACE" RAW="1"></ELEMENT>
<ELEMENT ID="CQDPNYD" SUB="NAME" TYPE="READONLY" LOAD="THEME::NAME" RAW="1"></ELEMENT>
<ELEMENT ID="CQDPNYE" SUB="DISCLAIMER_FONT_FACE" TYPE="READONLY" LOAD="THEME::DISCLAIMER_FONT_FACE" RAW="1"></ELEMENT>
<ELEMENT ID="CQDPNYF" SUB="PRETTY_NAME" TYPE="READONLY" LOAD="THEME::PRETTY_NAME" RAW="1"></ELEMENT>
<ELEMENT ID="CQDPNYG" SUB="TABLE_HEADING_BACKGROUND_COLOR" TYPE="READONLY" LOAD="THEME::TABLE_HEADING_BACKGROUND_COLOR" RAW="1"></ELEMENT>
<ELEMENT ID="CQDPNYH" SUB="TABLE_LISTING_BACKGROUND_COLOR_ALTERNATE" TYPE="READONLY" LOAD="THEME::TABLE_LISTING_BACKGROUND_COLOR_ALTERNATE" RAW="1"></ELEMENT>
<ELEMENT ID="CQDPNYI" SUB="LINK_ACTIVE_TEXT_COLOR" TYPE="READONLY" LOAD="THEME::LINK_ACTIVE_TEXT_COLOR" RAW="1"></ELEMENT>
<ELEMENT ID="CQDPNYJ" SUB="CONTENT_FONT_SIZE" TYPE="READONLY" LOAD="THEME::CONTENT_FONT_SIZE" RAW="1"></ELEMENT>
<ELEMENT ID="CQDPNYK" SUB="ALERT_COLOR" TYPE="READONLY" LOAD="THEME::ALERT_COLOR" RAW="1"></ELEMENT>
<ELEMENT ID="CQDPNYL" SUB="DISCLAIMER_BACKGROUND_COLOR" TYPE="READONLY" LOAD="THEME::DISCLAIMER_BACKGROUND_COLOR" RAW="1"></ELEMENT>
<ELEMENT ID="CQDPNYM" SUB="TABLE_HEADING_FONT_FACE" TYPE="READONLY" LOAD="THEME::TABLE_HEADING_FONT_FACE" RAW="1"></ELEMENT>
<ELEMENT ID="CQDPNYN" SUB="TABLE_HEADING_TEXT_COLOR" TYPE="READONLY" LOAD="THEME::TABLE_HEADING_TEXT_COLOR" RAW="1"></ELEMENT>
<ELEMENT ID="CQDPNYO" SUB="DISCLAIMER_TEXT_COLOR" TYPE="READONLY" LOAD="THEME::DISCLAIMER_TEXT_COLOR" RAW="1"></ELEMENT>
<ELEMENT ID="CQDPNYP" SUB="LINK_TEXT_COLOR" TYPE="READONLY" LOAD="THEME::LINK_TEXT_COLOR" RAW="1"></ELEMENT>
<ELEMENT ID="CQDPNYQ" SUB="HOMECATEGORY_URL" TYPE="READONLY" LOAD="URL::HOMECATEGORY_URL" RAW="1"></ELEMENT>
<ELEMENT ID="CQDPNYR" SUB="WRAPPER_URL" TYPE="READONLY" LOAD="URL::WRAPPER_URL" RAW="1"></ELEMENT>
<ELEMENT ID="CQDPNYS" SUB="CART_URL" TYPE="READONLY" LOAD="URL::CART_URL" RAW="1"></ELEMENT>
<ELEMENT ID="CQDPNYT" SUB="SUBSCRIBE_URL" TYPE="READONLY" LOAD="URL::SUBSCRIBE_URL" RAW="1"></ELEMENT>
<ELEMENT ID="CQDPNYU" SUB="FEEDBACK_URL" TYPE="READONLY" LOAD="URL::FEEDBACK_URL" RAW="1"></ELEMENT>
<ELEMENT ID="CQDPNYV" SUB="LOGOUT_FUNCTION_URL" TYPE="READONLY" LOAD="URL::LOGOUT_FUNCTION_URL" RAW="1"></ELEMENT>
<ELEMENT ID="CQDPNYW" SUB="SHIPQUOTE_URL" TYPE="READONLY" LOAD="URL::SHIPQUOTE_URL" RAW="1"></ELEMENT>
<ELEMENT ID="CQDPNYX" SUB="PRIVACY_URL" TYPE="READONLY" LOAD="URL::PRIVACY_URL" RAW="1"></ELEMENT>
<ELEMENT ID="CQDPNYY" SUB="SITEBUTTON_URL" TYPE="READONLY" LOAD="URL::SITEBUTTON_URL" RAW="1"></ELEMENT>
<ELEMENT ID="CQDPNYZ" SUB="HOMEPAGE_URL" TYPE="READONLY" LOAD="URL::HOMEPAGE_URL" RAW="1"></ELEMENT>
<ELEMENT ID="CQDPNZA" SUB="COUNTER_URL" TYPE="READONLY" LOAD="URL::COUNTER_URL" RAW="1"></ELEMENT>
<ELEMENT ID="CQDPNZB" SUB="RETURNS_URL" TYPE="READONLY" LOAD="URL::RETURNS_URL" RAW="1"></ELEMENT>
<ELEMENT ID="CQDPNZC" SUB="PASSWORD_URL" TYPE="READONLY" LOAD="URL::PASSWORD_URL" RAW="1"></ELEMENT>
<ELEMENT ID="CQDPNZD" SUB="UPDATE_PAYMENT_URL" TYPE="READONLY" LOAD="URL::UPDATE_PAYMENT_URL" RAW="1"></ELEMENT>
<ELEMENT ID="CQDPNZE" SUB="FORGOT_URL" TYPE="READONLY" LOAD="URL::FORGOT_URL" RAW="1"></ELEMENT>
<ELEMENT ID="CQDPNZF" SUB="NAVBUTTON_URL" TYPE="READONLY" LOAD="URL::NAVBUTTON_URL" RAW="1"></ELEMENT>
<ELEMENT ID="CQDPNZG" SUB="CONTACT_URL" TYPE="READONLY" LOAD="URL::CONTACT_URL" RAW="1"></ELEMENT>
<ELEMENT ID="CQDPNZH" SUB="LOGOUT_URL" TYPE="READONLY" LOAD="URL::LOGOUT_URL" RAW="1"></ELEMENT>
<ELEMENT ID="CQDPNZI" SUB="GALLERY_URL" TYPE="READONLY" LOAD="URL::GALLERY_URL" RAW="1"></ELEMENT>
<ELEMENT ID="CQDPNZJ" SUB="REMOVE_URL" TYPE="READONLY" LOAD="URL::REMOVE_URL" RAW="1"></ELEMENT>
<ELEMENT ID="CQDPNZK" SUB="HOME_URL" TYPE="READONLY" LOAD="URL::HOME_URL" RAW="1"></ELEMENT>
<ELEMENT ID="CQDPNZL" SUB="ABOUT_ZOOVY_URL" TYPE="READONLY" LOAD="URL::ABOUT_ZOOVY_URL" RAW="1"></ELEMENT>
<ELEMENT ID="CQDPNZM" SUB="NEWS_URL" TYPE="READONLY" LOAD="URL::NEWS_URL" RAW="1"></ELEMENT>
<ELEMENT ID="CQDPNZN" SUB="SECURE_URL" TYPE="READONLY" LOAD="URL::SECURE_URL" RAW="1"></ELEMENT>
<ELEMENT ID="CQDPNZO" SUB="ABOUT_URL" TYPE="READONLY" LOAD="URL::ABOUT_URL" RAW="1"></ELEMENT>
<ELEMENT ID="CQDPNZP" SUB="USERBUTTON_URL" TYPE="READONLY" LOAD="URL::USERBUTTON_URL" RAW="1"></ELEMENT>
<ELEMENT ID="CQDPNZQ" SUB="CLOSED_URL" TYPE="READONLY" LOAD="URL::CLOSED_URL" RAW="1"></ELEMENT>
<ELEMENT ID="CQDPNZR" SUB="FASTORDER_URL" TYPE="READONLY" LOAD="URL::FASTORDER_URL" RAW="1"></ELEMENT>
<ELEMENT ID="CQDPNZS" SUB="MAIL_FORM_URL" TYPE="READONLY" LOAD="URL::MAIL_FORM_URL" RAW="1"></ELEMENT>
<ELEMENT ID="CQDPNZT" SUB="GRAPHICS_URL" TYPE="READONLY" LOAD="URL::GRAPHICS_URL" RAW="1"></ELEMENT>
<ELEMENT ID="CQDPNZU" SUB="IMAGE_URL" TYPE="READONLY" LOAD="URL::IMAGE_URL" RAW="1"></ELEMENT>
<ELEMENT ID="CQDPNZV" SUB="CONTACTUS_URL" TYPE="READONLY" LOAD="URL::CONTACTUS_URL" RAW="1"></ELEMENT>
<ELEMENT ID="CQDPNZW" SUB="DYNAMIC_URL" TYPE="READONLY" LOAD="URL::DYNAMIC_URL" RAW="1"></ELEMENT>
<ELEMENT ID="CQDPNZX" SUB="NONSECURE_URL" TYPE="READONLY" LOAD="URL::NONSECURE_URL" RAW="1"></ELEMENT>
<ELEMENT ID="CQDPNZY" SUB="CONTACT_US_URL" TYPE="READONLY" LOAD="URL::CONTACT_US_URL" RAW="1"></ELEMENT>
<ELEMENT ID="CQDPNZZ" SUB="SEARCH_URL" TYPE="READONLY" LOAD="URL::SEARCH_URL" RAW="1"></ELEMENT>
<ELEMENT ID="CQDPOAA" SUB="ABOUTUS_URL" TYPE="READONLY" LOAD="URL::ABOUTUS_URL" RAW="1"></ELEMENT>
<ELEMENT ID="CQDPOAB" SUB="CUSTOMER_MAIN_URL" TYPE="READONLY" LOAD="URL::CUSTOMER_MAIN_URL" RAW="1"></ELEMENT>
<ELEMENT ID="CQDPOAC" SUB="MERCHANT_LOGIN_URL" TYPE="READONLY" LOAD="URL::MERCHANT_LOGIN_URL" RAW="1"></ELEMENT>
<ELEMENT ID="CQDPOAD" SUB="CATEGORY_URL" TYPE="READONLY" LOAD="URL::CATEGORY_URL" RAW="1"></ELEMENT>
<ELEMENT ID="CQDPOAE" SUB="ADULT_URL" TYPE="READONLY" LOAD="URL::ADULT_URL" RAW="1"></ELEMENT>
<ELEMENT ID="CQDPOAF" SUB="CLAIM_URL" TYPE="READONLY" LOAD="URL::CLAIM_URL" RAW="1"></ELEMENT>
<ELEMENT ID="CQDPOAG" SUB="CLAIM_MULTI_URL" TYPE="READONLY" LOAD="URL::CLAIM_MULTI_URL" RAW="1"></ELEMENT>
<ELEMENT ID="CQDPOAH" SUB="ABOUT_US_URL" TYPE="READONLY" LOAD="URL::ABOUT_US_URL" RAW="1"></ELEMENT>
<ELEMENT ID="CQDPOAI" SUB="RESULTS_URL" TYPE="READONLY" LOAD="URL::RESULTS_URL" RAW="1"></ELEMENT>
<ELEMENT ID="CQDPOAJ" SUB="PRODUCT_URL" TYPE="READONLY" LOAD="URL::PRODUCT_URL" RAW="1"></ELEMENT>
<ELEMENT ID="CQDPOAK" SUB="CONTINUE_URL" TYPE="READONLY" LOAD="URL::CONTINUE_URL" RAW="1"></ELEMENT>
<ELEMENT ID="CQDPOAL" SUB="REDIR_URL" TYPE="READONLY" LOAD="URL::REDIR_URL" RAW="1"></ELEMENT>
<ELEMENT ID="CQDPOAM" SUB="KILL_COOKIES_URL" TYPE="READONLY" LOAD="URL::KILL_COOKIES_URL" RAW="1"></ELEMENT>
<ELEMENT ID="CQDPOAN" SUB="LOGIN_URL" TYPE="READONLY" LOAD="URL::LOGIN_URL" RAW="1"></ELEMENT>
<ELEMENT ID="CQDPOAO" SUB="CHECKOUT_URL" TYPE="READONLY" LOAD="URL::CHECKOUT_URL" RAW="1"></ELEMENT>
<ELEMENT ID="CQDPOAP" SUB="ORDER_STATUS_URL" TYPE="READONLY" LOAD="URL::ORDER_STATUS_URL" RAW="1"></ELEMENT>
<ELEMENT ID="CQDPOAQ" SUB="NO_COOKIES_URL" TYPE="READONLY" LOAD="URL::NO_COOKIES_URL" RAW="1"></ELEMENT>
<ELEMENT ID="CQDPOAR" SUB="PAYPAL_URL" TYPE="READONLY" LOAD="URL::PAYPAL_URL" RAW="1"></ELEMENT>
<ELEMENT ID="CQDPOAS" SUB="CANCEL_ORDER_URL" TYPE="READONLY" LOAD="URL::CANCEL_ORDER_URL" RAW="1"></ELEMENT>
<ELEMENT ID="CQDPOAT" SUB="MAIL_CONFIG_URL" TYPE="READONLY" LOAD="URL::MAIL_CONFIG_URL" RAW="1"></ELEMENT>
<ELEMENT ID="CQDPOAU" SUB="DISABLED_URL" TYPE="READONLY" LOAD="URL::DISABLED_URL" RAW="1"></ELEMENT>
<ELEMENT ID="CQDPOAV" COLORS="128" TYPE="CONFIG" CATEGORIES="32768" THEME="gradiate" TITLE="Golf Clubbin" CREATED="20050126" PROPERTIES="11" SITEBUTTONS="gradiate"></ELEMENT>
<ELEMENT ID="CQDPOAW" TYPE="OUTPUT"><HTML><![CDATA[<!DOCTYPE HTML PUBLIC "-//W3C//DTD HTML 4.01 Transitional//EN"
"http://www.w3.org/TR/html4/loose.dtd">
<html>
<head>
]]></HTML>
</ELEMENT>
<ELEMENT ID="CQDPOAX" TYPE="HEAD"></ELEMENT>
<ELEMENT ID="CQDPOAY" TYPE="OUTPUT"><HTML><![CDATA[
<style type="text/css">
body	{margin: 0px;}
body, td, li, ol, ul, p		{font-family: tahoma, arial, sans-serif; color: #666666;}

a	{color: #333333;}
a:hover	{color: #DE6023;}
h1	{font-size: 16px; font-weight: bold; color: #666666; margin-top: 8px;}
h2	{font-size: 14px; font-weight: bold; color: #333333; margin: 0px;}
h3	{font-size: 12px; font-weight: bold; color: #666666; margin: 0px;}
h4	{font-size: 12px; font-weight: bold; color: #666666; margin: 0px;}

.minicart	{font-size: 11px;}
.cats	{font-size: 12px; font-weight: bold; text-decoration: none;}

.formed	{border-color: #666666; border-width: 1px; border-style: outset; font-family: tahoma, arial, sans-serif;  font-size:11px;}
.button	{border-color: #666666; border-width: 1px; border-style: outset; color: #666666; font-size:9px; background-color: #efefef; font-weight: bold; font-family: tahoma, arial, sans-serif; }
</style>
</head>
<body><div align="center">
<!-- BEGin sizing table -->
<table cellspacing="0" cellpadding="0" width="100%"><tr><td align="left">

<table cellspacing="0" cellpadding="0" border="0" width="100%"><tr>
	<td valign="bottom" style="height: 66px;"><a href="%HOME_URL%">]]></HTML>
</ELEMENT>
<ELEMENT HEIGHT="66" ID="CQDPOAZ" WIDTH="200" TYPE="LOGO" BGCOLOR="FFFFFF"></ELEMENT>
<ELEMENT ID="CQDPOBA" TYPE="OUTPUT"><HTML><![CDATA[</a></td>
	<td valign="bottom" width="1%" rowspan="2" align="right" style="background-image:url(%WRAPPER_URL%/clb_logo_bottom_bg.gif); background-repeat:repeat-x; background-position:bottom;"><img src="%WRAPPER_URL%/clb_logo_right.jpg" width="111" height="68"></td>
	<td width="1%" rowspan="4"><img src="%WRAPPER_URL%/clb_clubs.jpg" width="330" height="176"></td>
</tr><tr>
	<td style="height: 18px; background-image:url(%WRAPPER_URL%/clb_logo_bottom_bg.gif); background-repeat:repeat-x;"><img src="%WRAPPER_URL%/clb_logo_bottom_bg.gif" width="1" height="18"></td>
</tr><tr>
	<td colspan="2" width="98%"><table cellspacing="0" cellpadding="0" width="100%"><tr style="background-image:url(%WRAPPER_URL%/clb_menu_bg.gif); background-repeat:repeat-x;">
		<td width="1%" align="left"><img src="%WRAPPER_URL%/clb_menu_left.gif" width="35" height="59"></td>
		<td width="35%"></td>
		
		<td align="center" valign="bottom"><a href="%HOME_URL%"><img src="%WRAPPER_URL%/clb_menu_home.gif" width="39" height="45" alt="Home" border="0"></a></td>
		<td><img src="%WRAPPER_URL%/clb_menu_splitter.gif" width="15" height="41" alt=""></td>
		
		<td align="center" valign="bottom"><a href="%ABOUT_URL%"><img src="%WRAPPER_URL%/clb_menu_about.gif" width="39" height="45" alt="Company Information" border="0"></a></td>
		<td><img src="%WRAPPER_URL%/clb_menu_splitter.gif" width="15" height="41" alt=""></td>
		<td align="center" valign="bottom"><a href="%CONTACT_URL%"><img src="%WRAPPER_URL%/clb_menu_contact.gif" width="39" height="45" alt="Contact Us" border="0"></a></td>
		
		<td><img src="%WRAPPER_URL%/clb_menu_splitter.gif" width="15" height="41" alt=""></td>
		<td align="center" valign="bottom"><a href="%LOGIN_URL%"><img src="%WRAPPER_URL%/clb_menu_login.gif" width="39" height="45" alt="My Account" border="0"></a></td>
		
		<td><img src="%WRAPPER_URL%/clb_menu_splitter.gif" width="15" height="41" alt=""></td>
		<td align="center" valign="bottom"><a href="%CART_URL%"><img src="%WRAPPER_URL%/clb_menu_cart.gif" width="39" height="45" alt="View Cart" border="0"></a></td>
		
		<td><img src="%WRAPPER_URL%/clb_menu_splitter.gif" width="15" height="41" alt=""></td>
		<td align="center" valign="bottom"><a href="%CHECKOUT_URL%"><img src="%WRAPPER_URL%/clb_menu_checkout.gif" width="39" height="45" alt="Checkout" border="0"></a></td>
		<td width="35%"></td>
	</tr></table></td>
</tr><tr>
	<td align="left" colspan="2" NOWRAP style="background-image:url(%WRAPPER_URL%/clb_title_bg.gif); background-repeat:repeat-x; height: 33px;"><span class="minicart">&nbsp;&nbsp;&nbsp;Items in Cart: ]]></HTML>
</ELEMENT>
<ELEMENT ID="CQDPOBB" TYPE="MINICART" ITEMSONLY="1"></ELEMENT>
<ELEMENT HTML="&amp;nbsp;&amp;nbsp;|&amp;nbsp;&amp;nbsp;Subtotal: " ID="CQDPOBC" TYPE="OUTPUT"></ELEMENT>
<ELEMENT ID="CQDPOBD" SUBTOTALONLY="1" TYPE="MINICART"></ELEMENT>
<ELEMENT ID="CQDPOBE" TYPE="OUTPUT"><HTML><![CDATA[</span></td>
</tr></table>
<table cellspacing="0" cellpadding="0" width="100%"><tr>
	<td valign="top"><table cellspacing="0" cellpadding="0" width="238"><tr>
		<td width="14" valign="top" style="background-image: url(%WRAPPER_URL%/clb_cats_left_bg2.gif); background-repeat:repeat-y;"><img src="%WRAPPER_URL%/clb_cats_left.gif" width="14" height="203"></td>
		<td style="background-image:url(%WRAPPER_URL%/clb_cats_bg.gif); background-repeat:repeat-x;" width="215" valign="top" bgcolor="#F6F6F6"><div align="center">
<form action="%RESULTS_URL%" method="get" style="margin: 0px;"><input type="hidden" name="catalog" value=""><table><tr>
	<td><input type="text" class="formed" name="keywords" value="" style="width: 100px;"></td>
	<td><input type="submit" value="Search" class="button"></td>
</tr></table></form></div><br>
<table cellspacing="2" cellpadding="0" width="100%">
]]></HTML>
</ELEMENT>
<ELEMENT ID="CQDPOBF" NOHOME="1" TYPE="MENU"><HTML><![CDATA[<tr><td><a href="%URL%" target="%TARGET%" class="cats">%MESSAGE%</a></td></tr>]]></HTML>
<DIVIDER><![CDATA[<tr><td style="height: 1px; background-color: #CBCBCB;"></td></tr>]]></DIVIDER>
</ELEMENT>
<ELEMENT ID="CQDPOBG" TYPE="OUTPUT"><HTML><![CDATA[</table>
</td>
		<td width="23" valign="top"  background="%WRAPPER_URL%/clb_cats_right_bg.gif"><img src="%WRAPPER_URL%/clb_corner.gif" width="23" height="203"></td>
	</tr><tr>
		<td colspan="3" align="left"><img src="%WRAPPER_URL%/clb_cats_bottom.gif" width="225" height="31"></td>
	</tr></table>]]></HTML>
</ELEMENT>
<ELEMENT ID="CQDPOBH" TYPE="SIDEBAR"></ELEMENT>
<ELEMENT ID="CQDPOBI" TYPE="OUTPUT"><HTML><![CDATA[</td>
	<td valign="top" width="95%" style="background-image: url(%WRAPPER_URL%/clb_shadow.gif); background-repeat:repeat-x;"><h1>]]></HTML>
</ELEMENT>
<ELEMENT ID="CQDPOBJ" TYPE="TITLE"></ELEMENT>
<ELEMENT ID="CQDPOBK" TYPE="OUTPUT"><HTML><![CDATA[</h1>]]></HTML>
</ELEMENT>
<ELEMENT ID="CQDPOBL" TYPE="BODY"></ELEMENT>
<ELEMENT ID="CQDPOBM" TYPE="OUTPUT"><HTML><![CDATA[</td>
</tr></table>
]]></HTML>
</ELEMENT>
<ELEMENT ID="CQDPOBN" TYPE="FOOTER" TRANSPARENT="TRUE"></ELEMENT>
<ELEMENT ID="CQDPOBO" TYPE="OUTPUT"><HTML><![CDATA[
<!-- End sizing table -->
</td></tr></table>
</div>
</body>
</html>
]]></HTML>
</ELEMENT>

</TEMPLATE>