<TEMPLATE ID="golfball" FORMAT="WRAPPER">


<!-- ******* -->
<ELEMENT ID="CQDPOFJ" SUB="LINK_VISITED_TEXT_COLOR" TYPE="READONLY" LOAD="THEME::LINK_VISITED_TEXT_COLOR" RAW="1"></ELEMENT>
<ELEMENT ID="CQDPOFK" SUB="TABLE_HEADING_FONT_SIZE" TYPE="READONLY" LOAD="THEME::TABLE_HEADING_FONT_SIZE" RAW="1"></ELEMENT>
<ELEMENT ID="CQDPOFL" SUB="DISCLAIMER_FONT_SIZE" TYPE="READONLY" LOAD="THEME::DISCLAIMER_FONT_SIZE" RAW="1"></ELEMENT>
<ELEMENT ID="CQDPOFM" SUB="CONTENT_BACKGROUND_COLOR" TYPE="READONLY" LOAD="THEME::CONTENT_BACKGROUND_COLOR" RAW="1"></ELEMENT>
<ELEMENT ID="CQDPOFN" SUB="TABLE_LISTING_BACKGROUND_COLOR" TYPE="READONLY" LOAD="THEME::TABLE_LISTING_BACKGROUND_COLOR" RAW="1"></ELEMENT>
<ELEMENT ID="CQDPOFO" SUB="CONTENT_TEXT_COLOR" TYPE="READONLY" LOAD="THEME::CONTENT_TEXT_COLOR" RAW="1"></ELEMENT>
<ELEMENT ID="CQDPOFP" SUB="TABLE_LISTING_FONT_SIZE" TYPE="READONLY" LOAD="THEME::TABLE_LISTING_FONT_SIZE" RAW="1"></ELEMENT>
<ELEMENT ID="CQDPOFQ" SUB="TABLE_LISTING_TEXT_COLOR" TYPE="READONLY" LOAD="THEME::TABLE_LISTING_TEXT_COLOR" RAW="1"></ELEMENT>
<ELEMENT ID="CQDPOFR" SUB="TABLE_LISTING_FONT_FACE" TYPE="READONLY" LOAD="THEME::TABLE_LISTING_FONT_FACE" RAW="1"></ELEMENT>
<ELEMENT ID="CQDPOFS" SUB="CONTENT_FONT_FACE" TYPE="READONLY" LOAD="THEME::CONTENT_FONT_FACE" RAW="1"></ELEMENT>
<ELEMENT ID="CQDPOFT" SUB="NAME" TYPE="READONLY" LOAD="THEME::NAME" RAW="1"></ELEMENT>
<ELEMENT ID="CQDPOFU" SUB="DISCLAIMER_FONT_FACE" TYPE="READONLY" LOAD="THEME::DISCLAIMER_FONT_FACE" RAW="1"></ELEMENT>
<ELEMENT ID="CQDPOFV" SUB="PRETTY_NAME" TYPE="READONLY" LOAD="THEME::PRETTY_NAME" RAW="1"></ELEMENT>
<ELEMENT ID="CQDPOFW" SUB="TABLE_HEADING_BACKGROUND_COLOR" TYPE="READONLY" LOAD="THEME::TABLE_HEADING_BACKGROUND_COLOR" RAW="1"></ELEMENT>
<ELEMENT ID="CQDPOFX" SUB="TABLE_LISTING_BACKGROUND_COLOR_ALTERNATE" TYPE="READONLY" LOAD="THEME::TABLE_LISTING_BACKGROUND_COLOR_ALTERNATE" RAW="1"></ELEMENT>
<ELEMENT ID="CQDPOFY" SUB="LINK_ACTIVE_TEXT_COLOR" TYPE="READONLY" LOAD="THEME::LINK_ACTIVE_TEXT_COLOR" RAW="1"></ELEMENT>
<ELEMENT ID="CQDPOFZ" SUB="CONTENT_FONT_SIZE" TYPE="READONLY" LOAD="THEME::CONTENT_FONT_SIZE" RAW="1"></ELEMENT>
<ELEMENT ID="CQDPOGA" SUB="ALERT_COLOR" TYPE="READONLY" LOAD="THEME::ALERT_COLOR" RAW="1"></ELEMENT>
<ELEMENT ID="CQDPOGB" SUB="DISCLAIMER_BACKGROUND_COLOR" TYPE="READONLY" LOAD="THEME::DISCLAIMER_BACKGROUND_COLOR" RAW="1"></ELEMENT>
<ELEMENT ID="CQDPOGC" SUB="TABLE_HEADING_FONT_FACE" TYPE="READONLY" LOAD="THEME::TABLE_HEADING_FONT_FACE" RAW="1"></ELEMENT>
<ELEMENT ID="CQDPOGD" SUB="TABLE_HEADING_TEXT_COLOR" TYPE="READONLY" LOAD="THEME::TABLE_HEADING_TEXT_COLOR" RAW="1"></ELEMENT>
<ELEMENT ID="CQDPOGE" SUB="DISCLAIMER_TEXT_COLOR" TYPE="READONLY" LOAD="THEME::DISCLAIMER_TEXT_COLOR" RAW="1"></ELEMENT>
<ELEMENT ID="CQDPOGF" SUB="LINK_TEXT_COLOR" TYPE="READONLY" LOAD="THEME::LINK_TEXT_COLOR" RAW="1"></ELEMENT>
<ELEMENT ID="CQDPOGG" SUB="HOMECATEGORY_URL" TYPE="READONLY" LOAD="URL::HOMECATEGORY_URL" RAW="1"></ELEMENT>
<ELEMENT ID="CQDPOGH" SUB="WRAPPER_URL" TYPE="READONLY" LOAD="URL::WRAPPER_URL" RAW="1"></ELEMENT>
<ELEMENT ID="CQDPOGI" SUB="CART_URL" TYPE="READONLY" LOAD="URL::CART_URL" RAW="1"></ELEMENT>
<ELEMENT ID="CQDPOGJ" SUB="SUBSCRIBE_URL" TYPE="READONLY" LOAD="URL::SUBSCRIBE_URL" RAW="1"></ELEMENT>
<ELEMENT ID="CQDPOGK" SUB="FEEDBACK_URL" TYPE="READONLY" LOAD="URL::FEEDBACK_URL" RAW="1"></ELEMENT>
<ELEMENT ID="CQDPOGL" SUB="LOGOUT_FUNCTION_URL" TYPE="READONLY" LOAD="URL::LOGOUT_FUNCTION_URL" RAW="1"></ELEMENT>
<ELEMENT ID="CQDPOGM" SUB="SHIPQUOTE_URL" TYPE="READONLY" LOAD="URL::SHIPQUOTE_URL" RAW="1"></ELEMENT>
<ELEMENT ID="CQDPOGN" SUB="PRIVACY_URL" TYPE="READONLY" LOAD="URL::PRIVACY_URL" RAW="1"></ELEMENT>
<ELEMENT ID="CQDPOGO" SUB="SITEBUTTON_URL" TYPE="READONLY" LOAD="URL::SITEBUTTON_URL" RAW="1"></ELEMENT>
<ELEMENT ID="CQDPOGP" SUB="HOMEPAGE_URL" TYPE="READONLY" LOAD="URL::HOMEPAGE_URL" RAW="1"></ELEMENT>
<ELEMENT ID="CQDPOGQ" SUB="COUNTER_URL" TYPE="READONLY" LOAD="URL::COUNTER_URL" RAW="1"></ELEMENT>
<ELEMENT ID="CQDPOGR" SUB="RETURNS_URL" TYPE="READONLY" LOAD="URL::RETURNS_URL" RAW="1"></ELEMENT>
<ELEMENT ID="CQDPOGS" SUB="PASSWORD_URL" TYPE="READONLY" LOAD="URL::PASSWORD_URL" RAW="1"></ELEMENT>
<ELEMENT ID="CQDPOGT" SUB="UPDATE_PAYMENT_URL" TYPE="READONLY" LOAD="URL::UPDATE_PAYMENT_URL" RAW="1"></ELEMENT>
<ELEMENT ID="CQDPOGU" SUB="FORGOT_URL" TYPE="READONLY" LOAD="URL::FORGOT_URL" RAW="1"></ELEMENT>
<ELEMENT ID="CQDPOGV" SUB="NAVBUTTON_URL" TYPE="READONLY" LOAD="URL::NAVBUTTON_URL" RAW="1"></ELEMENT>
<ELEMENT ID="CQDPOGW" SUB="CONTACT_URL" TYPE="READONLY" LOAD="URL::CONTACT_URL" RAW="1"></ELEMENT>
<ELEMENT ID="CQDPOGX" SUB="LOGOUT_URL" TYPE="READONLY" LOAD="URL::LOGOUT_URL" RAW="1"></ELEMENT>
<ELEMENT ID="CQDPOGY" SUB="GALLERY_URL" TYPE="READONLY" LOAD="URL::GALLERY_URL" RAW="1"></ELEMENT>
<ELEMENT ID="CQDPOGZ" SUB="REMOVE_URL" TYPE="READONLY" LOAD="URL::REMOVE_URL" RAW="1"></ELEMENT>
<ELEMENT ID="CQDPOHA" SUB="HOME_URL" TYPE="READONLY" LOAD="URL::HOME_URL" RAW="1"></ELEMENT>
<ELEMENT ID="CQDPOHB" SUB="ABOUT_ZOOVY_URL" TYPE="READONLY" LOAD="URL::ABOUT_ZOOVY_URL" RAW="1"></ELEMENT>
<ELEMENT ID="CQDPOHC" SUB="NEWS_URL" TYPE="READONLY" LOAD="URL::NEWS_URL" RAW="1"></ELEMENT>
<ELEMENT ID="CQDPOHD" SUB="SECURE_URL" TYPE="READONLY" LOAD="URL::SECURE_URL" RAW="1"></ELEMENT>
<ELEMENT ID="CQDPOHE" SUB="ABOUT_URL" TYPE="READONLY" LOAD="URL::ABOUT_URL" RAW="1"></ELEMENT>
<ELEMENT ID="CQDPOHF" SUB="USERBUTTON_URL" TYPE="READONLY" LOAD="URL::USERBUTTON_URL" RAW="1"></ELEMENT>
<ELEMENT ID="CQDPOHG" SUB="CLOSED_URL" TYPE="READONLY" LOAD="URL::CLOSED_URL" RAW="1"></ELEMENT>
<ELEMENT ID="CQDPOHH" SUB="FASTORDER_URL" TYPE="READONLY" LOAD="URL::FASTORDER_URL" RAW="1"></ELEMENT>
<ELEMENT ID="CQDPOHI" SUB="MAIL_FORM_URL" TYPE="READONLY" LOAD="URL::MAIL_FORM_URL" RAW="1"></ELEMENT>
<ELEMENT ID="CQDPOHJ" SUB="GRAPHICS_URL" TYPE="READONLY" LOAD="URL::GRAPHICS_URL" RAW="1"></ELEMENT>
<ELEMENT ID="CQDPOHK" SUB="IMAGE_URL" TYPE="READONLY" LOAD="URL::IMAGE_URL" RAW="1"></ELEMENT>
<ELEMENT ID="CQDPOHL" SUB="CONTACTUS_URL" TYPE="READONLY" LOAD="URL::CONTACTUS_URL" RAW="1"></ELEMENT>
<ELEMENT ID="CQDPOHM" SUB="DYNAMIC_URL" TYPE="READONLY" LOAD="URL::DYNAMIC_URL" RAW="1"></ELEMENT>
<ELEMENT ID="CQDPOHN" SUB="NONSECURE_URL" TYPE="READONLY" LOAD="URL::NONSECURE_URL" RAW="1"></ELEMENT>
<ELEMENT ID="CQDPOHO" SUB="CONTACT_US_URL" TYPE="READONLY" LOAD="URL::CONTACT_US_URL" RAW="1"></ELEMENT>
<ELEMENT ID="CQDPOHP" SUB="SEARCH_URL" TYPE="READONLY" LOAD="URL::SEARCH_URL" RAW="1"></ELEMENT>
<ELEMENT ID="CQDPOHQ" SUB="ABOUTUS_URL" TYPE="READONLY" LOAD="URL::ABOUTUS_URL" RAW="1"></ELEMENT>
<ELEMENT ID="CQDPOHR" SUB="CUSTOMER_MAIN_URL" TYPE="READONLY" LOAD="URL::CUSTOMER_MAIN_URL" RAW="1"></ELEMENT>
<ELEMENT ID="CQDPOHS" SUB="MERCHANT_LOGIN_URL" TYPE="READONLY" LOAD="URL::MERCHANT_LOGIN_URL" RAW="1"></ELEMENT>
<ELEMENT ID="CQDPOHT" SUB="CATEGORY_URL" TYPE="READONLY" LOAD="URL::CATEGORY_URL" RAW="1"></ELEMENT>
<ELEMENT ID="CQDPOHU" SUB="ADULT_URL" TYPE="READONLY" LOAD="URL::ADULT_URL" RAW="1"></ELEMENT>
<ELEMENT ID="CQDPOHV" SUB="CLAIM_URL" TYPE="READONLY" LOAD="URL::CLAIM_URL" RAW="1"></ELEMENT>
<ELEMENT ID="CQDPOHW" SUB="CLAIM_MULTI_URL" TYPE="READONLY" LOAD="URL::CLAIM_MULTI_URL" RAW="1"></ELEMENT>
<ELEMENT ID="CQDPOHX" SUB="ABOUT_US_URL" TYPE="READONLY" LOAD="URL::ABOUT_US_URL" RAW="1"></ELEMENT>
<ELEMENT ID="CQDPOHY" SUB="RESULTS_URL" TYPE="READONLY" LOAD="URL::RESULTS_URL" RAW="1"></ELEMENT>
<ELEMENT ID="CQDPOHZ" SUB="PRODUCT_URL" TYPE="READONLY" LOAD="URL::PRODUCT_URL" RAW="1"></ELEMENT>
<ELEMENT ID="CQDPOIA" SUB="CONTINUE_URL" TYPE="READONLY" LOAD="URL::CONTINUE_URL" RAW="1"></ELEMENT>
<ELEMENT ID="CQDPOIB" SUB="REDIR_URL" TYPE="READONLY" LOAD="URL::REDIR_URL" RAW="1"></ELEMENT>
<ELEMENT ID="CQDPOIC" SUB="KILL_COOKIES_URL" TYPE="READONLY" LOAD="URL::KILL_COOKIES_URL" RAW="1"></ELEMENT>
<ELEMENT ID="CQDPOID" SUB="LOGIN_URL" TYPE="READONLY" LOAD="URL::LOGIN_URL" RAW="1"></ELEMENT>
<ELEMENT ID="CQDPOIE" SUB="CHECKOUT_URL" TYPE="READONLY" LOAD="URL::CHECKOUT_URL" RAW="1"></ELEMENT>
<ELEMENT ID="CQDPOIF" SUB="ORDER_STATUS_URL" TYPE="READONLY" LOAD="URL::ORDER_STATUS_URL" RAW="1"></ELEMENT>
<ELEMENT ID="CQDPOIG" SUB="NO_COOKIES_URL" TYPE="READONLY" LOAD="URL::NO_COOKIES_URL" RAW="1"></ELEMENT>
<ELEMENT ID="CQDPOIH" SUB="PAYPAL_URL" TYPE="READONLY" LOAD="URL::PAYPAL_URL" RAW="1"></ELEMENT>
<ELEMENT ID="CQDPOII" SUB="CANCEL_ORDER_URL" TYPE="READONLY" LOAD="URL::CANCEL_ORDER_URL" RAW="1"></ELEMENT>
<ELEMENT ID="CQDPOIJ" SUB="MAIL_CONFIG_URL" TYPE="READONLY" LOAD="URL::MAIL_CONFIG_URL" RAW="1"></ELEMENT>
<ELEMENT ID="CQDPOIK" SUB="DISABLED_URL" TYPE="READONLY" LOAD="URL::DISABLED_URL" RAW="1"></ELEMENT>
<ELEMENT ID="CQDPOIL" COLORS="0" TYPE="CONFIG" CATEGORIES="0" THEME="l2_greenangles" TITLE="golfball" CREATED="20050224" PROPERTIES="0" SITEBUTTONS="golfball"></ELEMENT>
<ELEMENT ID="CQDPOIM" TYPE="OUTPUT"><HTML><![CDATA[<html>
<head>

]]></HTML>
</ELEMENT>
<ELEMENT ID="CQDPOIN" TYPE="HEAD"></ELEMENT>
<ELEMENT ID="CQDPOIO" TYPE="OUTPUT"><HTML><![CDATA[
<style type="text/css">
body	{margin: 0px; background-color: #999999; font-family: Arial, Helvetica, sans-serif; color: #000000;}
h1		{margin: 0px; font-size: 11pt; color: #4DB55E;}
a	{color: #339933;}
a:hover	{color: #6666ff; text-decoration: underline;}
.small    {font-size: 11px; color: #666666;} 
.cats	{font-size: 10pt; text-decoration: none; font-weight: bold;}
.minicart	{font-size: 8pt;}
.menu	{color: #ffffff; text-decoration: none;}
.light	{background-color: #CCCCCC;}
.medium	{background-color: #CCCCCC;}
.dark	{background-color: #339900;}
.stroke	{background-color: #339900;}
.outline	{border-style: solid; border-width: 1px; border-color: #339900;}

.formed	{border-style: solid; border-width: 1px; border-color: #333333; background-color: #ffffff; font-size: 9pt; color: #000000; font-family: Arial, Helvetica, sans-serif;}
.button	{border-style: solid; border-width: 1px; border-color: #333333; background-color: #ffffff; font-size: 8pt; color: #006600; font-family: Arial, Helvetica, sans-serif;}
.inputbox {
	font-family: Trebuchet MS, Verdana, Arial, Helvetica, sans-serif;
	font-size: 10px;
	font-weight: bold;
	color: #000000;
	background: #cccccc;
	border: 1px solid;
    margin: 0px 0px 0px 0px;
	}
</style>
<script language="JavaScript" type="text/JavaScript">
<!--
function MM_preloadImages() { //v3.0
  var d=document; if(d.images){ if(!d.MM_p) d.MM_p=new Array();
    var i,j=d.MM_p.length,a=MM_preloadImages.arguments; for(i=0; i<a.length; i++)
    if (a[i].indexOf("#")!=0){ d.MM_p[j]=new Image; d.MM_p[j++].src=a[i];}}
}

function MM_swapImgRestore() { //v3.0
  var i,x,a=document.MM_sr; for(i=0;a&&i<a.length&&(x=a[i])&&x.oSrc;i++) x.src=x.oSrc;
}

function MM_findObj(n, d) { //v4.01
  var p,i,x;  if(!d) d=document; if((p=n.indexOf("?"))>0&&parent.frames.length) {
    d=parent.frames[n.substring(p+1)].document; n=n.substring(0,p);}
  if(!(x=d[n])&&d.all) x=d.all[n]; for (i=0;!x&&i<d.forms.length;i++) x=d.forms[i][n];
  for(i=0;!x&&d.layers&&i<d.layers.length;i++) x=MM_findObj(n,d.layers[i].document);
  if(!x && d.getElementById) x=d.getElementById(n); return x;
}

function MM_swapImage() { //v3.0
  var i,j=0,x,a=MM_swapImage.arguments; document.MM_sr=new Array; for(i=0;i<(a.length-2);i+=3)
   if ((x=MM_findObj(a[i]))!=null){document.MM_sr[j++]=x; if(!x.oSrc) x.oSrc=x.src; x.src=a[i+2];}
}
//-->
</script>
</head>
<body onLoad="MM_preloadImages('%WRAPPER_URL%/home_on.jpg','%WRAPPER_URL%/aboutus_on.jpg','%WRAPPER_URL%/contactus_on.jpg','%WRAPPER_URL%/cart_on.jpg')">
<table border="0" cellpadding="0" cellspacing="0" width="790" height="600" align="center" bgcolor="#ffffff">
  <tr>
    <td><img name="Pliska_Golf_1" src="%WRAPPER_URL%/Pliska_Golf_1.jpg" width="790" height="83" border="0" alt=""></td>
  </tr>
  <tr>
    <td valign="top"><table align="left" border="0" cellpadding="0" cellspacing="0" width="790">
        <tr>
          <td valign="top"><table align="left" border="0" cellpadding="0" cellspacing="0" width="301">
              <tr>
                <td height="18" valign="top"><img name="Pliska_Golf_2" src="%WRAPPER_URL%/Pliska_Golf_2.jpg" width="301" height="18" border="0" alt=""></td>
              </tr>
              <tr>
                <td>]]></HTML>
</ELEMENT>
<ELEMENT ID="CQDPOIP" WIDTH="301 HEIGHT=70" TYPE="LOGO"></ELEMENT>
<ELEMENT ID="CQDPOIQ" TYPE="OUTPUT"><HTML><![CDATA[</td>
              </tr>
          </table></td>
          <td><table align="left" border="0" cellpadding="0" cellspacing="0" width="489">
              <tr>
                <td><table align="left" border="0" cellpadding="0" cellspacing="0" width="489">
                    <tr>
                      <td><a href="%HOME_URL%" onMouseOver="MM_swapImage('Pliska_Golf_3','','%WRAPPER_URL%/home_on.jpg',1)" onMouseOut="MM_swapImgRestore()"><img name="Pliska_Golf_3" src="%WRAPPER_URL%/Pliska_Golf_3.jpg" width="105" height="57" border="0" alt=""></a></td>
                      <td><a href="%ABOUT_URL%" onMouseOver="MM_swapImage('Pliska_Golf_4','','%WRAPPER_URL%/aboutus_on.jpg',1)" onMouseOut="MM_swapImgRestore()"><img name="Pliska_Golf_4" src="%WRAPPER_URL%/Pliska_Golf_4.jpg" width="122" height="57" border="0" alt=""></a></td>
                      <td><a href="%CONTACT_URL%" onMouseOver="MM_swapImage('Pliska_Golf_5','','%WRAPPER_URL%/contactus_on.jpg',1)" onMouseOut="MM_swapImgRestore()"><img name="Pliska_Golf_5" src="%WRAPPER_URL%/Pliska_Golf_5.jpg" width="147" height="57" border="0" alt=""></a></td>
                      <td><a href="%CART_URL%" onMouseOver="MM_swapImage('Pliska_Golf_6','','%WRAPPER_URL%/cart_on.jpg',1)" onMouseOut="MM_swapImgRestore()"><img name="Pliska_Golf_6" src="%WRAPPER_URL%/Pliska_Golf_6.jpg" width="115" height="57" border="0" alt=""></a></td>
                    </tr>
                </table></td>
              </tr>
              <tr>
                <td><img name="Pliska_Golf_8" src="%WRAPPER_URL%/Pliska_Golf_8.jpg" width="489" height="31" border="0" alt=""></td>
              </tr>
          </table></td>
        </tr>
    </table></td>
  </tr>
  <tr>
  <!-- CONTENT -->
  
  <td>
  <table align="left" border="0" cellpadding="0" cellspacing="0" width="790">
  <tr>
  <td align="left" width="647" height="600" bgcolor=white valign="top"><p>]]></HTML>
</ELEMENT>
<ELEMENT ID="CQDPOIR" TYPE="TITLE"></ELEMENT>
<ELEMENT ID="CQDPOIS" TYPE="OUTPUT"><HTML><![CDATA[</p>]]></HTML>
</ELEMENT>
<ELEMENT ID="CQDPOIT" TYPE="BODY"></ELEMENT>
<ELEMENT ID="CQDPOIU" TYPE="OUTPUT"><HTML><![CDATA[</td>
  <td width="143" valign="top">
  		<table align="left" border="0" cellpadding="0" cellspacing="0" width="143">
  		<tr>
  		<td> 
 
  			<table align="left" border="0" cellpadding="0" cellspacing="0">
 			<tr>
  			<td><img name="Pliska_Golf_10" src="%WRAPPER_URL%/Pliska_Golf_10.jpg" width="143" height="15" border="0" alt=""></td>
  			</tr>
  			<tr>
 			<td>
  				<table cellpadding="0" cellspacing="0" border="0">
  				<tr>
  				<td width="1" background="%WRAPPER_URL%/vert_line.jpg"></td>
 				<td width="141" height="82" bgcolor="#ffffff">
				<table cellpadding="0" cellspacing="0" border="0">
				<tr>
				<td class="minicart"><table><tr>    
    <td align="left" valign="bottom" style="height: 20px;"><span class="small">Items: </span></td>
    <td width="70">]]></HTML>
</ELEMENT>
<ELEMENT ID="CQDPOIV" TYPE="MINICART" CSSCLASS="small" ITEMSONLY="1"></ELEMENT>
<ELEMENT ID="CQDPOIW" TYPE="OUTPUT"><HTML><![CDATA[
</td>
</tr><tr>
    <td align="left" style="height: 15px;"><span class="small">Shipping: </span></td>
    <td>]]></HTML>
</ELEMENT>
<ELEMENT ID="CQDPOIX" TYPE="MINICART" CSSCLASS="small" SHIPPINGONLY="1"></ELEMENT>
<ELEMENT ID="CQDPOIY" TYPE="OUTPUT"><HTML><![CDATA[
</td>
</tr><tr>
    <td align="left" style="height: 15px;"><span class="small">Total: </span></td>
    <td>]]></HTML>
</ELEMENT>
<ELEMENT ID="CQDPOIZ" TYPE="MINICART" CSSCLASS="small" TOTALONLY="1"></ELEMENT>
<ELEMENT ID="CQDPOJA" TYPE="OUTPUT"><HTML><![CDATA[
</td></tr><tr><td colspan="2">&nbsp;</td></tr></table>     </td>
				</tr>
				<tr>
				<td height="5" background="%WRAPPER_URL%/bottom_line.jpg" width="141"></td>
				</tr>
				</table>
				</td>
   				<td width="1" background="%WRAPPER_URL%/vert_line.jpg"></td>
  				</tr>
  				</table>
			  </td>
			  </tr>
  		</table>
 

  </td>
  </tr>
  <tr>
  <td height="35"><form action="%RESULTS_URL%" method="get">
<input type="hidden" name="catalog" value="">
<input name="keywords" type="text" class="inputbox" value="" size="22">
<input type="image" src="%WRAPPER_URL%/search.gif" >
</form></td>
  </tr>
  <tr>
  <td>


<table align="left" border="0" cellpadding="0" cellspacing="0">
 			<tr>
  			<td><img name="Pliska_Golf_10" src="%WRAPPER_URL%/Pliska_Golf_10.jpg" width="143" height="15" border="0" alt=""></td>
  			</tr>
  			<tr>
 			<td>
  				<table cellpadding="0" cellspacing="0" border="0">
  				<tr>
  				<td width="1" background="%WRAPPER_URL%/vert_line.jpg"></td>
 				<td width="141" height="100%" bgcolor="#ffffff">
				<table cellpadding="0" cellspacing="0" border="0">
				<tr>
				<td class="cats">]]></HTML>
</ELEMENT>
<ELEMENT ID="CQDPOJB" NOHOME="1" TYPE="MENU" ONLYHOME="0"><HTML><![CDATA[&nbsp;<a href="%URL%" target="%TARGET%">%MESSAGE%</a><br>]]></HTML>
</ELEMENT>
<ELEMENT ID="CQDPOJC" TYPE="OUTPUT"><HTML><![CDATA[</td>
				</tr>
				<tr>
				<td height="5" background="%WRAPPER_URL%/bottom_line.jpg" width="141"></td>
				</tr>
				</table>
				</td>
   				<td width="1" background="%WRAPPER_URL%/vert_line.jpg"></td>
  				</tr>
  				</table>
			  </td>
			  </tr>
  		</table>


  			

  </td>
  </tr>
  </table>


 
  
  
  <!-- END CONTENT -->
</td>
</tr>

</table>
</td>
</tr>
<tr>
<td><table cellpadding="0" cellspacing="0" border="0">
<tr>
<td height="12"><img src="%WRAPPER_URL%/Pliska_Golf_21.jpg"></td>
</tr>
  <tr>
    <td width="790" height="20" bgcolor="#386F24">
      ]]></HTML>
</ELEMENT>
<ELEMENT ID="CQDPOJD" TYPE="FOOTER" TRANSPARENT="TRUE"></ELEMENT>
<ELEMENT ID="CQDPOJE" TYPE="OUTPUT"><HTML><![CDATA[
    </td>
  </tr>
  </table></td>
</tr>
</table>

</body>
</html>
]]></HTML>
</ELEMENT>

</TEMPLATE>