<TEMPLATE ID="l1_ocean" FORMAT="WRAPPER">


<!-- ******* -->
<ELEMENT ID="CQDNQUH" SUB="LINK_VISITED_TEXT_COLOR" TYPE="READONLY" LOAD="THEME::LINK_VISITED_TEXT_COLOR" RAW="1"></ELEMENT>
<ELEMENT ID="CQDNQUI" SUB="TABLE_HEADING_FONT_SIZE" TYPE="READONLY" LOAD="THEME::TABLE_HEADING_FONT_SIZE" RAW="1"></ELEMENT>
<ELEMENT ID="CQDNQUJ" SUB="DISCLAIMER_FONT_SIZE" TYPE="READONLY" LOAD="THEME::DISCLAIMER_FONT_SIZE" RAW="1"></ELEMENT>
<ELEMENT ID="CQDNQUK" SUB="CONTENT_BACKGROUND_COLOR" TYPE="READONLY" LOAD="THEME::CONTENT_BACKGROUND_COLOR" RAW="1"></ELEMENT>
<ELEMENT ID="CQDNQUL" SUB="TABLE_LISTING_BACKGROUND_COLOR" TYPE="READONLY" LOAD="THEME::TABLE_LISTING_BACKGROUND_COLOR" RAW="1"></ELEMENT>
<ELEMENT ID="CQDNQUM" SUB="CONTENT_TEXT_COLOR" TYPE="READONLY" LOAD="THEME::CONTENT_TEXT_COLOR" RAW="1"></ELEMENT>
<ELEMENT ID="CQDNQUN" SUB="TABLE_LISTING_FONT_SIZE" TYPE="READONLY" LOAD="THEME::TABLE_LISTING_FONT_SIZE" RAW="1"></ELEMENT>
<ELEMENT ID="CQDNQUO" SUB="TABLE_LISTING_TEXT_COLOR" TYPE="READONLY" LOAD="THEME::TABLE_LISTING_TEXT_COLOR" RAW="1"></ELEMENT>
<ELEMENT ID="CQDNQUP" SUB="TABLE_LISTING_FONT_FACE" TYPE="READONLY" LOAD="THEME::TABLE_LISTING_FONT_FACE" RAW="1"></ELEMENT>
<ELEMENT ID="CQDNQUQ" SUB="CONTENT_FONT_FACE" TYPE="READONLY" LOAD="THEME::CONTENT_FONT_FACE" RAW="1"></ELEMENT>
<ELEMENT ID="CQDNQUR" SUB="NAME" TYPE="READONLY" LOAD="THEME::NAME" RAW="1"></ELEMENT>
<ELEMENT ID="CQDNQUS" SUB="DISCLAIMER_FONT_FACE" TYPE="READONLY" LOAD="THEME::DISCLAIMER_FONT_FACE" RAW="1"></ELEMENT>
<ELEMENT ID="CQDNQUT" SUB="PRETTY_NAME" TYPE="READONLY" LOAD="THEME::PRETTY_NAME" RAW="1"></ELEMENT>
<ELEMENT ID="CQDNQUU" SUB="TABLE_HEADING_BACKGROUND_COLOR" TYPE="READONLY" LOAD="THEME::TABLE_HEADING_BACKGROUND_COLOR" RAW="1"></ELEMENT>
<ELEMENT ID="CQDNQUV" SUB="TABLE_LISTING_BACKGROUND_COLOR_ALTERNATE" TYPE="READONLY" LOAD="THEME::TABLE_LISTING_BACKGROUND_COLOR_ALTERNATE" RAW="1"></ELEMENT>
<ELEMENT ID="CQDNQUW" SUB="LINK_ACTIVE_TEXT_COLOR" TYPE="READONLY" LOAD="THEME::LINK_ACTIVE_TEXT_COLOR" RAW="1"></ELEMENT>
<ELEMENT ID="CQDNQUX" SUB="CONTENT_FONT_SIZE" TYPE="READONLY" LOAD="THEME::CONTENT_FONT_SIZE" RAW="1"></ELEMENT>
<ELEMENT ID="CQDNQUY" SUB="ALERT_COLOR" TYPE="READONLY" LOAD="THEME::ALERT_COLOR" RAW="1"></ELEMENT>
<ELEMENT ID="CQDNQUZ" SUB="DISCLAIMER_BACKGROUND_COLOR" TYPE="READONLY" LOAD="THEME::DISCLAIMER_BACKGROUND_COLOR" RAW="1"></ELEMENT>
<ELEMENT ID="CQDNQVA" SUB="TABLE_HEADING_FONT_FACE" TYPE="READONLY" LOAD="THEME::TABLE_HEADING_FONT_FACE" RAW="1"></ELEMENT>
<ELEMENT ID="CQDNQVB" SUB="TABLE_HEADING_TEXT_COLOR" TYPE="READONLY" LOAD="THEME::TABLE_HEADING_TEXT_COLOR" RAW="1"></ELEMENT>
<ELEMENT ID="CQDNQVC" SUB="DISCLAIMER_TEXT_COLOR" TYPE="READONLY" LOAD="THEME::DISCLAIMER_TEXT_COLOR" RAW="1"></ELEMENT>
<ELEMENT ID="CQDNQVD" SUB="LINK_TEXT_COLOR" TYPE="READONLY" LOAD="THEME::LINK_TEXT_COLOR" RAW="1"></ELEMENT>
<ELEMENT ID="CQDNQVE" SUB="HOMECATEGORY_URL" TYPE="READONLY" LOAD="URL::HOMECATEGORY_URL" RAW="1"></ELEMENT>
<ELEMENT ID="CQDNQVF" SUB="WRAPPER_URL" TYPE="READONLY" LOAD="URL::WRAPPER_URL" RAW="1"></ELEMENT>
<ELEMENT ID="CQDNQVG" SUB="CART_URL" TYPE="READONLY" LOAD="URL::CART_URL" RAW="1"></ELEMENT>
<ELEMENT ID="CQDNQVH" SUB="SUBSCRIBE_URL" TYPE="READONLY" LOAD="URL::SUBSCRIBE_URL" RAW="1"></ELEMENT>
<ELEMENT ID="CQDNQVI" SUB="FEEDBACK_URL" TYPE="READONLY" LOAD="URL::FEEDBACK_URL" RAW="1"></ELEMENT>
<ELEMENT ID="CQDNQVJ" SUB="LOGOUT_FUNCTION_URL" TYPE="READONLY" LOAD="URL::LOGOUT_FUNCTION_URL" RAW="1"></ELEMENT>
<ELEMENT ID="CQDNQVK" SUB="SHIPQUOTE_URL" TYPE="READONLY" LOAD="URL::SHIPQUOTE_URL" RAW="1"></ELEMENT>
<ELEMENT ID="CQDNQVL" SUB="PRIVACY_URL" TYPE="READONLY" LOAD="URL::PRIVACY_URL" RAW="1"></ELEMENT>
<ELEMENT ID="CQDNQVM" SUB="SITEBUTTON_URL" TYPE="READONLY" LOAD="URL::SITEBUTTON_URL" RAW="1"></ELEMENT>
<ELEMENT ID="CQDNQVN" SUB="HOMEPAGE_URL" TYPE="READONLY" LOAD="URL::HOMEPAGE_URL" RAW="1"></ELEMENT>
<ELEMENT ID="CQDNQVO" SUB="COUNTER_URL" TYPE="READONLY" LOAD="URL::COUNTER_URL" RAW="1"></ELEMENT>
<ELEMENT ID="CQDNQVP" SUB="RETURNS_URL" TYPE="READONLY" LOAD="URL::RETURNS_URL" RAW="1"></ELEMENT>
<ELEMENT ID="CQDNQVQ" SUB="PASSWORD_URL" TYPE="READONLY" LOAD="URL::PASSWORD_URL" RAW="1"></ELEMENT>
<ELEMENT ID="CQDNQVR" SUB="UPDATE_PAYMENT_URL" TYPE="READONLY" LOAD="URL::UPDATE_PAYMENT_URL" RAW="1"></ELEMENT>
<ELEMENT ID="CQDNQVS" SUB="FORGOT_URL" TYPE="READONLY" LOAD="URL::FORGOT_URL" RAW="1"></ELEMENT>
<ELEMENT ID="CQDNQVT" SUB="NAVBUTTON_URL" TYPE="READONLY" LOAD="URL::NAVBUTTON_URL" RAW="1"></ELEMENT>
<ELEMENT ID="CQDNQVU" SUB="CONTACT_URL" TYPE="READONLY" LOAD="URL::CONTACT_URL" RAW="1"></ELEMENT>
<ELEMENT ID="CQDNQVV" SUB="LOGOUT_URL" TYPE="READONLY" LOAD="URL::LOGOUT_URL" RAW="1"></ELEMENT>
<ELEMENT ID="CQDNQVW" SUB="GALLERY_URL" TYPE="READONLY" LOAD="URL::GALLERY_URL" RAW="1"></ELEMENT>
<ELEMENT ID="CQDNQVX" SUB="REMOVE_URL" TYPE="READONLY" LOAD="URL::REMOVE_URL" RAW="1"></ELEMENT>
<ELEMENT ID="CQDNQVY" SUB="HOME_URL" TYPE="READONLY" LOAD="URL::HOME_URL" RAW="1"></ELEMENT>
<ELEMENT ID="CQDNQVZ" SUB="ABOUT_ZOOVY_URL" TYPE="READONLY" LOAD="URL::ABOUT_ZOOVY_URL" RAW="1"></ELEMENT>
<ELEMENT ID="CQDNQWA" SUB="NEWS_URL" TYPE="READONLY" LOAD="URL::NEWS_URL" RAW="1"></ELEMENT>
<ELEMENT ID="CQDNQWB" SUB="SECURE_URL" TYPE="READONLY" LOAD="URL::SECURE_URL" RAW="1"></ELEMENT>
<ELEMENT ID="CQDNQWC" SUB="ABOUT_URL" TYPE="READONLY" LOAD="URL::ABOUT_URL" RAW="1"></ELEMENT>
<ELEMENT ID="CQDNQWD" SUB="USERBUTTON_URL" TYPE="READONLY" LOAD="URL::USERBUTTON_URL" RAW="1"></ELEMENT>
<ELEMENT ID="CQDNQWE" SUB="CLOSED_URL" TYPE="READONLY" LOAD="URL::CLOSED_URL" RAW="1"></ELEMENT>
<ELEMENT ID="CQDNQWF" SUB="FASTORDER_URL" TYPE="READONLY" LOAD="URL::FASTORDER_URL" RAW="1"></ELEMENT>
<ELEMENT ID="CQDNQWG" SUB="MAIL_FORM_URL" TYPE="READONLY" LOAD="URL::MAIL_FORM_URL" RAW="1"></ELEMENT>
<ELEMENT ID="CQDNQWH" SUB="GRAPHICS_URL" TYPE="READONLY" LOAD="URL::GRAPHICS_URL" RAW="1"></ELEMENT>
<ELEMENT ID="CQDNQWI" SUB="IMAGE_URL" TYPE="READONLY" LOAD="URL::IMAGE_URL" RAW="1"></ELEMENT>
<ELEMENT ID="CQDNQWJ" SUB="CONTACTUS_URL" TYPE="READONLY" LOAD="URL::CONTACTUS_URL" RAW="1"></ELEMENT>
<ELEMENT ID="CQDNQWK" SUB="DYNAMIC_URL" TYPE="READONLY" LOAD="URL::DYNAMIC_URL" RAW="1"></ELEMENT>
<ELEMENT ID="CQDNQWL" SUB="NONSECURE_URL" TYPE="READONLY" LOAD="URL::NONSECURE_URL" RAW="1"></ELEMENT>
<ELEMENT ID="CQDNQWM" SUB="CONTACT_US_URL" TYPE="READONLY" LOAD="URL::CONTACT_US_URL" RAW="1"></ELEMENT>
<ELEMENT ID="CQDNQWN" SUB="SEARCH_URL" TYPE="READONLY" LOAD="URL::SEARCH_URL" RAW="1"></ELEMENT>
<ELEMENT ID="CQDNQWO" SUB="ABOUTUS_URL" TYPE="READONLY" LOAD="URL::ABOUTUS_URL" RAW="1"></ELEMENT>
<ELEMENT ID="CQDNQWP" SUB="CUSTOMER_MAIN_URL" TYPE="READONLY" LOAD="URL::CUSTOMER_MAIN_URL" RAW="1"></ELEMENT>
<ELEMENT ID="CQDNQWQ" SUB="MERCHANT_LOGIN_URL" TYPE="READONLY" LOAD="URL::MERCHANT_LOGIN_URL" RAW="1"></ELEMENT>
<ELEMENT ID="CQDNQWR" SUB="CATEGORY_URL" TYPE="READONLY" LOAD="URL::CATEGORY_URL" RAW="1"></ELEMENT>
<ELEMENT ID="CQDNQWS" SUB="ADULT_URL" TYPE="READONLY" LOAD="URL::ADULT_URL" RAW="1"></ELEMENT>
<ELEMENT ID="CQDNQWT" SUB="CLAIM_URL" TYPE="READONLY" LOAD="URL::CLAIM_URL" RAW="1"></ELEMENT>
<ELEMENT ID="CQDNQWU" SUB="CLAIM_MULTI_URL" TYPE="READONLY" LOAD="URL::CLAIM_MULTI_URL" RAW="1"></ELEMENT>
<ELEMENT ID="CQDNQWV" SUB="ABOUT_US_URL" TYPE="READONLY" LOAD="URL::ABOUT_US_URL" RAW="1"></ELEMENT>
<ELEMENT ID="CQDNQWW" SUB="RESULTS_URL" TYPE="READONLY" LOAD="URL::RESULTS_URL" RAW="1"></ELEMENT>
<ELEMENT ID="CQDNQWX" SUB="PRODUCT_URL" TYPE="READONLY" LOAD="URL::PRODUCT_URL" RAW="1"></ELEMENT>
<ELEMENT ID="CQDNQWY" SUB="CONTINUE_URL" TYPE="READONLY" LOAD="URL::CONTINUE_URL" RAW="1"></ELEMENT>
<ELEMENT ID="CQDNQWZ" SUB="REDIR_URL" TYPE="READONLY" LOAD="URL::REDIR_URL" RAW="1"></ELEMENT>
<ELEMENT ID="CQDNQXA" SUB="KILL_COOKIES_URL" TYPE="READONLY" LOAD="URL::KILL_COOKIES_URL" RAW="1"></ELEMENT>
<ELEMENT ID="CQDNQXB" SUB="LOGIN_URL" TYPE="READONLY" LOAD="URL::LOGIN_URL" RAW="1"></ELEMENT>
<ELEMENT ID="CQDNQXC" SUB="CHECKOUT_URL" TYPE="READONLY" LOAD="URL::CHECKOUT_URL" RAW="1"></ELEMENT>
<ELEMENT ID="CQDNQXD" SUB="ORDER_STATUS_URL" TYPE="READONLY" LOAD="URL::ORDER_STATUS_URL" RAW="1"></ELEMENT>
<ELEMENT ID="CQDNQXE" SUB="NO_COOKIES_URL" TYPE="READONLY" LOAD="URL::NO_COOKIES_URL" RAW="1"></ELEMENT>
<ELEMENT ID="CQDNQXF" SUB="PAYPAL_URL" TYPE="READONLY" LOAD="URL::PAYPAL_URL" RAW="1"></ELEMENT>
<ELEMENT ID="CQDNQXG" SUB="CANCEL_ORDER_URL" TYPE="READONLY" LOAD="URL::CANCEL_ORDER_URL" RAW="1"></ELEMENT>
<ELEMENT ID="CQDNQXH" SUB="WISHLIST_URL" TYPE="READONLY" LOAD="URL::WISHLIST_URL" RAW="1"></ELEMENT>
<ELEMENT ID="CQDNQXI" SUB="MAIL_CONFIG_URL" TYPE="READONLY" LOAD="URL::MAIL_CONFIG_URL" RAW="1"></ELEMENT>
<ELEMENT ID="CQDNQXJ" SUB="DISABLED_URL" TYPE="READONLY" LOAD="URL::DISABLED_URL" RAW="1"></ELEMENT>
<ELEMENT ID="CQDNQXK" COLORS="128" TYPE="CONFIG" CATEGORIES="8208" CREATED="20020328" TITLE="Dolphin" THEME="l1_ocean" PROPERTIES="0" SITEBUTTONS="l1_ocean" NARROW="TRUE"></ELEMENT>
<ELEMENT ID="CQDNQXL" TYPE="OUTPUT"><HTML><![CDATA[<!DOCTYPE HTML PUBLIC "-//W3C//DTD HTML 4.0 Transitional//EN">
<html>
<head>
]]></HTML>
</ELEMENT>
<ELEMENT ID="CQDNQXM" TYPE="HEAD"></ELEMENT>
<ELEMENT ID="CQDNQXN" TYPE="OUTPUT"><HTML><![CDATA[
<map name="menu">
	<area href="%CART_URL%" shape="poly" coords="171,47,166,46,163,46,160,46,154,46,149,46,145,46,140,46,136,46,133,46,131,47,128,48,125,49,123,51,122,52,120,54,120,55,118,57,117,58,117,59,116,61,116,63,116,69,116,72,118,76,122,79,125,79,123,83,125,84,127,86,130,87,131,88,135,90,134,91,133,91,139,91,144,91,149,91,156,91,164,88,169,90,170,85,174,84,177,81,179,81,180,77,186,73,185,75,186,73,189,71,189,67,189,63,187,58,186,56,185,55,181,51,178,49,176,48,173,47,169,46,166,46,165,46,171,47" alt="Shopping Cart">
	<area href="%SEARCH_URL%" shape="poly" coords="163,44,170,44,177,47,183,51,183,53,186,54,188,58,189,61,191,62,196,62,196,52,196,42,183,42,172,42,166,42,163,41,165,41,163,41,163,43,163,44" alt="Search">
	<area href="%SEARCH_URL%" shape="rect" coords="162,17,196,42" alt="Search">
	<area href="%SEARCH_URL%" shape="rect" coords="196,16,282,62" alt="Search">
	<area href="%HOME_URL%" shape="rect" coords="17,16,107,62" alt="Home">
	<area href="%HOME_URL%" shape="poly" coords="135,44,129,45,125,47,123,48,121,51,119,52,116,56,115,59,114,61,108,62,107,61,107,51,107,41,107,38,124,38,131,38,134,38,135,38,136,39,136,44,135,45,134,44,135,44" alt="Home">
	<area href="%HOME_URL%" shape="rect" coords="105,17,136,38" alt="Home">
	<area href="%HOME_URL%" shape="rect" coords="106,18,107,61" alt="Home">
	<area href="%CONTACT_URL%" shape="rect" coords="199,78,281,123" alt="Contact Us">
	<area href="%CONTACT_URL%" shape="poly" coords="160,91,167,88,182,79,186,77,199,78,199,97,165,98,163,97,162,96,162,93,162,91,160,91" alt="Contact Us">
	<area href="%CONTACT_URL%" shape="rect" coords="163,98,199,123" alt="Contact Us">
	<area href="%ABOUT_URL%" shape="poly" coords="114,79,116,80,119,85,123,91,128,94,132,96,133,94,136,94,137,97,131,97,126,97,120,97,119,100,118,96,111,87,111,82,111,79,111,78,115,78,116,78,116,79,114,79" alt="About Us">
	<area href="%ABOUT_URL%" shape="rect" coords="112,89,118,99" alt="About Us">
	<area href="%ABOUT_URL%" shape="rect" coords="110,96,137,123" alt="About Us">
	<area href="%ABOUT_URL%" shape="rect" coords="17,77,112,123" alt="About Us">
</map>
</head> 
<body bgcolor="#FFFFFF" text="#%CONTENT_TEXT_COLOR%" link="#%LINK_TEXT_COLOR%" alink="#%LINK_ACTIVE_TEXT_COLOR%" vlink="#%LINK_VISITED_TEXT_COLOR%">
<div align="center">
<center>
<table cellpadding="0" cellspacing="0" border="0" align="center" width="620" height="140" background="%WRAPPER_URL%/top.jpg">
	<tr>
		<td>
			<table cellpadding="0" cellspacing="0" border="0" align="center" width="620" height="140" background="">
				<tr>
					<td width="320" height="10"><img src="%GRAPHICS_URL%/blank.gif" width="320" height="10"></td>
					<td width="300" height="140" align="center" valign="middle" rowspan="4"><img src="%WRAPPER_URL%/menu.gif" width="300" height="140" usemap="#menu" border="0"></td>
				</tr>
				<tr>
					<td width="300" height="88" align="center" valign="middle"><a href="%HOME_URL%">]]></HTML>
</ELEMENT>
<ELEMENT ID="CQDNQXO" HEIGHT="88" WIDTH="300" TYPE="LOGO"></ELEMENT>
<ELEMENT ID="CQDNQXP" TYPE="OUTPUT"><HTML><![CDATA[</a></td>
				</tr>
				<tr>
					<td width="320" height="32" align="left" valign="bottom">
						<table cellpadding="0" cellspacing="0" border="0">
							<tr>
								<td width="20"><img src="%GRAPHICS_URL%/blank.gif" width="20" height="1"></td>
								<td width="300" align="left" valign="middle">]]></HTML>
</ELEMENT>
<ELEMENT ID="CQDNQXQ" TYPE="BREADCRUMB" BUTTONTYPE="l1_ocean_bc" STYLE="LEGACYBREADCRUMB"><HTML><![CDATA[<a href="%URL%"><img src="%SRC%" width="%WIDTH%" height="%HEIGHT%" border="0"></a>&nbsp;]]></HTML>
</ELEMENT>
<ELEMENT ID="CQDNQXR" TYPE="OUTPUT"><HTML><![CDATA[<img src="%GRAPHICS_URL%/blank.gif" width="2" height="1"></td>
							</tr>
						</table>
					</td>
				</tr> 
				<tr>
					<td width="320" height="10"><img src="%GRAPHICS_URL%/blank.gif" width="320" height="1"></td>
				</tr>
			</table>
		</td>
	</tr>
</table> 		
<table cellpadding="0" cellspacing="0" border="0" align="center" width="620">
	<tr>
		<td width="20" valign="top" background="%WRAPPER_URL%/border1.jpg"><img src="%GRAPHICS_URL%/blank.gif" width="16" height="200"></td>
		<td width="580" bgcolor="#FFFFFF" valign="top">
			<table width="580" cellpadding="3" cellspacing="3" border="0" bgcolor="#FFFFFF">
				<tr>
					<td align="left" valign="middle" bgcolor="#42939F">
						<font color="#FFFFFF" face="Arial, Helvetica"  size="4">]]></HTML>
</ELEMENT>
<ELEMENT ID="CQDNQXS" TYPE="TITLE"></ELEMENT>
<ELEMENT ID="CQDNQXT" TYPE="OUTPUT"><HTML><![CDATA[</font>
					</td>
				</tr>
				<tr>
					<td align="left" valign="top" bgcolor="#FFFFFF">
]]></HTML>
</ELEMENT>
<ELEMENT ID="CQDNQXU" NOHOME="1" TYPE="MENU" ONLYHOME="1" DIVIDER="|%BREAK%"><HTML><![CDATA[<a href="%URL%" target="%TARGET%">%MESSAGE%</a>%BREAK%]]></HTML>
<AFTER><![CDATA[</div>]]></AFTER>
<BEFORE><![CDATA[<div align="center">Categories:%BREAK%]]></BEFORE>
</ELEMENT>
<ELEMENT ID="CQDNQXV" TYPE="BODY"></ELEMENT>
<ELEMENT ID="CQDNQXW" TYPE="OUTPUT"><HTML><![CDATA[
					</td>
				</tr>
			</table>
		</td>
		<td width="20" valign="top" background="%WRAPPER_URL%/border2.jpg"><img src="%GRAPHICS_URL%/blank.gif" width="16" height="200"></td>
	</tr>
</table>
<table cellpadding="0" cellspacing="0" border="0" align="center" width="620" height="80" background="%WRAPPER_URL%/bottom.jpg">
	<tr>
		<td width="620" height="80" align="center" valign="middle">
]]></HTML>
</ELEMENT>
<ELEMENT ID="CQDNQXX" TYPE="FOOTER"></ELEMENT>
<ELEMENT ID="CQDNQXY" TYPE="OUTPUT"><HTML><![CDATA[
		</td>
	</tr>
</table>
</center>
</div>
</body>
</html>

]]></HTML>
</ELEMENT>

</TEMPLATE>