<TEMPLATE ID="l1_teddybear" FORMAT="WRAPPER">


<!-- ******* -->
<ELEMENT ID="CQDNTQD" SUB="LINK_VISITED_TEXT_COLOR" TYPE="READONLY" LOAD="THEME::LINK_VISITED_TEXT_COLOR" RAW="1"></ELEMENT>
<ELEMENT ID="CQDNTQE" SUB="TABLE_HEADING_FONT_SIZE" TYPE="READONLY" LOAD="THEME::TABLE_HEADING_FONT_SIZE" RAW="1"></ELEMENT>
<ELEMENT ID="CQDNTQF" SUB="DISCLAIMER_FONT_SIZE" TYPE="READONLY" LOAD="THEME::DISCLAIMER_FONT_SIZE" RAW="1"></ELEMENT>
<ELEMENT ID="CQDNTQG" SUB="CONTENT_BACKGROUND_COLOR" TYPE="READONLY" LOAD="THEME::CONTENT_BACKGROUND_COLOR" RAW="1"></ELEMENT>
<ELEMENT ID="CQDNTQH" SUB="TABLE_LISTING_BACKGROUND_COLOR" TYPE="READONLY" LOAD="THEME::TABLE_LISTING_BACKGROUND_COLOR" RAW="1"></ELEMENT>
<ELEMENT ID="CQDNTQI" SUB="CONTENT_TEXT_COLOR" TYPE="READONLY" LOAD="THEME::CONTENT_TEXT_COLOR" RAW="1"></ELEMENT>
<ELEMENT ID="CQDNTQJ" SUB="TABLE_LISTING_FONT_SIZE" TYPE="READONLY" LOAD="THEME::TABLE_LISTING_FONT_SIZE" RAW="1"></ELEMENT>
<ELEMENT ID="CQDNTQK" SUB="TABLE_LISTING_TEXT_COLOR" TYPE="READONLY" LOAD="THEME::TABLE_LISTING_TEXT_COLOR" RAW="1"></ELEMENT>
<ELEMENT ID="CQDNTQL" SUB="TABLE_LISTING_FONT_FACE" TYPE="READONLY" LOAD="THEME::TABLE_LISTING_FONT_FACE" RAW="1"></ELEMENT>
<ELEMENT ID="CQDNTQM" SUB="CONTENT_FONT_FACE" TYPE="READONLY" LOAD="THEME::CONTENT_FONT_FACE" RAW="1"></ELEMENT>
<ELEMENT ID="CQDNTQN" SUB="NAME" TYPE="READONLY" LOAD="THEME::NAME" RAW="1"></ELEMENT>
<ELEMENT ID="CQDNTQO" SUB="DISCLAIMER_FONT_FACE" TYPE="READONLY" LOAD="THEME::DISCLAIMER_FONT_FACE" RAW="1"></ELEMENT>
<ELEMENT ID="CQDNTQP" SUB="PRETTY_NAME" TYPE="READONLY" LOAD="THEME::PRETTY_NAME" RAW="1"></ELEMENT>
<ELEMENT ID="CQDNTQQ" SUB="TABLE_HEADING_BACKGROUND_COLOR" TYPE="READONLY" LOAD="THEME::TABLE_HEADING_BACKGROUND_COLOR" RAW="1"></ELEMENT>
<ELEMENT ID="CQDNTQR" SUB="TABLE_LISTING_BACKGROUND_COLOR_ALTERNATE" TYPE="READONLY" LOAD="THEME::TABLE_LISTING_BACKGROUND_COLOR_ALTERNATE" RAW="1"></ELEMENT>
<ELEMENT ID="CQDNTQS" SUB="LINK_ACTIVE_TEXT_COLOR" TYPE="READONLY" LOAD="THEME::LINK_ACTIVE_TEXT_COLOR" RAW="1"></ELEMENT>
<ELEMENT ID="CQDNTQT" SUB="CONTENT_FONT_SIZE" TYPE="READONLY" LOAD="THEME::CONTENT_FONT_SIZE" RAW="1"></ELEMENT>
<ELEMENT ID="CQDNTQU" SUB="ALERT_COLOR" TYPE="READONLY" LOAD="THEME::ALERT_COLOR" RAW="1"></ELEMENT>
<ELEMENT ID="CQDNTQV" SUB="DISCLAIMER_BACKGROUND_COLOR" TYPE="READONLY" LOAD="THEME::DISCLAIMER_BACKGROUND_COLOR" RAW="1"></ELEMENT>
<ELEMENT ID="CQDNTQW" SUB="TABLE_HEADING_FONT_FACE" TYPE="READONLY" LOAD="THEME::TABLE_HEADING_FONT_FACE" RAW="1"></ELEMENT>
<ELEMENT ID="CQDNTQX" SUB="TABLE_HEADING_TEXT_COLOR" TYPE="READONLY" LOAD="THEME::TABLE_HEADING_TEXT_COLOR" RAW="1"></ELEMENT>
<ELEMENT ID="CQDNTQY" SUB="DISCLAIMER_TEXT_COLOR" TYPE="READONLY" LOAD="THEME::DISCLAIMER_TEXT_COLOR" RAW="1"></ELEMENT>
<ELEMENT ID="CQDNTQZ" SUB="LINK_TEXT_COLOR" TYPE="READONLY" LOAD="THEME::LINK_TEXT_COLOR" RAW="1"></ELEMENT>
<ELEMENT ID="CQDNTRA" SUB="HOMECATEGORY_URL" TYPE="READONLY" LOAD="URL::HOMECATEGORY_URL" RAW="1"></ELEMENT>
<ELEMENT ID="CQDNTRB" SUB="WRAPPER_URL" TYPE="READONLY" LOAD="URL::WRAPPER_URL" RAW="1"></ELEMENT>
<ELEMENT ID="CQDNTRC" SUB="CART_URL" TYPE="READONLY" LOAD="URL::CART_URL" RAW="1"></ELEMENT>
<ELEMENT ID="CQDNTRD" SUB="SUBSCRIBE_URL" TYPE="READONLY" LOAD="URL::SUBSCRIBE_URL" RAW="1"></ELEMENT>
<ELEMENT ID="CQDNTRE" SUB="FEEDBACK_URL" TYPE="READONLY" LOAD="URL::FEEDBACK_URL" RAW="1"></ELEMENT>
<ELEMENT ID="CQDNTRF" SUB="LOGOUT_FUNCTION_URL" TYPE="READONLY" LOAD="URL::LOGOUT_FUNCTION_URL" RAW="1"></ELEMENT>
<ELEMENT ID="CQDNTRG" SUB="SHIPQUOTE_URL" TYPE="READONLY" LOAD="URL::SHIPQUOTE_URL" RAW="1"></ELEMENT>
<ELEMENT ID="CQDNTRH" SUB="PRIVACY_URL" TYPE="READONLY" LOAD="URL::PRIVACY_URL" RAW="1"></ELEMENT>
<ELEMENT ID="CQDNTRI" SUB="SITEBUTTON_URL" TYPE="READONLY" LOAD="URL::SITEBUTTON_URL" RAW="1"></ELEMENT>
<ELEMENT ID="CQDNTRJ" SUB="HOMEPAGE_URL" TYPE="READONLY" LOAD="URL::HOMEPAGE_URL" RAW="1"></ELEMENT>
<ELEMENT ID="CQDNTRK" SUB="COUNTER_URL" TYPE="READONLY" LOAD="URL::COUNTER_URL" RAW="1"></ELEMENT>
<ELEMENT ID="CQDNTRL" SUB="RETURNS_URL" TYPE="READONLY" LOAD="URL::RETURNS_URL" RAW="1"></ELEMENT>
<ELEMENT ID="CQDNTRM" SUB="PASSWORD_URL" TYPE="READONLY" LOAD="URL::PASSWORD_URL" RAW="1"></ELEMENT>
<ELEMENT ID="CQDNTRN" SUB="UPDATE_PAYMENT_URL" TYPE="READONLY" LOAD="URL::UPDATE_PAYMENT_URL" RAW="1"></ELEMENT>
<ELEMENT ID="CQDNTRO" SUB="FORGOT_URL" TYPE="READONLY" LOAD="URL::FORGOT_URL" RAW="1"></ELEMENT>
<ELEMENT ID="CQDNTRP" SUB="NAVBUTTON_URL" TYPE="READONLY" LOAD="URL::NAVBUTTON_URL" RAW="1"></ELEMENT>
<ELEMENT ID="CQDNTRQ" SUB="CONTACT_URL" TYPE="READONLY" LOAD="URL::CONTACT_URL" RAW="1"></ELEMENT>
<ELEMENT ID="CQDNTRR" SUB="LOGOUT_URL" TYPE="READONLY" LOAD="URL::LOGOUT_URL" RAW="1"></ELEMENT>
<ELEMENT ID="CQDNTRS" SUB="GALLERY_URL" TYPE="READONLY" LOAD="URL::GALLERY_URL" RAW="1"></ELEMENT>
<ELEMENT ID="CQDNTRT" SUB="REMOVE_URL" TYPE="READONLY" LOAD="URL::REMOVE_URL" RAW="1"></ELEMENT>
<ELEMENT ID="CQDNTRU" SUB="HOME_URL" TYPE="READONLY" LOAD="URL::HOME_URL" RAW="1"></ELEMENT>
<ELEMENT ID="CQDNTRV" SUB="ABOUT_ZOOVY_URL" TYPE="READONLY" LOAD="URL::ABOUT_ZOOVY_URL" RAW="1"></ELEMENT>
<ELEMENT ID="CQDNTRW" SUB="NEWS_URL" TYPE="READONLY" LOAD="URL::NEWS_URL" RAW="1"></ELEMENT>
<ELEMENT ID="CQDNTRX" SUB="SECURE_URL" TYPE="READONLY" LOAD="URL::SECURE_URL" RAW="1"></ELEMENT>
<ELEMENT ID="CQDNTRY" SUB="ABOUT_URL" TYPE="READONLY" LOAD="URL::ABOUT_URL" RAW="1"></ELEMENT>
<ELEMENT ID="CQDNTRZ" SUB="USERBUTTON_URL" TYPE="READONLY" LOAD="URL::USERBUTTON_URL" RAW="1"></ELEMENT>
<ELEMENT ID="CQDNTSA" SUB="CLOSED_URL" TYPE="READONLY" LOAD="URL::CLOSED_URL" RAW="1"></ELEMENT>
<ELEMENT ID="CQDNTSB" SUB="FASTORDER_URL" TYPE="READONLY" LOAD="URL::FASTORDER_URL" RAW="1"></ELEMENT>
<ELEMENT ID="CQDNTSC" SUB="MAIL_FORM_URL" TYPE="READONLY" LOAD="URL::MAIL_FORM_URL" RAW="1"></ELEMENT>
<ELEMENT ID="CQDNTSD" SUB="GRAPHICS_URL" TYPE="READONLY" LOAD="URL::GRAPHICS_URL" RAW="1"></ELEMENT>
<ELEMENT ID="CQDNTSE" SUB="IMAGE_URL" TYPE="READONLY" LOAD="URL::IMAGE_URL" RAW="1"></ELEMENT>
<ELEMENT ID="CQDNTSF" SUB="CONTACTUS_URL" TYPE="READONLY" LOAD="URL::CONTACTUS_URL" RAW="1"></ELEMENT>
<ELEMENT ID="CQDNTSG" SUB="DYNAMIC_URL" TYPE="READONLY" LOAD="URL::DYNAMIC_URL" RAW="1"></ELEMENT>
<ELEMENT ID="CQDNTSH" SUB="NONSECURE_URL" TYPE="READONLY" LOAD="URL::NONSECURE_URL" RAW="1"></ELEMENT>
<ELEMENT ID="CQDNTSI" SUB="CONTACT_US_URL" TYPE="READONLY" LOAD="URL::CONTACT_US_URL" RAW="1"></ELEMENT>
<ELEMENT ID="CQDNTSJ" SUB="SEARCH_URL" TYPE="READONLY" LOAD="URL::SEARCH_URL" RAW="1"></ELEMENT>
<ELEMENT ID="CQDNTSK" SUB="ABOUTUS_URL" TYPE="READONLY" LOAD="URL::ABOUTUS_URL" RAW="1"></ELEMENT>
<ELEMENT ID="CQDNTSL" SUB="CUSTOMER_MAIN_URL" TYPE="READONLY" LOAD="URL::CUSTOMER_MAIN_URL" RAW="1"></ELEMENT>
<ELEMENT ID="CQDNTSM" SUB="MERCHANT_LOGIN_URL" TYPE="READONLY" LOAD="URL::MERCHANT_LOGIN_URL" RAW="1"></ELEMENT>
<ELEMENT ID="CQDNTSN" SUB="CATEGORY_URL" TYPE="READONLY" LOAD="URL::CATEGORY_URL" RAW="1"></ELEMENT>
<ELEMENT ID="CQDNTSO" SUB="ADULT_URL" TYPE="READONLY" LOAD="URL::ADULT_URL" RAW="1"></ELEMENT>
<ELEMENT ID="CQDNTSP" SUB="CLAIM_URL" TYPE="READONLY" LOAD="URL::CLAIM_URL" RAW="1"></ELEMENT>
<ELEMENT ID="CQDNTSQ" SUB="CLAIM_MULTI_URL" TYPE="READONLY" LOAD="URL::CLAIM_MULTI_URL" RAW="1"></ELEMENT>
<ELEMENT ID="CQDNTSR" SUB="ABOUT_US_URL" TYPE="READONLY" LOAD="URL::ABOUT_US_URL" RAW="1"></ELEMENT>
<ELEMENT ID="CQDNTSS" SUB="RESULTS_URL" TYPE="READONLY" LOAD="URL::RESULTS_URL" RAW="1"></ELEMENT>
<ELEMENT ID="CQDNTST" SUB="PRODUCT_URL" TYPE="READONLY" LOAD="URL::PRODUCT_URL" RAW="1"></ELEMENT>
<ELEMENT ID="CQDNTSU" SUB="CONTINUE_URL" TYPE="READONLY" LOAD="URL::CONTINUE_URL" RAW="1"></ELEMENT>
<ELEMENT ID="CQDNTSV" SUB="REDIR_URL" TYPE="READONLY" LOAD="URL::REDIR_URL" RAW="1"></ELEMENT>
<ELEMENT ID="CQDNTSW" SUB="KILL_COOKIES_URL" TYPE="READONLY" LOAD="URL::KILL_COOKIES_URL" RAW="1"></ELEMENT>
<ELEMENT ID="CQDNTSX" SUB="LOGIN_URL" TYPE="READONLY" LOAD="URL::LOGIN_URL" RAW="1"></ELEMENT>
<ELEMENT ID="CQDNTSY" SUB="CHECKOUT_URL" TYPE="READONLY" LOAD="URL::CHECKOUT_URL" RAW="1"></ELEMENT>
<ELEMENT ID="CQDNTSZ" SUB="ORDER_STATUS_URL" TYPE="READONLY" LOAD="URL::ORDER_STATUS_URL" RAW="1"></ELEMENT>
<ELEMENT ID="CQDNTTA" SUB="NO_COOKIES_URL" TYPE="READONLY" LOAD="URL::NO_COOKIES_URL" RAW="1"></ELEMENT>
<ELEMENT ID="CQDNTTB" SUB="PAYPAL_URL" TYPE="READONLY" LOAD="URL::PAYPAL_URL" RAW="1"></ELEMENT>
<ELEMENT ID="CQDNTTC" SUB="CANCEL_ORDER_URL" TYPE="READONLY" LOAD="URL::CANCEL_ORDER_URL" RAW="1"></ELEMENT>
<ELEMENT ID="CQDNTTD" SUB="WISHLIST_URL" TYPE="READONLY" LOAD="URL::WISHLIST_URL" RAW="1"></ELEMENT>
<ELEMENT ID="CQDNTTE" SUB="MAIL_CONFIG_URL" TYPE="READONLY" LOAD="URL::MAIL_CONFIG_URL" RAW="1"></ELEMENT>
<ELEMENT ID="CQDNTTF" SUB="DISABLED_URL" TYPE="READONLY" LOAD="URL::DISABLED_URL" RAW="1"></ELEMENT>
<ELEMENT ID="CQDNTTG" COLORS="128" TYPE="CONFIG" CATEGORIES="9216" CREATED="20020328" TITLE="Teddy Bear" THEME="l1_teddybear" PROPERTIES="0" SITEBUTTONS="l1_teddybear" NARROW="TRUE"></ELEMENT>
<ELEMENT ID="CQDNTTH" TYPE="OUTPUT"><HTML><![CDATA[<!DOCTYPE HTML PUBLIC "-//W3C//DTD HTML 4.0 Transitional//EN">
<html>
<head>
]]></HTML>
</ELEMENT>
<ELEMENT ID="CQDNTTI" TYPE="HEAD"></ELEMENT>
<ELEMENT ID="CQDNTTJ" TYPE="OUTPUT"><HTML><![CDATA[
<map name="menu">
	<area href="%SEARCH_URL%" shape="rect" coords="37,18,114,41" alt="Search">
	<area href="%HOME_URL%" shape="rect" coords="215,17,293,41" alt="Home">
	<area href="%CART_URL%" shape="rect" coords="218,106,291,135" alt="Shopping Cart">
	<area href="%ABOUT_URL%" shape="poly" coords="261,50,247,50,241,52,238,52,235,54,233,56,230,59,228,61,229,64,229,66,231,71,234,74,238,76,245,78,253,80,263,78,274,73,279,69,283,59,277,55,273,54,272,52,268,52,265,51,261,50" alt="About Us">
</map>
</head> 
<body bgcolor="#FFFFFF" text="#%CONTENT_TEXT_COLOR%" link="#%LINK_TEXT_COLOR%" alink="#%LINK_ACTIVE_TEXT_COLOR%" vlink="#%LINK_VISITED_TEXT_COLOR%">
<div align="center">
<center>
<table cellpadding="0" cellspacing="0" border="0" align="center" width="620" height="140" background="%WRAPPER_URL%/top.jpg">
	<tr>
		<td>
			<table cellpadding="0" cellspacing="0" border="0" align="center" width="620" height="140" background="">
				<tr>
					<td width="320" height="10"><img src="%GRAPHICS_URL%/blank.gif" width="320" height="10"></td>
					<td width="300" height="140" align="center" valign="middle" rowspan="4"><img src="%WRAPPER_URL%/menu.gif" width="300" height="140" usemap="#menu" border="0"></td>
				</tr>
				<tr>
					<td width="300" height="88" align="center" valign="middle"><a href="%HOME_URL%">]]></HTML>
</ELEMENT>
<ELEMENT ID="CQDNTTK" HEIGHT="88" WIDTH="300" TYPE="LOGO"></ELEMENT>
<ELEMENT ID="CQDNTTL" TYPE="OUTPUT"><HTML><![CDATA[</a></td>
				</tr>
				<tr>
					<td width="320" height="32" align="left" valign="bottom">
						<table cellpadding="0" cellspacing="0" border="0">
							<tr>
								<td width="20"><img src="%GRAPHICS_URL%/blank.gif" width="20" height="1"></td>
								<td width="300" align="left" valign="middle">]]></HTML>
</ELEMENT>
<ELEMENT ID="CQDNTTM" TYPE="BREADCRUMB" BUTTONTYPE="l1_teddybear_bc" STYLE="LEGACYBREADCRUMB"><HTML><![CDATA[<a href="%URL%"><img src="%SRC%" width="%WIDTH%" height="%HEIGHT%" border="0"></a>&nbsp;]]></HTML>
</ELEMENT>
<ELEMENT ID="CQDNTTN" TYPE="OUTPUT"><HTML><![CDATA[<img src="%GRAPHICS_URL%/blank.gif" width="2" height="1"></td>
							</tr>
						</table>
					</td>
				</tr> 
				<tr>
					<td width="320" height="10"><img src="%GRAPHICS_URL%/blank.gif" width="320" height="1"></td>
				</tr>
			</table>
		</td>
	</tr>
</table> 		
<table cellpadding="0" cellspacing="0" border="0" align="center" width="620">
	<tr>
		<td width="20" valign="top" background="%WRAPPER_URL%/border1.jpg"><img src="%GRAPHICS_URL%/blank.gif" width="16" height="200"></td>
		<td width="580" bgcolor="#FFFFFF" valign="top">
			<table width="580" cellpadding="3" cellspacing="3" border="0" bgcolor="#FFFFFF">
				<tr>
					<td align="left" valign="middle" bgcolor="#516AA2">
						<font color="#FFFDC9" face="Arial, Helvetica"  size="4">]]></HTML>
</ELEMENT>
<ELEMENT ID="CQDNTTO" TYPE="TITLE"></ELEMENT>
<ELEMENT ID="CQDNTTP" TYPE="OUTPUT"><HTML><![CDATA[</font>
					</td>
				</tr>
				<tr>
					<td align="left" valign="top" bgcolor="#FFFFFF">
]]></HTML>
</ELEMENT>
<ELEMENT ID="CQDNTTQ" NOHOME="1" TYPE="MENU" ONLYHOME="1" DIVIDER="|%BREAK%"><HTML><![CDATA[<a href="%URL%" target="%TARGET%">%MESSAGE%</a>%BREAK%]]></HTML>
<AFTER><![CDATA[</div>]]></AFTER>
<BEFORE><![CDATA[<div align="center">Categories:%BREAK%]]></BEFORE>
</ELEMENT>
<ELEMENT ID="CQDNTTR" TYPE="BODY"></ELEMENT>
<ELEMENT ID="CQDNTTS" TYPE="OUTPUT"><HTML><![CDATA[
					</td>
				</tr>
			</table>
		</td>
		<td width="20" valign="top" background="%WRAPPER_URL%/border2.jpg"><img src="%GRAPHICS_URL%/blank.gif" width="16" height="200"></td>
	</tr>
</table>
<table cellpadding="0" cellspacing="0" border="0" align="center" width="620" height="80" background="%WRAPPER_URL%/bottom.jpg">
	<tr>
		<td width="620" height="80" align="center" valign="middle">
]]></HTML>
</ELEMENT>
<ELEMENT ID="CQDNTTT" TYPE="FOOTER"></ELEMENT>
<ELEMENT ID="CQDNTTU" TYPE="OUTPUT"><HTML><![CDATA[
		</td>
	</tr>
</table>
</center>
</div>
</body>
</html>

]]></HTML>
</ELEMENT>

</TEMPLATE>