<TEMPLATE ID="l2_bluetoo" FORMAT="WRAPPER">


<!-- ******* -->
<ELEMENT ID="CQDNWZH" SUB="LINK_VISITED_TEXT_COLOR" TYPE="READONLY" LOAD="THEME::LINK_VISITED_TEXT_COLOR" RAW="1"></ELEMENT>
<ELEMENT ID="CQDNWZI" SUB="TABLE_HEADING_FONT_SIZE" TYPE="READONLY" LOAD="THEME::TABLE_HEADING_FONT_SIZE" RAW="1"></ELEMENT>
<ELEMENT ID="CQDNWZJ" SUB="DISCLAIMER_FONT_SIZE" TYPE="READONLY" LOAD="THEME::DISCLAIMER_FONT_SIZE" RAW="1"></ELEMENT>
<ELEMENT ID="CQDNWZK" SUB="CONTENT_BACKGROUND_COLOR" TYPE="READONLY" LOAD="THEME::CONTENT_BACKGROUND_COLOR" RAW="1"></ELEMENT>
<ELEMENT ID="CQDNWZL" SUB="TABLE_LISTING_BACKGROUND_COLOR" TYPE="READONLY" LOAD="THEME::TABLE_LISTING_BACKGROUND_COLOR" RAW="1"></ELEMENT>
<ELEMENT ID="CQDNWZM" SUB="CONTENT_TEXT_COLOR" TYPE="READONLY" LOAD="THEME::CONTENT_TEXT_COLOR" RAW="1"></ELEMENT>
<ELEMENT ID="CQDNWZN" SUB="TABLE_LISTING_FONT_SIZE" TYPE="READONLY" LOAD="THEME::TABLE_LISTING_FONT_SIZE" RAW="1"></ELEMENT>
<ELEMENT ID="CQDNWZO" SUB="TABLE_LISTING_TEXT_COLOR" TYPE="READONLY" LOAD="THEME::TABLE_LISTING_TEXT_COLOR" RAW="1"></ELEMENT>
<ELEMENT ID="CQDNWZP" SUB="TABLE_LISTING_FONT_FACE" TYPE="READONLY" LOAD="THEME::TABLE_LISTING_FONT_FACE" RAW="1"></ELEMENT>
<ELEMENT ID="CQDNWZQ" SUB="CONTENT_FONT_FACE" TYPE="READONLY" LOAD="THEME::CONTENT_FONT_FACE" RAW="1"></ELEMENT>
<ELEMENT ID="CQDNWZR" SUB="NAME" TYPE="READONLY" LOAD="THEME::NAME" RAW="1"></ELEMENT>
<ELEMENT ID="CQDNWZS" SUB="DISCLAIMER_FONT_FACE" TYPE="READONLY" LOAD="THEME::DISCLAIMER_FONT_FACE" RAW="1"></ELEMENT>
<ELEMENT ID="CQDNWZT" SUB="PRETTY_NAME" TYPE="READONLY" LOAD="THEME::PRETTY_NAME" RAW="1"></ELEMENT>
<ELEMENT ID="CQDNWZU" SUB="TABLE_HEADING_BACKGROUND_COLOR" TYPE="READONLY" LOAD="THEME::TABLE_HEADING_BACKGROUND_COLOR" RAW="1"></ELEMENT>
<ELEMENT ID="CQDNWZV" SUB="TABLE_LISTING_BACKGROUND_COLOR_ALTERNATE" TYPE="READONLY" LOAD="THEME::TABLE_LISTING_BACKGROUND_COLOR_ALTERNATE" RAW="1"></ELEMENT>
<ELEMENT ID="CQDNWZW" SUB="LINK_ACTIVE_TEXT_COLOR" TYPE="READONLY" LOAD="THEME::LINK_ACTIVE_TEXT_COLOR" RAW="1"></ELEMENT>
<ELEMENT ID="CQDNWZX" SUB="CONTENT_FONT_SIZE" TYPE="READONLY" LOAD="THEME::CONTENT_FONT_SIZE" RAW="1"></ELEMENT>
<ELEMENT ID="CQDNWZY" SUB="ALERT_COLOR" TYPE="READONLY" LOAD="THEME::ALERT_COLOR" RAW="1"></ELEMENT>
<ELEMENT ID="CQDNWZZ" SUB="DISCLAIMER_BACKGROUND_COLOR" TYPE="READONLY" LOAD="THEME::DISCLAIMER_BACKGROUND_COLOR" RAW="1"></ELEMENT>
<ELEMENT ID="CQDNXAA" SUB="TABLE_HEADING_FONT_FACE" TYPE="READONLY" LOAD="THEME::TABLE_HEADING_FONT_FACE" RAW="1"></ELEMENT>
<ELEMENT ID="CQDNXAB" SUB="TABLE_HEADING_TEXT_COLOR" TYPE="READONLY" LOAD="THEME::TABLE_HEADING_TEXT_COLOR" RAW="1"></ELEMENT>
<ELEMENT ID="CQDNXAC" SUB="DISCLAIMER_TEXT_COLOR" TYPE="READONLY" LOAD="THEME::DISCLAIMER_TEXT_COLOR" RAW="1"></ELEMENT>
<ELEMENT ID="CQDNXAD" SUB="LINK_TEXT_COLOR" TYPE="READONLY" LOAD="THEME::LINK_TEXT_COLOR" RAW="1"></ELEMENT>
<ELEMENT ID="CQDNXAE" SUB="HOMECATEGORY_URL" TYPE="READONLY" LOAD="URL::HOMECATEGORY_URL" RAW="1"></ELEMENT>
<ELEMENT ID="CQDNXAF" SUB="WRAPPER_URL" TYPE="READONLY" LOAD="URL::WRAPPER_URL" RAW="1"></ELEMENT>
<ELEMENT ID="CQDNXAG" SUB="CART_URL" TYPE="READONLY" LOAD="URL::CART_URL" RAW="1"></ELEMENT>
<ELEMENT ID="CQDNXAH" SUB="SUBSCRIBE_URL" TYPE="READONLY" LOAD="URL::SUBSCRIBE_URL" RAW="1"></ELEMENT>
<ELEMENT ID="CQDNXAI" SUB="FEEDBACK_URL" TYPE="READONLY" LOAD="URL::FEEDBACK_URL" RAW="1"></ELEMENT>
<ELEMENT ID="CQDNXAJ" SUB="LOGOUT_FUNCTION_URL" TYPE="READONLY" LOAD="URL::LOGOUT_FUNCTION_URL" RAW="1"></ELEMENT>
<ELEMENT ID="CQDNXAK" SUB="SHIPQUOTE_URL" TYPE="READONLY" LOAD="URL::SHIPQUOTE_URL" RAW="1"></ELEMENT>
<ELEMENT ID="CQDNXAL" SUB="PRIVACY_URL" TYPE="READONLY" LOAD="URL::PRIVACY_URL" RAW="1"></ELEMENT>
<ELEMENT ID="CQDNXAM" SUB="SITEBUTTON_URL" TYPE="READONLY" LOAD="URL::SITEBUTTON_URL" RAW="1"></ELEMENT>
<ELEMENT ID="CQDNXAN" SUB="HOMEPAGE_URL" TYPE="READONLY" LOAD="URL::HOMEPAGE_URL" RAW="1"></ELEMENT>
<ELEMENT ID="CQDNXAO" SUB="COUNTER_URL" TYPE="READONLY" LOAD="URL::COUNTER_URL" RAW="1"></ELEMENT>
<ELEMENT ID="CQDNXAP" SUB="RETURNS_URL" TYPE="READONLY" LOAD="URL::RETURNS_URL" RAW="1"></ELEMENT>
<ELEMENT ID="CQDNXAQ" SUB="PASSWORD_URL" TYPE="READONLY" LOAD="URL::PASSWORD_URL" RAW="1"></ELEMENT>
<ELEMENT ID="CQDNXAR" SUB="UPDATE_PAYMENT_URL" TYPE="READONLY" LOAD="URL::UPDATE_PAYMENT_URL" RAW="1"></ELEMENT>
<ELEMENT ID="CQDNXAS" SUB="FORGOT_URL" TYPE="READONLY" LOAD="URL::FORGOT_URL" RAW="1"></ELEMENT>
<ELEMENT ID="CQDNXAT" SUB="NAVBUTTON_URL" TYPE="READONLY" LOAD="URL::NAVBUTTON_URL" RAW="1"></ELEMENT>
<ELEMENT ID="CQDNXAU" SUB="CONTACT_URL" TYPE="READONLY" LOAD="URL::CONTACT_URL" RAW="1"></ELEMENT>
<ELEMENT ID="CQDNXAV" SUB="LOGOUT_URL" TYPE="READONLY" LOAD="URL::LOGOUT_URL" RAW="1"></ELEMENT>
<ELEMENT ID="CQDNXAW" SUB="GALLERY_URL" TYPE="READONLY" LOAD="URL::GALLERY_URL" RAW="1"></ELEMENT>
<ELEMENT ID="CQDNXAX" SUB="REMOVE_URL" TYPE="READONLY" LOAD="URL::REMOVE_URL" RAW="1"></ELEMENT>
<ELEMENT ID="CQDNXAY" SUB="HOME_URL" TYPE="READONLY" LOAD="URL::HOME_URL" RAW="1"></ELEMENT>
<ELEMENT ID="CQDNXAZ" SUB="ABOUT_ZOOVY_URL" TYPE="READONLY" LOAD="URL::ABOUT_ZOOVY_URL" RAW="1"></ELEMENT>
<ELEMENT ID="CQDNXBA" SUB="NEWS_URL" TYPE="READONLY" LOAD="URL::NEWS_URL" RAW="1"></ELEMENT>
<ELEMENT ID="CQDNXBB" SUB="SECURE_URL" TYPE="READONLY" LOAD="URL::SECURE_URL" RAW="1"></ELEMENT>
<ELEMENT ID="CQDNXBC" SUB="ABOUT_URL" TYPE="READONLY" LOAD="URL::ABOUT_URL" RAW="1"></ELEMENT>
<ELEMENT ID="CQDNXBD" SUB="USERBUTTON_URL" TYPE="READONLY" LOAD="URL::USERBUTTON_URL" RAW="1"></ELEMENT>
<ELEMENT ID="CQDNXBE" SUB="CLOSED_URL" TYPE="READONLY" LOAD="URL::CLOSED_URL" RAW="1"></ELEMENT>
<ELEMENT ID="CQDNXBF" SUB="FASTORDER_URL" TYPE="READONLY" LOAD="URL::FASTORDER_URL" RAW="1"></ELEMENT>
<ELEMENT ID="CQDNXBG" SUB="MAIL_FORM_URL" TYPE="READONLY" LOAD="URL::MAIL_FORM_URL" RAW="1"></ELEMENT>
<ELEMENT ID="CQDNXBH" SUB="GRAPHICS_URL" TYPE="READONLY" LOAD="URL::GRAPHICS_URL" RAW="1"></ELEMENT>
<ELEMENT ID="CQDNXBI" SUB="IMAGE_URL" TYPE="READONLY" LOAD="URL::IMAGE_URL" RAW="1"></ELEMENT>
<ELEMENT ID="CQDNXBJ" SUB="CONTACTUS_URL" TYPE="READONLY" LOAD="URL::CONTACTUS_URL" RAW="1"></ELEMENT>
<ELEMENT ID="CQDNXBK" SUB="DYNAMIC_URL" TYPE="READONLY" LOAD="URL::DYNAMIC_URL" RAW="1"></ELEMENT>
<ELEMENT ID="CQDNXBL" SUB="NONSECURE_URL" TYPE="READONLY" LOAD="URL::NONSECURE_URL" RAW="1"></ELEMENT>
<ELEMENT ID="CQDNXBM" SUB="CONTACT_US_URL" TYPE="READONLY" LOAD="URL::CONTACT_US_URL" RAW="1"></ELEMENT>
<ELEMENT ID="CQDNXBN" SUB="SEARCH_URL" TYPE="READONLY" LOAD="URL::SEARCH_URL" RAW="1"></ELEMENT>
<ELEMENT ID="CQDNXBO" SUB="ABOUTUS_URL" TYPE="READONLY" LOAD="URL::ABOUTUS_URL" RAW="1"></ELEMENT>
<ELEMENT ID="CQDNXBP" SUB="CUSTOMER_MAIN_URL" TYPE="READONLY" LOAD="URL::CUSTOMER_MAIN_URL" RAW="1"></ELEMENT>
<ELEMENT ID="CQDNXBQ" SUB="MERCHANT_LOGIN_URL" TYPE="READONLY" LOAD="URL::MERCHANT_LOGIN_URL" RAW="1"></ELEMENT>
<ELEMENT ID="CQDNXBR" SUB="CATEGORY_URL" TYPE="READONLY" LOAD="URL::CATEGORY_URL" RAW="1"></ELEMENT>
<ELEMENT ID="CQDNXBS" SUB="ADULT_URL" TYPE="READONLY" LOAD="URL::ADULT_URL" RAW="1"></ELEMENT>
<ELEMENT ID="CQDNXBT" SUB="CLAIM_URL" TYPE="READONLY" LOAD="URL::CLAIM_URL" RAW="1"></ELEMENT>
<ELEMENT ID="CQDNXBU" SUB="CLAIM_MULTI_URL" TYPE="READONLY" LOAD="URL::CLAIM_MULTI_URL" RAW="1"></ELEMENT>
<ELEMENT ID="CQDNXBV" SUB="ABOUT_US_URL" TYPE="READONLY" LOAD="URL::ABOUT_US_URL" RAW="1"></ELEMENT>
<ELEMENT ID="CQDNXBW" SUB="RESULTS_URL" TYPE="READONLY" LOAD="URL::RESULTS_URL" RAW="1"></ELEMENT>
<ELEMENT ID="CQDNXBX" SUB="PRODUCT_URL" TYPE="READONLY" LOAD="URL::PRODUCT_URL" RAW="1"></ELEMENT>
<ELEMENT ID="CQDNXBY" SUB="CONTINUE_URL" TYPE="READONLY" LOAD="URL::CONTINUE_URL" RAW="1"></ELEMENT>
<ELEMENT ID="CQDNXBZ" SUB="REDIR_URL" TYPE="READONLY" LOAD="URL::REDIR_URL" RAW="1"></ELEMENT>
<ELEMENT ID="CQDNXCA" SUB="KILL_COOKIES_URL" TYPE="READONLY" LOAD="URL::KILL_COOKIES_URL" RAW="1"></ELEMENT>
<ELEMENT ID="CQDNXCB" SUB="LOGIN_URL" TYPE="READONLY" LOAD="URL::LOGIN_URL" RAW="1"></ELEMENT>
<ELEMENT ID="CQDNXCC" SUB="CHECKOUT_URL" TYPE="READONLY" LOAD="URL::CHECKOUT_URL" RAW="1"></ELEMENT>
<ELEMENT ID="CQDNXCD" SUB="ORDER_STATUS_URL" TYPE="READONLY" LOAD="URL::ORDER_STATUS_URL" RAW="1"></ELEMENT>
<ELEMENT ID="CQDNXCE" SUB="NO_COOKIES_URL" TYPE="READONLY" LOAD="URL::NO_COOKIES_URL" RAW="1"></ELEMENT>
<ELEMENT ID="CQDNXCF" SUB="PAYPAL_URL" TYPE="READONLY" LOAD="URL::PAYPAL_URL" RAW="1"></ELEMENT>
<ELEMENT ID="CQDNXCG" SUB="CANCEL_ORDER_URL" TYPE="READONLY" LOAD="URL::CANCEL_ORDER_URL" RAW="1"></ELEMENT>
<ELEMENT ID="CQDNXCH" SUB="MAIL_CONFIG_URL" TYPE="READONLY" LOAD="URL::MAIL_CONFIG_URL" RAW="1"></ELEMENT>
<ELEMENT ID="CQDNXCI" SUB="DISABLED_URL" TYPE="READONLY" LOAD="URL::DISABLED_URL" RAW="1"></ELEMENT>
<ELEMENT ID="CQDNXCJ" COLORS="16" TYPE="CONFIG" CATEGORIES="16384" THEME="l2_bluetoo" TITLE="Blue Too" CREATED="20020328" PROPERTIES="2" SITEBUTTONS="l2_bluetoo"></ELEMENT>
<ELEMENT ID="CQDNXCK" TYPE="OUTPUT"><HTML><![CDATA[<!DOCTYPE HTML PUBLIC "-//W3C//DTD HTML 4.0 Transitional//EN">
<html>
<head>
]]></HTML>
</ELEMENT>
<ELEMENT ID="CQDNXCL" TYPE="HEAD"></ELEMENT>
<ELEMENT ID="CQDNXCM" TYPE="OUTPUT"><HTML><![CDATA[
<map name="left">
	<area href="%CART_URL%" shape="RECT" coords="112,94,160,111" alt="Shopping Cart">
	<area href="%SEARCH_URL%" shape="RECT" coords="2,27,63,50" alt="Search">
	<area href="%CONTACT_URL%" shape="RECT" coords="19,52,75,72" alt="Contact Us">
	<area href="%ABOUT_URL%" shape="RECT" coords="77,74,143,92" alt="About Us">
</map>
<script language="JavaScript">
<!--
initialized = 0;
]]></HTML>
</ELEMENT>
<ELEMENT HTML="rollover_%NUM%_on = new Image;%BREAK%rollover_%NUM%_on.src = &quot;%SRC%&quot;;%BREAK%" ID="CQDNXCN" WIDTH="146" TYPE="MENU" BUTTONTYPE="l2_bluetoo_on"></ELEMENT>
<ELEMENT HTML="rollover_%NUM%_off = new Image;%BREAK%rollover_%NUM%_off.src = &quot;%SRC%&quot;;%BREAK%" ID="CQDNXCO" WIDTH="146" TYPE="MENU" BUTTONTYPE="l2_bluetoo_off"></ELEMENT>
<ELEMENT ID="CQDNXCP" TYPE="OUTPUT"><HTML><![CDATA[initialized = 1;
function on(imageNumber) {
if (!initialized || !document.images) return;
document.images[eval("\"roll_"+imageNumber+"\"")].src = eval("rollover_"+imageNumber+"_on.src");
}
function off(imageNumber) {
if (!initialized || !document.images) return;
document.images[eval("\"roll_"+imageNumber+"\"")].src = eval("rollover_"+imageNumber+"_off.src");
}
// -->
</script>
</head> 
<body background="%WRAPPER_URL%/background.gif" text="#%CONTENT_TEXT_COLOR%" link="#%LINK_TEXT_COLOR%" alink="#%LINK_ACTIVE_TEXT_COLOR%" vlink="#%LINK_VISITED_TEXT_COLOR%" marginheight="0" marginwidth="0" topmargin="0" leftmargin="0">
<table width="100%" height="98" border="0" cellpadding="0" cellspacing="0">
	<tr>
		<td background="%WRAPPER_URL%/topbar_background.gif" border="0" cellpadding="0" cellspacing="0" width="100%" align="left">
			<table background="%WRAPPER_URL%/topbar_background.gif" width="100%" height="98" border="0" cellpadding="0" cellspacing="0">
				<tr>
					<td align="left" valign="top" width="174" background=""><img src="%WRAPPER_URL%/leftmap.gif" width="174"  height="129" usemap="#left" border="0"></td>
					<td align="left" valign="bottom" width="100%">
						<table background="" border="0" cellpadding="0" cellspacing="0">
							<tr>
								<td background="%WRAPPER_URL%/logo_background.gif" width="300" height="129" align="center" valign="middle"><a href="%HOME_URL%">]]></HTML>
</ELEMENT>
<ELEMENT HEIGHT="121" ID="CQDNXCQ" WIDTH="296" TYPE="LOGO"></ELEMENT>
<ELEMENT ID="CQDNXCR" TYPE="OUTPUT"><HTML><![CDATA[</a></td>
							</tr>
						</table>
					</td>
					<td align="right" valign="bottom" width="125" background=""><img src="%WRAPPER_URL%/rightmap.gif" width="125"  height="129" border="0"></td>
				</tr>
			</table>
		</td>
	</tr>
</table>
<table border="0" cellpadding="0" cellspacing="0" width="100%">
	<tr>
		<td align="left" valign="top">
			<table border="0" cellpadding="0" cellspacing="0">
				<tr>
					<td valign="top" align="left" height="35"><img src="%WRAPPER_URL%/topmap.gif" width="174" height="35" border="0"></td>
				</tr>
				<tr>
					<td valign="top" align="center" background="%WRAPPER_URL%/sidebar_background.gif"><img src="%GRAPHICS_URL%/blank.gif" width="146" height="1"><br>
						<table border="0" cellpadding="2" cellspacing="0">
							<tr>
								<td align="center">]]></HTML>
</ELEMENT>
<ELEMENT ID="CQDNXCS" WIDTH="146" TYPE="MENU" BUTTONTYPE="l2_bluetoo_off"><HTML><![CDATA[<a href="%URL%" OnMouseOver="on(%NUM%)" OnMouseOut="off(%NUM%)"><img src="%SRC%" width="%WIDTH%" height="%HEIGHT%" border="0" name="roll_%NUM%"></a><br>]]></HTML>
</ELEMENT>
<ELEMENT ID="CQDNXCT" TYPE="OUTPUT"><HTML><![CDATA[</td>
							</tr>
						</table>
					</td>
				</tr>
				<tr>
					<td valign="top" align="left" height="37"><img src="%WRAPPER_URL%/bottommap.gif" width="174" height="37" border="0"></td>
				</tr>
				<tr>
					<td valign="top" align="center" background="">]]></HTML>
</ELEMENT>
<ELEMENT ID="CQDNXCU" TYPE="SIDEBAR"></ELEMENT>
<ELEMENT ID="CQDNXCV" TYPE="OUTPUT"><HTML><![CDATA[</td>
				</tr>
			</table>
		</td>
		<td align="left" valign="top" width="100%">
			<table background="%WRAPPER_URL%/title_background.gif" border="0" cellpadding="0" cellspacing="0" width="100%">
				<tr>
					<td valign="top" align="left"><img src="%WRAPPER_URL%/corner.gif"  width="1" height="1"></td>
					<td width="100%" align="left" valign="top">
						<table cellpadding="0">
							<tr>
								 <td background=""><font color="#0E0EA7" face="Arial, Helvetica"  size="2">]]></HTML>
</ELEMENT>
<ELEMENT ID="CQDNXCW" TYPE="TITLE"></ELEMENT>
<ELEMENT ID="CQDNXCX" TYPE="OUTPUT"><HTML><![CDATA[</font></td>
							</tr>
						</table>
					</td>
				</tr>
			</table>
			<table border="0" cellpadding="10" cellspacing="0" width="100%">
				<tr>
					<td width="100%" align="left" valign="top">
]]></HTML>
</ELEMENT>
<ELEMENT ID="CQDNXCY" TYPE="BODY"></ELEMENT>
<ELEMENT ID="CQDNXCZ" TYPE="OUTPUT"><HTML><![CDATA[
<br>
<br>
]]></HTML>
</ELEMENT>
<ELEMENT ID="CQDNXDA" TYPE="FOOTER" TRANSPARENT="TRUE"></ELEMENT>
<ELEMENT ID="CQDNXDB" TYPE="OUTPUT"><HTML><![CDATA[
					</td>
				</tr>
			</table>
		</td>
	</tr>
</table>

</body>
</html>
]]></HTML>
</ELEMENT>

</TEMPLATE>