<TEMPLATE ID="l2_loco2" FORMAT="WRAPPER">


<!-- ******* -->
<ELEMENT ID="CQDOGBJ" SUB="LINK_VISITED_TEXT_COLOR" TYPE="READONLY" LOAD="THEME::LINK_VISITED_TEXT_COLOR" RAW="1"></ELEMENT>
<ELEMENT ID="CQDOGBK" SUB="TABLE_HEADING_FONT_SIZE" TYPE="READONLY" LOAD="THEME::TABLE_HEADING_FONT_SIZE" RAW="1"></ELEMENT>
<ELEMENT ID="CQDOGBL" SUB="DISCLAIMER_FONT_SIZE" TYPE="READONLY" LOAD="THEME::DISCLAIMER_FONT_SIZE" RAW="1"></ELEMENT>
<ELEMENT ID="CQDOGBM" SUB="CONTENT_BACKGROUND_COLOR" TYPE="READONLY" LOAD="THEME::CONTENT_BACKGROUND_COLOR" RAW="1"></ELEMENT>
<ELEMENT ID="CQDOGBN" SUB="TABLE_LISTING_BACKGROUND_COLOR" TYPE="READONLY" LOAD="THEME::TABLE_LISTING_BACKGROUND_COLOR" RAW="1"></ELEMENT>
<ELEMENT ID="CQDOGBO" SUB="CONTENT_TEXT_COLOR" TYPE="READONLY" LOAD="THEME::CONTENT_TEXT_COLOR" RAW="1"></ELEMENT>
<ELEMENT ID="CQDOGBP" SUB="TABLE_LISTING_FONT_SIZE" TYPE="READONLY" LOAD="THEME::TABLE_LISTING_FONT_SIZE" RAW="1"></ELEMENT>
<ELEMENT ID="CQDOGBQ" SUB="TABLE_LISTING_TEXT_COLOR" TYPE="READONLY" LOAD="THEME::TABLE_LISTING_TEXT_COLOR" RAW="1"></ELEMENT>
<ELEMENT ID="CQDOGBR" SUB="TABLE_LISTING_FONT_FACE" TYPE="READONLY" LOAD="THEME::TABLE_LISTING_FONT_FACE" RAW="1"></ELEMENT>
<ELEMENT ID="CQDOGBS" SUB="CONTENT_FONT_FACE" TYPE="READONLY" LOAD="THEME::CONTENT_FONT_FACE" RAW="1"></ELEMENT>
<ELEMENT ID="CQDOGBT" SUB="NAME" TYPE="READONLY" LOAD="THEME::NAME" RAW="1"></ELEMENT>
<ELEMENT ID="CQDOGBU" SUB="DISCLAIMER_FONT_FACE" TYPE="READONLY" LOAD="THEME::DISCLAIMER_FONT_FACE" RAW="1"></ELEMENT>
<ELEMENT ID="CQDOGBV" SUB="PRETTY_NAME" TYPE="READONLY" LOAD="THEME::PRETTY_NAME" RAW="1"></ELEMENT>
<ELEMENT ID="CQDOGBW" SUB="TABLE_HEADING_BACKGROUND_COLOR" TYPE="READONLY" LOAD="THEME::TABLE_HEADING_BACKGROUND_COLOR" RAW="1"></ELEMENT>
<ELEMENT ID="CQDOGBX" SUB="TABLE_LISTING_BACKGROUND_COLOR_ALTERNATE" TYPE="READONLY" LOAD="THEME::TABLE_LISTING_BACKGROUND_COLOR_ALTERNATE" RAW="1"></ELEMENT>
<ELEMENT ID="CQDOGBY" SUB="LINK_ACTIVE_TEXT_COLOR" TYPE="READONLY" LOAD="THEME::LINK_ACTIVE_TEXT_COLOR" RAW="1"></ELEMENT>
<ELEMENT ID="CQDOGBZ" SUB="CONTENT_FONT_SIZE" TYPE="READONLY" LOAD="THEME::CONTENT_FONT_SIZE" RAW="1"></ELEMENT>
<ELEMENT ID="CQDOGCA" SUB="ALERT_COLOR" TYPE="READONLY" LOAD="THEME::ALERT_COLOR" RAW="1"></ELEMENT>
<ELEMENT ID="CQDOGCB" SUB="DISCLAIMER_BACKGROUND_COLOR" TYPE="READONLY" LOAD="THEME::DISCLAIMER_BACKGROUND_COLOR" RAW="1"></ELEMENT>
<ELEMENT ID="CQDOGCC" SUB="TABLE_HEADING_FONT_FACE" TYPE="READONLY" LOAD="THEME::TABLE_HEADING_FONT_FACE" RAW="1"></ELEMENT>
<ELEMENT ID="CQDOGCD" SUB="TABLE_HEADING_TEXT_COLOR" TYPE="READONLY" LOAD="THEME::TABLE_HEADING_TEXT_COLOR" RAW="1"></ELEMENT>
<ELEMENT ID="CQDOGCE" SUB="DISCLAIMER_TEXT_COLOR" TYPE="READONLY" LOAD="THEME::DISCLAIMER_TEXT_COLOR" RAW="1"></ELEMENT>
<ELEMENT ID="CQDOGCF" SUB="LINK_TEXT_COLOR" TYPE="READONLY" LOAD="THEME::LINK_TEXT_COLOR" RAW="1"></ELEMENT>
<ELEMENT ID="CQDOGCG" SUB="HOMECATEGORY_URL" TYPE="READONLY" LOAD="URL::HOMECATEGORY_URL" RAW="1"></ELEMENT>
<ELEMENT ID="CQDOGCH" SUB="WRAPPER_URL" TYPE="READONLY" LOAD="URL::WRAPPER_URL" RAW="1"></ELEMENT>
<ELEMENT ID="CQDOGCI" SUB="CART_URL" TYPE="READONLY" LOAD="URL::CART_URL" RAW="1"></ELEMENT>
<ELEMENT ID="CQDOGCJ" SUB="SUBSCRIBE_URL" TYPE="READONLY" LOAD="URL::SUBSCRIBE_URL" RAW="1"></ELEMENT>
<ELEMENT ID="CQDOGCK" SUB="FEEDBACK_URL" TYPE="READONLY" LOAD="URL::FEEDBACK_URL" RAW="1"></ELEMENT>
<ELEMENT ID="CQDOGCL" SUB="LOGOUT_FUNCTION_URL" TYPE="READONLY" LOAD="URL::LOGOUT_FUNCTION_URL" RAW="1"></ELEMENT>
<ELEMENT ID="CQDOGCM" SUB="SHIPQUOTE_URL" TYPE="READONLY" LOAD="URL::SHIPQUOTE_URL" RAW="1"></ELEMENT>
<ELEMENT ID="CQDOGCN" SUB="PRIVACY_URL" TYPE="READONLY" LOAD="URL::PRIVACY_URL" RAW="1"></ELEMENT>
<ELEMENT ID="CQDOGCO" SUB="SITEBUTTON_URL" TYPE="READONLY" LOAD="URL::SITEBUTTON_URL" RAW="1"></ELEMENT>
<ELEMENT ID="CQDOGCP" SUB="HOMEPAGE_URL" TYPE="READONLY" LOAD="URL::HOMEPAGE_URL" RAW="1"></ELEMENT>
<ELEMENT ID="CQDOGCQ" SUB="COUNTER_URL" TYPE="READONLY" LOAD="URL::COUNTER_URL" RAW="1"></ELEMENT>
<ELEMENT ID="CQDOGCR" SUB="RETURNS_URL" TYPE="READONLY" LOAD="URL::RETURNS_URL" RAW="1"></ELEMENT>
<ELEMENT ID="CQDOGCS" SUB="PASSWORD_URL" TYPE="READONLY" LOAD="URL::PASSWORD_URL" RAW="1"></ELEMENT>
<ELEMENT ID="CQDOGCT" SUB="UPDATE_PAYMENT_URL" TYPE="READONLY" LOAD="URL::UPDATE_PAYMENT_URL" RAW="1"></ELEMENT>
<ELEMENT ID="CQDOGCU" SUB="FORGOT_URL" TYPE="READONLY" LOAD="URL::FORGOT_URL" RAW="1"></ELEMENT>
<ELEMENT ID="CQDOGCV" SUB="NAVBUTTON_URL" TYPE="READONLY" LOAD="URL::NAVBUTTON_URL" RAW="1"></ELEMENT>
<ELEMENT ID="CQDOGCW" SUB="CONTACT_URL" TYPE="READONLY" LOAD="URL::CONTACT_URL" RAW="1"></ELEMENT>
<ELEMENT ID="CQDOGCX" SUB="LOGOUT_URL" TYPE="READONLY" LOAD="URL::LOGOUT_URL" RAW="1"></ELEMENT>
<ELEMENT ID="CQDOGCY" SUB="GALLERY_URL" TYPE="READONLY" LOAD="URL::GALLERY_URL" RAW="1"></ELEMENT>
<ELEMENT ID="CQDOGCZ" SUB="REMOVE_URL" TYPE="READONLY" LOAD="URL::REMOVE_URL" RAW="1"></ELEMENT>
<ELEMENT ID="CQDOGDA" SUB="HOME_URL" TYPE="READONLY" LOAD="URL::HOME_URL" RAW="1"></ELEMENT>
<ELEMENT ID="CQDOGDB" SUB="ABOUT_ZOOVY_URL" TYPE="READONLY" LOAD="URL::ABOUT_ZOOVY_URL" RAW="1"></ELEMENT>
<ELEMENT ID="CQDOGDC" SUB="NEWS_URL" TYPE="READONLY" LOAD="URL::NEWS_URL" RAW="1"></ELEMENT>
<ELEMENT ID="CQDOGDD" SUB="SECURE_URL" TYPE="READONLY" LOAD="URL::SECURE_URL" RAW="1"></ELEMENT>
<ELEMENT ID="CQDOGDE" SUB="ABOUT_URL" TYPE="READONLY" LOAD="URL::ABOUT_URL" RAW="1"></ELEMENT>
<ELEMENT ID="CQDOGDF" SUB="USERBUTTON_URL" TYPE="READONLY" LOAD="URL::USERBUTTON_URL" RAW="1"></ELEMENT>
<ELEMENT ID="CQDOGDG" SUB="CLOSED_URL" TYPE="READONLY" LOAD="URL::CLOSED_URL" RAW="1"></ELEMENT>
<ELEMENT ID="CQDOGDH" SUB="FASTORDER_URL" TYPE="READONLY" LOAD="URL::FASTORDER_URL" RAW="1"></ELEMENT>
<ELEMENT ID="CQDOGDI" SUB="MAIL_FORM_URL" TYPE="READONLY" LOAD="URL::MAIL_FORM_URL" RAW="1"></ELEMENT>
<ELEMENT ID="CQDOGDJ" SUB="GRAPHICS_URL" TYPE="READONLY" LOAD="URL::GRAPHICS_URL" RAW="1"></ELEMENT>
<ELEMENT ID="CQDOGDK" SUB="IMAGE_URL" TYPE="READONLY" LOAD="URL::IMAGE_URL" RAW="1"></ELEMENT>
<ELEMENT ID="CQDOGDL" SUB="CONTACTUS_URL" TYPE="READONLY" LOAD="URL::CONTACTUS_URL" RAW="1"></ELEMENT>
<ELEMENT ID="CQDOGDM" SUB="DYNAMIC_URL" TYPE="READONLY" LOAD="URL::DYNAMIC_URL" RAW="1"></ELEMENT>
<ELEMENT ID="CQDOGDN" SUB="NONSECURE_URL" TYPE="READONLY" LOAD="URL::NONSECURE_URL" RAW="1"></ELEMENT>
<ELEMENT ID="CQDOGDO" SUB="CONTACT_US_URL" TYPE="READONLY" LOAD="URL::CONTACT_US_URL" RAW="1"></ELEMENT>
<ELEMENT ID="CQDOGDP" SUB="SEARCH_URL" TYPE="READONLY" LOAD="URL::SEARCH_URL" RAW="1"></ELEMENT>
<ELEMENT ID="CQDOGDQ" SUB="ABOUTUS_URL" TYPE="READONLY" LOAD="URL::ABOUTUS_URL" RAW="1"></ELEMENT>
<ELEMENT ID="CQDOGDR" SUB="CUSTOMER_MAIN_URL" TYPE="READONLY" LOAD="URL::CUSTOMER_MAIN_URL" RAW="1"></ELEMENT>
<ELEMENT ID="CQDOGDS" SUB="MERCHANT_LOGIN_URL" TYPE="READONLY" LOAD="URL::MERCHANT_LOGIN_URL" RAW="1"></ELEMENT>
<ELEMENT ID="CQDOGDT" SUB="CATEGORY_URL" TYPE="READONLY" LOAD="URL::CATEGORY_URL" RAW="1"></ELEMENT>
<ELEMENT ID="CQDOGDU" SUB="ADULT_URL" TYPE="READONLY" LOAD="URL::ADULT_URL" RAW="1"></ELEMENT>
<ELEMENT ID="CQDOGDV" SUB="CLAIM_URL" TYPE="READONLY" LOAD="URL::CLAIM_URL" RAW="1"></ELEMENT>
<ELEMENT ID="CQDOGDW" SUB="CLAIM_MULTI_URL" TYPE="READONLY" LOAD="URL::CLAIM_MULTI_URL" RAW="1"></ELEMENT>
<ELEMENT ID="CQDOGDX" SUB="ABOUT_US_URL" TYPE="READONLY" LOAD="URL::ABOUT_US_URL" RAW="1"></ELEMENT>
<ELEMENT ID="CQDOGDY" SUB="RESULTS_URL" TYPE="READONLY" LOAD="URL::RESULTS_URL" RAW="1"></ELEMENT>
<ELEMENT ID="CQDOGDZ" SUB="PRODUCT_URL" TYPE="READONLY" LOAD="URL::PRODUCT_URL" RAW="1"></ELEMENT>
<ELEMENT ID="CQDOGEA" SUB="CONTINUE_URL" TYPE="READONLY" LOAD="URL::CONTINUE_URL" RAW="1"></ELEMENT>
<ELEMENT ID="CQDOGEB" SUB="REDIR_URL" TYPE="READONLY" LOAD="URL::REDIR_URL" RAW="1"></ELEMENT>
<ELEMENT ID="CQDOGEC" SUB="KILL_COOKIES_URL" TYPE="READONLY" LOAD="URL::KILL_COOKIES_URL" RAW="1"></ELEMENT>
<ELEMENT ID="CQDOGED" SUB="LOGIN_URL" TYPE="READONLY" LOAD="URL::LOGIN_URL" RAW="1"></ELEMENT>
<ELEMENT ID="CQDOGEE" SUB="CHECKOUT_URL" TYPE="READONLY" LOAD="URL::CHECKOUT_URL" RAW="1"></ELEMENT>
<ELEMENT ID="CQDOGEF" SUB="ORDER_STATUS_URL" TYPE="READONLY" LOAD="URL::ORDER_STATUS_URL" RAW="1"></ELEMENT>
<ELEMENT ID="CQDOGEG" SUB="NO_COOKIES_URL" TYPE="READONLY" LOAD="URL::NO_COOKIES_URL" RAW="1"></ELEMENT>
<ELEMENT ID="CQDOGEH" SUB="PAYPAL_URL" TYPE="READONLY" LOAD="URL::PAYPAL_URL" RAW="1"></ELEMENT>
<ELEMENT ID="CQDOGEI" SUB="CANCEL_ORDER_URL" TYPE="READONLY" LOAD="URL::CANCEL_ORDER_URL" RAW="1"></ELEMENT>
<ELEMENT ID="CQDOGEJ" SUB="MAIL_CONFIG_URL" TYPE="READONLY" LOAD="URL::MAIL_CONFIG_URL" RAW="1"></ELEMENT>
<ELEMENT ID="CQDOGEK" SUB="DISABLED_URL" TYPE="READONLY" LOAD="URL::DISABLED_URL" RAW="1"></ELEMENT>
<ELEMENT ID="CQDOGEL" COLORS="128" TYPE="CONFIG" CATEGORIES="16400" CREATED="20020328" TITLE="loco2" THEME="l2_loco2" PROPERTIES="2" SITEBUTTONS="l2_loco2"></ELEMENT>
<ELEMENT ID="CQDOGEM" TYPE="OUTPUT"><HTML><![CDATA[<!DOCTYPE HTML PUBLIC "-//W3C//DTD HTML 4.0 Transitional//EN">
<html>
<head>
]]></HTML>
</ELEMENT>
<ELEMENT ID="CQDOGEN" TYPE="HEAD"></ELEMENT>
<ELEMENT ID="CQDOGEO" TYPE="OUTPUT"><HTML><![CDATA[
<map name="right">
	<area href="%CART_URL%" shape="RECT" coords="28,85,73,107" alt="Shopping Cart">
	<area href="%SEARCH_URL%" shape="RECT" coords="80,85,139,107" alt="Search">
	<area href="%ABOUT_URL%" shape="RECT" coords="153,85,224,107" alt="About Us">
	<area href="%CONTACT_URL%" shape="RECT" coords="238,85,324,107" alt="Contact Us">
</map>
<script language="JavaScript">
<!--
initialized = 0;
]]></HTML>
</ELEMENT>
<ELEMENT ID="CQDOGEP" HTML="rollover_%NUM%_on = new Image;%BREAK%rollover_%NUM%_on.src = &quot;%SRC%&quot;;%BREAK%" WIDTH="150" TYPE="MENU" BUTTONTYPE="l2_loco2_on"></ELEMENT>
<ELEMENT ID="CQDOGEQ" HTML="rollover_%NUM%_off = new Image;%BREAK%rollover_%NUM%_off.src = &quot;%SRC%&quot;;%BREAK%" WIDTH="150" TYPE="MENU" BUTTONTYPE="l2_loco2_off"></ELEMENT>
<ELEMENT ID="CQDOGER" TYPE="OUTPUT"><HTML><![CDATA[initialized = 1;
function on(imageNumber) {
if (!initialized || !document.images) return;
document.images[eval("\"roll_"+imageNumber+"\"")].src = eval("rollover_"+imageNumber+"_on.src");
}
function off(imageNumber) {
if (!initialized || !document.images) return;
document.images[eval("\"roll_"+imageNumber+"\"")].src = eval("rollover_"+imageNumber+"_off.src");
}
// -->
</script>
</head> 
<body background="%WRAPPER_URL%/background.gif" text="#%CONTENT_TEXT_COLOR%" link="#%LINK_TEXT_COLOR%" alink="#%LINK_ACTIVE_TEXT_COLOR%" vlink="#%LINK_VISITED_TEXT_COLOR%" marginheight="0" marginwidth="0" topmargin="0" leftmargin="0">
<table width="100%" height="110" border="0" cellpadding="0" cellspacing="0">
	<tr>
		<td background="%WRAPPER_URL%/topbar_background.gif" border="0" cellpadding="0" cellspacing="0" width="100%" align="left">
			<table background="%WRAPPER_URL%/topbar_background.gif" width="500" height="110" border="0" cellpadding="0" cellspacing="0">
				<tr>
					<td align="left" valign="top" width="30" background=""><img src="%WRAPPER_URL%/leftmap.gif" width="30"  height="110" border="0"></td>
					<td align="left" valign="top" width="100%">
						<table background="" border="0" cellpadding="0" cellspacing="0">
							<tr>
								<td background="%WRAPPER_URL%/logo_background.gif" width="300" height="80" align="left" valign="top"><a href="%HOME_URL%">]]></HTML>
</ELEMENT>
<ELEMENT ID="CQDOGES" HEIGHT="80" WIDTH="300" TYPE="LOGO"></ELEMENT>
<ELEMENT ID="CQDOGET" TYPE="OUTPUT"><HTML><![CDATA[</a></td>
							</tr>
						</table>
					</td>
					<td align="right" valign="top" width="325" background=""><img src="%WRAPPER_URL%/rightmap.gif" width="325"  height="110" usemap="#right" border="0"></td>
				</tr>
			</table>
		</td>
	</tr>
</table>
<table border="0" cellpadding="0" cellspacing="0" width="100%">
	<tr>
		<td align="left" valign="top">
			<table border="0" cellpadding="0" cellspacing="0">
				<tr>
					<td valign="top" align="center" height="25"><img src="%WRAPPER_URL%/topmap.gif" width="150" height="25" border="0"></td>
				</tr>
				<tr>
					<td valign="top" align="center" background="%WRAPPER_URL%/sidebar_background.gif"><img src="%GRAPHICS_URL%/blank.gif" width="150" height="1"><br>
						<table border="0" cellpadding="0" cellspacing="0">
							<tr>
								<td align="center">]]></HTML>
</ELEMENT>
<ELEMENT ID="CQDOGEU" WIDTH="150" TYPE="MENU" BUTTONTYPE="l2_loco2_off"><HTML><![CDATA[<a href="%URL%" OnMouseOver="on(%NUM%)" OnMouseOut="off(%NUM%)"><img src="%SRC%" width="%WIDTH%" height="%HEIGHT%" border="0" name="roll_%NUM%"></a><br>]]></HTML>
</ELEMENT>
<ELEMENT ID="CQDOGEV" TYPE="OUTPUT"><HTML><![CDATA[</td>
							</tr>
						</table>
					</td>
				</tr>
				<tr>
					<td valign="top" align="center" height="600"><img src="%WRAPPER_URL%/bottommap.gif" width="150" height="600" border="0"></td>
				</tr>
				<tr>
					<td valign="top" align="center" background="">]]></HTML>
</ELEMENT>
<ELEMENT ID="CQDOGEW" TYPE="SIDEBAR"></ELEMENT>
<ELEMENT ID="CQDOGEX" TYPE="OUTPUT"><HTML><![CDATA[</td>
				</tr>
			</table>
		</td>
		<td align="left" valign="top" width="100%">
			<table background="%WRAPPER_URL%/title_background.gif" border="0" cellpadding="0" cellspacing="0" width="100%">
				<tr>
					<td valign="top" align="left"><img src="%WRAPPER_URL%/corner.gif"  width="1" height="1"></td>
					<td width="100%" align="left" valign="bottom">
						<table cellpadding="0">
							<tr>
								 <td background=""><font color="#ffFF00" face="Arial, Helvetica"  size="2">]]></HTML>
</ELEMENT>
<ELEMENT ID="CQDOGEY" TYPE="TITLE"></ELEMENT>
<ELEMENT ID="CQDOGEZ" TYPE="OUTPUT"><HTML><![CDATA[</font></td>
							</tr>
						</table>
					</td>
				</tr>
			</table>
			<table border="0" cellpadding="5" cellspacing="0" width="100%">
				<tr>
					<td width="100%" align="left" valign="top">
]]></HTML>
</ELEMENT>
<ELEMENT ID="CQDOGFA" TYPE="BODY"></ELEMENT>
<ELEMENT ID="CQDOGFB" TYPE="OUTPUT"><HTML><![CDATA[
<br>
<br>
]]></HTML>
</ELEMENT>
<ELEMENT ID="CQDOGFC" TYPE="FOOTER" TRANSPARENT="TRUE"></ELEMENT>
<ELEMENT ID="CQDOGFD" TYPE="OUTPUT"><HTML><![CDATA[
					</td>
				</tr>
			</table>
		</td>
	</tr>
</table>

</body>
</html>
]]></HTML>
</ELEMENT>

</TEMPLATE>