<TEMPLATE ID="l2_purpleish" FORMAT="WRAPPER">


<!-- ******* -->
<ELEMENT ID="CQDOJSO" SUB="LINK_VISITED_TEXT_COLOR" TYPE="READONLY" LOAD="THEME::LINK_VISITED_TEXT_COLOR" RAW="1"></ELEMENT>
<ELEMENT ID="CQDOJSP" SUB="TABLE_HEADING_FONT_SIZE" TYPE="READONLY" LOAD="THEME::TABLE_HEADING_FONT_SIZE" RAW="1"></ELEMENT>
<ELEMENT ID="CQDOJSQ" SUB="DISCLAIMER_FONT_SIZE" TYPE="READONLY" LOAD="THEME::DISCLAIMER_FONT_SIZE" RAW="1"></ELEMENT>
<ELEMENT ID="CQDOJSR" SUB="CONTENT_BACKGROUND_COLOR" TYPE="READONLY" LOAD="THEME::CONTENT_BACKGROUND_COLOR" RAW="1"></ELEMENT>
<ELEMENT ID="CQDOJSS" SUB="TABLE_LISTING_BACKGROUND_COLOR" TYPE="READONLY" LOAD="THEME::TABLE_LISTING_BACKGROUND_COLOR" RAW="1"></ELEMENT>
<ELEMENT ID="CQDOJST" SUB="CONTENT_TEXT_COLOR" TYPE="READONLY" LOAD="THEME::CONTENT_TEXT_COLOR" RAW="1"></ELEMENT>
<ELEMENT ID="CQDOJSU" SUB="TABLE_LISTING_FONT_SIZE" TYPE="READONLY" LOAD="THEME::TABLE_LISTING_FONT_SIZE" RAW="1"></ELEMENT>
<ELEMENT ID="CQDOJSV" SUB="TABLE_LISTING_TEXT_COLOR" TYPE="READONLY" LOAD="THEME::TABLE_LISTING_TEXT_COLOR" RAW="1"></ELEMENT>
<ELEMENT ID="CQDOJSW" SUB="TABLE_LISTING_FONT_FACE" TYPE="READONLY" LOAD="THEME::TABLE_LISTING_FONT_FACE" RAW="1"></ELEMENT>
<ELEMENT ID="CQDOJSX" SUB="CONTENT_FONT_FACE" TYPE="READONLY" LOAD="THEME::CONTENT_FONT_FACE" RAW="1"></ELEMENT>
<ELEMENT ID="CQDOJSY" SUB="NAME" TYPE="READONLY" LOAD="THEME::NAME" RAW="1"></ELEMENT>
<ELEMENT ID="CQDOJSZ" SUB="DISCLAIMER_FONT_FACE" TYPE="READONLY" LOAD="THEME::DISCLAIMER_FONT_FACE" RAW="1"></ELEMENT>
<ELEMENT ID="CQDOJTA" SUB="PRETTY_NAME" TYPE="READONLY" LOAD="THEME::PRETTY_NAME" RAW="1"></ELEMENT>
<ELEMENT ID="CQDOJTB" SUB="TABLE_HEADING_BACKGROUND_COLOR" TYPE="READONLY" LOAD="THEME::TABLE_HEADING_BACKGROUND_COLOR" RAW="1"></ELEMENT>
<ELEMENT ID="CQDOJTC" SUB="TABLE_LISTING_BACKGROUND_COLOR_ALTERNATE" TYPE="READONLY" LOAD="THEME::TABLE_LISTING_BACKGROUND_COLOR_ALTERNATE" RAW="1"></ELEMENT>
<ELEMENT ID="CQDOJTD" SUB="LINK_ACTIVE_TEXT_COLOR" TYPE="READONLY" LOAD="THEME::LINK_ACTIVE_TEXT_COLOR" RAW="1"></ELEMENT>
<ELEMENT ID="CQDOJTE" SUB="CONTENT_FONT_SIZE" TYPE="READONLY" LOAD="THEME::CONTENT_FONT_SIZE" RAW="1"></ELEMENT>
<ELEMENT ID="CQDOJTF" SUB="ALERT_COLOR" TYPE="READONLY" LOAD="THEME::ALERT_COLOR" RAW="1"></ELEMENT>
<ELEMENT ID="CQDOJTG" SUB="DISCLAIMER_BACKGROUND_COLOR" TYPE="READONLY" LOAD="THEME::DISCLAIMER_BACKGROUND_COLOR" RAW="1"></ELEMENT>
<ELEMENT ID="CQDOJTH" SUB="TABLE_HEADING_FONT_FACE" TYPE="READONLY" LOAD="THEME::TABLE_HEADING_FONT_FACE" RAW="1"></ELEMENT>
<ELEMENT ID="CQDOJTI" SUB="TABLE_HEADING_TEXT_COLOR" TYPE="READONLY" LOAD="THEME::TABLE_HEADING_TEXT_COLOR" RAW="1"></ELEMENT>
<ELEMENT ID="CQDOJTJ" SUB="DISCLAIMER_TEXT_COLOR" TYPE="READONLY" LOAD="THEME::DISCLAIMER_TEXT_COLOR" RAW="1"></ELEMENT>
<ELEMENT ID="CQDOJTK" SUB="LINK_TEXT_COLOR" TYPE="READONLY" LOAD="THEME::LINK_TEXT_COLOR" RAW="1"></ELEMENT>
<ELEMENT ID="CQDOJTL" SUB="HOMECATEGORY_URL" TYPE="READONLY" LOAD="URL::HOMECATEGORY_URL" RAW="1"></ELEMENT>
<ELEMENT ID="CQDOJTM" SUB="WRAPPER_URL" TYPE="READONLY" LOAD="URL::WRAPPER_URL" RAW="1"></ELEMENT>
<ELEMENT ID="CQDOJTN" SUB="CART_URL" TYPE="READONLY" LOAD="URL::CART_URL" RAW="1"></ELEMENT>
<ELEMENT ID="CQDOJTO" SUB="SUBSCRIBE_URL" TYPE="READONLY" LOAD="URL::SUBSCRIBE_URL" RAW="1"></ELEMENT>
<ELEMENT ID="CQDOJTP" SUB="FEEDBACK_URL" TYPE="READONLY" LOAD="URL::FEEDBACK_URL" RAW="1"></ELEMENT>
<ELEMENT ID="CQDOJTQ" SUB="LOGOUT_FUNCTION_URL" TYPE="READONLY" LOAD="URL::LOGOUT_FUNCTION_URL" RAW="1"></ELEMENT>
<ELEMENT ID="CQDOJTR" SUB="SHIPQUOTE_URL" TYPE="READONLY" LOAD="URL::SHIPQUOTE_URL" RAW="1"></ELEMENT>
<ELEMENT ID="CQDOJTS" SUB="PRIVACY_URL" TYPE="READONLY" LOAD="URL::PRIVACY_URL" RAW="1"></ELEMENT>
<ELEMENT ID="CQDOJTT" SUB="SITEBUTTON_URL" TYPE="READONLY" LOAD="URL::SITEBUTTON_URL" RAW="1"></ELEMENT>
<ELEMENT ID="CQDOJTU" SUB="HOMEPAGE_URL" TYPE="READONLY" LOAD="URL::HOMEPAGE_URL" RAW="1"></ELEMENT>
<ELEMENT ID="CQDOJTV" SUB="COUNTER_URL" TYPE="READONLY" LOAD="URL::COUNTER_URL" RAW="1"></ELEMENT>
<ELEMENT ID="CQDOJTW" SUB="RETURNS_URL" TYPE="READONLY" LOAD="URL::RETURNS_URL" RAW="1"></ELEMENT>
<ELEMENT ID="CQDOJTX" SUB="PASSWORD_URL" TYPE="READONLY" LOAD="URL::PASSWORD_URL" RAW="1"></ELEMENT>
<ELEMENT ID="CQDOJTY" SUB="UPDATE_PAYMENT_URL" TYPE="READONLY" LOAD="URL::UPDATE_PAYMENT_URL" RAW="1"></ELEMENT>
<ELEMENT ID="CQDOJTZ" SUB="FORGOT_URL" TYPE="READONLY" LOAD="URL::FORGOT_URL" RAW="1"></ELEMENT>
<ELEMENT ID="CQDOJUA" SUB="NAVBUTTON_URL" TYPE="READONLY" LOAD="URL::NAVBUTTON_URL" RAW="1"></ELEMENT>
<ELEMENT ID="CQDOJUB" SUB="CONTACT_URL" TYPE="READONLY" LOAD="URL::CONTACT_URL" RAW="1"></ELEMENT>
<ELEMENT ID="CQDOJUC" SUB="LOGOUT_URL" TYPE="READONLY" LOAD="URL::LOGOUT_URL" RAW="1"></ELEMENT>
<ELEMENT ID="CQDOJUD" SUB="GALLERY_URL" TYPE="READONLY" LOAD="URL::GALLERY_URL" RAW="1"></ELEMENT>
<ELEMENT ID="CQDOJUE" SUB="REMOVE_URL" TYPE="READONLY" LOAD="URL::REMOVE_URL" RAW="1"></ELEMENT>
<ELEMENT ID="CQDOJUF" SUB="HOME_URL" TYPE="READONLY" LOAD="URL::HOME_URL" RAW="1"></ELEMENT>
<ELEMENT ID="CQDOJUG" SUB="ABOUT_ZOOVY_URL" TYPE="READONLY" LOAD="URL::ABOUT_ZOOVY_URL" RAW="1"></ELEMENT>
<ELEMENT ID="CQDOJUH" SUB="NEWS_URL" TYPE="READONLY" LOAD="URL::NEWS_URL" RAW="1"></ELEMENT>
<ELEMENT ID="CQDOJUI" SUB="SECURE_URL" TYPE="READONLY" LOAD="URL::SECURE_URL" RAW="1"></ELEMENT>
<ELEMENT ID="CQDOJUJ" SUB="ABOUT_URL" TYPE="READONLY" LOAD="URL::ABOUT_URL" RAW="1"></ELEMENT>
<ELEMENT ID="CQDOJUK" SUB="USERBUTTON_URL" TYPE="READONLY" LOAD="URL::USERBUTTON_URL" RAW="1"></ELEMENT>
<ELEMENT ID="CQDOJUL" SUB="CLOSED_URL" TYPE="READONLY" LOAD="URL::CLOSED_URL" RAW="1"></ELEMENT>
<ELEMENT ID="CQDOJUM" SUB="FASTORDER_URL" TYPE="READONLY" LOAD="URL::FASTORDER_URL" RAW="1"></ELEMENT>
<ELEMENT ID="CQDOJUN" SUB="MAIL_FORM_URL" TYPE="READONLY" LOAD="URL::MAIL_FORM_URL" RAW="1"></ELEMENT>
<ELEMENT ID="CQDOJUO" SUB="GRAPHICS_URL" TYPE="READONLY" LOAD="URL::GRAPHICS_URL" RAW="1"></ELEMENT>
<ELEMENT ID="CQDOJUP" SUB="IMAGE_URL" TYPE="READONLY" LOAD="URL::IMAGE_URL" RAW="1"></ELEMENT>
<ELEMENT ID="CQDOJUQ" SUB="CONTACTUS_URL" TYPE="READONLY" LOAD="URL::CONTACTUS_URL" RAW="1"></ELEMENT>
<ELEMENT ID="CQDOJUR" SUB="DYNAMIC_URL" TYPE="READONLY" LOAD="URL::DYNAMIC_URL" RAW="1"></ELEMENT>
<ELEMENT ID="CQDOJUS" SUB="NONSECURE_URL" TYPE="READONLY" LOAD="URL::NONSECURE_URL" RAW="1"></ELEMENT>
<ELEMENT ID="CQDOJUT" SUB="CONTACT_US_URL" TYPE="READONLY" LOAD="URL::CONTACT_US_URL" RAW="1"></ELEMENT>
<ELEMENT ID="CQDOJUU" SUB="SEARCH_URL" TYPE="READONLY" LOAD="URL::SEARCH_URL" RAW="1"></ELEMENT>
<ELEMENT ID="CQDOJUV" SUB="ABOUTUS_URL" TYPE="READONLY" LOAD="URL::ABOUTUS_URL" RAW="1"></ELEMENT>
<ELEMENT ID="CQDOJUW" SUB="CUSTOMER_MAIN_URL" TYPE="READONLY" LOAD="URL::CUSTOMER_MAIN_URL" RAW="1"></ELEMENT>
<ELEMENT ID="CQDOJUX" SUB="MERCHANT_LOGIN_URL" TYPE="READONLY" LOAD="URL::MERCHANT_LOGIN_URL" RAW="1"></ELEMENT>
<ELEMENT ID="CQDOJUY" SUB="CATEGORY_URL" TYPE="READONLY" LOAD="URL::CATEGORY_URL" RAW="1"></ELEMENT>
<ELEMENT ID="CQDOJUZ" SUB="ADULT_URL" TYPE="READONLY" LOAD="URL::ADULT_URL" RAW="1"></ELEMENT>
<ELEMENT ID="CQDOJVA" SUB="CLAIM_URL" TYPE="READONLY" LOAD="URL::CLAIM_URL" RAW="1"></ELEMENT>
<ELEMENT ID="CQDOJVB" SUB="CLAIM_MULTI_URL" TYPE="READONLY" LOAD="URL::CLAIM_MULTI_URL" RAW="1"></ELEMENT>
<ELEMENT ID="CQDOJVC" SUB="ABOUT_US_URL" TYPE="READONLY" LOAD="URL::ABOUT_US_URL" RAW="1"></ELEMENT>
<ELEMENT ID="CQDOJVD" SUB="RESULTS_URL" TYPE="READONLY" LOAD="URL::RESULTS_URL" RAW="1"></ELEMENT>
<ELEMENT ID="CQDOJVE" SUB="PRODUCT_URL" TYPE="READONLY" LOAD="URL::PRODUCT_URL" RAW="1"></ELEMENT>
<ELEMENT ID="CQDOJVF" SUB="CONTINUE_URL" TYPE="READONLY" LOAD="URL::CONTINUE_URL" RAW="1"></ELEMENT>
<ELEMENT ID="CQDOJVG" SUB="REDIR_URL" TYPE="READONLY" LOAD="URL::REDIR_URL" RAW="1"></ELEMENT>
<ELEMENT ID="CQDOJVH" SUB="KILL_COOKIES_URL" TYPE="READONLY" LOAD="URL::KILL_COOKIES_URL" RAW="1"></ELEMENT>
<ELEMENT ID="CQDOJVI" SUB="LOGIN_URL" TYPE="READONLY" LOAD="URL::LOGIN_URL" RAW="1"></ELEMENT>
<ELEMENT ID="CQDOJVJ" SUB="CHECKOUT_URL" TYPE="READONLY" LOAD="URL::CHECKOUT_URL" RAW="1"></ELEMENT>
<ELEMENT ID="CQDOJVK" SUB="ORDER_STATUS_URL" TYPE="READONLY" LOAD="URL::ORDER_STATUS_URL" RAW="1"></ELEMENT>
<ELEMENT ID="CQDOJVL" SUB="NO_COOKIES_URL" TYPE="READONLY" LOAD="URL::NO_COOKIES_URL" RAW="1"></ELEMENT>
<ELEMENT ID="CQDOJVM" SUB="PAYPAL_URL" TYPE="READONLY" LOAD="URL::PAYPAL_URL" RAW="1"></ELEMENT>
<ELEMENT ID="CQDOJVN" SUB="CANCEL_ORDER_URL" TYPE="READONLY" LOAD="URL::CANCEL_ORDER_URL" RAW="1"></ELEMENT>
<ELEMENT ID="CQDOJVO" SUB="MAIL_CONFIG_URL" TYPE="READONLY" LOAD="URL::MAIL_CONFIG_URL" RAW="1"></ELEMENT>
<ELEMENT ID="CQDOJVP" SUB="DISABLED_URL" TYPE="READONLY" LOAD="URL::DISABLED_URL" RAW="1"></ELEMENT>
<ELEMENT ID="CQDOJVQ" COLORS="16" TYPE="CONFIG" CATEGORIES="16384" THEME="l2_purpleish" TITLE="Professional Purple" CREATED="20020328" PROPERTIES="2" SITEBUTTONS="l2_purpleish"></ELEMENT>
<ELEMENT ID="CQDOJVR" TYPE="OUTPUT"><HTML><![CDATA[<!DOCTYPE HTML PUBLIC "-//W3C//DTD HTML 4.0 Transitional//EN">
<html>
<head>
]]></HTML>
</ELEMENT>
<ELEMENT ID="CQDOJVS" TYPE="HEAD"></ELEMENT>
<ELEMENT ID="CQDOJVT" TYPE="OUTPUT"><HTML><![CDATA[
<map name="top">
	<area href="%CART_URL%" shape="RECT" coords="8,35,108,51" alt="Shopping Cart">
	<area href="%SEARCH_URL%" shape="RECT" coords="8,52,109,66" alt="Search">
	<area href="%CONTACT_URL%" shape="RECT" coords="8,85,111,101" alt="Contact Us">
	<area href="%ABOUT_URL%" shape="RECT" coords="8,67,111,84" alt="About Us">
</map>
<map name="left">
	<area href="%CART_URL%" shape="RECT" coords="130,77,209,107" alt="Shopping Cart">
	<area href="%SEARCH_URL%" shape="RECT" coords="71,113,170,142" alt="Search">
</map>
<script language="JavaScript">
<!--
initialized = 0;
]]></HTML>
</ELEMENT>
<ELEMENT HTML="rollover_%NUM%_on = new Image;%BREAK%rollover_%NUM%_on.src = &quot;%SRC%&quot;;%BREAK%" ID="CQDOJVU" WIDTH="180" TYPE="MENU" BUTTONTYPE="l2_purpleish_on"></ELEMENT>
<ELEMENT HTML="rollover_%NUM%_off = new Image;%BREAK%rollover_%NUM%_off.src = &quot;%SRC%&quot;;%BREAK%" ID="CQDOJVV" WIDTH="180" TYPE="MENU" BUTTONTYPE="l2_purpleish_off"></ELEMENT>
<ELEMENT ID="CQDOJVW" TYPE="OUTPUT"><HTML><![CDATA[initialized = 1;
function on(imageNumber) {
if (!initialized || !document.images) return;
document.images[eval("\"roll_"+imageNumber+"\"")].src = eval("rollover_"+imageNumber+"_on.src");
}
function off(imageNumber) {
if (!initialized || !document.images) return;
document.images[eval("\"roll_"+imageNumber+"\"")].src = eval("rollover_"+imageNumber+"_off.src");
}
// -->
</script>
</head> 
<body background="%WRAPPER_URL%/background.gif" text="#%CONTENT_TEXT_COLOR%" link="#%LINK_TEXT_COLOR%" alink="#%LINK_ACTIVE_TEXT_COLOR%" vlink="#%LINK_VISITED_TEXT_COLOR%" marginheight="0" marginwidth="0" topmargin="0" leftmargin="0">
<table width="100%" height="1" border="0" cellpadding="0" cellspacing="0">
	<tr>
		<td background="%WRAPPER_URL%/topbar_background.gif" border="0" cellpadding="0" cellspacing="0" width="100%" align="left">
			<table background="%WRAPPER_URL%/topbar_background.gif" width="82" height="1" border="0" cellpadding="0" cellspacing="0">
				<tr>
					<td align="left" valign="top" width="5" background=""><img src="%WRAPPER_URL%/leftmap.gif" width="5"  height="161" usemap="#left" border="0"></td>
					<td align="left" valign="bottom" width="100%">
						<table background="" border="0" cellpadding="0" cellspacing="0">
							<tr>
								<td background="%WRAPPER_URL%/logo_background.gif" width="400" height="161" align="left" valign="top"><a href="%HOME_URL%">]]></HTML>
</ELEMENT>
<ELEMENT HEIGHT="118" ID="CQDOJVX" WIDTH="400" TYPE="LOGO"></ELEMENT>
<ELEMENT ID="CQDOJVY" TYPE="OUTPUT"><HTML><![CDATA[</a></td>
							</tr>
						</table>
					</td>
					<td align="right" valign="bottom" width="30" background=""><img src="%WRAPPER_URL%/rightmap.gif" width="30"  height="161" border="0"></td>
				</tr>
			</table>
		</td>
	</tr>
</table>
<table border="0" cellpadding="0" cellspacing="0" width="100%">
	<tr>
		<td align="left" valign="top">
			<table border="0" cellpadding="0" cellspacing="0">
				<tr>
					<td valign="top" align="left" height="168"><img src="%WRAPPER_URL%/topmap.gif" width="211" height="168" usemap="#top" border="0"></td>
				</tr>
				<tr>
					<td valign="top" align="center" background="%WRAPPER_URL%/sidebar_background.gif"><img src="%GRAPHICS_URL%/blank.gif" width="180" height="1"><br>
						<table border="0" cellpadding="8" cellspacing="0">
							<tr>
								<td align="center">]]></HTML>
</ELEMENT>
<ELEMENT ID="CQDOJVZ" WIDTH="180" TYPE="MENU" BUTTONTYPE="l2_purpleish_off"><HTML><![CDATA[<a href="%URL%" OnMouseOver="on(%NUM%)" OnMouseOut="off(%NUM%)"><img src="%SRC%" width="%WIDTH%" height="%HEIGHT%" border="0" name="roll_%NUM%"></a><br>]]></HTML>
</ELEMENT>
<ELEMENT ID="CQDOJWA" TYPE="OUTPUT"><HTML><![CDATA[</td>
							</tr>
						</table>
					</td>
				</tr>
				<tr>
					<td valign="top" align="left" height="34"><img src="%WRAPPER_URL%/bottommap.gif" width="211" height="34" border="0"></td>
				</tr>
				<tr>
					<td valign="top" align="center" background="">]]></HTML>
</ELEMENT>
<ELEMENT ID="CQDOJWB" TYPE="SIDEBAR"></ELEMENT>
<ELEMENT ID="CQDOJWC" TYPE="OUTPUT"><HTML><![CDATA[</td>
				</tr>
			</table>
		</td>
		<td align="left" valign="top" width="100%">
			<table background="%WRAPPER_URL%/title_background.gif" border="0" cellpadding="0" cellspacing="0" width="100%">
				<tr>
					<td valign="top" align="left"><img src="%WRAPPER_URL%/corner.gif"  width="20" height="20"></td>
					<td width="100%" align="left" valign="middle">
						<table cellpadding="0">
							<tr>
								 <td background=""><font color="#ffffff" face="Arial, Helvetica"  size="2">]]></HTML>
</ELEMENT>
<ELEMENT ID="CQDOJWD" TYPE="TITLE"></ELEMENT>
<ELEMENT ID="CQDOJWE" TYPE="OUTPUT"><HTML><![CDATA[</font></td>
							</tr>
						</table>
					</td>
				</tr>
			</table>
			<table border="0" cellpadding="10" cellspacing="0" width="100%">
				<tr>
					<td width="100%" align="left" valign="top">
]]></HTML>
</ELEMENT>
<ELEMENT ID="CQDOJWF" TYPE="BODY"></ELEMENT>
<ELEMENT ID="CQDOJWG" TYPE="OUTPUT"><HTML><![CDATA[
<br>
<br>
]]></HTML>
</ELEMENT>
<ELEMENT ID="CQDOJWH" TYPE="FOOTER" TRANSPARENT="TRUE"></ELEMENT>
<ELEMENT ID="CQDOJWI" TYPE="OUTPUT"><HTML><![CDATA[
					</td>
				</tr>
			</table>
		</td>
	</tr>
</table>

</body>
</html>
]]></HTML>
</ELEMENT>

</TEMPLATE>