<TEMPLATE ID="lucido5" FORMAT="WRAPPER">


<!-- ******* -->
<ELEMENT ID="CQDPACC" SUB="LINK_VISITED_TEXT_COLOR" TYPE="READONLY" LOAD="THEME::LINK_VISITED_TEXT_COLOR" RAW="1"></ELEMENT>
<ELEMENT ID="CQDPACD" SUB="TABLE_HEADING_FONT_SIZE" TYPE="READONLY" LOAD="THEME::TABLE_HEADING_FONT_SIZE" RAW="1"></ELEMENT>
<ELEMENT ID="CQDPACE" SUB="DISCLAIMER_FONT_SIZE" TYPE="READONLY" LOAD="THEME::DISCLAIMER_FONT_SIZE" RAW="1"></ELEMENT>
<ELEMENT ID="CQDPACF" SUB="CONTENT_BACKGROUND_COLOR" TYPE="READONLY" LOAD="THEME::CONTENT_BACKGROUND_COLOR" RAW="1"></ELEMENT>
<ELEMENT ID="CQDPACG" SUB="TABLE_LISTING_BACKGROUND_COLOR" TYPE="READONLY" LOAD="THEME::TABLE_LISTING_BACKGROUND_COLOR" RAW="1"></ELEMENT>
<ELEMENT ID="CQDPACH" SUB="CONTENT_TEXT_COLOR" TYPE="READONLY" LOAD="THEME::CONTENT_TEXT_COLOR" RAW="1"></ELEMENT>
<ELEMENT ID="CQDPACI" SUB="TABLE_LISTING_FONT_SIZE" TYPE="READONLY" LOAD="THEME::TABLE_LISTING_FONT_SIZE" RAW="1"></ELEMENT>
<ELEMENT ID="CQDPACJ" SUB="TABLE_LISTING_TEXT_COLOR" TYPE="READONLY" LOAD="THEME::TABLE_LISTING_TEXT_COLOR" RAW="1"></ELEMENT>
<ELEMENT ID="CQDPACK" SUB="TABLE_LISTING_FONT_FACE" TYPE="READONLY" LOAD="THEME::TABLE_LISTING_FONT_FACE" RAW="1"></ELEMENT>
<ELEMENT ID="CQDPACL" SUB="CONTENT_FONT_FACE" TYPE="READONLY" LOAD="THEME::CONTENT_FONT_FACE" RAW="1"></ELEMENT>
<ELEMENT ID="CQDPACM" SUB="NAME" TYPE="READONLY" LOAD="THEME::NAME" RAW="1"></ELEMENT>
<ELEMENT ID="CQDPACN" SUB="DISCLAIMER_FONT_FACE" TYPE="READONLY" LOAD="THEME::DISCLAIMER_FONT_FACE" RAW="1"></ELEMENT>
<ELEMENT ID="CQDPACO" SUB="PRETTY_NAME" TYPE="READONLY" LOAD="THEME::PRETTY_NAME" RAW="1"></ELEMENT>
<ELEMENT ID="CQDPACP" SUB="TABLE_HEADING_BACKGROUND_COLOR" TYPE="READONLY" LOAD="THEME::TABLE_HEADING_BACKGROUND_COLOR" RAW="1"></ELEMENT>
<ELEMENT ID="CQDPACQ" SUB="TABLE_LISTING_BACKGROUND_COLOR_ALTERNATE" TYPE="READONLY" LOAD="THEME::TABLE_LISTING_BACKGROUND_COLOR_ALTERNATE" RAW="1"></ELEMENT>
<ELEMENT ID="CQDPACR" SUB="LINK_ACTIVE_TEXT_COLOR" TYPE="READONLY" LOAD="THEME::LINK_ACTIVE_TEXT_COLOR" RAW="1"></ELEMENT>
<ELEMENT ID="CQDPACS" SUB="CONTENT_FONT_SIZE" TYPE="READONLY" LOAD="THEME::CONTENT_FONT_SIZE" RAW="1"></ELEMENT>
<ELEMENT ID="CQDPACT" SUB="ALERT_COLOR" TYPE="READONLY" LOAD="THEME::ALERT_COLOR" RAW="1"></ELEMENT>
<ELEMENT ID="CQDPACU" SUB="DISCLAIMER_BACKGROUND_COLOR" TYPE="READONLY" LOAD="THEME::DISCLAIMER_BACKGROUND_COLOR" RAW="1"></ELEMENT>
<ELEMENT ID="CQDPACV" SUB="TABLE_HEADING_FONT_FACE" TYPE="READONLY" LOAD="THEME::TABLE_HEADING_FONT_FACE" RAW="1"></ELEMENT>
<ELEMENT ID="CQDPACW" SUB="TABLE_HEADING_TEXT_COLOR" TYPE="READONLY" LOAD="THEME::TABLE_HEADING_TEXT_COLOR" RAW="1"></ELEMENT>
<ELEMENT ID="CQDPACX" SUB="DISCLAIMER_TEXT_COLOR" TYPE="READONLY" LOAD="THEME::DISCLAIMER_TEXT_COLOR" RAW="1"></ELEMENT>
<ELEMENT ID="CQDPACY" SUB="LINK_TEXT_COLOR" TYPE="READONLY" LOAD="THEME::LINK_TEXT_COLOR" RAW="1"></ELEMENT>
<ELEMENT ID="CQDPACZ" SUB="HOMECATEGORY_URL" TYPE="READONLY" LOAD="URL::HOMECATEGORY_URL" RAW="1"></ELEMENT>
<ELEMENT ID="CQDPADA" SUB="WRAPPER_URL" TYPE="READONLY" LOAD="URL::WRAPPER_URL" RAW="1"></ELEMENT>
<ELEMENT ID="CQDPADB" SUB="CART_URL" TYPE="READONLY" LOAD="URL::CART_URL" RAW="1"></ELEMENT>
<ELEMENT ID="CQDPADC" SUB="SUBSCRIBE_URL" TYPE="READONLY" LOAD="URL::SUBSCRIBE_URL" RAW="1"></ELEMENT>
<ELEMENT ID="CQDPADD" SUB="FEEDBACK_URL" TYPE="READONLY" LOAD="URL::FEEDBACK_URL" RAW="1"></ELEMENT>
<ELEMENT ID="CQDPADE" SUB="LOGOUT_FUNCTION_URL" TYPE="READONLY" LOAD="URL::LOGOUT_FUNCTION_URL" RAW="1"></ELEMENT>
<ELEMENT ID="CQDPADF" SUB="SHIPQUOTE_URL" TYPE="READONLY" LOAD="URL::SHIPQUOTE_URL" RAW="1"></ELEMENT>
<ELEMENT ID="CQDPADG" SUB="PRIVACY_URL" TYPE="READONLY" LOAD="URL::PRIVACY_URL" RAW="1"></ELEMENT>
<ELEMENT ID="CQDPADH" SUB="SITEBUTTON_URL" TYPE="READONLY" LOAD="URL::SITEBUTTON_URL" RAW="1"></ELEMENT>
<ELEMENT ID="CQDPADI" SUB="HOMEPAGE_URL" TYPE="READONLY" LOAD="URL::HOMEPAGE_URL" RAW="1"></ELEMENT>
<ELEMENT ID="CQDPADJ" SUB="COUNTER_URL" TYPE="READONLY" LOAD="URL::COUNTER_URL" RAW="1"></ELEMENT>
<ELEMENT ID="CQDPADK" SUB="RETURNS_URL" TYPE="READONLY" LOAD="URL::RETURNS_URL" RAW="1"></ELEMENT>
<ELEMENT ID="CQDPADL" SUB="PASSWORD_URL" TYPE="READONLY" LOAD="URL::PASSWORD_URL" RAW="1"></ELEMENT>
<ELEMENT ID="CQDPADM" SUB="UPDATE_PAYMENT_URL" TYPE="READONLY" LOAD="URL::UPDATE_PAYMENT_URL" RAW="1"></ELEMENT>
<ELEMENT ID="CQDPADN" SUB="FORGOT_URL" TYPE="READONLY" LOAD="URL::FORGOT_URL" RAW="1"></ELEMENT>
<ELEMENT ID="CQDPADO" SUB="NAVBUTTON_URL" TYPE="READONLY" LOAD="URL::NAVBUTTON_URL" RAW="1"></ELEMENT>
<ELEMENT ID="CQDPADP" SUB="CONTACT_URL" TYPE="READONLY" LOAD="URL::CONTACT_URL" RAW="1"></ELEMENT>
<ELEMENT ID="CQDPADQ" SUB="LOGOUT_URL" TYPE="READONLY" LOAD="URL::LOGOUT_URL" RAW="1"></ELEMENT>
<ELEMENT ID="CQDPADR" SUB="GALLERY_URL" TYPE="READONLY" LOAD="URL::GALLERY_URL" RAW="1"></ELEMENT>
<ELEMENT ID="CQDPADS" SUB="REMOVE_URL" TYPE="READONLY" LOAD="URL::REMOVE_URL" RAW="1"></ELEMENT>
<ELEMENT ID="CQDPADT" SUB="HOME_URL" TYPE="READONLY" LOAD="URL::HOME_URL" RAW="1"></ELEMENT>
<ELEMENT ID="CQDPADU" SUB="ABOUT_ZOOVY_URL" TYPE="READONLY" LOAD="URL::ABOUT_ZOOVY_URL" RAW="1"></ELEMENT>
<ELEMENT ID="CQDPADV" SUB="NEWS_URL" TYPE="READONLY" LOAD="URL::NEWS_URL" RAW="1"></ELEMENT>
<ELEMENT ID="CQDPADW" SUB="SECURE_URL" TYPE="READONLY" LOAD="URL::SECURE_URL" RAW="1"></ELEMENT>
<ELEMENT ID="CQDPADX" SUB="ABOUT_URL" TYPE="READONLY" LOAD="URL::ABOUT_URL" RAW="1"></ELEMENT>
<ELEMENT ID="CQDPADY" SUB="USERBUTTON_URL" TYPE="READONLY" LOAD="URL::USERBUTTON_URL" RAW="1"></ELEMENT>
<ELEMENT ID="CQDPADZ" SUB="CLOSED_URL" TYPE="READONLY" LOAD="URL::CLOSED_URL" RAW="1"></ELEMENT>
<ELEMENT ID="CQDPAEA" SUB="FASTORDER_URL" TYPE="READONLY" LOAD="URL::FASTORDER_URL" RAW="1"></ELEMENT>
<ELEMENT ID="CQDPAEB" SUB="MAIL_FORM_URL" TYPE="READONLY" LOAD="URL::MAIL_FORM_URL" RAW="1"></ELEMENT>
<ELEMENT ID="CQDPAEC" SUB="GRAPHICS_URL" TYPE="READONLY" LOAD="URL::GRAPHICS_URL" RAW="1"></ELEMENT>
<ELEMENT ID="CQDPAED" SUB="IMAGE_URL" TYPE="READONLY" LOAD="URL::IMAGE_URL" RAW="1"></ELEMENT>
<ELEMENT ID="CQDPAEE" SUB="CONTACTUS_URL" TYPE="READONLY" LOAD="URL::CONTACTUS_URL" RAW="1"></ELEMENT>
<ELEMENT ID="CQDPAEF" SUB="DYNAMIC_URL" TYPE="READONLY" LOAD="URL::DYNAMIC_URL" RAW="1"></ELEMENT>
<ELEMENT ID="CQDPAEG" SUB="NONSECURE_URL" TYPE="READONLY" LOAD="URL::NONSECURE_URL" RAW="1"></ELEMENT>
<ELEMENT ID="CQDPAEH" SUB="CONTACT_US_URL" TYPE="READONLY" LOAD="URL::CONTACT_US_URL" RAW="1"></ELEMENT>
<ELEMENT ID="CQDPAEI" SUB="SEARCH_URL" TYPE="READONLY" LOAD="URL::SEARCH_URL" RAW="1"></ELEMENT>
<ELEMENT ID="CQDPAEJ" SUB="ABOUTUS_URL" TYPE="READONLY" LOAD="URL::ABOUTUS_URL" RAW="1"></ELEMENT>
<ELEMENT ID="CQDPAEK" SUB="CUSTOMER_MAIN_URL" TYPE="READONLY" LOAD="URL::CUSTOMER_MAIN_URL" RAW="1"></ELEMENT>
<ELEMENT ID="CQDPAEL" SUB="MERCHANT_LOGIN_URL" TYPE="READONLY" LOAD="URL::MERCHANT_LOGIN_URL" RAW="1"></ELEMENT>
<ELEMENT ID="CQDPAEM" SUB="CATEGORY_URL" TYPE="READONLY" LOAD="URL::CATEGORY_URL" RAW="1"></ELEMENT>
<ELEMENT ID="CQDPAEN" SUB="ADULT_URL" TYPE="READONLY" LOAD="URL::ADULT_URL" RAW="1"></ELEMENT>
<ELEMENT ID="CQDPAEO" SUB="CLAIM_URL" TYPE="READONLY" LOAD="URL::CLAIM_URL" RAW="1"></ELEMENT>
<ELEMENT ID="CQDPAEP" SUB="CLAIM_MULTI_URL" TYPE="READONLY" LOAD="URL::CLAIM_MULTI_URL" RAW="1"></ELEMENT>
<ELEMENT ID="CQDPAEQ" SUB="ABOUT_US_URL" TYPE="READONLY" LOAD="URL::ABOUT_US_URL" RAW="1"></ELEMENT>
<ELEMENT ID="CQDPAER" SUB="RESULTS_URL" TYPE="READONLY" LOAD="URL::RESULTS_URL" RAW="1"></ELEMENT>
<ELEMENT ID="CQDPAES" SUB="PRODUCT_URL" TYPE="READONLY" LOAD="URL::PRODUCT_URL" RAW="1"></ELEMENT>
<ELEMENT ID="CQDPAET" SUB="CONTINUE_URL" TYPE="READONLY" LOAD="URL::CONTINUE_URL" RAW="1"></ELEMENT>
<ELEMENT ID="CQDPAEU" SUB="REDIR_URL" TYPE="READONLY" LOAD="URL::REDIR_URL" RAW="1"></ELEMENT>
<ELEMENT ID="CQDPAEV" SUB="KILL_COOKIES_URL" TYPE="READONLY" LOAD="URL::KILL_COOKIES_URL" RAW="1"></ELEMENT>
<ELEMENT ID="CQDPAEW" SUB="LOGIN_URL" TYPE="READONLY" LOAD="URL::LOGIN_URL" RAW="1"></ELEMENT>
<ELEMENT ID="CQDPAEX" SUB="CHECKOUT_URL" TYPE="READONLY" LOAD="URL::CHECKOUT_URL" RAW="1"></ELEMENT>
<ELEMENT ID="CQDPAEY" SUB="ORDER_STATUS_URL" TYPE="READONLY" LOAD="URL::ORDER_STATUS_URL" RAW="1"></ELEMENT>
<ELEMENT ID="CQDPAEZ" SUB="NO_COOKIES_URL" TYPE="READONLY" LOAD="URL::NO_COOKIES_URL" RAW="1"></ELEMENT>
<ELEMENT ID="CQDPAFA" SUB="PAYPAL_URL" TYPE="READONLY" LOAD="URL::PAYPAL_URL" RAW="1"></ELEMENT>
<ELEMENT ID="CQDPAFB" SUB="CANCEL_ORDER_URL" TYPE="READONLY" LOAD="URL::CANCEL_ORDER_URL" RAW="1"></ELEMENT>
<ELEMENT ID="CQDPAFC" SUB="MAIL_CONFIG_URL" TYPE="READONLY" LOAD="URL::MAIL_CONFIG_URL" RAW="1"></ELEMENT>
<ELEMENT ID="CQDPAFD" SUB="DISABLED_URL" TYPE="READONLY" LOAD="URL::DISABLED_URL" RAW="1"></ELEMENT>
<ELEMENT ID="CQDPAFE" TYPE="OUTPUT"><HTML><![CDATA[<!DOCTYPE HTML PUBLIC "-//W3C//DTD HTML 4.01 Transitional//EN">

<html>
<head>
]]></HTML>
</ELEMENT>
<ELEMENT ID="CQDPAFF" COLORS="128" TYPE="CONFIG" CATEGORIES="32768" CREATED="20021108" TITLE="" THEME="accu" PROPERTIES="8" SITEBUTTONS="bluedual"></ELEMENT>
<ELEMENT ID="CQDPAFG" TYPE="HEAD"></ELEMENT>
<ELEMENT ID="CQDPAFH" TYPE="OUTPUT"><HTML><![CDATA[
<style rel="STYLESHEET" type="text/css">
td.foo	{background-color: #FFFFFF;}
td.goo	{background-color: #CCCCCC;}
td.hoo	{background-color: #F0F0F0;}
td.loo	{background-color: #666666;}
td.moo	{background-color: #FFFFFF;}
.small	{font-family: verdana; font-size: 10px;}
a:hover	{text-decoration: underline; color: #727885;}
a	{color: #343434; text-decoration: none}
form	{display:	inline;}
.title	{font-family: verdana; color: #666666; font-size: 11px; font-weight: bold;}
.bodytext	{font-family: verdana; color: #333333; font-size: 11px;}
p	{font-family: verdana; color: #000000; font-size: 11px;}
td	{font-family: verdana; color: #000000; font-size: 11px;}
</style>
</head>
<body leftmargin=0 marginheight=0 bottommargin=0 marginwidth=0 rightmargin=0 topmargin=0 bgcolor="#FFFFFF">
<table cellspacing=0 cellpadding=0 border=0 width=100%>
	<tr>
		<td class="foo" width=10><img src="%GRAPHICS_URL%/blank.gif" width=10 height=1></td>
		<td class="foo" width=200 align="left" valign="middle">]]></HTML>
</ELEMENT>
<ELEMENT ID="CQDPAFI" HEIGHT="45" WIDTH="200" TYPE="LOGO"></ELEMENT>
<ELEMENT ID="CQDPAFJ" TYPE="OUTPUT"><HTML><![CDATA[</td>
		<td class="foo" width=1><img src="%GRAPHICS_URL%/blank.gif" width=1 height=26></td>
		<td class="foo" width=99% align="right" valign="bottom"><span class="small">
		<a href="%HOME_URL%">Home</a>&nbsp;&nbsp;&nbsp;
		<a href="%CART_URL%">Cart</a>&nbsp;&nbsp;&nbsp;
		<a href="%LOGIN_URL%">My Account</a>&nbsp;&nbsp;&nbsp;
		<a href="%ABOUT_URL%">About Us</a>&nbsp;&nbsp;&nbsp;
		<a href="%CONTACT_URL%">Contact Us</a>
		</span><br><img src="%GRAPHICS_URL%/blank.gif" width=1 height=1></td>
		<td class="foo" width=10><img src="%GRAPHICS_URL%/blank.gif" width=10 height=1></td>
	</tr><tr>
		<td background="%WRAPPER_URL%/search_top.gif" height=2 colspan=5><img src="%GRAPHICS_URL%/blank.gif" width=1 height=2></td>
	</tr><tr>
		<td class="goo" colspan=4 nowrap align="right"><form action="%RESULTS_URL%" method="get">
<input type="hidden" name="catalog" value="">
<input type="text" name="keywords" value="product name">
<input type="image" src="%WRAPPER_URL%/search.gif" border=0 >
</form></td>
		<td class="goo"><img src="%GRAPHICS_URL%/blank.gif" width=1 height=1></td>
	</tr><tr>
		<td background="%WRAPPER_URL%/search_bottom.gif" height=2 colspan=5><img src="%GRAPHICS_URL%/blank.gif" width=1 height=7></td>
	</tr><tr>
		<td class="hoo" colspan=5><img src="%GRAPHICS_URL%/blank.gif" width=1 height=2></td>
	</tr></table>
<table cellspacing=0 cellpadding=0 border=0 width=100%><tr>
		<td class="hoo" width=10><img src="%GRAPHICS_URL%/blank.gif" width=1 height=17></td>
		<td class="hoo" align="right" colspan=3 valign="middle"><span class="small">]]></HTML>
</ELEMENT>
<ELEMENT ID="CQDPAFK" NOHOME="1" TYPE="MENU" DIVIDER="|%BREAK%" ONLYHOME="0"><HTML><![CDATA[<a href="%URL%" target="%TARGET%">%MESSAGE%</a>%BREAK%]]></HTML>
<AFTER><![CDATA[</div>]]></AFTER>
</ELEMENT>
<ELEMENT ID="CQDPAFL" TYPE="OUTPUT"><HTML><![CDATA[</td>
		<td class="hoo" width=10><img src="%GRAPHICS_URL%/blank.gif" width=10 height=1></td>
	</tr><tr>
		<td class="loo" height=1 colspan=5><img src="%GRAPHICS_URL%/blank.gif" width=1 height=1></td>
	</tr><tr>
		<td height=300 colspan=5 class="moo" valign="top"><p><span class="title">&nbsp;]]></HTML>
</ELEMENT>
<ELEMENT ID="CQDPAFM" TYPE="TITLE"></ELEMENT>
<ELEMENT ID="CQDPAFN" TYPE="OUTPUT"><HTML><![CDATA[</span></p>
		<div class="bodytext" align="center">
]]></HTML>
</ELEMENT>
<ELEMENT ID="CQDPAFO" TYPE="BODY"></ELEMENT>
<ELEMENT ID="CQDPAFP" TYPE="OUTPUT"><HTML><![CDATA[</div></td>
	</tr><tr>
		<td class="loo" height=1 colspan=5><img src="%GRAPHICS_URL%/blank.gif" width=1 height=1></td>
	</tr><tr>
		<td class="hoo" colspan=4 height=16 align="right"><span class="small">]]></HTML>
</ELEMENT>
<ELEMENT ID="CQDPAFQ" NOHOME="0" TYPE="MENU" DIVIDER="|%BREAK%" ONLYHOME="0"><HTML><![CDATA[<a href="%URL%" target="%TARGET%">%MESSAGE%</a>%BREAK%]]></HTML>
<AFTER><![CDATA[</div>]]></AFTER>
</ELEMENT>
<ELEMENT ID="CQDPAFR" TYPE="OUTPUT"><HTML><![CDATA[</td>
	<td class="hoo"><img src="%GRAPHICS_URL%/blank.gif" width=1 height=16></td>
	</tr><tr>
		<td background="%WRAPPER_URL%/search_bottom.gif" height=2 colspan=5><img src="%GRAPHICS_URL%/blank.gif" width=1 height=7></td>
	</tr><tr>
		<td class="goo" colspan=5 height=14 align="left"><div class="small">]]></HTML>
</ELEMENT>
<ELEMENT ID="CQDPAFS" TYPE="FOOTER" TRANSPARENT="1"></ELEMENT>
<ELEMENT ID="CQDPAFT" TYPE="OUTPUT"><HTML><![CDATA[</td>
	</tr><tr>
		<td class="loo" height=1 colspan=5><img src="%GRAPHICS_URL%/blank.gif" width=1 height=1></td>
	</tr>
</table>




</body>
</html>
]]></HTML>
</ELEMENT>

</TEMPLATE>