<TEMPLATE ID="lucido" FORMAT="WRAPPER">


<!-- ******* -->
<ELEMENT ID="CQDNLRF" SUB="LINK_VISITED_TEXT_COLOR" TYPE="READONLY" LOAD="THEME::LINK_VISITED_TEXT_COLOR" RAW="1"></ELEMENT>
<ELEMENT ID="CQDNLRG" SUB="TABLE_HEADING_FONT_SIZE" TYPE="READONLY" LOAD="THEME::TABLE_HEADING_FONT_SIZE" RAW="1"></ELEMENT>
<ELEMENT ID="CQDNLRH" SUB="DISCLAIMER_FONT_SIZE" TYPE="READONLY" LOAD="THEME::DISCLAIMER_FONT_SIZE" RAW="1"></ELEMENT>
<ELEMENT ID="CQDNLRI" SUB="CONTENT_BACKGROUND_COLOR" TYPE="READONLY" LOAD="THEME::CONTENT_BACKGROUND_COLOR" RAW="1"></ELEMENT>
<ELEMENT ID="CQDNLRJ" SUB="TABLE_LISTING_BACKGROUND_COLOR" TYPE="READONLY" LOAD="THEME::TABLE_LISTING_BACKGROUND_COLOR" RAW="1"></ELEMENT>
<ELEMENT ID="CQDNLRK" SUB="CONTENT_TEXT_COLOR" TYPE="READONLY" LOAD="THEME::CONTENT_TEXT_COLOR" RAW="1"></ELEMENT>
<ELEMENT ID="CQDNLRL" SUB="TABLE_LISTING_FONT_SIZE" TYPE="READONLY" LOAD="THEME::TABLE_LISTING_FONT_SIZE" RAW="1"></ELEMENT>
<ELEMENT ID="CQDNLRM" SUB="TABLE_LISTING_TEXT_COLOR" TYPE="READONLY" LOAD="THEME::TABLE_LISTING_TEXT_COLOR" RAW="1"></ELEMENT>
<ELEMENT ID="CQDNLRN" SUB="TABLE_LISTING_FONT_FACE" TYPE="READONLY" LOAD="THEME::TABLE_LISTING_FONT_FACE" RAW="1"></ELEMENT>
<ELEMENT ID="CQDNLRO" SUB="CONTENT_FONT_FACE" TYPE="READONLY" LOAD="THEME::CONTENT_FONT_FACE" RAW="1"></ELEMENT>
<ELEMENT ID="CQDNLRP" SUB="NAME" TYPE="READONLY" LOAD="THEME::NAME" RAW="1"></ELEMENT>
<ELEMENT ID="CQDNLRQ" SUB="DISCLAIMER_FONT_FACE" TYPE="READONLY" LOAD="THEME::DISCLAIMER_FONT_FACE" RAW="1"></ELEMENT>
<ELEMENT ID="CQDNLRR" SUB="PRETTY_NAME" TYPE="READONLY" LOAD="THEME::PRETTY_NAME" RAW="1"></ELEMENT>
<ELEMENT ID="CQDNLRS" SUB="TABLE_HEADING_BACKGROUND_COLOR" TYPE="READONLY" LOAD="THEME::TABLE_HEADING_BACKGROUND_COLOR" RAW="1"></ELEMENT>
<ELEMENT ID="CQDNLRT" SUB="TABLE_LISTING_BACKGROUND_COLOR_ALTERNATE" TYPE="READONLY" LOAD="THEME::TABLE_LISTING_BACKGROUND_COLOR_ALTERNATE" RAW="1"></ELEMENT>
<ELEMENT ID="CQDNLRU" SUB="LINK_ACTIVE_TEXT_COLOR" TYPE="READONLY" LOAD="THEME::LINK_ACTIVE_TEXT_COLOR" RAW="1"></ELEMENT>
<ELEMENT ID="CQDNLRV" SUB="CONTENT_FONT_SIZE" TYPE="READONLY" LOAD="THEME::CONTENT_FONT_SIZE" RAW="1"></ELEMENT>
<ELEMENT ID="CQDNLRW" SUB="ALERT_COLOR" TYPE="READONLY" LOAD="THEME::ALERT_COLOR" RAW="1"></ELEMENT>
<ELEMENT ID="CQDNLRX" SUB="DISCLAIMER_BACKGROUND_COLOR" TYPE="READONLY" LOAD="THEME::DISCLAIMER_BACKGROUND_COLOR" RAW="1"></ELEMENT>
<ELEMENT ID="CQDNLRY" SUB="TABLE_HEADING_FONT_FACE" TYPE="READONLY" LOAD="THEME::TABLE_HEADING_FONT_FACE" RAW="1"></ELEMENT>
<ELEMENT ID="CQDNLRZ" SUB="TABLE_HEADING_TEXT_COLOR" TYPE="READONLY" LOAD="THEME::TABLE_HEADING_TEXT_COLOR" RAW="1"></ELEMENT>
<ELEMENT ID="CQDNLSA" SUB="DISCLAIMER_TEXT_COLOR" TYPE="READONLY" LOAD="THEME::DISCLAIMER_TEXT_COLOR" RAW="1"></ELEMENT>
<ELEMENT ID="CQDNLSB" SUB="LINK_TEXT_COLOR" TYPE="READONLY" LOAD="THEME::LINK_TEXT_COLOR" RAW="1"></ELEMENT>
<ELEMENT ID="CQDNLSC" SUB="HOMECATEGORY_URL" TYPE="READONLY" LOAD="URL::HOMECATEGORY_URL" RAW="1"></ELEMENT>
<ELEMENT ID="CQDNLSD" SUB="WRAPPER_URL" TYPE="READONLY" LOAD="URL::WRAPPER_URL" RAW="1"></ELEMENT>
<ELEMENT ID="CQDNLSE" SUB="CART_URL" TYPE="READONLY" LOAD="URL::CART_URL" RAW="1"></ELEMENT>
<ELEMENT ID="CQDNLSF" SUB="SUBSCRIBE_URL" TYPE="READONLY" LOAD="URL::SUBSCRIBE_URL" RAW="1"></ELEMENT>
<ELEMENT ID="CQDNLSG" SUB="FEEDBACK_URL" TYPE="READONLY" LOAD="URL::FEEDBACK_URL" RAW="1"></ELEMENT>
<ELEMENT ID="CQDNLSH" SUB="LOGOUT_FUNCTION_URL" TYPE="READONLY" LOAD="URL::LOGOUT_FUNCTION_URL" RAW="1"></ELEMENT>
<ELEMENT ID="CQDNLSI" SUB="SHIPQUOTE_URL" TYPE="READONLY" LOAD="URL::SHIPQUOTE_URL" RAW="1"></ELEMENT>
<ELEMENT ID="CQDNLSJ" SUB="PRIVACY_URL" TYPE="READONLY" LOAD="URL::PRIVACY_URL" RAW="1"></ELEMENT>
<ELEMENT ID="CQDNLSK" SUB="SITEBUTTON_URL" TYPE="READONLY" LOAD="URL::SITEBUTTON_URL" RAW="1"></ELEMENT>
<ELEMENT ID="CQDNLSL" SUB="HOMEPAGE_URL" TYPE="READONLY" LOAD="URL::HOMEPAGE_URL" RAW="1"></ELEMENT>
<ELEMENT ID="CQDNLSM" SUB="COUNTER_URL" TYPE="READONLY" LOAD="URL::COUNTER_URL" RAW="1"></ELEMENT>
<ELEMENT ID="CQDNLSN" SUB="RETURNS_URL" TYPE="READONLY" LOAD="URL::RETURNS_URL" RAW="1"></ELEMENT>
<ELEMENT ID="CQDNLSO" SUB="PASSWORD_URL" TYPE="READONLY" LOAD="URL::PASSWORD_URL" RAW="1"></ELEMENT>
<ELEMENT ID="CQDNLSP" SUB="UPDATE_PAYMENT_URL" TYPE="READONLY" LOAD="URL::UPDATE_PAYMENT_URL" RAW="1"></ELEMENT>
<ELEMENT ID="CQDNLSQ" SUB="FORGOT_URL" TYPE="READONLY" LOAD="URL::FORGOT_URL" RAW="1"></ELEMENT>
<ELEMENT ID="CQDNLSR" SUB="NAVBUTTON_URL" TYPE="READONLY" LOAD="URL::NAVBUTTON_URL" RAW="1"></ELEMENT>
<ELEMENT ID="CQDNLSS" SUB="CONTACT_URL" TYPE="READONLY" LOAD="URL::CONTACT_URL" RAW="1"></ELEMENT>
<ELEMENT ID="CQDNLST" SUB="LOGOUT_URL" TYPE="READONLY" LOAD="URL::LOGOUT_URL" RAW="1"></ELEMENT>
<ELEMENT ID="CQDNLSU" SUB="GALLERY_URL" TYPE="READONLY" LOAD="URL::GALLERY_URL" RAW="1"></ELEMENT>
<ELEMENT ID="CQDNLSV" SUB="REMOVE_URL" TYPE="READONLY" LOAD="URL::REMOVE_URL" RAW="1"></ELEMENT>
<ELEMENT ID="CQDNLSW" SUB="HOME_URL" TYPE="READONLY" LOAD="URL::HOME_URL" RAW="1"></ELEMENT>
<ELEMENT ID="CQDNLSX" SUB="ABOUT_ZOOVY_URL" TYPE="READONLY" LOAD="URL::ABOUT_ZOOVY_URL" RAW="1"></ELEMENT>
<ELEMENT ID="CQDNLSY" SUB="NEWS_URL" TYPE="READONLY" LOAD="URL::NEWS_URL" RAW="1"></ELEMENT>
<ELEMENT ID="CQDNLSZ" SUB="SECURE_URL" TYPE="READONLY" LOAD="URL::SECURE_URL" RAW="1"></ELEMENT>
<ELEMENT ID="CQDNLTA" SUB="ABOUT_URL" TYPE="READONLY" LOAD="URL::ABOUT_URL" RAW="1"></ELEMENT>
<ELEMENT ID="CQDNLTB" SUB="USERBUTTON_URL" TYPE="READONLY" LOAD="URL::USERBUTTON_URL" RAW="1"></ELEMENT>
<ELEMENT ID="CQDNLTC" SUB="CLOSED_URL" TYPE="READONLY" LOAD="URL::CLOSED_URL" RAW="1"></ELEMENT>
<ELEMENT ID="CQDNLTD" SUB="FASTORDER_URL" TYPE="READONLY" LOAD="URL::FASTORDER_URL" RAW="1"></ELEMENT>
<ELEMENT ID="CQDNLTE" SUB="MAIL_FORM_URL" TYPE="READONLY" LOAD="URL::MAIL_FORM_URL" RAW="1"></ELEMENT>
<ELEMENT ID="CQDNLTF" SUB="GRAPHICS_URL" TYPE="READONLY" LOAD="URL::GRAPHICS_URL" RAW="1"></ELEMENT>
<ELEMENT ID="CQDNLTG" SUB="IMAGE_URL" TYPE="READONLY" LOAD="URL::IMAGE_URL" RAW="1"></ELEMENT>
<ELEMENT ID="CQDNLTH" SUB="CONTACTUS_URL" TYPE="READONLY" LOAD="URL::CONTACTUS_URL" RAW="1"></ELEMENT>
<ELEMENT ID="CQDNLTI" SUB="DYNAMIC_URL" TYPE="READONLY" LOAD="URL::DYNAMIC_URL" RAW="1"></ELEMENT>
<ELEMENT ID="CQDNLTJ" SUB="NONSECURE_URL" TYPE="READONLY" LOAD="URL::NONSECURE_URL" RAW="1"></ELEMENT>
<ELEMENT ID="CQDNLTK" SUB="CONTACT_US_URL" TYPE="READONLY" LOAD="URL::CONTACT_US_URL" RAW="1"></ELEMENT>
<ELEMENT ID="CQDNLTL" SUB="SEARCH_URL" TYPE="READONLY" LOAD="URL::SEARCH_URL" RAW="1"></ELEMENT>
<ELEMENT ID="CQDNLTM" SUB="ABOUTUS_URL" TYPE="READONLY" LOAD="URL::ABOUTUS_URL" RAW="1"></ELEMENT>
<ELEMENT ID="CQDNLTN" SUB="CUSTOMER_MAIN_URL" TYPE="READONLY" LOAD="URL::CUSTOMER_MAIN_URL" RAW="1"></ELEMENT>
<ELEMENT ID="CQDNLTO" SUB="MERCHANT_LOGIN_URL" TYPE="READONLY" LOAD="URL::MERCHANT_LOGIN_URL" RAW="1"></ELEMENT>
<ELEMENT ID="CQDNLTP" SUB="CATEGORY_URL" TYPE="READONLY" LOAD="URL::CATEGORY_URL" RAW="1"></ELEMENT>
<ELEMENT ID="CQDNLTQ" SUB="ADULT_URL" TYPE="READONLY" LOAD="URL::ADULT_URL" RAW="1"></ELEMENT>
<ELEMENT ID="CQDNLTR" SUB="CLAIM_URL" TYPE="READONLY" LOAD="URL::CLAIM_URL" RAW="1"></ELEMENT>
<ELEMENT ID="CQDNLTS" SUB="CLAIM_MULTI_URL" TYPE="READONLY" LOAD="URL::CLAIM_MULTI_URL" RAW="1"></ELEMENT>
<ELEMENT ID="CQDNLTT" SUB="ABOUT_US_URL" TYPE="READONLY" LOAD="URL::ABOUT_US_URL" RAW="1"></ELEMENT>
<ELEMENT ID="CQDNLTU" SUB="RESULTS_URL" TYPE="READONLY" LOAD="URL::RESULTS_URL" RAW="1"></ELEMENT>
<ELEMENT ID="CQDNLTV" SUB="PRODUCT_URL" TYPE="READONLY" LOAD="URL::PRODUCT_URL" RAW="1"></ELEMENT>
<ELEMENT ID="CQDNLTW" SUB="CONTINUE_URL" TYPE="READONLY" LOAD="URL::CONTINUE_URL" RAW="1"></ELEMENT>
<ELEMENT ID="CQDNLTX" SUB="REDIR_URL" TYPE="READONLY" LOAD="URL::REDIR_URL" RAW="1"></ELEMENT>
<ELEMENT ID="CQDNLTY" SUB="KILL_COOKIES_URL" TYPE="READONLY" LOAD="URL::KILL_COOKIES_URL" RAW="1"></ELEMENT>
<ELEMENT ID="CQDNLTZ" SUB="LOGIN_URL" TYPE="READONLY" LOAD="URL::LOGIN_URL" RAW="1"></ELEMENT>
<ELEMENT ID="CQDNLUA" SUB="CHECKOUT_URL" TYPE="READONLY" LOAD="URL::CHECKOUT_URL" RAW="1"></ELEMENT>
<ELEMENT ID="CQDNLUB" SUB="ORDER_STATUS_URL" TYPE="READONLY" LOAD="URL::ORDER_STATUS_URL" RAW="1"></ELEMENT>
<ELEMENT ID="CQDNLUC" SUB="NO_COOKIES_URL" TYPE="READONLY" LOAD="URL::NO_COOKIES_URL" RAW="1"></ELEMENT>
<ELEMENT ID="CQDNLUD" SUB="PAYPAL_URL" TYPE="READONLY" LOAD="URL::PAYPAL_URL" RAW="1"></ELEMENT>
<ELEMENT ID="CQDNLUE" SUB="CANCEL_ORDER_URL" TYPE="READONLY" LOAD="URL::CANCEL_ORDER_URL" RAW="1"></ELEMENT>
<ELEMENT ID="CQDNLUF" SUB="WISHLIST_URL" TYPE="READONLY" LOAD="URL::WISHLIST_URL" RAW="1"></ELEMENT>
<ELEMENT ID="CQDNLUG" SUB="MAIL_CONFIG_URL" TYPE="READONLY" LOAD="URL::MAIL_CONFIG_URL" RAW="1"></ELEMENT>
<ELEMENT ID="CQDNLUH" SUB="DISABLED_URL" TYPE="READONLY" LOAD="URL::DISABLED_URL" RAW="1"></ELEMENT>
<ELEMENT ID="CQDNLUI" TYPE="OUTPUT"><HTML><![CDATA[<!DOCTYPE HTML PUBLIC "-//W3C//DTD HTML 4.01 Transitional//EN">

<html>
<head>
]]></HTML>
</ELEMENT>
<ELEMENT ID="CQDNLUJ" COLORS="16" TYPE="CONFIG" CATEGORIES="32769" TITLE="Lucido" CREATED="20020911" THEME="lucido" PROPERTIES="8" SITEBUTTONS="lucido"></ELEMENT>
<ELEMENT ID="CQDNLUK" TYPE="HEAD"></ELEMENT>
<ELEMENT ID="CQDNLUL" TYPE="OUTPUT"><HTML><![CDATA[
<style rel="STYLESHEET" type="text/css">
td.foo	{background-color: #83BDFF;}
td.goo	{background-color: #f0f0f0;}
td.hoo	{background-color: #6699FF;}
td.loo	{background-color: #666666;}
td.moo	{background-color: #FFFFFF;}
.small	{font-family: verdana; font-size: 10px;}
a:hover	{text-decoration: underline; color: #727885;}
a	{color: #343434; text-decoration: none}
form	{display:	inline;}
.title	{font-family: verdana; color: #6699FF; font-size: 11px; font-weight: bold;}
.bodytext	{font-family: verdana; color: #999999; font-size: 10px;}
p	{font-family: verdana; color: #999999; font-size: 10px;}
</style>
<script language="JavaScript">
<!--
initialized = 0;
]]></HTML>
</ELEMENT>
<ELEMENT HTML="rollover_%NUM%_on = new Image;%BREAK%rollover_%NUM%_on.src = &quot;%SRC%&quot;;%BREAK%" ID="CQDNLUM" TYPE="MENU" BUTTONTYPE="lucido_on"></ELEMENT>
<ELEMENT HTML="rollover_%NUM%_off = new Image;%BREAK%rollover_%NUM%_off.src = &quot;%SRC%&quot;;%BREAK%" ID="CQDNLUN" TYPE="MENU" BUTTONTYPE="lucido_off"></ELEMENT>
<ELEMENT ID="CQDNLUO" TYPE="OUTPUT"><HTML><![CDATA[initialized = 1;
function on(imageNumber) {
if (!initialized || !document.images) return;
document.images[eval("\"roll_"+imageNumber+"\"")].src = eval("rollover_"+imageNumber+"_on.src");
}
function off(imageNumber) {
if (!initialized || !document.images) return;
document.images[eval("\"roll_"+imageNumber+"\"")].src = eval("rollover_"+imageNumber+"_off.src");
}
// -->
</script>
</head>

<body leftmargin=0 marginheight=0 bottommargin=0 marginwidth=0 rightmargin=0 topmargin=0 bgcolor="#83BDFF">
<table cellspacing=0 cellpadding=0 border=0 width=100%>
	<tr>
		<td class="foo" width=10><img src="%GRAPHICS_URL%/blank.gif" width=10 height=1></td>
		<td class="foo" width=200 align="left" valign="bottom">]]></HTML>
</ELEMENT>
<ELEMENT HEIGHT="45" ID="CQDNLUP" WIDTH="200" TYPE="LOGO"></ELEMENT>
<ELEMENT ID="CQDNLUQ" TYPE="OUTPUT"><HTML><![CDATA[</td>
		<td class="foo" width=1><img src="%GRAPHICS_URL%/blank.gif" width=1 height=26></td>
		<td class="foo" width=99% align="right" valign="bottom"><span class="small">
		<a href="%CART_URL%">Cart</a>&nbsp;&nbsp;&nbsp;
		<a href="%LOGIN_URL%">My Account</a>&nbsp;&nbsp;&nbsp;
		<a href="%ABOUT_URL%">About Us</a>&nbsp;&nbsp;&nbsp;
		<a href="%CONTACT_URL%">Contact Us</a>
		</span></td>
		<td class="foo" width=10><img src="%GRAPHICS_URL%/blank.gif" width=10 height=1></td>
	</tr><tr>
		<td background="%WRAPPER_URL%/search_top.gif" height=2 colspan=5><img src="%GRAPHICS_URL%/blank.gif" width=1 height=2></td>
	</tr><tr>
		<td class="goo" colspan=4 nowrap align="right"><form action="%RESULTS_URL%" method="get">
<input type="hidden" name="catalog" value="">
<input type="text" name="keywords" value="product name">
<input type="image" src="%WRAPPER_URL%/search.gif" border=0 >
</form></td>
		<td class="goo"><img src="%GRAPHICS_URL%/blank.gif" width=1 height=1></td>
	</tr><tr>
		<td background="%WRAPPER_URL%/search_bottom.gif" height=2 colspan=5><img src="%GRAPHICS_URL%/blank.gif" width=1 height=7></td>
	</tr><tr>
		<td class="hoo" colspan=5><img src="%GRAPHICS_URL%/blank.gif" width=1 height=2></td>
	</tr>
</table>
<table cellspacing=0 cellpadding=0 border=0 width=100%>	
	<tr>
		<td class="hoo" width=10><img src="%GRAPHICS_URL%/blank.gif" width=1 height=17></td>
		<td class="hoo" align="right" colspan=3 valign="bottom"><span class="small">]]></HTML>
</ELEMENT>
<ELEMENT ID="CQDNLUR" NOHOME="0" TYPE="MENU" ONLYHOME="0" BUTTONTYPE="lucido_off"><HTML><![CDATA[&nbsp;<a href="%URL%" OnMouseOver="on(%NUM%)" OnMouseOut="off(%NUM%)"><img src="%SRC%" width="%WIDTH%" height="%HEIGHT%" border="0" name="roll_%NUM%"></a>]]></HTML>
</ELEMENT>
<ELEMENT ID="CQDNLUS" TYPE="OUTPUT"><HTML><![CDATA[</td>
		<td class="hoo" width=10><img src="%GRAPHICS_URL%/blank.gif" width=10 height=1></td>
	</tr><tr>
		<td class="loo" height=1 colspan=5><img src="%GRAPHICS_URL%/blank.gif" width=1 height=1></td>
	</tr><tr>
		<td height=300 colspan=5 class="moo" valign="top"><p><span class="title">&nbsp;]]></HTML>
</ELEMENT>
<ELEMENT ID="CQDNLUT" TYPE="TITLE"></ELEMENT>
<ELEMENT ID="CQDNLUU" TYPE="OUTPUT"><HTML><![CDATA[</span></p>
		<div class="bodytext" align="center">
]]></HTML>
</ELEMENT>
<ELEMENT ID="CQDNLUV" TYPE="BODY"></ELEMENT>
<ELEMENT ID="CQDNLUW" TYPE="OUTPUT"><HTML><![CDATA[</div></td>
	</tr><tr>
		<td class="loo" height=1 colspan=5><img src="%GRAPHICS_URL%/blank.gif" width=1 height=1></td>
	</tr><tr>
		<td class="hoo" colspan=4 height=16 align="right"><span class="small">]]></HTML>
</ELEMENT>
<ELEMENT ID="CQDNLUX" NOHOME="0" TYPE="MENU" ONLYHOME="0" DIVIDER="|%BREAK%"><HTML><![CDATA[<a href="%URL%" target="%TARGET%">%MESSAGE%</a>%BREAK%]]></HTML>
<AFTER><![CDATA[</div>]]></AFTER>
</ELEMENT>
<ELEMENT ID="CQDNLUY" TYPE="OUTPUT"><HTML><![CDATA[</td>
	<td class="hoo"><img src="%GRAPHICS_URL%/blank.gif" width=1 height=16></td>
	</tr><tr>
		<td background="%WRAPPER_URL%/search_bottom.gif" height=2 colspan=5><img src="%GRAPHICS_URL%/blank.gif" width=1 height=7></td>
	</tr><tr>
		<td class="goo" colspan=5 height=14 align="left"><div class="small">]]></HTML>
</ELEMENT>
<ELEMENT ID="CQDNLUZ" TYPE="FOOTER" TRANSPARENT="1"></ELEMENT>
<ELEMENT ID="CQDNLVA" TYPE="OUTPUT"><HTML><![CDATA[</td>
	</tr><tr>
		<td class="loo" height=1 colspan=5><img src="%GRAPHICS_URL%/blank.gif" width=1 height=1></td>
	</tr>
</table>




</body>
</html>
]]></HTML>
</ELEMENT>

</TEMPLATE>