<TEMPLATE ID="optimus_blue" FORMAT="WRAPPER">


<!-- ******* -->
<ELEMENT ID="CQDPMOG" SUB="LINK_VISITED_TEXT_COLOR" TYPE="READONLY" LOAD="THEME::LINK_VISITED_TEXT_COLOR" RAW="1"></ELEMENT>
<ELEMENT ID="CQDPMOH" SUB="TABLE_HEADING_FONT_SIZE" TYPE="READONLY" LOAD="THEME::TABLE_HEADING_FONT_SIZE" RAW="1"></ELEMENT>
<ELEMENT ID="CQDPMOI" SUB="DISCLAIMER_FONT_SIZE" TYPE="READONLY" LOAD="THEME::DISCLAIMER_FONT_SIZE" RAW="1"></ELEMENT>
<ELEMENT ID="CQDPMOJ" SUB="CONTENT_BACKGROUND_COLOR" TYPE="READONLY" LOAD="THEME::CONTENT_BACKGROUND_COLOR" RAW="1"></ELEMENT>
<ELEMENT ID="CQDPMOK" SUB="TABLE_LISTING_BACKGROUND_COLOR" TYPE="READONLY" LOAD="THEME::TABLE_LISTING_BACKGROUND_COLOR" RAW="1"></ELEMENT>
<ELEMENT ID="CQDPMOL" SUB="CONTENT_TEXT_COLOR" TYPE="READONLY" LOAD="THEME::CONTENT_TEXT_COLOR" RAW="1"></ELEMENT>
<ELEMENT ID="CQDPMOM" SUB="TABLE_LISTING_FONT_SIZE" TYPE="READONLY" LOAD="THEME::TABLE_LISTING_FONT_SIZE" RAW="1"></ELEMENT>
<ELEMENT ID="CQDPMON" SUB="TABLE_LISTING_TEXT_COLOR" TYPE="READONLY" LOAD="THEME::TABLE_LISTING_TEXT_COLOR" RAW="1"></ELEMENT>
<ELEMENT ID="CQDPMOO" SUB="TABLE_LISTING_FONT_FACE" TYPE="READONLY" LOAD="THEME::TABLE_LISTING_FONT_FACE" RAW="1"></ELEMENT>
<ELEMENT ID="CQDPMOP" SUB="CONTENT_FONT_FACE" TYPE="READONLY" LOAD="THEME::CONTENT_FONT_FACE" RAW="1"></ELEMENT>
<ELEMENT ID="CQDPMOQ" SUB="NAME" TYPE="READONLY" LOAD="THEME::NAME" RAW="1"></ELEMENT>
<ELEMENT ID="CQDPMOR" SUB="DISCLAIMER_FONT_FACE" TYPE="READONLY" LOAD="THEME::DISCLAIMER_FONT_FACE" RAW="1"></ELEMENT>
<ELEMENT ID="CQDPMOS" SUB="PRETTY_NAME" TYPE="READONLY" LOAD="THEME::PRETTY_NAME" RAW="1"></ELEMENT>
<ELEMENT ID="CQDPMOT" SUB="TABLE_HEADING_BACKGROUND_COLOR" TYPE="READONLY" LOAD="THEME::TABLE_HEADING_BACKGROUND_COLOR" RAW="1"></ELEMENT>
<ELEMENT ID="CQDPMOU" SUB="TABLE_LISTING_BACKGROUND_COLOR_ALTERNATE" TYPE="READONLY" LOAD="THEME::TABLE_LISTING_BACKGROUND_COLOR_ALTERNATE" RAW="1"></ELEMENT>
<ELEMENT ID="CQDPMOV" SUB="LINK_ACTIVE_TEXT_COLOR" TYPE="READONLY" LOAD="THEME::LINK_ACTIVE_TEXT_COLOR" RAW="1"></ELEMENT>
<ELEMENT ID="CQDPMOW" SUB="CONTENT_FONT_SIZE" TYPE="READONLY" LOAD="THEME::CONTENT_FONT_SIZE" RAW="1"></ELEMENT>
<ELEMENT ID="CQDPMOX" SUB="ALERT_COLOR" TYPE="READONLY" LOAD="THEME::ALERT_COLOR" RAW="1"></ELEMENT>
<ELEMENT ID="CQDPMOY" SUB="DISCLAIMER_BACKGROUND_COLOR" TYPE="READONLY" LOAD="THEME::DISCLAIMER_BACKGROUND_COLOR" RAW="1"></ELEMENT>
<ELEMENT ID="CQDPMOZ" SUB="TABLE_HEADING_FONT_FACE" TYPE="READONLY" LOAD="THEME::TABLE_HEADING_FONT_FACE" RAW="1"></ELEMENT>
<ELEMENT ID="CQDPMPA" SUB="TABLE_HEADING_TEXT_COLOR" TYPE="READONLY" LOAD="THEME::TABLE_HEADING_TEXT_COLOR" RAW="1"></ELEMENT>
<ELEMENT ID="CQDPMPB" SUB="DISCLAIMER_TEXT_COLOR" TYPE="READONLY" LOAD="THEME::DISCLAIMER_TEXT_COLOR" RAW="1"></ELEMENT>
<ELEMENT ID="CQDPMPC" SUB="LINK_TEXT_COLOR" TYPE="READONLY" LOAD="THEME::LINK_TEXT_COLOR" RAW="1"></ELEMENT>
<ELEMENT ID="CQDPMPD" SUB="HOMECATEGORY_URL" TYPE="READONLY" LOAD="URL::HOMECATEGORY_URL" RAW="1"></ELEMENT>
<ELEMENT ID="CQDPMPE" SUB="WRAPPER_URL" TYPE="READONLY" LOAD="URL::WRAPPER_URL" RAW="1"></ELEMENT>
<ELEMENT ID="CQDPMPF" SUB="CART_URL" TYPE="READONLY" LOAD="URL::CART_URL" RAW="1"></ELEMENT>
<ELEMENT ID="CQDPMPG" SUB="SUBSCRIBE_URL" TYPE="READONLY" LOAD="URL::SUBSCRIBE_URL" RAW="1"></ELEMENT>
<ELEMENT ID="CQDPMPH" SUB="FEEDBACK_URL" TYPE="READONLY" LOAD="URL::FEEDBACK_URL" RAW="1"></ELEMENT>
<ELEMENT ID="CQDPMPI" SUB="LOGOUT_FUNCTION_URL" TYPE="READONLY" LOAD="URL::LOGOUT_FUNCTION_URL" RAW="1"></ELEMENT>
<ELEMENT ID="CQDPMPJ" SUB="SHIPQUOTE_URL" TYPE="READONLY" LOAD="URL::SHIPQUOTE_URL" RAW="1"></ELEMENT>
<ELEMENT ID="CQDPMPK" SUB="PRIVACY_URL" TYPE="READONLY" LOAD="URL::PRIVACY_URL" RAW="1"></ELEMENT>
<ELEMENT ID="CQDPMPL" SUB="SITEBUTTON_URL" TYPE="READONLY" LOAD="URL::SITEBUTTON_URL" RAW="1"></ELEMENT>
<ELEMENT ID="CQDPMPM" SUB="HOMEPAGE_URL" TYPE="READONLY" LOAD="URL::HOMEPAGE_URL" RAW="1"></ELEMENT>
<ELEMENT ID="CQDPMPN" SUB="COUNTER_URL" TYPE="READONLY" LOAD="URL::COUNTER_URL" RAW="1"></ELEMENT>
<ELEMENT ID="CQDPMPO" SUB="RETURNS_URL" TYPE="READONLY" LOAD="URL::RETURNS_URL" RAW="1"></ELEMENT>
<ELEMENT ID="CQDPMPP" SUB="PASSWORD_URL" TYPE="READONLY" LOAD="URL::PASSWORD_URL" RAW="1"></ELEMENT>
<ELEMENT ID="CQDPMPQ" SUB="UPDATE_PAYMENT_URL" TYPE="READONLY" LOAD="URL::UPDATE_PAYMENT_URL" RAW="1"></ELEMENT>
<ELEMENT ID="CQDPMPR" SUB="FORGOT_URL" TYPE="READONLY" LOAD="URL::FORGOT_URL" RAW="1"></ELEMENT>
<ELEMENT ID="CQDPMPS" SUB="NAVBUTTON_URL" TYPE="READONLY" LOAD="URL::NAVBUTTON_URL" RAW="1"></ELEMENT>
<ELEMENT ID="CQDPMPT" SUB="CONTACT_URL" TYPE="READONLY" LOAD="URL::CONTACT_URL" RAW="1"></ELEMENT>
<ELEMENT ID="CQDPMPU" SUB="LOGOUT_URL" TYPE="READONLY" LOAD="URL::LOGOUT_URL" RAW="1"></ELEMENT>
<ELEMENT ID="CQDPMPV" SUB="GALLERY_URL" TYPE="READONLY" LOAD="URL::GALLERY_URL" RAW="1"></ELEMENT>
<ELEMENT ID="CQDPMPW" SUB="REMOVE_URL" TYPE="READONLY" LOAD="URL::REMOVE_URL" RAW="1"></ELEMENT>
<ELEMENT ID="CQDPMPX" SUB="HOME_URL" TYPE="READONLY" LOAD="URL::HOME_URL" RAW="1"></ELEMENT>
<ELEMENT ID="CQDPMPY" SUB="ABOUT_ZOOVY_URL" TYPE="READONLY" LOAD="URL::ABOUT_ZOOVY_URL" RAW="1"></ELEMENT>
<ELEMENT ID="CQDPMPZ" SUB="NEWS_URL" TYPE="READONLY" LOAD="URL::NEWS_URL" RAW="1"></ELEMENT>
<ELEMENT ID="CQDPMQA" SUB="SECURE_URL" TYPE="READONLY" LOAD="URL::SECURE_URL" RAW="1"></ELEMENT>
<ELEMENT ID="CQDPMQB" SUB="ABOUT_URL" TYPE="READONLY" LOAD="URL::ABOUT_URL" RAW="1"></ELEMENT>
<ELEMENT ID="CQDPMQC" SUB="USERBUTTON_URL" TYPE="READONLY" LOAD="URL::USERBUTTON_URL" RAW="1"></ELEMENT>
<ELEMENT ID="CQDPMQD" SUB="CLOSED_URL" TYPE="READONLY" LOAD="URL::CLOSED_URL" RAW="1"></ELEMENT>
<ELEMENT ID="CQDPMQE" SUB="FASTORDER_URL" TYPE="READONLY" LOAD="URL::FASTORDER_URL" RAW="1"></ELEMENT>
<ELEMENT ID="CQDPMQF" SUB="MAIL_FORM_URL" TYPE="READONLY" LOAD="URL::MAIL_FORM_URL" RAW="1"></ELEMENT>
<ELEMENT ID="CQDPMQG" SUB="GRAPHICS_URL" TYPE="READONLY" LOAD="URL::GRAPHICS_URL" RAW="1"></ELEMENT>
<ELEMENT ID="CQDPMQH" SUB="IMAGE_URL" TYPE="READONLY" LOAD="URL::IMAGE_URL" RAW="1"></ELEMENT>
<ELEMENT ID="CQDPMQI" SUB="CONTACTUS_URL" TYPE="READONLY" LOAD="URL::CONTACTUS_URL" RAW="1"></ELEMENT>
<ELEMENT ID="CQDPMQJ" SUB="DYNAMIC_URL" TYPE="READONLY" LOAD="URL::DYNAMIC_URL" RAW="1"></ELEMENT>
<ELEMENT ID="CQDPMQK" SUB="NONSECURE_URL" TYPE="READONLY" LOAD="URL::NONSECURE_URL" RAW="1"></ELEMENT>
<ELEMENT ID="CQDPMQL" SUB="CONTACT_US_URL" TYPE="READONLY" LOAD="URL::CONTACT_US_URL" RAW="1"></ELEMENT>
<ELEMENT ID="CQDPMQM" SUB="SEARCH_URL" TYPE="READONLY" LOAD="URL::SEARCH_URL" RAW="1"></ELEMENT>
<ELEMENT ID="CQDPMQN" SUB="ABOUTUS_URL" TYPE="READONLY" LOAD="URL::ABOUTUS_URL" RAW="1"></ELEMENT>
<ELEMENT ID="CQDPMQO" SUB="CUSTOMER_MAIN_URL" TYPE="READONLY" LOAD="URL::CUSTOMER_MAIN_URL" RAW="1"></ELEMENT>
<ELEMENT ID="CQDPMQP" SUB="MERCHANT_LOGIN_URL" TYPE="READONLY" LOAD="URL::MERCHANT_LOGIN_URL" RAW="1"></ELEMENT>
<ELEMENT ID="CQDPMQQ" SUB="CATEGORY_URL" TYPE="READONLY" LOAD="URL::CATEGORY_URL" RAW="1"></ELEMENT>
<ELEMENT ID="CQDPMQR" SUB="ADULT_URL" TYPE="READONLY" LOAD="URL::ADULT_URL" RAW="1"></ELEMENT>
<ELEMENT ID="CQDPMQS" SUB="CLAIM_URL" TYPE="READONLY" LOAD="URL::CLAIM_URL" RAW="1"></ELEMENT>
<ELEMENT ID="CQDPMQT" SUB="CLAIM_MULTI_URL" TYPE="READONLY" LOAD="URL::CLAIM_MULTI_URL" RAW="1"></ELEMENT>
<ELEMENT ID="CQDPMQU" SUB="ABOUT_US_URL" TYPE="READONLY" LOAD="URL::ABOUT_US_URL" RAW="1"></ELEMENT>
<ELEMENT ID="CQDPMQV" SUB="RESULTS_URL" TYPE="READONLY" LOAD="URL::RESULTS_URL" RAW="1"></ELEMENT>
<ELEMENT ID="CQDPMQW" SUB="PRODUCT_URL" TYPE="READONLY" LOAD="URL::PRODUCT_URL" RAW="1"></ELEMENT>
<ELEMENT ID="CQDPMQX" SUB="CONTINUE_URL" TYPE="READONLY" LOAD="URL::CONTINUE_URL" RAW="1"></ELEMENT>
<ELEMENT ID="CQDPMQY" SUB="REDIR_URL" TYPE="READONLY" LOAD="URL::REDIR_URL" RAW="1"></ELEMENT>
<ELEMENT ID="CQDPMQZ" SUB="KILL_COOKIES_URL" TYPE="READONLY" LOAD="URL::KILL_COOKIES_URL" RAW="1"></ELEMENT>
<ELEMENT ID="CQDPMRA" SUB="LOGIN_URL" TYPE="READONLY" LOAD="URL::LOGIN_URL" RAW="1"></ELEMENT>
<ELEMENT ID="CQDPMRB" SUB="CHECKOUT_URL" TYPE="READONLY" LOAD="URL::CHECKOUT_URL" RAW="1"></ELEMENT>
<ELEMENT ID="CQDPMRC" SUB="ORDER_STATUS_URL" TYPE="READONLY" LOAD="URL::ORDER_STATUS_URL" RAW="1"></ELEMENT>
<ELEMENT ID="CQDPMRD" SUB="NO_COOKIES_URL" TYPE="READONLY" LOAD="URL::NO_COOKIES_URL" RAW="1"></ELEMENT>
<ELEMENT ID="CQDPMRE" SUB="PAYPAL_URL" TYPE="READONLY" LOAD="URL::PAYPAL_URL" RAW="1"></ELEMENT>
<ELEMENT ID="CQDPMRF" SUB="CANCEL_ORDER_URL" TYPE="READONLY" LOAD="URL::CANCEL_ORDER_URL" RAW="1"></ELEMENT>
<ELEMENT ID="CQDPMRG" SUB="MAIL_CONFIG_URL" TYPE="READONLY" LOAD="URL::MAIL_CONFIG_URL" RAW="1"></ELEMENT>
<ELEMENT ID="CQDPMRH" SUB="DISABLED_URL" TYPE="READONLY" LOAD="URL::DISABLED_URL" RAW="1"></ELEMENT>
<ELEMENT ID="CQDPMRI" COLORS="128" TYPE="CONFIG" CATEGORIES="32768" CREATED="20041110" TITLE="" THEME="bidabit" PROPERTIES="11" SITEBUTTONS="bobutton"></ELEMENT>
<ELEMENT ID="CQDPMRJ" TYPE="OUTPUT"><HTML><![CDATA[<!DOCTYPE HTML PUBLIC "-//W3C//DTD HTML 4.01 Transitional//EN"
"http://www.w3.org/TR/html4/loose.dtd">
<html>
<head>
]]></HTML>
</ELEMENT>
<ELEMENT ID="CQDPMRK" TYPE="HEAD"></ELEMENT>
<ELEMENT ID="CQDPMRL" TYPE="OUTPUT"><HTML><![CDATA[
<style type="text/css">
body	{margin: 8px; background-color: #FFFFFF; font-family: Arial, Helvetica, sans-serif; color: #000000;}
h1		{margin: 0px; font-size: 11pt; color: #7C94CA;}
a	{color: #000099;}
a:hover	{color: #7C94CA; text-decoration: underline;}
.cats	{font-size: 10pt; text-decoration: none; font-weight: bold;}
.minicart	{font-size: 8pt;}
.menu	{color: #ffffff; text-decoration: none;}
.light	{background-color: #7C94CA;}
.medium	{background-color: #CCCCCC;}
.dark	{background-color: #000099;}
.stroke	{background-color: #000099;}
.outline	{border-style: solid; border-width: 1px; border-color: #000099;}

.formed	{border-style: solid; border-width: 1px; border-color: #000099; background-color: #ffffff; font-size: 9pt; color: #000000; font-family: Arial, Helvetica, sans-serif;}
.button	{border-style: solid; border-width: 1px; border-color: #000099; background-color: #ffffff; font-size: 8pt; color: #000099; font-family: Arial, Helvetica, sans-serif;}
</style>
</head>
<body>
<table cellspacing="0" cellpadding="0" border="0"><tr>
	<td width="8" rowspan="2"></td>
	<td colspan="3" class="stroke" height="1"></td>
</tr><tr>
	<td width="1" class="stroke"></td>
	<td><h1>&nbsp;&#8250;&#8250;&nbsp;]]></HTML>
</ELEMENT>
<ELEMENT ID="CQDPMRM" TYPE="TITLE"></ELEMENT>
<ELEMENT ID="CQDPMRN" TYPE="OUTPUT"><HTML><![CDATA[&nbsp;</h1></td>
	<td width="1" class="stroke"></td>
</tr></table>
<table cellspacing="0" cellpadding="0" border="0" width="100%" class="outline"><tr>
	<td height="60"><a href="%HOME_URL%">]]></HTML>
</ELEMENT>
<ELEMENT ID="CQDPMRO" HEIGHT="60" WIDTH="300" BGCOLOR="FFFFFF" TYPE="LOGO"></ELEMENT>
<ELEMENT ID="CQDPMRP" TYPE="OUTPUT"><HTML><![CDATA[</a></td>
	<td></td>
</tr><tr>
	<td colspan="2" class="stroke" height="1"></td>
</tr><tr>
	<td colspan="2" class="dark" height="20"><span style="font-size: 9pt; color: #FFFFFF;">&nbsp;<a href="%HOME_URL%" class="menu">Home</a>&nbsp;&nbsp;<b>&#183;</b>&nbsp;&nbsp;<a href="%ABOUT_URL%" class="menu">Company Information</a>&nbsp;&nbsp;<b>&#183;</b>&nbsp;&nbsp;<a href="%CONTACT_URL%" class="menu">Contact Us</a>&nbsp;&nbsp;<b>&#183;</b>&nbsp;&nbsp;<a href="%LOGIN_URL%" class="menu">My Account</a>&nbsp;&nbsp;<b>&#183;</b>&nbsp;&nbsp;<a href="%CART_URL%" class="menu">Cart</a>&nbsp;&nbsp;<b>&#183;</b>&nbsp;&nbsp;<a href="%CHECKOUT_URL%" class="menu">Checkout</a>&nbsp;</span></td>
</tr></table>
<table cellspacing=0 cellpadding=0 border=0 width="100%"><tr>
	<td valign="top" width="10%"><table cellspacing="0" cellpadding="0" border="0" width="100%"><tr>
		<td width="1" class="stroke"><img src="%GRAPHICS_URL%/blank.gif" height="1" width="1"></td>
		<td><table cellspacing="0" cellpadding="0" width="100%"><tr>
			<td align="left"><table cellspacing="3" border="0" cellpadding="0">
<tr><td align="right" NOWRAP><span class="minicart">Items in Cart: </span></td><td width="75">]]></HTML>
</ELEMENT>
<ELEMENT ID="CQDPMRQ" TYPE="MINICART" CSSCLASS="minicart" ITEMSONLY="1"></ELEMENT>
<ELEMENT ID="CQDPMRR" TYPE="OUTPUT"><HTML><![CDATA[
</td></tr><tr><td align="right"><span class="minicart">Subotal: </span></td><td>]]></HTML>
</ELEMENT>
<ELEMENT ID="CQDPMRS" SUBTOTALONLY="1" TYPE="MINICART" CSSCLASS="minicart"></ELEMENT>
<ELEMENT ID="CQDPMRT" TYPE="OUTPUT"><HTML><![CDATA[
</td></tr></table></td>
		</tr><tr>
			<td class="stroke" height="1"></td>
		</tr><tr>
			<td class="light" align="left" height="50"><table cellspacing="3" cellpadding="0"><tr><td colspan="2" align="left"><span class="minicart"><strong>Product Search:</strong></span></td></tr><form action="%RESULTS_URL%" method="get"><input type="hidden" name="catalog" value=""><tr>
				<td><input type="text" name="keywords" value="" class="formed" size="14"></td>
				<td><input type="submit" class="button" value="Search" ></td>
			</tr></form></table></td>
		</tr><tr>
			<td class="stroke" height="1"></td>
		</tr><tr>
			<td><table cellspacing="3" cellpadding="0" width="180">]]></HTML>
</ELEMENT>
<ELEMENT ID="CQDPMRU" NOHOME="1" TYPE="MENU"><HTML><![CDATA[<tr><td width="10" align="left" valign="top"><span class="cats" style="font-size: 12pt;"><b>&#8250;&#8250;&nbsp;</b></span></td><td><a href="%URL%" target="%TARGET%" class="cats"><b>%MESSAGE%</b></a></td></tr>]]></HTML>
<DIVIDER><![CDATA[<tr><td colspan="2" class="medium" height="1"></td></tr>]]></DIVIDER>
</ELEMENT>
<ELEMENT ID="CQDPMRV" TYPE="OUTPUT"><HTML><![CDATA[
				
			<tr><td colspan="2" height="5"></td></tr></table></td>
		</tr><tr>
			<td class="stroke" height="1"></td>
		</tr><tr>
			<td class="light" align="left"><table cellspacing="3" cellpadding="0"><tr><td colspan="2" align="left"><span class="minicart"><strong>Newsletter Subscription:</strong></span></td></tr><form action="%SUBSCRIBE_URL%" method="post"><input type="hidden" name="check" value="1"><tr>
				<td align="left"><span class="minicart">Email</span></td>
				<td align="right"><input type="text" size="14" maxlength="50" name="email" value="" class="formed"></td>
			</tr><tr>
				<td align="left"><span class="minicart">Name</span></td>
				<td align="right"><input type="text" size="14" maxlength="50" name="fullname" value="" class="formed"></td>
			</tr><tr>
				<td colspan="2" align="right"><input type="submit" value="Subscribe" class="button"></td>
			</tr></form></table></td>
		</tr><tr>
			<td class="stroke" height="1"></td>
		</tr></table><br>]]></HTML>
</ELEMENT>
<ELEMENT ID="CQDPMRW" TYPE="SIDEBAR"></ELEMENT>
<ELEMENT ID="CQDPMRX" TYPE="OUTPUT"><HTML><![CDATA[</td>
		<td width="1" class="stroke"><img src="%GRAPHICS_URL%/blank.gif" height="1" width="1"></td>
	</tr><tr>
		<td height="1" colspan="3" class="stroke"></td>
	</tr></table></td>
	<td valign="top" width="90%" align="left"><table cellspacing=0 cellpadding=0><tr>
		<td NOWRAP align="left"><span style="font-size: 11pt;"><b>&nbsp;&#8250;&#8250;&nbsp;</b></span><span style="font-size: 10pt;">]]></HTML>
</ELEMENT>
<ELEMENT ID="CQDPMRY" TYPE="BREADCRUMB" DIVIDER="&amp;nbsp;&amp;#8250;&amp;nbsp;" STYLE="LEGACYBREADCRUMB"><HTML><![CDATA[<a href="%URL%" style="text-decoration: none;">%MESSAGE%</a>]]></HTML>
</ELEMENT>
<ELEMENT ID="CQDPMRZ" TYPE="OUTPUT"><HTML><![CDATA[</span></td>
		<td width="25">
		<td width="1" class="stroke"></td>
	</tr><tr>
		<td colspan="3" class="stroke" height="1"></td>
	</tr></table>]]></HTML>
</ELEMENT>
<ELEMENT ID="CQDPMSA" TYPE="BODY"></ELEMENT>
<ELEMENT ID="CQDPMSB" TYPE="OUTPUT"><HTML><![CDATA[</td>
</tr></table><br>
<table cellspacing="0" cellpadding="0" border="0" width="100%" class="outline"><tr>
	<td colspan="2" class="dark" height="20"><span style="font-size: 9pt; color: #FFFFFF;">&nbsp;<a href="%HOME_URL%" class="menu">Home</a>&nbsp;&nbsp;<b>&#183;</b>&nbsp;&nbsp;<a href="%ABOUT_URL%" class="menu">Company Information</a>&nbsp;&nbsp;<b>&#183;</b>&nbsp;&nbsp;<a href="%CONTACT_URL%" class="menu">Contact Us</a>&nbsp;&nbsp;<b>&#183;</b>&nbsp;&nbsp;<a href="%LOGIN_URL%" class="menu">My Account</a>&nbsp;&nbsp;<b>&#183;</b>&nbsp;&nbsp;<a href="%CART_URL%" class="menu">Cart</a>&nbsp;&nbsp;<b>&#183;</b>&nbsp;&nbsp;<a href="%CHECKOUT_URL%" class="menu">Checkout</a>&nbsp;</span></td></tr><tr>
	<td colspan="2" class="stroke" height="1"></td>
</tr><tr>
	<td>]]></HTML>
</ELEMENT>
<ELEMENT ID="CQDPMSC" TYPE="FOOTER" TRANSPARENT="TRUE"></ELEMENT>
<ELEMENT ID="CQDPMSD" TYPE="OUTPUT"><HTML><![CDATA[</td>
	<td align="right"><a href="%HOME_URL%">]]></HTML>
</ELEMENT>
<ELEMENT ID="CQDPMSE" HEIGHT="40" WIDTH="200" BGCOLOR="FFFFFF" TYPE="LOGO"></ELEMENT>
<ELEMENT ID="CQDPMSF" TYPE="OUTPUT"><HTML><![CDATA[</a></td>
	
</tr></table>

</body>
</html>
]]></HTML>
</ELEMENT>

</TEMPLATE>