<TEMPLATE ID="parts" FORMAT="WRAPPER">


<!-- ******* -->
<ELEMENT ID="CQDPKGJ" SUB="LINK_VISITED_TEXT_COLOR" TYPE="READONLY" LOAD="THEME::LINK_VISITED_TEXT_COLOR" RAW="1"></ELEMENT>
<ELEMENT ID="CQDPKGK" SUB="TABLE_HEADING_FONT_SIZE" TYPE="READONLY" LOAD="THEME::TABLE_HEADING_FONT_SIZE" RAW="1"></ELEMENT>
<ELEMENT ID="CQDPKGL" SUB="DISCLAIMER_FONT_SIZE" TYPE="READONLY" LOAD="THEME::DISCLAIMER_FONT_SIZE" RAW="1"></ELEMENT>
<ELEMENT ID="CQDPKGM" SUB="CONTENT_BACKGROUND_COLOR" TYPE="READONLY" LOAD="THEME::CONTENT_BACKGROUND_COLOR" RAW="1"></ELEMENT>
<ELEMENT ID="CQDPKGN" SUB="TABLE_LISTING_BACKGROUND_COLOR" TYPE="READONLY" LOAD="THEME::TABLE_LISTING_BACKGROUND_COLOR" RAW="1"></ELEMENT>
<ELEMENT ID="CQDPKGO" SUB="CONTENT_TEXT_COLOR" TYPE="READONLY" LOAD="THEME::CONTENT_TEXT_COLOR" RAW="1"></ELEMENT>
<ELEMENT ID="CQDPKGP" SUB="TABLE_LISTING_FONT_SIZE" TYPE="READONLY" LOAD="THEME::TABLE_LISTING_FONT_SIZE" RAW="1"></ELEMENT>
<ELEMENT ID="CQDPKGQ" SUB="TABLE_LISTING_TEXT_COLOR" TYPE="READONLY" LOAD="THEME::TABLE_LISTING_TEXT_COLOR" RAW="1"></ELEMENT>
<ELEMENT ID="CQDPKGR" SUB="TABLE_LISTING_FONT_FACE" TYPE="READONLY" LOAD="THEME::TABLE_LISTING_FONT_FACE" RAW="1"></ELEMENT>
<ELEMENT ID="CQDPKGS" SUB="CONTENT_FONT_FACE" TYPE="READONLY" LOAD="THEME::CONTENT_FONT_FACE" RAW="1"></ELEMENT>
<ELEMENT ID="CQDPKGT" SUB="NAME" TYPE="READONLY" LOAD="THEME::NAME" RAW="1"></ELEMENT>
<ELEMENT ID="CQDPKGU" SUB="DISCLAIMER_FONT_FACE" TYPE="READONLY" LOAD="THEME::DISCLAIMER_FONT_FACE" RAW="1"></ELEMENT>
<ELEMENT ID="CQDPKGV" SUB="PRETTY_NAME" TYPE="READONLY" LOAD="THEME::PRETTY_NAME" RAW="1"></ELEMENT>
<ELEMENT ID="CQDPKGW" SUB="TABLE_HEADING_BACKGROUND_COLOR" TYPE="READONLY" LOAD="THEME::TABLE_HEADING_BACKGROUND_COLOR" RAW="1"></ELEMENT>
<ELEMENT ID="CQDPKGX" SUB="TABLE_LISTING_BACKGROUND_COLOR_ALTERNATE" TYPE="READONLY" LOAD="THEME::TABLE_LISTING_BACKGROUND_COLOR_ALTERNATE" RAW="1"></ELEMENT>
<ELEMENT ID="CQDPKGY" SUB="LINK_ACTIVE_TEXT_COLOR" TYPE="READONLY" LOAD="THEME::LINK_ACTIVE_TEXT_COLOR" RAW="1"></ELEMENT>
<ELEMENT ID="CQDPKGZ" SUB="CONTENT_FONT_SIZE" TYPE="READONLY" LOAD="THEME::CONTENT_FONT_SIZE" RAW="1"></ELEMENT>
<ELEMENT ID="CQDPKHA" SUB="ALERT_COLOR" TYPE="READONLY" LOAD="THEME::ALERT_COLOR" RAW="1"></ELEMENT>
<ELEMENT ID="CQDPKHB" SUB="DISCLAIMER_BACKGROUND_COLOR" TYPE="READONLY" LOAD="THEME::DISCLAIMER_BACKGROUND_COLOR" RAW="1"></ELEMENT>
<ELEMENT ID="CQDPKHC" SUB="TABLE_HEADING_FONT_FACE" TYPE="READONLY" LOAD="THEME::TABLE_HEADING_FONT_FACE" RAW="1"></ELEMENT>
<ELEMENT ID="CQDPKHD" SUB="TABLE_HEADING_TEXT_COLOR" TYPE="READONLY" LOAD="THEME::TABLE_HEADING_TEXT_COLOR" RAW="1"></ELEMENT>
<ELEMENT ID="CQDPKHE" SUB="DISCLAIMER_TEXT_COLOR" TYPE="READONLY" LOAD="THEME::DISCLAIMER_TEXT_COLOR" RAW="1"></ELEMENT>
<ELEMENT ID="CQDPKHF" SUB="LINK_TEXT_COLOR" TYPE="READONLY" LOAD="THEME::LINK_TEXT_COLOR" RAW="1"></ELEMENT>
<ELEMENT ID="CQDPKHG" SUB="HOMECATEGORY_URL" TYPE="READONLY" LOAD="URL::HOMECATEGORY_URL" RAW="1"></ELEMENT>
<ELEMENT ID="CQDPKHH" SUB="WRAPPER_URL" TYPE="READONLY" LOAD="URL::WRAPPER_URL" RAW="1"></ELEMENT>
<ELEMENT ID="CQDPKHI" SUB="CART_URL" TYPE="READONLY" LOAD="URL::CART_URL" RAW="1"></ELEMENT>
<ELEMENT ID="CQDPKHJ" SUB="SUBSCRIBE_URL" TYPE="READONLY" LOAD="URL::SUBSCRIBE_URL" RAW="1"></ELEMENT>
<ELEMENT ID="CQDPKHK" SUB="FEEDBACK_URL" TYPE="READONLY" LOAD="URL::FEEDBACK_URL" RAW="1"></ELEMENT>
<ELEMENT ID="CQDPKHL" SUB="LOGOUT_FUNCTION_URL" TYPE="READONLY" LOAD="URL::LOGOUT_FUNCTION_URL" RAW="1"></ELEMENT>
<ELEMENT ID="CQDPKHM" SUB="SHIPQUOTE_URL" TYPE="READONLY" LOAD="URL::SHIPQUOTE_URL" RAW="1"></ELEMENT>
<ELEMENT ID="CQDPKHN" SUB="PRIVACY_URL" TYPE="READONLY" LOAD="URL::PRIVACY_URL" RAW="1"></ELEMENT>
<ELEMENT ID="CQDPKHO" SUB="SITEBUTTON_URL" TYPE="READONLY" LOAD="URL::SITEBUTTON_URL" RAW="1"></ELEMENT>
<ELEMENT ID="CQDPKHP" SUB="HOMEPAGE_URL" TYPE="READONLY" LOAD="URL::HOMEPAGE_URL" RAW="1"></ELEMENT>
<ELEMENT ID="CQDPKHQ" SUB="COUNTER_URL" TYPE="READONLY" LOAD="URL::COUNTER_URL" RAW="1"></ELEMENT>
<ELEMENT ID="CQDPKHR" SUB="RETURNS_URL" TYPE="READONLY" LOAD="URL::RETURNS_URL" RAW="1"></ELEMENT>
<ELEMENT ID="CQDPKHS" SUB="PASSWORD_URL" TYPE="READONLY" LOAD="URL::PASSWORD_URL" RAW="1"></ELEMENT>
<ELEMENT ID="CQDPKHT" SUB="UPDATE_PAYMENT_URL" TYPE="READONLY" LOAD="URL::UPDATE_PAYMENT_URL" RAW="1"></ELEMENT>
<ELEMENT ID="CQDPKHU" SUB="FORGOT_URL" TYPE="READONLY" LOAD="URL::FORGOT_URL" RAW="1"></ELEMENT>
<ELEMENT ID="CQDPKHV" SUB="NAVBUTTON_URL" TYPE="READONLY" LOAD="URL::NAVBUTTON_URL" RAW="1"></ELEMENT>
<ELEMENT ID="CQDPKHW" SUB="CONTACT_URL" TYPE="READONLY" LOAD="URL::CONTACT_URL" RAW="1"></ELEMENT>
<ELEMENT ID="CQDPKHX" SUB="LOGOUT_URL" TYPE="READONLY" LOAD="URL::LOGOUT_URL" RAW="1"></ELEMENT>
<ELEMENT ID="CQDPKHY" SUB="GALLERY_URL" TYPE="READONLY" LOAD="URL::GALLERY_URL" RAW="1"></ELEMENT>
<ELEMENT ID="CQDPKHZ" SUB="REMOVE_URL" TYPE="READONLY" LOAD="URL::REMOVE_URL" RAW="1"></ELEMENT>
<ELEMENT ID="CQDPKIA" SUB="HOME_URL" TYPE="READONLY" LOAD="URL::HOME_URL" RAW="1"></ELEMENT>
<ELEMENT ID="CQDPKIB" SUB="ABOUT_ZOOVY_URL" TYPE="READONLY" LOAD="URL::ABOUT_ZOOVY_URL" RAW="1"></ELEMENT>
<ELEMENT ID="CQDPKIC" SUB="NEWS_URL" TYPE="READONLY" LOAD="URL::NEWS_URL" RAW="1"></ELEMENT>
<ELEMENT ID="CQDPKID" SUB="SECURE_URL" TYPE="READONLY" LOAD="URL::SECURE_URL" RAW="1"></ELEMENT>
<ELEMENT ID="CQDPKIE" SUB="ABOUT_URL" TYPE="READONLY" LOAD="URL::ABOUT_URL" RAW="1"></ELEMENT>
<ELEMENT ID="CQDPKIF" SUB="USERBUTTON_URL" TYPE="READONLY" LOAD="URL::USERBUTTON_URL" RAW="1"></ELEMENT>
<ELEMENT ID="CQDPKIG" SUB="CLOSED_URL" TYPE="READONLY" LOAD="URL::CLOSED_URL" RAW="1"></ELEMENT>
<ELEMENT ID="CQDPKIH" SUB="FASTORDER_URL" TYPE="READONLY" LOAD="URL::FASTORDER_URL" RAW="1"></ELEMENT>
<ELEMENT ID="CQDPKII" SUB="MAIL_FORM_URL" TYPE="READONLY" LOAD="URL::MAIL_FORM_URL" RAW="1"></ELEMENT>
<ELEMENT ID="CQDPKIJ" SUB="GRAPHICS_URL" TYPE="READONLY" LOAD="URL::GRAPHICS_URL" RAW="1"></ELEMENT>
<ELEMENT ID="CQDPKIK" SUB="IMAGE_URL" TYPE="READONLY" LOAD="URL::IMAGE_URL" RAW="1"></ELEMENT>
<ELEMENT ID="CQDPKIL" SUB="CONTACTUS_URL" TYPE="READONLY" LOAD="URL::CONTACTUS_URL" RAW="1"></ELEMENT>
<ELEMENT ID="CQDPKIM" SUB="DYNAMIC_URL" TYPE="READONLY" LOAD="URL::DYNAMIC_URL" RAW="1"></ELEMENT>
<ELEMENT ID="CQDPKIN" SUB="NONSECURE_URL" TYPE="READONLY" LOAD="URL::NONSECURE_URL" RAW="1"></ELEMENT>
<ELEMENT ID="CQDPKIO" SUB="CONTACT_US_URL" TYPE="READONLY" LOAD="URL::CONTACT_US_URL" RAW="1"></ELEMENT>
<ELEMENT ID="CQDPKIP" SUB="SEARCH_URL" TYPE="READONLY" LOAD="URL::SEARCH_URL" RAW="1"></ELEMENT>
<ELEMENT ID="CQDPKIQ" SUB="ABOUTUS_URL" TYPE="READONLY" LOAD="URL::ABOUTUS_URL" RAW="1"></ELEMENT>
<ELEMENT ID="CQDPKIR" SUB="CUSTOMER_MAIN_URL" TYPE="READONLY" LOAD="URL::CUSTOMER_MAIN_URL" RAW="1"></ELEMENT>
<ELEMENT ID="CQDPKIS" SUB="MERCHANT_LOGIN_URL" TYPE="READONLY" LOAD="URL::MERCHANT_LOGIN_URL" RAW="1"></ELEMENT>
<ELEMENT ID="CQDPKIT" SUB="CATEGORY_URL" TYPE="READONLY" LOAD="URL::CATEGORY_URL" RAW="1"></ELEMENT>
<ELEMENT ID="CQDPKIU" SUB="ADULT_URL" TYPE="READONLY" LOAD="URL::ADULT_URL" RAW="1"></ELEMENT>
<ELEMENT ID="CQDPKIV" SUB="CLAIM_URL" TYPE="READONLY" LOAD="URL::CLAIM_URL" RAW="1"></ELEMENT>
<ELEMENT ID="CQDPKIW" SUB="CLAIM_MULTI_URL" TYPE="READONLY" LOAD="URL::CLAIM_MULTI_URL" RAW="1"></ELEMENT>
<ELEMENT ID="CQDPKIX" SUB="ABOUT_US_URL" TYPE="READONLY" LOAD="URL::ABOUT_US_URL" RAW="1"></ELEMENT>
<ELEMENT ID="CQDPKIY" SUB="RESULTS_URL" TYPE="READONLY" LOAD="URL::RESULTS_URL" RAW="1"></ELEMENT>
<ELEMENT ID="CQDPKIZ" SUB="PRODUCT_URL" TYPE="READONLY" LOAD="URL::PRODUCT_URL" RAW="1"></ELEMENT>
<ELEMENT ID="CQDPKJA" SUB="CONTINUE_URL" TYPE="READONLY" LOAD="URL::CONTINUE_URL" RAW="1"></ELEMENT>
<ELEMENT ID="CQDPKJB" SUB="REDIR_URL" TYPE="READONLY" LOAD="URL::REDIR_URL" RAW="1"></ELEMENT>
<ELEMENT ID="CQDPKJC" SUB="KILL_COOKIES_URL" TYPE="READONLY" LOAD="URL::KILL_COOKIES_URL" RAW="1"></ELEMENT>
<ELEMENT ID="CQDPKJD" SUB="LOGIN_URL" TYPE="READONLY" LOAD="URL::LOGIN_URL" RAW="1"></ELEMENT>
<ELEMENT ID="CQDPKJE" SUB="CHECKOUT_URL" TYPE="READONLY" LOAD="URL::CHECKOUT_URL" RAW="1"></ELEMENT>
<ELEMENT ID="CQDPKJF" SUB="ORDER_STATUS_URL" TYPE="READONLY" LOAD="URL::ORDER_STATUS_URL" RAW="1"></ELEMENT>
<ELEMENT ID="CQDPKJG" SUB="NO_COOKIES_URL" TYPE="READONLY" LOAD="URL::NO_COOKIES_URL" RAW="1"></ELEMENT>
<ELEMENT ID="CQDPKJH" SUB="PAYPAL_URL" TYPE="READONLY" LOAD="URL::PAYPAL_URL" RAW="1"></ELEMENT>
<ELEMENT ID="CQDPKJI" SUB="CANCEL_ORDER_URL" TYPE="READONLY" LOAD="URL::CANCEL_ORDER_URL" RAW="1"></ELEMENT>
<ELEMENT ID="CQDPKJJ" SUB="MAIL_CONFIG_URL" TYPE="READONLY" LOAD="URL::MAIL_CONFIG_URL" RAW="1"></ELEMENT>
<ELEMENT ID="CQDPKJK" SUB="DISABLED_URL" TYPE="READONLY" LOAD="URL::DISABLED_URL" RAW="1"></ELEMENT>
<ELEMENT ID="CQDPKJL" TYPE="OUTPUT"><HTML><![CDATA[<!DOCTYPE HTML PUBLIC "-//W3C//DTD HTML 4.01 Transitional//EN">
]]></HTML>
</ELEMENT>
<ELEMENT ID="CQDPKJM" COLORS="16" TYPE="CONFIG" CATEGORIES="32768" CREATED="20030630" TITLE="Parts" THEME="parts" PROPERTIES="10" SITEBUTTONS="parts"></ELEMENT>
<ELEMENT ID="CQDPKJN" TYPE="OUTPUT"><HTML><![CDATA[
<html>
<head>

]]></HTML>
</ELEMENT>
<ELEMENT ID="CQDPKJO" TYPE="HEAD"></ELEMENT>
<ELEMENT ID="CQDPKJP" TYPE="OUTPUT"><HTML><![CDATA[
<style rel="STYLESHEET" type="text/css">
body	{margin: 0px;}
form	{display: inline;}
.title	{font-family: verdana, sans_serif; font-size: 14px; color: #333366; font-weight: bold;}
.formed	{border-color:#333333; background-color:#ffffff; color:#333366; font-family: verdana,sans-serif;}
</style>
</head>
<script language="JavaScript">
<!--
initialized = 0;
]]></HTML>
</ELEMENT>
<ELEMENT ID="CQDPKJQ" HTML="rollover_%NUM%_on = new Image;%BREAK%rollover_%NUM%_on.src = &quot;%SRC%&quot;;%BREAK%" WIDTH="156" NOHOME="1" TYPE="MENU" BUTTONTYPE="parts_on" ONLYHOME="0"></ELEMENT>
<ELEMENT ID="CQDPKJR" HTML="rollover_%NUM%_off = new Image;%BREAK%rollover_%NUM%_off.src = &quot;%SRC%&quot;;%BREAK%" WIDTH="156" NOHOME="1" TYPE="MENU" BUTTONTYPE="parts_off" ONLYHOME="0"></ELEMENT>
<ELEMENT ID="CQDPKJS" TYPE="OUTPUT"><HTML><![CDATA[initialized = 1;
function on(imageNumber) {
if (!initialized || !document.images) return;
document.images[eval("\"roll_"+imageNumber+"\"")].src = eval("rollover_"+imageNumber+"_on.src");
}
function off(imageNumber) {
if (!initialized || !document.images) return;
document.images[eval("\"roll_"+imageNumber+"\"")].src = eval("rollover_"+imageNumber+"_off.src");
}
// -->
</script>

<body bgcolor="#f0f0f0">

<table cellspacing=0 cellpadding=0 border=0 width=100% height=100%>
	<tr>
		<td width=198 valign="top" background="%WRAPPER_URL%/left_bg.jpg"><img src="%WRAPPER_URL%/top.jpg" width="198" height="97" alt="" border="0"><br><table cellspacing=0 cellpadding=0 border=0 width=198><tr><td width=24 background="%WRAPPER_URL%/cats_left.gif"><img src="%WRAPPER_URL%/cats_left.gif" width="24" height="1" alt="" border="0"></td><td background="%WRAPPER_URL%/cats_bg.gif"><table cellspacing=0 cellpadding=0 border=0 width=100%><tr><td height=1 bgcolor="#093574"><img src="%GRAPHICS_URL%/blank.gif" height=1 width=1></td></tr><tr><td height=1 bgcolor="#DCF1FF"><img src="%GRAPHICS_URL%/blank.gif" height=1 width=1></td></tr><tr><td>]]></HTML>
</ELEMENT>
<ELEMENT ID="CQDPKJT" WIDTH="156" NOHOME="1" TYPE="MENU" BUTTONTYPE="parts_off" ONLYHOME="0"><HTML><![CDATA[<tr><td><a href="%URL%" OnMouseOver="on(%NUM%)" OnMouseOut="off(%NUM%)"><img src="%SRC%" width="%WIDTH%" height="%HEIGHT%" border="0" name="roll_%NUM%"></a></td></tr><tr><td height=1 bgcolor="#093574"><img src="%GRAPHICS_URL%/blank.gif" height=1 width=1></td></tr><tr><td height=1 bgcolor="#DCF1FF"><img src="%GRAPHICS_URL%/blank.gif" height=1 width=1></td></tr>]]></HTML>
</ELEMENT>
<ELEMENT ID="CQDPKJU" TYPE="OUTPUT"><HTML><![CDATA[</td></tr></table>
</td><td width=18 background="%WRAPPER_URL%/cats_right.gif"><img src="%WRAPPER_URL%/cats_right.gif" width="18" height="1" alt="" border="0"></td></tr></table><img src="%WRAPPER_URL%/bottom.jpg" width="198" height="90" alt="" border="0"><table><tr><td>]]></HTML>
</ELEMENT>
<ELEMENT ID="CQDPKJV" TYPE="SIDEBAR"></ELEMENT>
<ELEMENT ID="CQDPKJW" TYPE="OUTPUT"><HTML><![CDATA[</td></tr></table></td>
		<td valign="top"><form action="%RESULTS_URL%" method="get"><input type="hidden" name="catalog" value=""><table cellspacing=0 cellpadding=0 height=59 width=100% border=0><tr><td width=20><img src="%GRAPHICS_URL%/blank.gif" height=1 width=20></td><td width=300><a href="%HOME_URL%">]]></HTML>
</ELEMENT>
<ELEMENT ID="CQDPKJX" HEIGHT="55" WIDTH="300" TYPE="LOGO"></ELEMENT>
<ELEMENT ID="CQDPKJY" TYPE="OUTPUT"><HTML><![CDATA[</a></td><td align="right"><input type="text" name="keywords" value="" size="14z" maxlength="25" class="formed"><br>
<input type="submit" value="Search" class="formed" style=" font-size: 10px;"></td><td width=20><img src="%GRAPHICS_URL%/blank.gif" height=1 width=20></td></tr></table></form>
<table cellspacing=0 cellpadding=0 border=0 width=100%><tr><td background="%WRAPPER_URL%/menu_bg.gif"><img src="%WRAPPER_URL%/menu_bg.gif" width="1" height="27" alt="" border="0"></td>
<td width=82><a href="%HOME_URL%" onMouseOver="document.home.src='%WRAPPER_URL%/button_home_on.gif';" onMouseOut="document.home.src='%WRAPPER_URL%/button_home_off.gif';" ><img src="%WRAPPER_URL%/button_home_off.gif" width="82" height="27" name="home" alt="Home" border="0"></a></td>
<td width=10 background="%WRAPPER_URL%/menu_bg.gif"><img src="%WRAPPER_URL%/menu_bg.gif" width="10" height="27" alt="" border="0"></td>
<td width=82><a href="%CART_URL%" onMouseOver="document.cart.src='%WRAPPER_URL%/button_cart_on.gif';" onMouseOut="document.cart.src='%WRAPPER_URL%/button_cart_off.gif';" ><img src="%WRAPPER_URL%/button_cart_off.gif" width="82" height="27" alt="View Cart" name="cart" border="0"></a></td>
<td width=10 background="%WRAPPER_URL%/menu_bg.gif"><img src="%WRAPPER_URL%/menu_bg.gif" width="10" height="27" alt="" border="0"></td>
<td width=82><a href="%LOGIN_URL%" onMouseOver="document.login.src='%WRAPPER_URL%/button_login_on.gif';" onMouseOut="document.login.src='%WRAPPER_URL%/button_login_off.gif';" ><img src="%WRAPPER_URL%/button_login_off.gif" width="82" height="27" alt="Account Login" name="login" border="0"></a></td>
<td width=10 background="%WRAPPER_URL%/menu_bg.gif"><img src="%WRAPPER_URL%/menu_bg.gif" width="10" height="27" alt="" border="0"></td>
<td width=82><a href="%CONTACT_URL%" onMouseOver="document.contact.src='%WRAPPER_URL%/button_contact_on.gif';" onMouseOut="document.contact.src='%WRAPPER_URL%/button_contact_off.gif';" ><img src="%WRAPPER_URL%/button_contact_off.gif" width="82" height="27" alt="Contact" name="contact" border="0"></a></td>
<td width=10 background="%WRAPPER_URL%/menu_bg.gif"><img src="%WRAPPER_URL%/menu_bg.gif" width="10" height="27" alt="" border="0"></td>
<td width=82><a href="%ABOUT_URL%" onMouseOver="document.about.src='%WRAPPER_URL%/button_about_on.gif';" onMouseOut="document.about.src='%WRAPPER_URL%/button_about_off.gif';" ><img src="%WRAPPER_URL%/button_about_off.gif" width="82" height="27" name="about" alt="Company Info" border="0"></a></td>
<td width=20 background="%WRAPPER_URL%/menu_bg.gif"><img src="%WRAPPER_URL%/menu_bg.gif" width="20" height="27" alt="" border="0"></td></tr></table>
<table cellspacing=0 cellpadding=0 border=0 width=100%><tr><td background="%WRAPPER_URL%/menu_shadow.gif"><img src="%WRAPPER_URL%/menu_shadow.gif" width="1" height="10" alt="" border="0"></td></tr></table><table cellpadding=5 width=100%><tr><td><p class="title">]]></HTML>
</ELEMENT>
<ELEMENT ID="CQDPKJZ" TYPE="TITLE"></ELEMENT>
<ELEMENT ID="CQDPKKA" TYPE="OUTPUT"><HTML><![CDATA[</p>]]></HTML>
</ELEMENT>
<ELEMENT ID="CQDPKKB" TYPE="BODY"></ELEMENT>
<ELEMENT ID="CQDPKKC" TYPE="OUTPUT"><HTML><![CDATA[<p>]]></HTML>
</ELEMENT>
<ELEMENT ID="CQDPKKD" TYPE="FOOTER"></ELEMENT>
<ELEMENT ID="CQDPKKE" TYPE="OUTPUT"><HTML><![CDATA[</p></td></tr></table>
</td>
	</tr>
</table>

</body>
</html>
]]></HTML>
</ELEMENT>

</TEMPLATE>