<TEMPLATE ID="pinknpurp" FORMAT="WRAPPER">


<!-- ******* -->
<ELEMENT ID="CQDOSMU" SUB="LINK_VISITED_TEXT_COLOR" TYPE="READONLY" LOAD="THEME::LINK_VISITED_TEXT_COLOR" RAW="1"></ELEMENT>
<ELEMENT ID="CQDOSMV" SUB="TABLE_HEADING_FONT_SIZE" TYPE="READONLY" LOAD="THEME::TABLE_HEADING_FONT_SIZE" RAW="1"></ELEMENT>
<ELEMENT ID="CQDOSMW" SUB="DISCLAIMER_FONT_SIZE" TYPE="READONLY" LOAD="THEME::DISCLAIMER_FONT_SIZE" RAW="1"></ELEMENT>
<ELEMENT ID="CQDOSMX" SUB="CONTENT_BACKGROUND_COLOR" TYPE="READONLY" LOAD="THEME::CONTENT_BACKGROUND_COLOR" RAW="1"></ELEMENT>
<ELEMENT ID="CQDOSMY" SUB="TABLE_LISTING_BACKGROUND_COLOR" TYPE="READONLY" LOAD="THEME::TABLE_LISTING_BACKGROUND_COLOR" RAW="1"></ELEMENT>
<ELEMENT ID="CQDOSMZ" SUB="CONTENT_TEXT_COLOR" TYPE="READONLY" LOAD="THEME::CONTENT_TEXT_COLOR" RAW="1"></ELEMENT>
<ELEMENT ID="CQDOSNA" SUB="TABLE_LISTING_FONT_SIZE" TYPE="READONLY" LOAD="THEME::TABLE_LISTING_FONT_SIZE" RAW="1"></ELEMENT>
<ELEMENT ID="CQDOSNB" SUB="TABLE_LISTING_TEXT_COLOR" TYPE="READONLY" LOAD="THEME::TABLE_LISTING_TEXT_COLOR" RAW="1"></ELEMENT>
<ELEMENT ID="CQDOSNC" SUB="TABLE_LISTING_FONT_FACE" TYPE="READONLY" LOAD="THEME::TABLE_LISTING_FONT_FACE" RAW="1"></ELEMENT>
<ELEMENT ID="CQDOSND" SUB="CONTENT_FONT_FACE" TYPE="READONLY" LOAD="THEME::CONTENT_FONT_FACE" RAW="1"></ELEMENT>
<ELEMENT ID="CQDOSNE" SUB="NAME" TYPE="READONLY" LOAD="THEME::NAME" RAW="1"></ELEMENT>
<ELEMENT ID="CQDOSNF" SUB="DISCLAIMER_FONT_FACE" TYPE="READONLY" LOAD="THEME::DISCLAIMER_FONT_FACE" RAW="1"></ELEMENT>
<ELEMENT ID="CQDOSNG" SUB="PRETTY_NAME" TYPE="READONLY" LOAD="THEME::PRETTY_NAME" RAW="1"></ELEMENT>
<ELEMENT ID="CQDOSNH" SUB="TABLE_HEADING_BACKGROUND_COLOR" TYPE="READONLY" LOAD="THEME::TABLE_HEADING_BACKGROUND_COLOR" RAW="1"></ELEMENT>
<ELEMENT ID="CQDOSNI" SUB="TABLE_LISTING_BACKGROUND_COLOR_ALTERNATE" TYPE="READONLY" LOAD="THEME::TABLE_LISTING_BACKGROUND_COLOR_ALTERNATE" RAW="1"></ELEMENT>
<ELEMENT ID="CQDOSNJ" SUB="LINK_ACTIVE_TEXT_COLOR" TYPE="READONLY" LOAD="THEME::LINK_ACTIVE_TEXT_COLOR" RAW="1"></ELEMENT>
<ELEMENT ID="CQDOSNK" SUB="CONTENT_FONT_SIZE" TYPE="READONLY" LOAD="THEME::CONTENT_FONT_SIZE" RAW="1"></ELEMENT>
<ELEMENT ID="CQDOSNL" SUB="ALERT_COLOR" TYPE="READONLY" LOAD="THEME::ALERT_COLOR" RAW="1"></ELEMENT>
<ELEMENT ID="CQDOSNM" SUB="DISCLAIMER_BACKGROUND_COLOR" TYPE="READONLY" LOAD="THEME::DISCLAIMER_BACKGROUND_COLOR" RAW="1"></ELEMENT>
<ELEMENT ID="CQDOSNN" SUB="TABLE_HEADING_FONT_FACE" TYPE="READONLY" LOAD="THEME::TABLE_HEADING_FONT_FACE" RAW="1"></ELEMENT>
<ELEMENT ID="CQDOSNO" SUB="TABLE_HEADING_TEXT_COLOR" TYPE="READONLY" LOAD="THEME::TABLE_HEADING_TEXT_COLOR" RAW="1"></ELEMENT>
<ELEMENT ID="CQDOSNP" SUB="DISCLAIMER_TEXT_COLOR" TYPE="READONLY" LOAD="THEME::DISCLAIMER_TEXT_COLOR" RAW="1"></ELEMENT>
<ELEMENT ID="CQDOSNQ" SUB="LINK_TEXT_COLOR" TYPE="READONLY" LOAD="THEME::LINK_TEXT_COLOR" RAW="1"></ELEMENT>
<ELEMENT ID="CQDOSNR" SUB="HOMECATEGORY_URL" TYPE="READONLY" LOAD="URL::HOMECATEGORY_URL" RAW="1"></ELEMENT>
<ELEMENT ID="CQDOSNS" SUB="WRAPPER_URL" TYPE="READONLY" LOAD="URL::WRAPPER_URL" RAW="1"></ELEMENT>
<ELEMENT ID="CQDOSNT" SUB="CART_URL" TYPE="READONLY" LOAD="URL::CART_URL" RAW="1"></ELEMENT>
<ELEMENT ID="CQDOSNU" SUB="SUBSCRIBE_URL" TYPE="READONLY" LOAD="URL::SUBSCRIBE_URL" RAW="1"></ELEMENT>
<ELEMENT ID="CQDOSNV" SUB="FEEDBACK_URL" TYPE="READONLY" LOAD="URL::FEEDBACK_URL" RAW="1"></ELEMENT>
<ELEMENT ID="CQDOSNW" SUB="LOGOUT_FUNCTION_URL" TYPE="READONLY" LOAD="URL::LOGOUT_FUNCTION_URL" RAW="1"></ELEMENT>
<ELEMENT ID="CQDOSNX" SUB="SHIPQUOTE_URL" TYPE="READONLY" LOAD="URL::SHIPQUOTE_URL" RAW="1"></ELEMENT>
<ELEMENT ID="CQDOSNY" SUB="PRIVACY_URL" TYPE="READONLY" LOAD="URL::PRIVACY_URL" RAW="1"></ELEMENT>
<ELEMENT ID="CQDOSNZ" SUB="SITEBUTTON_URL" TYPE="READONLY" LOAD="URL::SITEBUTTON_URL" RAW="1"></ELEMENT>
<ELEMENT ID="CQDOSOA" SUB="HOMEPAGE_URL" TYPE="READONLY" LOAD="URL::HOMEPAGE_URL" RAW="1"></ELEMENT>
<ELEMENT ID="CQDOSOB" SUB="COUNTER_URL" TYPE="READONLY" LOAD="URL::COUNTER_URL" RAW="1"></ELEMENT>
<ELEMENT ID="CQDOSOC" SUB="RETURNS_URL" TYPE="READONLY" LOAD="URL::RETURNS_URL" RAW="1"></ELEMENT>
<ELEMENT ID="CQDOSOD" SUB="PASSWORD_URL" TYPE="READONLY" LOAD="URL::PASSWORD_URL" RAW="1"></ELEMENT>
<ELEMENT ID="CQDOSOE" SUB="UPDATE_PAYMENT_URL" TYPE="READONLY" LOAD="URL::UPDATE_PAYMENT_URL" RAW="1"></ELEMENT>
<ELEMENT ID="CQDOSOF" SUB="FORGOT_URL" TYPE="READONLY" LOAD="URL::FORGOT_URL" RAW="1"></ELEMENT>
<ELEMENT ID="CQDOSOG" SUB="NAVBUTTON_URL" TYPE="READONLY" LOAD="URL::NAVBUTTON_URL" RAW="1"></ELEMENT>
<ELEMENT ID="CQDOSOH" SUB="CONTACT_URL" TYPE="READONLY" LOAD="URL::CONTACT_URL" RAW="1"></ELEMENT>
<ELEMENT ID="CQDOSOI" SUB="LOGOUT_URL" TYPE="READONLY" LOAD="URL::LOGOUT_URL" RAW="1"></ELEMENT>
<ELEMENT ID="CQDOSOJ" SUB="GALLERY_URL" TYPE="READONLY" LOAD="URL::GALLERY_URL" RAW="1"></ELEMENT>
<ELEMENT ID="CQDOSOK" SUB="REMOVE_URL" TYPE="READONLY" LOAD="URL::REMOVE_URL" RAW="1"></ELEMENT>
<ELEMENT ID="CQDOSOL" SUB="HOME_URL" TYPE="READONLY" LOAD="URL::HOME_URL" RAW="1"></ELEMENT>
<ELEMENT ID="CQDOSOM" SUB="ABOUT_ZOOVY_URL" TYPE="READONLY" LOAD="URL::ABOUT_ZOOVY_URL" RAW="1"></ELEMENT>
<ELEMENT ID="CQDOSON" SUB="NEWS_URL" TYPE="READONLY" LOAD="URL::NEWS_URL" RAW="1"></ELEMENT>
<ELEMENT ID="CQDOSOO" SUB="SECURE_URL" TYPE="READONLY" LOAD="URL::SECURE_URL" RAW="1"></ELEMENT>
<ELEMENT ID="CQDOSOP" SUB="ABOUT_URL" TYPE="READONLY" LOAD="URL::ABOUT_URL" RAW="1"></ELEMENT>
<ELEMENT ID="CQDOSOQ" SUB="USERBUTTON_URL" TYPE="READONLY" LOAD="URL::USERBUTTON_URL" RAW="1"></ELEMENT>
<ELEMENT ID="CQDOSOR" SUB="CLOSED_URL" TYPE="READONLY" LOAD="URL::CLOSED_URL" RAW="1"></ELEMENT>
<ELEMENT ID="CQDOSOS" SUB="FASTORDER_URL" TYPE="READONLY" LOAD="URL::FASTORDER_URL" RAW="1"></ELEMENT>
<ELEMENT ID="CQDOSOT" SUB="MAIL_FORM_URL" TYPE="READONLY" LOAD="URL::MAIL_FORM_URL" RAW="1"></ELEMENT>
<ELEMENT ID="CQDOSOU" SUB="GRAPHICS_URL" TYPE="READONLY" LOAD="URL::GRAPHICS_URL" RAW="1"></ELEMENT>
<ELEMENT ID="CQDOSOV" SUB="IMAGE_URL" TYPE="READONLY" LOAD="URL::IMAGE_URL" RAW="1"></ELEMENT>
<ELEMENT ID="CQDOSOW" SUB="CONTACTUS_URL" TYPE="READONLY" LOAD="URL::CONTACTUS_URL" RAW="1"></ELEMENT>
<ELEMENT ID="CQDOSOX" SUB="DYNAMIC_URL" TYPE="READONLY" LOAD="URL::DYNAMIC_URL" RAW="1"></ELEMENT>
<ELEMENT ID="CQDOSOY" SUB="NONSECURE_URL" TYPE="READONLY" LOAD="URL::NONSECURE_URL" RAW="1"></ELEMENT>
<ELEMENT ID="CQDOSOZ" SUB="CONTACT_US_URL" TYPE="READONLY" LOAD="URL::CONTACT_US_URL" RAW="1"></ELEMENT>
<ELEMENT ID="CQDOSPA" SUB="SEARCH_URL" TYPE="READONLY" LOAD="URL::SEARCH_URL" RAW="1"></ELEMENT>
<ELEMENT ID="CQDOSPB" SUB="ABOUTUS_URL" TYPE="READONLY" LOAD="URL::ABOUTUS_URL" RAW="1"></ELEMENT>
<ELEMENT ID="CQDOSPC" SUB="CUSTOMER_MAIN_URL" TYPE="READONLY" LOAD="URL::CUSTOMER_MAIN_URL" RAW="1"></ELEMENT>
<ELEMENT ID="CQDOSPD" SUB="MERCHANT_LOGIN_URL" TYPE="READONLY" LOAD="URL::MERCHANT_LOGIN_URL" RAW="1"></ELEMENT>
<ELEMENT ID="CQDOSPE" SUB="CATEGORY_URL" TYPE="READONLY" LOAD="URL::CATEGORY_URL" RAW="1"></ELEMENT>
<ELEMENT ID="CQDOSPF" SUB="ADULT_URL" TYPE="READONLY" LOAD="URL::ADULT_URL" RAW="1"></ELEMENT>
<ELEMENT ID="CQDOSPG" SUB="CLAIM_URL" TYPE="READONLY" LOAD="URL::CLAIM_URL" RAW="1"></ELEMENT>
<ELEMENT ID="CQDOSPH" SUB="CLAIM_MULTI_URL" TYPE="READONLY" LOAD="URL::CLAIM_MULTI_URL" RAW="1"></ELEMENT>
<ELEMENT ID="CQDOSPI" SUB="ABOUT_US_URL" TYPE="READONLY" LOAD="URL::ABOUT_US_URL" RAW="1"></ELEMENT>
<ELEMENT ID="CQDOSPJ" SUB="RESULTS_URL" TYPE="READONLY" LOAD="URL::RESULTS_URL" RAW="1"></ELEMENT>
<ELEMENT ID="CQDOSPK" SUB="PRODUCT_URL" TYPE="READONLY" LOAD="URL::PRODUCT_URL" RAW="1"></ELEMENT>
<ELEMENT ID="CQDOSPL" SUB="CONTINUE_URL" TYPE="READONLY" LOAD="URL::CONTINUE_URL" RAW="1"></ELEMENT>
<ELEMENT ID="CQDOSPM" SUB="REDIR_URL" TYPE="READONLY" LOAD="URL::REDIR_URL" RAW="1"></ELEMENT>
<ELEMENT ID="CQDOSPN" SUB="KILL_COOKIES_URL" TYPE="READONLY" LOAD="URL::KILL_COOKIES_URL" RAW="1"></ELEMENT>
<ELEMENT ID="CQDOSPO" SUB="LOGIN_URL" TYPE="READONLY" LOAD="URL::LOGIN_URL" RAW="1"></ELEMENT>
<ELEMENT ID="CQDOSPP" SUB="CHECKOUT_URL" TYPE="READONLY" LOAD="URL::CHECKOUT_URL" RAW="1"></ELEMENT>
<ELEMENT ID="CQDOSPQ" SUB="ORDER_STATUS_URL" TYPE="READONLY" LOAD="URL::ORDER_STATUS_URL" RAW="1"></ELEMENT>
<ELEMENT ID="CQDOSPR" SUB="NO_COOKIES_URL" TYPE="READONLY" LOAD="URL::NO_COOKIES_URL" RAW="1"></ELEMENT>
<ELEMENT ID="CQDOSPS" SUB="PAYPAL_URL" TYPE="READONLY" LOAD="URL::PAYPAL_URL" RAW="1"></ELEMENT>
<ELEMENT ID="CQDOSPT" SUB="CANCEL_ORDER_URL" TYPE="READONLY" LOAD="URL::CANCEL_ORDER_URL" RAW="1"></ELEMENT>
<ELEMENT ID="CQDOSPU" SUB="MAIL_CONFIG_URL" TYPE="READONLY" LOAD="URL::MAIL_CONFIG_URL" RAW="1"></ELEMENT>
<ELEMENT ID="CQDOSPV" SUB="DISABLED_URL" TYPE="READONLY" LOAD="URL::DISABLED_URL" RAW="1"></ELEMENT>
<ELEMENT ID="CQDOSPW" TYPE="OUTPUT"><HTML><![CDATA[<!DOCTYPE HTML PUBLIC "-//W3C//DTD HTML 4.01 Transitional//EN">
]]></HTML>
</ELEMENT>
<ELEMENT ID="CQDOSPX" COLORS="16" TYPE="CONFIG" CATEGORIES="32768" CREATED="20020604" TITLE="Pink n Purple" THEME="pinknpurp" PROPERTIES="2" SITEBUTTONS="pink"></ELEMENT>
<ELEMENT ID="CQDOSPY" TYPE="OUTPUT"><HTML><![CDATA[
<html>
<head>
	]]></HTML>
</ELEMENT>
<ELEMENT ID="CQDOSPZ" TYPE="HEAD"></ELEMENT>
<ELEMENT ID="CQDOSQA" TYPE="OUTPUT"><HTML><![CDATA[

<style type="text/css">
<!--
A:hover { text-decoration: underline; color: #333399; }
body	{background-color: #ffffff; margin: 0px;}
-->
</style>
</head>
<body leftmargin=0 rightmargin=0 topmargin=0 marginheight=0 marginwidth=0 text="#%CONTENT_TEXT_COLOR%" link="#%LINK_TEXT_COLOR%" alink="#%LINK_ACTIVE_TEXT_COLOR%" vlink="#%LINK_VISITED_TEXT_COLOR%">
<table cellspacing=0 cellpadding=0 border=0 width="100%">
	<tr>	
		<td width="20%" background="%WRAPPER_URL%/light.gif"><img src="%WRAPPER_URL%/light.gif" height=8 width=1  alt=""></td>
		<td width="60%" background="%WRAPPER_URL%/light.gif"><img src="%GRAPHICS_URL%/blank.gif" alt="" height=1 width=1  alt=""></td>
		<td width="20%" background="%WRAPPER_URL%/light.gif"><img src="%GRAPHICS_URL%/blank.gif" alt="" height=1 width=1 alt=""></td>
	</tr><tr>
		<td background="%WRAPPER_URL%/light.gif"><img src="%WRAPPER_URL%/light.gif" height=75 width=1 alt=""></td>
		<td background="%WRAPPER_URL%/light.gif" align="center">]]></HTML>
</ELEMENT>
<ELEMENT ID="CQDOSQB" HEIGHT="75" WIDTH="400" TYPE="LOGO"></ELEMENT>
<ELEMENT ID="CQDOSQC" TYPE="OUTPUT"><HTML><![CDATA[</td>
		<td background="%WRAPPER_URL%/light.gif"><img src="%GRAPHICS_URL%/blank.gif" alt="" height=1 width=1></td>
	</tr><tr>	
		<td background="%WRAPPER_URL%/light.gif"><img src="%WRAPPER_URL%/light.gif" alt="" height=8 width=1></td>
		<td background="%WRAPPER_URL%/light.gif"><img src="%GRAPHICS_URL%/blank.gif" alt="" height=1 width=1></td>
		<td background="%WRAPPER_URL%/light.gif"><img src="%GRAPHICS_URL%/blank.gif" alt="" height=1 width=1></td>
	</tr>
</table><table cellspacing=0 cellpadding=0 border=0 width=100%>
	<tr>	
		<td width="20%" background="%WRAPPER_URL%/dark.gif"><img src="%WRAPPER_URL%/dark.gif" height=5 width=1 alt=""></td>
		<td width="60%" background="%WRAPPER_URL%/dark.gif"><img src="%GRAPHICS_URL%/blank.gif" alt="" height=1 width=1></td>
		<td width="20%" background="%WRAPPER_URL%/dark.gif"><img src="%GRAPHICS_URL%/blank.gif" alt="" height=1 width=1></td>
	</tr><tr>
		<td background="%WRAPPER_URL%/dark.gif"><img src="%GRAPHICS_URL%/blank.gif" alt="" height=1 width=1></td>
		<td background="%WRAPPER_URL%/dark.gif" align="center">
			<table cellspacing=0 cellpadding=0 border=0>
				<tr>
					<td width=43><a href="%HOME_URL%" onMouseOver="document.home.src='%WRAPPER_URL%/home_on.gif';" onMouseOut="document.home.src='%WRAPPER_URL%/home.gif';" ><img src="%WRAPPER_URL%/home.gif" width="43" height="16" alt="Home" border="0" name="home"></a></td>
					<td width=19><img src="%WRAPPER_URL%/slash.gif" width="19" height="16" alt="" border="0"></td>
					<td width=69><a href="%ABOUT_URL%" onMouseOver="document.about.src='%WRAPPER_URL%/aboutus_on.gif';" onMouseOut="document.about.src='%WRAPPER_URL%/aboutus.gif';" ><img src="%WRAPPER_URL%/aboutus.gif" width="69" height="16" alt="About Us" border="0" name="about"></a></td>
					<td width=19><img src="%WRAPPER_URL%/slash.gif" width="19" height="16" alt="" border="0"></td>
					<td width=81><a href="%CONTACT_URL%" onMouseOver="document.contact.src='%WRAPPER_URL%/contact_on.gif';" onMouseOut="document.contact.src='%WRAPPER_URL%/contact.gif';" ><img src="%WRAPPER_URL%/contact.gif" width="81" height="16" alt="Contact" border="0" name="contact"></a></td>
					<td width=19><img src="%WRAPPER_URL%/slash.gif" width="19" height="16" alt="" border="0"></td>
					<td width=51><a href="%SEARCH_URL%" onMouseOver="document.search.src='%WRAPPER_URL%/search_on.gif';" onMouseOut="document.search.src='%WRAPPER_URL%/search.gif';" ><img src="%WRAPPER_URL%/search.gif" width="51" height="16" alt="Search" border="0" name="search"></a></td>
					<td width=19><img src="%WRAPPER_URL%/slash.gif" width="19" height="16" alt="" border="0"></td>
					<td width=107><a href="%CART_URL%" onMouseOver="document.cart.src='%WRAPPER_URL%/cart_on.gif';" onMouseOut="document.cart.src='%WRAPPER_URL%/cart.gif';" ><img src="%WRAPPER_URL%/cart.gif" width="107" height="16" alt="View Cart" border="0" name="cart"></a></td>
				</tr>
			</table>
		</td>
		<td background="%WRAPPER_URL%/dark.gif"><img src="%GRAPHICS_URL%/blank.gif" alt="" height=1 width=1></td>
	</tr><tr>	
		<td background="%WRAPPER_URL%/dark.gif"><img src="%WRAPPER_URL%/dark.gif" height=5 width=1 alt=""></td>
		<td background="%WRAPPER_URL%/dark.gif"><img src="%GRAPHICS_URL%/blank.gif" alt="" height=1 width=1></td>
		<td background="%WRAPPER_URL%/dark.gif"><img src="%GRAPHICS_URL%/blank.gif" alt="" height=1 width=1></td>
	</tr>
</table><table cellspacing=0 cellpadding=0 border=0 width=100%>
	<tr>
		<td width=5><img src="%GRAPHICS_URL%/blank.gif" alt="" width=5 height=1></td>
		<td width=140 valign="top" align="left"><br><img src="%GRAPHICS_URL%/blank.gif" width=140 height=1><br>]]></HTML>
</ELEMENT>
<ELEMENT ID="CQDOSQD" TYPE="MENU"><HTML><![CDATA[<strong><a href="%URL%"><font color="#333399" face="arial" size=2>%MESSAGE%</font></a><br><br>]]></HTML>
</ELEMENT>
<ELEMENT ID="CQDOSQE" TYPE="OUTPUT"><HTML><![CDATA[</td>
		<td width=5><img src="%GRAPHICS_URL%/blank.gif" alt="" width=10 height=1></td>
		<td width="99%" valign="top" align="left"><br><font color="#333399" face="arial" size=3><b>]]></HTML>
</ELEMENT>
<ELEMENT ID="CQDOSQF" TYPE="TITLE"></ELEMENT>
<ELEMENT ID="CQDOSQG" TYPE="OUTPUT"><HTML><![CDATA[</b></font><br><br>]]></HTML>
</ELEMENT>
<ELEMENT ID="CQDOSQH" TYPE="BODY"></ELEMENT>
<ELEMENT ID="CQDOSQI" TYPE="OUTPUT"><HTML><![CDATA[<p>&nbsp;</p>]]></HTML>
</ELEMENT>
<ELEMENT ID="CQDOSQJ" TYPE="FOOTER"></ELEMENT>
<ELEMENT ID="CQDOSQK" TYPE="OUTPUT"><HTML><![CDATA[</td>
		<td width=5><img src="%GRAPHICS_URL%/blank.gif" alt="" width=10 height=1></td>
		<td width=105 valign="top" align="right">]]></HTML>
</ELEMENT>
<ELEMENT ID="CQDOSQL" TYPE="SIDEBAR"></ELEMENT>
<ELEMENT ID="CQDOSQM" TYPE="OUTPUT"><HTML><![CDATA[<img src="%GRAPHICS_URL%/blank.gif" alt="" width=105 height=1></td>
		<td width=5><img src="%GRAPHICS_URL%/blank.gif" alt="" width=5 height=1></td>
	</tr>
</table>
</body>
</html>
]]></HTML>
</ELEMENT>

</TEMPLATE>