<TEMPLATE ID="rednorange" FORMAT="WRAPPER">


<!-- ******* -->
<ELEMENT ID="CQDOSQN" SUB="LINK_VISITED_TEXT_COLOR" TYPE="READONLY" LOAD="THEME::LINK_VISITED_TEXT_COLOR" RAW="1"></ELEMENT>
<ELEMENT ID="CQDOSQO" SUB="TABLE_HEADING_FONT_SIZE" TYPE="READONLY" LOAD="THEME::TABLE_HEADING_FONT_SIZE" RAW="1"></ELEMENT>
<ELEMENT ID="CQDOSQP" SUB="DISCLAIMER_FONT_SIZE" TYPE="READONLY" LOAD="THEME::DISCLAIMER_FONT_SIZE" RAW="1"></ELEMENT>
<ELEMENT ID="CQDOSQQ" SUB="CONTENT_BACKGROUND_COLOR" TYPE="READONLY" LOAD="THEME::CONTENT_BACKGROUND_COLOR" RAW="1"></ELEMENT>
<ELEMENT ID="CQDOSQR" SUB="TABLE_LISTING_BACKGROUND_COLOR" TYPE="READONLY" LOAD="THEME::TABLE_LISTING_BACKGROUND_COLOR" RAW="1"></ELEMENT>
<ELEMENT ID="CQDOSQS" SUB="CONTENT_TEXT_COLOR" TYPE="READONLY" LOAD="THEME::CONTENT_TEXT_COLOR" RAW="1"></ELEMENT>
<ELEMENT ID="CQDOSQT" SUB="TABLE_LISTING_FONT_SIZE" TYPE="READONLY" LOAD="THEME::TABLE_LISTING_FONT_SIZE" RAW="1"></ELEMENT>
<ELEMENT ID="CQDOSQU" SUB="TABLE_LISTING_TEXT_COLOR" TYPE="READONLY" LOAD="THEME::TABLE_LISTING_TEXT_COLOR" RAW="1"></ELEMENT>
<ELEMENT ID="CQDOSQV" SUB="TABLE_LISTING_FONT_FACE" TYPE="READONLY" LOAD="THEME::TABLE_LISTING_FONT_FACE" RAW="1"></ELEMENT>
<ELEMENT ID="CQDOSQW" SUB="CONTENT_FONT_FACE" TYPE="READONLY" LOAD="THEME::CONTENT_FONT_FACE" RAW="1"></ELEMENT>
<ELEMENT ID="CQDOSQX" SUB="NAME" TYPE="READONLY" LOAD="THEME::NAME" RAW="1"></ELEMENT>
<ELEMENT ID="CQDOSQY" SUB="DISCLAIMER_FONT_FACE" TYPE="READONLY" LOAD="THEME::DISCLAIMER_FONT_FACE" RAW="1"></ELEMENT>
<ELEMENT ID="CQDOSQZ" SUB="PRETTY_NAME" TYPE="READONLY" LOAD="THEME::PRETTY_NAME" RAW="1"></ELEMENT>
<ELEMENT ID="CQDOSRA" SUB="TABLE_HEADING_BACKGROUND_COLOR" TYPE="READONLY" LOAD="THEME::TABLE_HEADING_BACKGROUND_COLOR" RAW="1"></ELEMENT>
<ELEMENT ID="CQDOSRB" SUB="TABLE_LISTING_BACKGROUND_COLOR_ALTERNATE" TYPE="READONLY" LOAD="THEME::TABLE_LISTING_BACKGROUND_COLOR_ALTERNATE" RAW="1"></ELEMENT>
<ELEMENT ID="CQDOSRC" SUB="LINK_ACTIVE_TEXT_COLOR" TYPE="READONLY" LOAD="THEME::LINK_ACTIVE_TEXT_COLOR" RAW="1"></ELEMENT>
<ELEMENT ID="CQDOSRD" SUB="CONTENT_FONT_SIZE" TYPE="READONLY" LOAD="THEME::CONTENT_FONT_SIZE" RAW="1"></ELEMENT>
<ELEMENT ID="CQDOSRE" SUB="ALERT_COLOR" TYPE="READONLY" LOAD="THEME::ALERT_COLOR" RAW="1"></ELEMENT>
<ELEMENT ID="CQDOSRF" SUB="DISCLAIMER_BACKGROUND_COLOR" TYPE="READONLY" LOAD="THEME::DISCLAIMER_BACKGROUND_COLOR" RAW="1"></ELEMENT>
<ELEMENT ID="CQDOSRG" SUB="TABLE_HEADING_FONT_FACE" TYPE="READONLY" LOAD="THEME::TABLE_HEADING_FONT_FACE" RAW="1"></ELEMENT>
<ELEMENT ID="CQDOSRH" SUB="TABLE_HEADING_TEXT_COLOR" TYPE="READONLY" LOAD="THEME::TABLE_HEADING_TEXT_COLOR" RAW="1"></ELEMENT>
<ELEMENT ID="CQDOSRI" SUB="DISCLAIMER_TEXT_COLOR" TYPE="READONLY" LOAD="THEME::DISCLAIMER_TEXT_COLOR" RAW="1"></ELEMENT>
<ELEMENT ID="CQDOSRJ" SUB="LINK_TEXT_COLOR" TYPE="READONLY" LOAD="THEME::LINK_TEXT_COLOR" RAW="1"></ELEMENT>
<ELEMENT ID="CQDOSRK" SUB="HOMECATEGORY_URL" TYPE="READONLY" LOAD="URL::HOMECATEGORY_URL" RAW="1"></ELEMENT>
<ELEMENT ID="CQDOSRL" SUB="WRAPPER_URL" TYPE="READONLY" LOAD="URL::WRAPPER_URL" RAW="1"></ELEMENT>
<ELEMENT ID="CQDOSRM" SUB="CART_URL" TYPE="READONLY" LOAD="URL::CART_URL" RAW="1"></ELEMENT>
<ELEMENT ID="CQDOSRN" SUB="SUBSCRIBE_URL" TYPE="READONLY" LOAD="URL::SUBSCRIBE_URL" RAW="1"></ELEMENT>
<ELEMENT ID="CQDOSRO" SUB="FEEDBACK_URL" TYPE="READONLY" LOAD="URL::FEEDBACK_URL" RAW="1"></ELEMENT>
<ELEMENT ID="CQDOSRP" SUB="LOGOUT_FUNCTION_URL" TYPE="READONLY" LOAD="URL::LOGOUT_FUNCTION_URL" RAW="1"></ELEMENT>
<ELEMENT ID="CQDOSRQ" SUB="SHIPQUOTE_URL" TYPE="READONLY" LOAD="URL::SHIPQUOTE_URL" RAW="1"></ELEMENT>
<ELEMENT ID="CQDOSRR" SUB="PRIVACY_URL" TYPE="READONLY" LOAD="URL::PRIVACY_URL" RAW="1"></ELEMENT>
<ELEMENT ID="CQDOSRS" SUB="SITEBUTTON_URL" TYPE="READONLY" LOAD="URL::SITEBUTTON_URL" RAW="1"></ELEMENT>
<ELEMENT ID="CQDOSRT" SUB="HOMEPAGE_URL" TYPE="READONLY" LOAD="URL::HOMEPAGE_URL" RAW="1"></ELEMENT>
<ELEMENT ID="CQDOSRU" SUB="COUNTER_URL" TYPE="READONLY" LOAD="URL::COUNTER_URL" RAW="1"></ELEMENT>
<ELEMENT ID="CQDOSRV" SUB="RETURNS_URL" TYPE="READONLY" LOAD="URL::RETURNS_URL" RAW="1"></ELEMENT>
<ELEMENT ID="CQDOSRW" SUB="PASSWORD_URL" TYPE="READONLY" LOAD="URL::PASSWORD_URL" RAW="1"></ELEMENT>
<ELEMENT ID="CQDOSRX" SUB="UPDATE_PAYMENT_URL" TYPE="READONLY" LOAD="URL::UPDATE_PAYMENT_URL" RAW="1"></ELEMENT>
<ELEMENT ID="CQDOSRY" SUB="FORGOT_URL" TYPE="READONLY" LOAD="URL::FORGOT_URL" RAW="1"></ELEMENT>
<ELEMENT ID="CQDOSRZ" SUB="NAVBUTTON_URL" TYPE="READONLY" LOAD="URL::NAVBUTTON_URL" RAW="1"></ELEMENT>
<ELEMENT ID="CQDOSSA" SUB="CONTACT_URL" TYPE="READONLY" LOAD="URL::CONTACT_URL" RAW="1"></ELEMENT>
<ELEMENT ID="CQDOSSB" SUB="LOGOUT_URL" TYPE="READONLY" LOAD="URL::LOGOUT_URL" RAW="1"></ELEMENT>
<ELEMENT ID="CQDOSSC" SUB="GALLERY_URL" TYPE="READONLY" LOAD="URL::GALLERY_URL" RAW="1"></ELEMENT>
<ELEMENT ID="CQDOSSD" SUB="REMOVE_URL" TYPE="READONLY" LOAD="URL::REMOVE_URL" RAW="1"></ELEMENT>
<ELEMENT ID="CQDOSSE" SUB="HOME_URL" TYPE="READONLY" LOAD="URL::HOME_URL" RAW="1"></ELEMENT>
<ELEMENT ID="CQDOSSF" SUB="ABOUT_ZOOVY_URL" TYPE="READONLY" LOAD="URL::ABOUT_ZOOVY_URL" RAW="1"></ELEMENT>
<ELEMENT ID="CQDOSSG" SUB="NEWS_URL" TYPE="READONLY" LOAD="URL::NEWS_URL" RAW="1"></ELEMENT>
<ELEMENT ID="CQDOSSH" SUB="SECURE_URL" TYPE="READONLY" LOAD="URL::SECURE_URL" RAW="1"></ELEMENT>
<ELEMENT ID="CQDOSSI" SUB="ABOUT_URL" TYPE="READONLY" LOAD="URL::ABOUT_URL" RAW="1"></ELEMENT>
<ELEMENT ID="CQDOSSJ" SUB="USERBUTTON_URL" TYPE="READONLY" LOAD="URL::USERBUTTON_URL" RAW="1"></ELEMENT>
<ELEMENT ID="CQDOSSK" SUB="CLOSED_URL" TYPE="READONLY" LOAD="URL::CLOSED_URL" RAW="1"></ELEMENT>
<ELEMENT ID="CQDOSSL" SUB="FASTORDER_URL" TYPE="READONLY" LOAD="URL::FASTORDER_URL" RAW="1"></ELEMENT>
<ELEMENT ID="CQDOSSM" SUB="MAIL_FORM_URL" TYPE="READONLY" LOAD="URL::MAIL_FORM_URL" RAW="1"></ELEMENT>
<ELEMENT ID="CQDOSSN" SUB="GRAPHICS_URL" TYPE="READONLY" LOAD="URL::GRAPHICS_URL" RAW="1"></ELEMENT>
<ELEMENT ID="CQDOSSO" SUB="IMAGE_URL" TYPE="READONLY" LOAD="URL::IMAGE_URL" RAW="1"></ELEMENT>
<ELEMENT ID="CQDOSSP" SUB="CONTACTUS_URL" TYPE="READONLY" LOAD="URL::CONTACTUS_URL" RAW="1"></ELEMENT>
<ELEMENT ID="CQDOSSQ" SUB="DYNAMIC_URL" TYPE="READONLY" LOAD="URL::DYNAMIC_URL" RAW="1"></ELEMENT>
<ELEMENT ID="CQDOSSR" SUB="NONSECURE_URL" TYPE="READONLY" LOAD="URL::NONSECURE_URL" RAW="1"></ELEMENT>
<ELEMENT ID="CQDOSSS" SUB="CONTACT_US_URL" TYPE="READONLY" LOAD="URL::CONTACT_US_URL" RAW="1"></ELEMENT>
<ELEMENT ID="CQDOSST" SUB="SEARCH_URL" TYPE="READONLY" LOAD="URL::SEARCH_URL" RAW="1"></ELEMENT>
<ELEMENT ID="CQDOSSU" SUB="ABOUTUS_URL" TYPE="READONLY" LOAD="URL::ABOUTUS_URL" RAW="1"></ELEMENT>
<ELEMENT ID="CQDOSSV" SUB="CUSTOMER_MAIN_URL" TYPE="READONLY" LOAD="URL::CUSTOMER_MAIN_URL" RAW="1"></ELEMENT>
<ELEMENT ID="CQDOSSW" SUB="MERCHANT_LOGIN_URL" TYPE="READONLY" LOAD="URL::MERCHANT_LOGIN_URL" RAW="1"></ELEMENT>
<ELEMENT ID="CQDOSSX" SUB="CATEGORY_URL" TYPE="READONLY" LOAD="URL::CATEGORY_URL" RAW="1"></ELEMENT>
<ELEMENT ID="CQDOSSY" SUB="ADULT_URL" TYPE="READONLY" LOAD="URL::ADULT_URL" RAW="1"></ELEMENT>
<ELEMENT ID="CQDOSSZ" SUB="CLAIM_URL" TYPE="READONLY" LOAD="URL::CLAIM_URL" RAW="1"></ELEMENT>
<ELEMENT ID="CQDOSTA" SUB="CLAIM_MULTI_URL" TYPE="READONLY" LOAD="URL::CLAIM_MULTI_URL" RAW="1"></ELEMENT>
<ELEMENT ID="CQDOSTB" SUB="ABOUT_US_URL" TYPE="READONLY" LOAD="URL::ABOUT_US_URL" RAW="1"></ELEMENT>
<ELEMENT ID="CQDOSTC" SUB="RESULTS_URL" TYPE="READONLY" LOAD="URL::RESULTS_URL" RAW="1"></ELEMENT>
<ELEMENT ID="CQDOSTD" SUB="PRODUCT_URL" TYPE="READONLY" LOAD="URL::PRODUCT_URL" RAW="1"></ELEMENT>
<ELEMENT ID="CQDOSTE" SUB="CONTINUE_URL" TYPE="READONLY" LOAD="URL::CONTINUE_URL" RAW="1"></ELEMENT>
<ELEMENT ID="CQDOSTF" SUB="REDIR_URL" TYPE="READONLY" LOAD="URL::REDIR_URL" RAW="1"></ELEMENT>
<ELEMENT ID="CQDOSTG" SUB="KILL_COOKIES_URL" TYPE="READONLY" LOAD="URL::KILL_COOKIES_URL" RAW="1"></ELEMENT>
<ELEMENT ID="CQDOSTH" SUB="LOGIN_URL" TYPE="READONLY" LOAD="URL::LOGIN_URL" RAW="1"></ELEMENT>
<ELEMENT ID="CQDOSTI" SUB="CHECKOUT_URL" TYPE="READONLY" LOAD="URL::CHECKOUT_URL" RAW="1"></ELEMENT>
<ELEMENT ID="CQDOSTJ" SUB="ORDER_STATUS_URL" TYPE="READONLY" LOAD="URL::ORDER_STATUS_URL" RAW="1"></ELEMENT>
<ELEMENT ID="CQDOSTK" SUB="NO_COOKIES_URL" TYPE="READONLY" LOAD="URL::NO_COOKIES_URL" RAW="1"></ELEMENT>
<ELEMENT ID="CQDOSTL" SUB="PAYPAL_URL" TYPE="READONLY" LOAD="URL::PAYPAL_URL" RAW="1"></ELEMENT>
<ELEMENT ID="CQDOSTM" SUB="CANCEL_ORDER_URL" TYPE="READONLY" LOAD="URL::CANCEL_ORDER_URL" RAW="1"></ELEMENT>
<ELEMENT ID="CQDOSTN" SUB="MAIL_CONFIG_URL" TYPE="READONLY" LOAD="URL::MAIL_CONFIG_URL" RAW="1"></ELEMENT>
<ELEMENT ID="CQDOSTO" SUB="DISABLED_URL" TYPE="READONLY" LOAD="URL::DISABLED_URL" RAW="1"></ELEMENT>
<ELEMENT ID="CQDOSTP" TYPE="OUTPUT"><HTML><![CDATA[<!DOCTYPE HTML PUBLIC "-//W3C//DTD HTML 4.01 Transitional//EN">
]]></HTML>
</ELEMENT>
<ELEMENT ID="CQDOSTQ" COLORS="128" TYPE="CONFIG" CATEGORIES="32768" CREATED="20020612" TITLE="Red n Orange" THEME="rednorange" PROPERTIES="2" SITEBUTTONS="l2_schmoop"></ELEMENT>
<ELEMENT ID="CQDOSTR" TYPE="OUTPUT"><HTML><![CDATA[
<html>
<head>
	]]></HTML>
</ELEMENT>
<ELEMENT ID="CQDOSTS" TYPE="HEAD"></ELEMENT>
<ELEMENT ID="CQDOSTT" TYPE="OUTPUT"><HTML><![CDATA[

<style rel="STYLESHEET" type="text/css">
<!--
A:hover { text-decoration: underline; 
	color: #FFB356; }
-->
</style>
</head>
<body leftmargin=0 rightmargin=0 topmargin=0 marginheight=0 marginwidth=0 text="#%CONTENT_TEXT_COLOR%" link="#%LINK_TEXT_COLOR%" alink="#%LINK_ACTIVE_TEXT_COLOR%" vlink="#%LINK_VISITED_TEXT_COLOR%">
<table cellspacing=0 cellpadding=0 border=0 width=100%>
	<tr>	
		<td width=20% background="%WRAPPER_URL%/light.gif"><img src="%WRAPPER_URL%/light.gif" height=8 width=1></td>
		<td width=60% background="%WRAPPER_URL%/light.gif"><img src="%GRAPHICS_URL%/blank.gif" height=1 width=1></td>
		<td width=20% background="%WRAPPER_URL%/light.gif"><img src="%GRAPHICS_URL%/blank.gif" height=1 width=1></td>
	</tr><tr>
		<td background="%WRAPPER_URL%/light.gif"><img src="%WRAPPER_URL%/light.gif" height=75 width=1></td>
		<td background="%WRAPPER_URL%/light.gif" align="center">]]></HTML>
</ELEMENT>
<ELEMENT ID="CQDOSTU" HEIGHT="75" WIDTH="400" TYPE="LOGO"></ELEMENT>
<ELEMENT ID="CQDOSTV" TYPE="OUTPUT"><HTML><![CDATA[</td>
		<td background="%WRAPPER_URL%/light.gif"><img src="%GRAPHICS_URL%/blank.gif" height=1 width=1></td>
	</tr><tr>	
		<td background="%WRAPPER_URL%/light.gif"><img src="%WRAPPER_URL%/light.gif" height=8 width=1></td>
		<td background="%WRAPPER_URL%/light.gif"><img src="%GRAPHICS_URL%/blank.gif" height=1 width=1></td>
		<td background="%WRAPPER_URL%/light.gif"><img src="%GRAPHICS_URL%/blank.gif" height=1 width=1></td>
	</tr>
</table><table cellspacing=0 cellpadding=0 border=0 width=100%>
	<tr>	
		<td width=20% background="%WRAPPER_URL%/dark.gif"><img src="%WRAPPER_URL%/dark.gif" height=5 width=1></td>
		<td width=60% background="%WRAPPER_URL%/dark.gif"><img src="%GRAPHICS_URL%/blank.gif" height=1 width=1></td>
		<td width=20% background="%WRAPPER_URL%/dark.gif"><img src="%GRAPHICS_URL%/blank.gif" height=1 width=1></td>
	</tr><tr>
		<td background="%WRAPPER_URL%/dark.gif"><img src="%GRAPHICS_URL%/blank.gif" height=1 width=1></td>
		<td background="%WRAPPER_URL%/dark.gif" align="center">
			<table cellspacing=0 cellpadding=0 border=0>
				<tr>
					<td><a href="%HOME_URL%"><font face="arial"><strong>HOME</strong></a></td>
					<td width=21 align="center"><font color="#FFFFFF">|</font></td>
					<td><a href="%ABOUT_URL%"><font face="arial"><strong>ABOUT US</strong></a></td>
					<td width=21 align="center"><font color="#FFFFFF">|</td>
					<td><a href="%CONTACT_URL%"><font face="arial"><strong>CONTACT US</strong></a></td>
					<td width=21 align="center"><font color="#FFFFFF">|</td>
					<td><a href="%SEARCH_URL%"><font face="arial"><strong>SEARCH</strong></a></td>
					<td width=21 align="center"><font color="#FFFFFF">|</td>
					<td><a href="%CART_URL%"><font face="arial"><strong>CART</strong></a></td>
				</tr>
			</table>
		</td>
		<td background="%WRAPPER_URL%/dark.gif"><img src="%GRAPHICS_URL%/blank.gif" height=1 width=1></td>
	</tr><tr>	
		<td background="%WRAPPER_URL%/dark.gif"><img src="%WRAPPER_URL%/dark.gif" height=5 width=1></td>
		<td background="%WRAPPER_URL%/dark.gif"><img src="%GRAPHICS_URL%/blank.gif" height=1 width=1></td>
		<td background="%WRAPPER_URL%/dark.gif"><img src="%GRAPHICS_URL%/blank.gif" height=1 width=1></td>
	</tr>
</table><table cellspacing=0 cellpadding=0 border=0 width=100%>
	<tr>
		<td width=5><img src="%GRAPHICS_URL%/blank.gif" width=5 height=1></td>
		<td width=20% valign="top" align="left"><br>]]></HTML>
</ELEMENT>
<ELEMENT ID="CQDOSTW" TYPE="MENU"><HTML><![CDATA[<strong><a href="%URL%"><font face="arial" size=2>%MESSAGE%</font></a><br><br>]]></HTML>
</ELEMENT>
<ELEMENT ID="CQDOSTX" TYPE="OUTPUT"><HTML><![CDATA[</font></td>
		<td width=5><img src="%GRAPHICS_URL%/blank.gif" width=10 height=1></td>
		<td width=80% valign="top" align="left"><br><font color="#C31200" face="arial" size=3><b>]]></HTML>
</ELEMENT>
<ELEMENT ID="CQDOSTY" TYPE="TITLE"></ELEMENT>
<ELEMENT ID="CQDOSTZ" TYPE="OUTPUT"><HTML><![CDATA[</b></font><br><br>]]></HTML>
</ELEMENT>
<ELEMENT ID="CQDOSUA" TYPE="BODY"></ELEMENT>
<ELEMENT ID="CQDOSUB" TYPE="OUTPUT"><HTML><![CDATA[<br><p>]]></HTML>
</ELEMENT>
<ELEMENT ID="CQDOSUC" TYPE="FOOTER"></ELEMENT>
<ELEMENT ID="CQDOSUD" TYPE="OUTPUT"><HTML><![CDATA[</p></td>
		<td width=5><img src="%GRAPHICS_URL%/blank.gif" width=10 height=1></td>
		<td width=20% valign="top" align="right">]]></HTML>
</ELEMENT>
<ELEMENT ID="CQDOSUE" TYPE="SIDEBAR"></ELEMENT>
<ELEMENT ID="CQDOSUF" TYPE="OUTPUT"><HTML><![CDATA[</td>
		<td width=5><img src="%GRAPHICS_URL%/blank.gif" width=3 height=1></td>
	</tr>
</table>
</body>
</html>
]]></HTML>
</ELEMENT>

</TEMPLATE>