<TEMPLATE ID="rightside2" FORMAT="WRAPPER">


<!-- ******* -->
<ELEMENT ID="CQDOWGM" SUB="LINK_VISITED_TEXT_COLOR" TYPE="READONLY" LOAD="THEME::LINK_VISITED_TEXT_COLOR" RAW="1"></ELEMENT>
<ELEMENT ID="CQDOWGN" SUB="TABLE_HEADING_FONT_SIZE" TYPE="READONLY" LOAD="THEME::TABLE_HEADING_FONT_SIZE" RAW="1"></ELEMENT>
<ELEMENT ID="CQDOWGO" SUB="DISCLAIMER_FONT_SIZE" TYPE="READONLY" LOAD="THEME::DISCLAIMER_FONT_SIZE" RAW="1"></ELEMENT>
<ELEMENT ID="CQDOWGP" SUB="CONTENT_BACKGROUND_COLOR" TYPE="READONLY" LOAD="THEME::CONTENT_BACKGROUND_COLOR" RAW="1"></ELEMENT>
<ELEMENT ID="CQDOWGQ" SUB="TABLE_LISTING_BACKGROUND_COLOR" TYPE="READONLY" LOAD="THEME::TABLE_LISTING_BACKGROUND_COLOR" RAW="1"></ELEMENT>
<ELEMENT ID="CQDOWGR" SUB="CONTENT_TEXT_COLOR" TYPE="READONLY" LOAD="THEME::CONTENT_TEXT_COLOR" RAW="1"></ELEMENT>
<ELEMENT ID="CQDOWGS" SUB="TABLE_LISTING_FONT_SIZE" TYPE="READONLY" LOAD="THEME::TABLE_LISTING_FONT_SIZE" RAW="1"></ELEMENT>
<ELEMENT ID="CQDOWGT" SUB="TABLE_LISTING_TEXT_COLOR" TYPE="READONLY" LOAD="THEME::TABLE_LISTING_TEXT_COLOR" RAW="1"></ELEMENT>
<ELEMENT ID="CQDOWGU" SUB="TABLE_LISTING_FONT_FACE" TYPE="READONLY" LOAD="THEME::TABLE_LISTING_FONT_FACE" RAW="1"></ELEMENT>
<ELEMENT ID="CQDOWGV" SUB="CONTENT_FONT_FACE" TYPE="READONLY" LOAD="THEME::CONTENT_FONT_FACE" RAW="1"></ELEMENT>
<ELEMENT ID="CQDOWGW" SUB="NAME" TYPE="READONLY" LOAD="THEME::NAME" RAW="1"></ELEMENT>
<ELEMENT ID="CQDOWGX" SUB="DISCLAIMER_FONT_FACE" TYPE="READONLY" LOAD="THEME::DISCLAIMER_FONT_FACE" RAW="1"></ELEMENT>
<ELEMENT ID="CQDOWGY" SUB="PRETTY_NAME" TYPE="READONLY" LOAD="THEME::PRETTY_NAME" RAW="1"></ELEMENT>
<ELEMENT ID="CQDOWGZ" SUB="TABLE_HEADING_BACKGROUND_COLOR" TYPE="READONLY" LOAD="THEME::TABLE_HEADING_BACKGROUND_COLOR" RAW="1"></ELEMENT>
<ELEMENT ID="CQDOWHA" SUB="TABLE_LISTING_BACKGROUND_COLOR_ALTERNATE" TYPE="READONLY" LOAD="THEME::TABLE_LISTING_BACKGROUND_COLOR_ALTERNATE" RAW="1"></ELEMENT>
<ELEMENT ID="CQDOWHB" SUB="LINK_ACTIVE_TEXT_COLOR" TYPE="READONLY" LOAD="THEME::LINK_ACTIVE_TEXT_COLOR" RAW="1"></ELEMENT>
<ELEMENT ID="CQDOWHC" SUB="CONTENT_FONT_SIZE" TYPE="READONLY" LOAD="THEME::CONTENT_FONT_SIZE" RAW="1"></ELEMENT>
<ELEMENT ID="CQDOWHD" SUB="ALERT_COLOR" TYPE="READONLY" LOAD="THEME::ALERT_COLOR" RAW="1"></ELEMENT>
<ELEMENT ID="CQDOWHE" SUB="DISCLAIMER_BACKGROUND_COLOR" TYPE="READONLY" LOAD="THEME::DISCLAIMER_BACKGROUND_COLOR" RAW="1"></ELEMENT>
<ELEMENT ID="CQDOWHF" SUB="TABLE_HEADING_FONT_FACE" TYPE="READONLY" LOAD="THEME::TABLE_HEADING_FONT_FACE" RAW="1"></ELEMENT>
<ELEMENT ID="CQDOWHG" SUB="TABLE_HEADING_TEXT_COLOR" TYPE="READONLY" LOAD="THEME::TABLE_HEADING_TEXT_COLOR" RAW="1"></ELEMENT>
<ELEMENT ID="CQDOWHH" SUB="DISCLAIMER_TEXT_COLOR" TYPE="READONLY" LOAD="THEME::DISCLAIMER_TEXT_COLOR" RAW="1"></ELEMENT>
<ELEMENT ID="CQDOWHI" SUB="LINK_TEXT_COLOR" TYPE="READONLY" LOAD="THEME::LINK_TEXT_COLOR" RAW="1"></ELEMENT>
<ELEMENT ID="CQDOWHJ" SUB="HOMECATEGORY_URL" TYPE="READONLY" LOAD="URL::HOMECATEGORY_URL" RAW="1"></ELEMENT>
<ELEMENT ID="CQDOWHK" SUB="WRAPPER_URL" TYPE="READONLY" LOAD="URL::WRAPPER_URL" RAW="1"></ELEMENT>
<ELEMENT ID="CQDOWHL" SUB="CART_URL" TYPE="READONLY" LOAD="URL::CART_URL" RAW="1"></ELEMENT>
<ELEMENT ID="CQDOWHM" SUB="SUBSCRIBE_URL" TYPE="READONLY" LOAD="URL::SUBSCRIBE_URL" RAW="1"></ELEMENT>
<ELEMENT ID="CQDOWHN" SUB="FEEDBACK_URL" TYPE="READONLY" LOAD="URL::FEEDBACK_URL" RAW="1"></ELEMENT>
<ELEMENT ID="CQDOWHO" SUB="LOGOUT_FUNCTION_URL" TYPE="READONLY" LOAD="URL::LOGOUT_FUNCTION_URL" RAW="1"></ELEMENT>
<ELEMENT ID="CQDOWHP" SUB="SHIPQUOTE_URL" TYPE="READONLY" LOAD="URL::SHIPQUOTE_URL" RAW="1"></ELEMENT>
<ELEMENT ID="CQDOWHQ" SUB="PRIVACY_URL" TYPE="READONLY" LOAD="URL::PRIVACY_URL" RAW="1"></ELEMENT>
<ELEMENT ID="CQDOWHR" SUB="SITEBUTTON_URL" TYPE="READONLY" LOAD="URL::SITEBUTTON_URL" RAW="1"></ELEMENT>
<ELEMENT ID="CQDOWHS" SUB="HOMEPAGE_URL" TYPE="READONLY" LOAD="URL::HOMEPAGE_URL" RAW="1"></ELEMENT>
<ELEMENT ID="CQDOWHT" SUB="COUNTER_URL" TYPE="READONLY" LOAD="URL::COUNTER_URL" RAW="1"></ELEMENT>
<ELEMENT ID="CQDOWHU" SUB="RETURNS_URL" TYPE="READONLY" LOAD="URL::RETURNS_URL" RAW="1"></ELEMENT>
<ELEMENT ID="CQDOWHV" SUB="PASSWORD_URL" TYPE="READONLY" LOAD="URL::PASSWORD_URL" RAW="1"></ELEMENT>
<ELEMENT ID="CQDOWHW" SUB="UPDATE_PAYMENT_URL" TYPE="READONLY" LOAD="URL::UPDATE_PAYMENT_URL" RAW="1"></ELEMENT>
<ELEMENT ID="CQDOWHX" SUB="FORGOT_URL" TYPE="READONLY" LOAD="URL::FORGOT_URL" RAW="1"></ELEMENT>
<ELEMENT ID="CQDOWHY" SUB="NAVBUTTON_URL" TYPE="READONLY" LOAD="URL::NAVBUTTON_URL" RAW="1"></ELEMENT>
<ELEMENT ID="CQDOWHZ" SUB="CONTACT_URL" TYPE="READONLY" LOAD="URL::CONTACT_URL" RAW="1"></ELEMENT>
<ELEMENT ID="CQDOWIA" SUB="LOGOUT_URL" TYPE="READONLY" LOAD="URL::LOGOUT_URL" RAW="1"></ELEMENT>
<ELEMENT ID="CQDOWIB" SUB="GALLERY_URL" TYPE="READONLY" LOAD="URL::GALLERY_URL" RAW="1"></ELEMENT>
<ELEMENT ID="CQDOWIC" SUB="REMOVE_URL" TYPE="READONLY" LOAD="URL::REMOVE_URL" RAW="1"></ELEMENT>
<ELEMENT ID="CQDOWID" SUB="HOME_URL" TYPE="READONLY" LOAD="URL::HOME_URL" RAW="1"></ELEMENT>
<ELEMENT ID="CQDOWIE" SUB="ABOUT_ZOOVY_URL" TYPE="READONLY" LOAD="URL::ABOUT_ZOOVY_URL" RAW="1"></ELEMENT>
<ELEMENT ID="CQDOWIF" SUB="NEWS_URL" TYPE="READONLY" LOAD="URL::NEWS_URL" RAW="1"></ELEMENT>
<ELEMENT ID="CQDOWIG" SUB="SECURE_URL" TYPE="READONLY" LOAD="URL::SECURE_URL" RAW="1"></ELEMENT>
<ELEMENT ID="CQDOWIH" SUB="ABOUT_URL" TYPE="READONLY" LOAD="URL::ABOUT_URL" RAW="1"></ELEMENT>
<ELEMENT ID="CQDOWII" SUB="USERBUTTON_URL" TYPE="READONLY" LOAD="URL::USERBUTTON_URL" RAW="1"></ELEMENT>
<ELEMENT ID="CQDOWIJ" SUB="CLOSED_URL" TYPE="READONLY" LOAD="URL::CLOSED_URL" RAW="1"></ELEMENT>
<ELEMENT ID="CQDOWIK" SUB="FASTORDER_URL" TYPE="READONLY" LOAD="URL::FASTORDER_URL" RAW="1"></ELEMENT>
<ELEMENT ID="CQDOWIL" SUB="MAIL_FORM_URL" TYPE="READONLY" LOAD="URL::MAIL_FORM_URL" RAW="1"></ELEMENT>
<ELEMENT ID="CQDOWIM" SUB="GRAPHICS_URL" TYPE="READONLY" LOAD="URL::GRAPHICS_URL" RAW="1"></ELEMENT>
<ELEMENT ID="CQDOWIN" SUB="IMAGE_URL" TYPE="READONLY" LOAD="URL::IMAGE_URL" RAW="1"></ELEMENT>
<ELEMENT ID="CQDOWIO" SUB="CONTACTUS_URL" TYPE="READONLY" LOAD="URL::CONTACTUS_URL" RAW="1"></ELEMENT>
<ELEMENT ID="CQDOWIP" SUB="DYNAMIC_URL" TYPE="READONLY" LOAD="URL::DYNAMIC_URL" RAW="1"></ELEMENT>
<ELEMENT ID="CQDOWIQ" SUB="NONSECURE_URL" TYPE="READONLY" LOAD="URL::NONSECURE_URL" RAW="1"></ELEMENT>
<ELEMENT ID="CQDOWIR" SUB="CONTACT_US_URL" TYPE="READONLY" LOAD="URL::CONTACT_US_URL" RAW="1"></ELEMENT>
<ELEMENT ID="CQDOWIS" SUB="SEARCH_URL" TYPE="READONLY" LOAD="URL::SEARCH_URL" RAW="1"></ELEMENT>
<ELEMENT ID="CQDOWIT" SUB="ABOUTUS_URL" TYPE="READONLY" LOAD="URL::ABOUTUS_URL" RAW="1"></ELEMENT>
<ELEMENT ID="CQDOWIU" SUB="CUSTOMER_MAIN_URL" TYPE="READONLY" LOAD="URL::CUSTOMER_MAIN_URL" RAW="1"></ELEMENT>
<ELEMENT ID="CQDOWIV" SUB="MERCHANT_LOGIN_URL" TYPE="READONLY" LOAD="URL::MERCHANT_LOGIN_URL" RAW="1"></ELEMENT>
<ELEMENT ID="CQDOWIW" SUB="CATEGORY_URL" TYPE="READONLY" LOAD="URL::CATEGORY_URL" RAW="1"></ELEMENT>
<ELEMENT ID="CQDOWIX" SUB="ADULT_URL" TYPE="READONLY" LOAD="URL::ADULT_URL" RAW="1"></ELEMENT>
<ELEMENT ID="CQDOWIY" SUB="CLAIM_URL" TYPE="READONLY" LOAD="URL::CLAIM_URL" RAW="1"></ELEMENT>
<ELEMENT ID="CQDOWIZ" SUB="CLAIM_MULTI_URL" TYPE="READONLY" LOAD="URL::CLAIM_MULTI_URL" RAW="1"></ELEMENT>
<ELEMENT ID="CQDOWJA" SUB="ABOUT_US_URL" TYPE="READONLY" LOAD="URL::ABOUT_US_URL" RAW="1"></ELEMENT>
<ELEMENT ID="CQDOWJB" SUB="RESULTS_URL" TYPE="READONLY" LOAD="URL::RESULTS_URL" RAW="1"></ELEMENT>
<ELEMENT ID="CQDOWJC" SUB="PRODUCT_URL" TYPE="READONLY" LOAD="URL::PRODUCT_URL" RAW="1"></ELEMENT>
<ELEMENT ID="CQDOWJD" SUB="CONTINUE_URL" TYPE="READONLY" LOAD="URL::CONTINUE_URL" RAW="1"></ELEMENT>
<ELEMENT ID="CQDOWJE" SUB="REDIR_URL" TYPE="READONLY" LOAD="URL::REDIR_URL" RAW="1"></ELEMENT>
<ELEMENT ID="CQDOWJF" SUB="KILL_COOKIES_URL" TYPE="READONLY" LOAD="URL::KILL_COOKIES_URL" RAW="1"></ELEMENT>
<ELEMENT ID="CQDOWJG" SUB="LOGIN_URL" TYPE="READONLY" LOAD="URL::LOGIN_URL" RAW="1"></ELEMENT>
<ELEMENT ID="CQDOWJH" SUB="CHECKOUT_URL" TYPE="READONLY" LOAD="URL::CHECKOUT_URL" RAW="1"></ELEMENT>
<ELEMENT ID="CQDOWJI" SUB="ORDER_STATUS_URL" TYPE="READONLY" LOAD="URL::ORDER_STATUS_URL" RAW="1"></ELEMENT>
<ELEMENT ID="CQDOWJJ" SUB="NO_COOKIES_URL" TYPE="READONLY" LOAD="URL::NO_COOKIES_URL" RAW="1"></ELEMENT>
<ELEMENT ID="CQDOWJK" SUB="PAYPAL_URL" TYPE="READONLY" LOAD="URL::PAYPAL_URL" RAW="1"></ELEMENT>
<ELEMENT ID="CQDOWJL" SUB="CANCEL_ORDER_URL" TYPE="READONLY" LOAD="URL::CANCEL_ORDER_URL" RAW="1"></ELEMENT>
<ELEMENT ID="CQDOWJM" SUB="MAIL_CONFIG_URL" TYPE="READONLY" LOAD="URL::MAIL_CONFIG_URL" RAW="1"></ELEMENT>
<ELEMENT ID="CQDOWJN" SUB="DISABLED_URL" TYPE="READONLY" LOAD="URL::DISABLED_URL" RAW="1"></ELEMENT>
<ELEMENT ID="CQDOWJO" TYPE="OUTPUT"><HTML><![CDATA[<!DOCTYPE HTML PUBLIC "-//W3C//DTD HTML 4.01 Transitional//EN">
]]></HTML>
</ELEMENT>
<ELEMENT ID="CQDOWJP" COLORS="16" TYPE="CONFIG" CATEGORIES="32768" CREATED="20020911" TITLE="Right Nav2" THEME="rightside2" PROPERTIES="8" SITEBUTTONS="bluedual"></ELEMENT>
<ELEMENT ID="CQDOWJQ" TYPE="OUTPUT"><HTML><![CDATA[
<html>
<head>
]]></HTML>
</ELEMENT>
<ELEMENT ID="CQDOWJR" TYPE="HEAD"></ELEMENT>
<ELEMENT ID="CQDOWJS" TYPE="OUTPUT"><HTML><![CDATA[
<style rel="STYLESHEET" type="text/css">
td.foo	{background-color: #3857BD;}
td.goo	{background-color: #96BEE0;}
.small	{font-family: verdana; font-size: 10px;}
a:hover	{text-decoration: underline; color: #3857BD;}
a	{color: #343434; text-decoration: none}
form	{display:	inline;}
.title    {font-family: verdana; color: #FFFFFF; font-size: 8pt; font-weight: bold;}
p, td, body, li, ul, ol    {font-family: verdana; font-size: 9pt;}
</style>
</head>
<body leftmargin=10 marginheight=10 bottommargin=10 marginwidth=10 rightmargin=10 topmargin=10 bgcolor="#FFFFFF">
<table cellspacing=0 cellpadding=2 border=0 width=100%>
	<tr>
		<td class="foo">&nbsp;<span class="title">]]></HTML>
</ELEMENT>
<ELEMENT ID="CQDOWJT" TYPE="TITLE"></ELEMENT>
<ELEMENT ID="CQDOWJU" TYPE="OUTPUT"><HTML><![CDATA[</span></td>
	</tr>
</table>
<table cellspacing=0 cellpadding=0 border=0 width=100%>
	<tr>
		<td width=99%></td>
		<td class="goo"><img src="%GRAPHICS_URL%/blank.gif" width=200 height=1></td>
	</tr><tr>
		<td valign="top" align="left">
			<table cellspacing=0 cellpadding=0 border=0 width=98%>
				<tr>
					<td><br>]]></HTML>
</ELEMENT>
<ELEMENT ID="CQDOWJV" TYPE="BODY"></ELEMENT>
<ELEMENT ID="CQDOWJW" TYPE="OUTPUT"><HTML><![CDATA[
					</td></tr></table>
		</td>
		<td class="goo" valign="top">
			<table cellspacing=0 cellpadding=2 border=0 width=100%>
				<tr>
					<td width=100%><a href="%HOME_URL%">]]></HTML>
</ELEMENT>
<ELEMENT ID="CQDOWJX" HEIGHT="80" WIDTH="190" TYPE="LOGO"></ELEMENT>
<ELEMENT ID="CQDOWJY" TYPE="OUTPUT"><HTML><![CDATA[</a></td>
				</tr><tr>
					<td class="foo"><span class="title">&nbsp;Menu:</span></td>
				</tr><tr>
					<td width=99%><img src="%GRAPHICS_URL%/blank.gif" width=1 height=4><br><div class="small">
					&nbsp;-&nbsp;<a href="%HOME_URL%">Home</a><br>
					&nbsp;-&nbsp;<a href="%CART_URL%">Cart</a><br>
					&nbsp;-&nbsp;<a href="%LOGIN_URL%">My Account</a><br>
					&nbsp;-&nbsp;<a href="%ABOUT_URL%">Company Info</a><br>
					&nbsp;-&nbsp;<a href="%CONTACT_URL%">Contact Us</a><br>
					<img src="%GRAPHICS_URL%/blank.gif" width=1 height=4><br>
					</td>
				</tr><tr>
					<td class="foo"><span class="title">&nbsp;Categories:</span></td>
				</tr><tr>
					<td><img src="%GRAPHICS_URL%/blank.gif" width=1 height=4><br><span class="small">]]></HTML>
</ELEMENT>
<ELEMENT ID="CQDOWJZ" NOHOME="1" TYPE="MENU" ONLYHOME="0"><HTML><![CDATA[&nbsp;-&nbsp;<a href="%URL%">%MESSAGE%</a><br>]]></HTML>
</ELEMENT>
<ELEMENT ID="CQDOWKA" TYPE="OUTPUT"><HTML><![CDATA[</span><img src="%GRAPHICS_URL%/blank.gif" width=1 height=4><br></td>
				</tr><tr>
					<td class="foo"><span class="title">&nbsp;Search:</span></td>
				</tr><tr>
					<td nowrap><img src="%GRAPHICS_URL%/blank.gif" width=1 height=4><br><span class="small">&nbsp;&nbsp;&nbsp;Product Search:<br></span>
					&nbsp;&nbsp;<form action="%RESULTS_URL%" method="get">
<input type="hidden" name="catalog" value="">
<input type="text" name="keywords" value=""><br>&nbsp;&nbsp;
<input type="image" src="%WRAPPER_URL%/search.gif" >
</form><p></p></td>
				</tr>
			</table>
			
		</td>
	</tr>
</table>
<p>]]></HTML>
</ELEMENT>
<ELEMENT ID="CQDOWKB" TYPE="FOOTER"></ELEMENT>
<ELEMENT ID="CQDOWKC" TYPE="OUTPUT"><HTML><![CDATA[</p>
</body>
</html>
]]></HTML>
</ELEMENT>

</TEMPLATE>