<TEMPLATE ID="roguedual" FORMAT="WRAPPER">


<!-- ******* -->
<ELEMENT ID="CQDOQVJ" SUB="LINK_VISITED_TEXT_COLOR" TYPE="READONLY" LOAD="THEME::LINK_VISITED_TEXT_COLOR" RAW="1"></ELEMENT>
<ELEMENT ID="CQDOQVK" SUB="TABLE_HEADING_FONT_SIZE" TYPE="READONLY" LOAD="THEME::TABLE_HEADING_FONT_SIZE" RAW="1"></ELEMENT>
<ELEMENT ID="CQDOQVL" SUB="DISCLAIMER_FONT_SIZE" TYPE="READONLY" LOAD="THEME::DISCLAIMER_FONT_SIZE" RAW="1"></ELEMENT>
<ELEMENT ID="CQDOQVM" SUB="CONTENT_BACKGROUND_COLOR" TYPE="READONLY" LOAD="THEME::CONTENT_BACKGROUND_COLOR" RAW="1"></ELEMENT>
<ELEMENT ID="CQDOQVN" SUB="TABLE_LISTING_BACKGROUND_COLOR" TYPE="READONLY" LOAD="THEME::TABLE_LISTING_BACKGROUND_COLOR" RAW="1"></ELEMENT>
<ELEMENT ID="CQDOQVO" SUB="CONTENT_TEXT_COLOR" TYPE="READONLY" LOAD="THEME::CONTENT_TEXT_COLOR" RAW="1"></ELEMENT>
<ELEMENT ID="CQDOQVP" SUB="TABLE_LISTING_FONT_SIZE" TYPE="READONLY" LOAD="THEME::TABLE_LISTING_FONT_SIZE" RAW="1"></ELEMENT>
<ELEMENT ID="CQDOQVQ" SUB="TABLE_LISTING_TEXT_COLOR" TYPE="READONLY" LOAD="THEME::TABLE_LISTING_TEXT_COLOR" RAW="1"></ELEMENT>
<ELEMENT ID="CQDOQVR" SUB="TABLE_LISTING_FONT_FACE" TYPE="READONLY" LOAD="THEME::TABLE_LISTING_FONT_FACE" RAW="1"></ELEMENT>
<ELEMENT ID="CQDOQVS" SUB="CONTENT_FONT_FACE" TYPE="READONLY" LOAD="THEME::CONTENT_FONT_FACE" RAW="1"></ELEMENT>
<ELEMENT ID="CQDOQVT" SUB="NAME" TYPE="READONLY" LOAD="THEME::NAME" RAW="1"></ELEMENT>
<ELEMENT ID="CQDOQVU" SUB="DISCLAIMER_FONT_FACE" TYPE="READONLY" LOAD="THEME::DISCLAIMER_FONT_FACE" RAW="1"></ELEMENT>
<ELEMENT ID="CQDOQVV" SUB="PRETTY_NAME" TYPE="READONLY" LOAD="THEME::PRETTY_NAME" RAW="1"></ELEMENT>
<ELEMENT ID="CQDOQVW" SUB="TABLE_HEADING_BACKGROUND_COLOR" TYPE="READONLY" LOAD="THEME::TABLE_HEADING_BACKGROUND_COLOR" RAW="1"></ELEMENT>
<ELEMENT ID="CQDOQVX" SUB="TABLE_LISTING_BACKGROUND_COLOR_ALTERNATE" TYPE="READONLY" LOAD="THEME::TABLE_LISTING_BACKGROUND_COLOR_ALTERNATE" RAW="1"></ELEMENT>
<ELEMENT ID="CQDOQVY" SUB="LINK_ACTIVE_TEXT_COLOR" TYPE="READONLY" LOAD="THEME::LINK_ACTIVE_TEXT_COLOR" RAW="1"></ELEMENT>
<ELEMENT ID="CQDOQVZ" SUB="CONTENT_FONT_SIZE" TYPE="READONLY" LOAD="THEME::CONTENT_FONT_SIZE" RAW="1"></ELEMENT>
<ELEMENT ID="CQDOQWA" SUB="ALERT_COLOR" TYPE="READONLY" LOAD="THEME::ALERT_COLOR" RAW="1"></ELEMENT>
<ELEMENT ID="CQDOQWB" SUB="DISCLAIMER_BACKGROUND_COLOR" TYPE="READONLY" LOAD="THEME::DISCLAIMER_BACKGROUND_COLOR" RAW="1"></ELEMENT>
<ELEMENT ID="CQDOQWC" SUB="TABLE_HEADING_FONT_FACE" TYPE="READONLY" LOAD="THEME::TABLE_HEADING_FONT_FACE" RAW="1"></ELEMENT>
<ELEMENT ID="CQDOQWD" SUB="TABLE_HEADING_TEXT_COLOR" TYPE="READONLY" LOAD="THEME::TABLE_HEADING_TEXT_COLOR" RAW="1"></ELEMENT>
<ELEMENT ID="CQDOQWE" SUB="DISCLAIMER_TEXT_COLOR" TYPE="READONLY" LOAD="THEME::DISCLAIMER_TEXT_COLOR" RAW="1"></ELEMENT>
<ELEMENT ID="CQDOQWF" SUB="LINK_TEXT_COLOR" TYPE="READONLY" LOAD="THEME::LINK_TEXT_COLOR" RAW="1"></ELEMENT>
<ELEMENT ID="CQDOQWG" SUB="HOMECATEGORY_URL" TYPE="READONLY" LOAD="URL::HOMECATEGORY_URL" RAW="1"></ELEMENT>
<ELEMENT ID="CQDOQWH" SUB="WRAPPER_URL" TYPE="READONLY" LOAD="URL::WRAPPER_URL" RAW="1"></ELEMENT>
<ELEMENT ID="CQDOQWI" SUB="CART_URL" TYPE="READONLY" LOAD="URL::CART_URL" RAW="1"></ELEMENT>
<ELEMENT ID="CQDOQWJ" SUB="SUBSCRIBE_URL" TYPE="READONLY" LOAD="URL::SUBSCRIBE_URL" RAW="1"></ELEMENT>
<ELEMENT ID="CQDOQWK" SUB="FEEDBACK_URL" TYPE="READONLY" LOAD="URL::FEEDBACK_URL" RAW="1"></ELEMENT>
<ELEMENT ID="CQDOQWL" SUB="LOGOUT_FUNCTION_URL" TYPE="READONLY" LOAD="URL::LOGOUT_FUNCTION_URL" RAW="1"></ELEMENT>
<ELEMENT ID="CQDOQWM" SUB="SHIPQUOTE_URL" TYPE="READONLY" LOAD="URL::SHIPQUOTE_URL" RAW="1"></ELEMENT>
<ELEMENT ID="CQDOQWN" SUB="PRIVACY_URL" TYPE="READONLY" LOAD="URL::PRIVACY_URL" RAW="1"></ELEMENT>
<ELEMENT ID="CQDOQWO" SUB="SITEBUTTON_URL" TYPE="READONLY" LOAD="URL::SITEBUTTON_URL" RAW="1"></ELEMENT>
<ELEMENT ID="CQDOQWP" SUB="HOMEPAGE_URL" TYPE="READONLY" LOAD="URL::HOMEPAGE_URL" RAW="1"></ELEMENT>
<ELEMENT ID="CQDOQWQ" SUB="COUNTER_URL" TYPE="READONLY" LOAD="URL::COUNTER_URL" RAW="1"></ELEMENT>
<ELEMENT ID="CQDOQWR" SUB="RETURNS_URL" TYPE="READONLY" LOAD="URL::RETURNS_URL" RAW="1"></ELEMENT>
<ELEMENT ID="CQDOQWS" SUB="PASSWORD_URL" TYPE="READONLY" LOAD="URL::PASSWORD_URL" RAW="1"></ELEMENT>
<ELEMENT ID="CQDOQWT" SUB="UPDATE_PAYMENT_URL" TYPE="READONLY" LOAD="URL::UPDATE_PAYMENT_URL" RAW="1"></ELEMENT>
<ELEMENT ID="CQDOQWU" SUB="FORGOT_URL" TYPE="READONLY" LOAD="URL::FORGOT_URL" RAW="1"></ELEMENT>
<ELEMENT ID="CQDOQWV" SUB="NAVBUTTON_URL" TYPE="READONLY" LOAD="URL::NAVBUTTON_URL" RAW="1"></ELEMENT>
<ELEMENT ID="CQDOQWW" SUB="CONTACT_URL" TYPE="READONLY" LOAD="URL::CONTACT_URL" RAW="1"></ELEMENT>
<ELEMENT ID="CQDOQWX" SUB="LOGOUT_URL" TYPE="READONLY" LOAD="URL::LOGOUT_URL" RAW="1"></ELEMENT>
<ELEMENT ID="CQDOQWY" SUB="GALLERY_URL" TYPE="READONLY" LOAD="URL::GALLERY_URL" RAW="1"></ELEMENT>
<ELEMENT ID="CQDOQWZ" SUB="REMOVE_URL" TYPE="READONLY" LOAD="URL::REMOVE_URL" RAW="1"></ELEMENT>
<ELEMENT ID="CQDOQXA" SUB="HOME_URL" TYPE="READONLY" LOAD="URL::HOME_URL" RAW="1"></ELEMENT>
<ELEMENT ID="CQDOQXB" SUB="ABOUT_ZOOVY_URL" TYPE="READONLY" LOAD="URL::ABOUT_ZOOVY_URL" RAW="1"></ELEMENT>
<ELEMENT ID="CQDOQXC" SUB="NEWS_URL" TYPE="READONLY" LOAD="URL::NEWS_URL" RAW="1"></ELEMENT>
<ELEMENT ID="CQDOQXD" SUB="SECURE_URL" TYPE="READONLY" LOAD="URL::SECURE_URL" RAW="1"></ELEMENT>
<ELEMENT ID="CQDOQXE" SUB="ABOUT_URL" TYPE="READONLY" LOAD="URL::ABOUT_URL" RAW="1"></ELEMENT>
<ELEMENT ID="CQDOQXF" SUB="USERBUTTON_URL" TYPE="READONLY" LOAD="URL::USERBUTTON_URL" RAW="1"></ELEMENT>
<ELEMENT ID="CQDOQXG" SUB="CLOSED_URL" TYPE="READONLY" LOAD="URL::CLOSED_URL" RAW="1"></ELEMENT>
<ELEMENT ID="CQDOQXH" SUB="FASTORDER_URL" TYPE="READONLY" LOAD="URL::FASTORDER_URL" RAW="1"></ELEMENT>
<ELEMENT ID="CQDOQXI" SUB="MAIL_FORM_URL" TYPE="READONLY" LOAD="URL::MAIL_FORM_URL" RAW="1"></ELEMENT>
<ELEMENT ID="CQDOQXJ" SUB="GRAPHICS_URL" TYPE="READONLY" LOAD="URL::GRAPHICS_URL" RAW="1"></ELEMENT>
<ELEMENT ID="CQDOQXK" SUB="IMAGE_URL" TYPE="READONLY" LOAD="URL::IMAGE_URL" RAW="1"></ELEMENT>
<ELEMENT ID="CQDOQXL" SUB="CONTACTUS_URL" TYPE="READONLY" LOAD="URL::CONTACTUS_URL" RAW="1"></ELEMENT>
<ELEMENT ID="CQDOQXM" SUB="DYNAMIC_URL" TYPE="READONLY" LOAD="URL::DYNAMIC_URL" RAW="1"></ELEMENT>
<ELEMENT ID="CQDOQXN" SUB="NONSECURE_URL" TYPE="READONLY" LOAD="URL::NONSECURE_URL" RAW="1"></ELEMENT>
<ELEMENT ID="CQDOQXO" SUB="CONTACT_US_URL" TYPE="READONLY" LOAD="URL::CONTACT_US_URL" RAW="1"></ELEMENT>
<ELEMENT ID="CQDOQXP" SUB="SEARCH_URL" TYPE="READONLY" LOAD="URL::SEARCH_URL" RAW="1"></ELEMENT>
<ELEMENT ID="CQDOQXQ" SUB="ABOUTUS_URL" TYPE="READONLY" LOAD="URL::ABOUTUS_URL" RAW="1"></ELEMENT>
<ELEMENT ID="CQDOQXR" SUB="CUSTOMER_MAIN_URL" TYPE="READONLY" LOAD="URL::CUSTOMER_MAIN_URL" RAW="1"></ELEMENT>
<ELEMENT ID="CQDOQXS" SUB="MERCHANT_LOGIN_URL" TYPE="READONLY" LOAD="URL::MERCHANT_LOGIN_URL" RAW="1"></ELEMENT>
<ELEMENT ID="CQDOQXT" SUB="CATEGORY_URL" TYPE="READONLY" LOAD="URL::CATEGORY_URL" RAW="1"></ELEMENT>
<ELEMENT ID="CQDOQXU" SUB="ADULT_URL" TYPE="READONLY" LOAD="URL::ADULT_URL" RAW="1"></ELEMENT>
<ELEMENT ID="CQDOQXV" SUB="CLAIM_URL" TYPE="READONLY" LOAD="URL::CLAIM_URL" RAW="1"></ELEMENT>
<ELEMENT ID="CQDOQXW" SUB="CLAIM_MULTI_URL" TYPE="READONLY" LOAD="URL::CLAIM_MULTI_URL" RAW="1"></ELEMENT>
<ELEMENT ID="CQDOQXX" SUB="ABOUT_US_URL" TYPE="READONLY" LOAD="URL::ABOUT_US_URL" RAW="1"></ELEMENT>
<ELEMENT ID="CQDOQXY" SUB="RESULTS_URL" TYPE="READONLY" LOAD="URL::RESULTS_URL" RAW="1"></ELEMENT>
<ELEMENT ID="CQDOQXZ" SUB="PRODUCT_URL" TYPE="READONLY" LOAD="URL::PRODUCT_URL" RAW="1"></ELEMENT>
<ELEMENT ID="CQDOQYA" SUB="CONTINUE_URL" TYPE="READONLY" LOAD="URL::CONTINUE_URL" RAW="1"></ELEMENT>
<ELEMENT ID="CQDOQYB" SUB="REDIR_URL" TYPE="READONLY" LOAD="URL::REDIR_URL" RAW="1"></ELEMENT>
<ELEMENT ID="CQDOQYC" SUB="KILL_COOKIES_URL" TYPE="READONLY" LOAD="URL::KILL_COOKIES_URL" RAW="1"></ELEMENT>
<ELEMENT ID="CQDOQYD" SUB="LOGIN_URL" TYPE="READONLY" LOAD="URL::LOGIN_URL" RAW="1"></ELEMENT>
<ELEMENT ID="CQDOQYE" SUB="CHECKOUT_URL" TYPE="READONLY" LOAD="URL::CHECKOUT_URL" RAW="1"></ELEMENT>
<ELEMENT ID="CQDOQYF" SUB="ORDER_STATUS_URL" TYPE="READONLY" LOAD="URL::ORDER_STATUS_URL" RAW="1"></ELEMENT>
<ELEMENT ID="CQDOQYG" SUB="NO_COOKIES_URL" TYPE="READONLY" LOAD="URL::NO_COOKIES_URL" RAW="1"></ELEMENT>
<ELEMENT ID="CQDOQYH" SUB="PAYPAL_URL" TYPE="READONLY" LOAD="URL::PAYPAL_URL" RAW="1"></ELEMENT>
<ELEMENT ID="CQDOQYI" SUB="CANCEL_ORDER_URL" TYPE="READONLY" LOAD="URL::CANCEL_ORDER_URL" RAW="1"></ELEMENT>
<ELEMENT ID="CQDOQYJ" SUB="MAIL_CONFIG_URL" TYPE="READONLY" LOAD="URL::MAIL_CONFIG_URL" RAW="1"></ELEMENT>
<ELEMENT ID="CQDOQYK" SUB="DISABLED_URL" TYPE="READONLY" LOAD="URL::DISABLED_URL" RAW="1"></ELEMENT>
<ELEMENT ID="CQDOQYL" TYPE="OUTPUT"><HTML><![CDATA[<html>
<head>
	]]></HTML>
</ELEMENT>
<ELEMENT ID="CQDOQYM" TYPE="HEAD"></ELEMENT>
<ELEMENT ID="CQDOQYN" TYPE="OUTPUT"><HTML><![CDATA[
</head>

<body marginheight=0 marginwidth=0 leftmargin=0 rightmargin=0 topmargin=0 bgcolor="#F0F0F0" text="#%CONTENT_TEXT_COLOR%" link="#%LINK_TEXT_COLOR%" alink="#%LINK_ACTIVE_TEXT_COLOR%" vlink="#%LINK_VISITED_TEXT_COLOR%">
<div align="center">
<table cellspacing=0 cellpadding=0 border=0>
	<tr>
		<td><img src="%WRAPPER_URL%/blank.gif" width="7" height="1" alt="" border="0"></td>
		<td><img src="%WRAPPER_URL%/blank.gif" width="1" height="7" alt="" border="0"></td>
		<td><img src="%WRAPPER_URL%/blank.gif" width="400" height="1" alt="" border="0"></td>
		<td><img src="%WRAPPER_URL%/blank.gif" width="1" height="1" alt="" border="0"></td>
		<td><img src="%WRAPPER_URL%/blank.gif" width="7" height="1" alt="" border="0"></td>
	</tr><tr>
		<td></td>
		<td bgcolor="#660000" height=1><img src="%WRAPPER_URL%/blank.gif" width="1" height="1" alt="" border="0"></td>
		<td bgcolor="#660000"></td>
		<td bgcolor="#660000"></td>
		<td></td>
	</tr><tr>
		<td></td>
		<td bgcolor="#660000" height=6><img src="%WRAPPER_URL%/blank.gif" width="1" height="6" alt="" border="0"></td>
		<td bgcolor="#FFFFFF"></td>
		<td bgcolor="#660000"></td>
		<td></td>
	</tr><tr>
		<td bgcolor="#660000"></td>
		<td bgcolor="#660000"></td>
		<td bgcolor="#FFFFFF" valign="middle" align="center">]]></HTML>
</ELEMENT>
<ELEMENT ID="CQDOQYO" TYPE="LOGO"></ELEMENT>
<ELEMENT ID="CQDOQYP" TYPE="OUTPUT"><HTML><![CDATA[</td>
		<td bgcolor="#660000"></td>
		<td bgcolor="#660000"></td>
	</tr><tr>
		<td bgcolor="#660000"></td>
		<td bgcolor="#660000"></td>
		<td bgcolor="#FFFFFF"></td>
		<td bgcolor="#660000"></td>
		<td bgcolor="#660000"></td>
	</tr><tr>
		<td></td>
		<td bgcolor="#660000" height=6><img src="%WRAPPER_URL%/blank.gif" width="1" height="6" alt="" border="0"></td>
		<td bgcolor="#FFFFFF"></td>
		<td bgcolor="#660000"></td>
		<td></td>
	</tr><tr>
		<td></td>
		<td bgcolor="#660000" height=1><img src="%WRAPPER_URL%/blank.gif" width="1" height="1" alt="" border="0"></td>
		<td bgcolor="#660000"></td>
		<td bgcolor="#660000"></td>
		<td></td>
	</tr><tr>
		<td></td>
		<td><img src="%WRAPPER_URL%/blank.gif" width="1" height="7" alt="" border="0"></td>
		<td></td>
		<td></td>
		<td></td>
	</tr>
</table>
</div>
<table cellspacing=0 cellpadding=0 border=0 width=100%>
	<tr>
		<td bgcolor="#660000" height=3><img src="%WRAPPER_URL%/blank.gif" width="1" height="3" alt="" border="0"></td>
	</tr>
</table>
<table cellspacing=0 cellpadding=0 border=0 width="100%">
	<tr>
		<td><img src="%WRAPPER_URL%/blank.gif" width="7" height="1" alt="" border="0"></td>
		<td><img src="%WRAPPER_URL%/blank.gif" width="150" height="1" alt="" border="0"></td>
		<td><img src="%WRAPPER_URL%/blank.gif" width="7" height="1" alt="" border="0"></td>
		<td width="99%"><img src="%WRAPPER_URL%/blank.gif" width="1" height="7" alt="" border="0"></td>
		<td><img src="%WRAPPER_URL%/blank.gif" width="7" height="1" alt="" border="0"></td>
		<td><img src="%WRAPPER_URL%/blank.gif" width="150" height="1" alt="" border="0"></td>
		<td><img src="%WRAPPER_URL%/blank.gif" width="7" height="1" alt="" border="0"></td>
	</tr><tr>
		<td></td>
		<td valign="top"><!--This is the left nav bar -->
			<table cellspacing=0 cellpadding=0 border=0 width=100%>
				<tr>
					<td><img src="%WRAPPER_URL%/blank.gif" width="7" height="1" alt="" border="0"></td>
					<td bgcolor="#660000"><img src="%WRAPPER_URL%/blank.gif" width="1" height="1" alt="" border="0"></td>
					<td bgcolor="#660000"><img src="%WRAPPER_URL%/blank.gif" width="134" height="1" alt="" border="0"></td>
					<td bgcolor="#660000"><img src="%WRAPPER_URL%/blank.gif" width="1" height="1" alt="" border="0"></td>
					<td><img src="%WRAPPER_URL%/blank.gif" width="7" height="1" alt="" border="0"></td>
				</tr><tr>
					<td></td>
					<td bgcolor="#660000"><img src="%WRAPPER_URL%/blank.gif" width="1" height="7" alt="" border="0"></td>
					<td bgcolor="#FFFFFF"></td>
					<td bgcolor="#660000"></td>
					<td></td>
				</tr><tr>
					<td bgcolor="#660000"><img src="%WRAPPER_URL%/blank.gif" width="1" height="1" alt="" border="0"></td>
					<td bgcolor="#660000"></td>
					<td bgcolor="#660000"></td>
					<td bgcolor="#660000"></td>
					<td bgcolor="#660000"></td>
				</tr><tr>
					<td bgcolor="#660000"><img src="%WRAPPER_URL%/blank.gif" width="1" height="7" alt="" border="0"></td>
					<td bgcolor="#660000"></td>
					<td bgcolor="#FFFFFF">&nbsp;<font face="arial" size=1 color="#000000">Menu:</td>
					<td bgcolor="#660000"></td>
					<td bgcolor="#660000"></td>
				</tr><tr>
					<td bgcolor="#660000"><img src="%WRAPPER_URL%/blank.gif" width="1" height="1" alt="" border="0"></td>
					<td bgcolor="#660000"></td>
					<td bgcolor="#660000"></td>
					<td bgcolor="#660000"></td>
					<td bgcolor="#660000"></td>
				</tr><tr>
					<td></td>
					<td bgcolor="#660000"><img src="%WRAPPER_URL%/blank.gif" width="1" height="7" alt="" border="0"></td>
					<td bgcolor="#FFFFFF"></td>
					<td bgcolor="#660000"></td>
					<td></td>
				</tr><tr>
					<td></td>
					<td bgcolor="#660000"></td>
					<td bgcolor="#FFFFFF"><font size="1" face="arial">
&nbsp;<a href="%HOME_URL%">Home</a><br>
&nbsp;<a href="%CART_URL%">Cart</a><br>
&nbsp;<a href="%SEARCH_URL%">Search</a><br>
&nbsp;<a href="%ABOUT_URL%">About Us</a><br>
&nbsp;<a href="%LOGIN_URL%">My Account</a><br>
&nbsp;<a href="%CONTACT_URL%">Contact Us</a><br>
&nbsp;<a href="%SUBSCRIBE_URL%">Mailing list</a></font></td>
					<td bgcolor="#660000"></td>
					<td></td>
				</tr><tr>
					<td></td>
					<td bgcolor="#660000"><img src="%WRAPPER_URL%/blank.gif" width="1" height="7" alt="" border="0"></td>
					<td bgcolor="#FFFFFF"></td>
					<td bgcolor="#660000"></td>
					<td></td>
				</tr><tr>
					<td></td>
					<td colspan=3 bgcolor="#660000"></td>
				</tr>
			</table>
		</td>
		<td></td>
		<td valign="top"><!--this is the main body-->
		<table cellspacing=0 cellpadding=0 border=0 width=100%>
				<tr>
					<td><img src="%WRAPPER_URL%/blank.gif" width="7" height="1" alt="" border="0"></td>
					<td bgcolor="#660000"><img src="%WRAPPER_URL%/blank.gif" width="1" height="1" alt="" border="0"></td>
					<td bgcolor="#660000" width="99%"><img src="%WRAPPER_URL%/blank.gif" width="350" height="1" alt="" border="0"></td>
					<td bgcolor="#660000"><img src="%WRAPPER_URL%/blank.gif" width="1" height="1" alt="" border="0"></td>
					<td><img src="%WRAPPER_URL%/blank.gif" width="7" height="1" alt="" border="0"></td>
				</tr><tr>
					<td></td>
					<td bgcolor="#660000"><img src="%WRAPPER_URL%/blank.gif" width="1" height="7" alt="" border="0"></td>
					<td bgcolor="#FFFFFF"></td>
					<td bgcolor="#660000"></td>
					<td></td>
				</tr><tr>
					<td bgcolor="#660000"><img src="%WRAPPER_URL%/blank.gif" width="1" height="1" alt="" border="0"></td>
					<td bgcolor="#660000"></td>
					<td bgcolor="#660000"></td>
					<td bgcolor="#660000"></td>
					<td bgcolor="#660000"></td>
				</tr><tr>
					<td bgcolor="#660000"><img src="%WRAPPER_URL%/blank.gif" width="1" height="7" alt="" border="0"></td>
					<td bgcolor="#660000"></td>
					<td bgcolor="#FFFFFF">&nbsp;<font face="arial" size=1 color="#000000">]]></HTML>
</ELEMENT>
<ELEMENT ID="CQDOQYQ" TYPE="TITLE"></ELEMENT>
<ELEMENT ID="CQDOQYR" TYPE="OUTPUT"><HTML><![CDATA[</td>
					<td bgcolor="#660000"></td>
					<td bgcolor="#660000"></td>
				</tr><tr>
					<td bgcolor="#660000"><img src="%WRAPPER_URL%/blank.gif" width="1" height="1" alt="" border="0"></td>
					<td bgcolor="#660000"></td>
					<td bgcolor="#660000"></td>
					<td bgcolor="#660000"></td>
					<td bgcolor="#660000"></td>
				</tr><tr>
					<td height=150></td>
					<td bgcolor="#660000"></td>
					<td bgcolor="#FFFFFF" align="left" valign="top">
						<table cellspacing=6 border=0 width="100%">
							<tr><td>]]></HTML>
</ELEMENT>
<ELEMENT ID="CQDOQYS" TYPE="BODY"></ELEMENT>
<ELEMENT ID="CQDOQYT" TYPE="OUTPUT"><HTML><![CDATA[</td></tr></table>
						</td>
					<td bgcolor="#660000"></td>
					<td></td>
				</tr><tr>
					<td></td>
					<td bgcolor="#660000"><img src="%WRAPPER_URL%/blank.gif" width="1" height="7" alt="" border="0"></td>
					<td bgcolor="#FFFFFF"></td>
					<td bgcolor="#660000"></td>
					<td></td>
				</tr><tr>
					<td></td>
					<td colspan=3 bgcolor="#660000"></td>
				</tr>
			</table></td>
		<td></td>
		<td valign="top"><!--this is the right nav bar-->
		<table cellspacing=0 cellpadding=0 border=0 width=100%>
				<tr>
					<td><img src="%WRAPPER_URL%/blank.gif" width="7" height="1" alt="" border="0"></td>
					<td bgcolor="#660000"><img src="%WRAPPER_URL%/blank.gif" width="1" height="1" alt="" border="0"></td>
					<td bgcolor="#660000"><img src="%WRAPPER_URL%/blank.gif" width="134" height="1" alt="" border="0"></td>
					<td bgcolor="#660000"><img src="%WRAPPER_URL%/blank.gif" width="1" height="1" alt="" border="0"></td>
					<td><img src="%WRAPPER_URL%/blank.gif" width="7" height="1" alt="" border="0"></td>
				</tr><tr>
					<td></td>
					<td bgcolor="#660000"><img src="%WRAPPER_URL%/blank.gif" width="1" height="7" alt="" border="0"></td>
					<td bgcolor="#FFFFFF"></td>
					<td bgcolor="#660000"></td>
					<td></td>
				</tr><tr>
					<td bgcolor="#660000"><img src="%WRAPPER_URL%/blank.gif" width="1" height="1" alt="" border="0"></td>
					<td bgcolor="#660000"></td>
					<td bgcolor="#660000"></td>
					<td bgcolor="#660000"></td>
					<td bgcolor="#660000"></td>
				</tr><tr>
					<td bgcolor="#660000"><img src="%WRAPPER_URL%/blank.gif" width="1" height="7" alt="" border="0"></td>
					<td bgcolor="#660000"></td>
					<td bgcolor="#FFFFFF">&nbsp;<font face="arial" size=1 color="#000000">Categories:</td>
					<td bgcolor="#660000"></td>
					<td bgcolor="#660000"></td>
				</tr><tr>
					<td bgcolor="#660000"><img src="%WRAPPER_URL%/blank.gif" width="1" height="1" alt="" border="0"></td>
					<td bgcolor="#660000"></td>
					<td bgcolor="#660000"></td>
					<td bgcolor="#660000"></td>
					<td bgcolor="#660000"></td>
				</tr><tr>
					<td></td>
					<td bgcolor="#660000"><img src="%WRAPPER_URL%/blank.gif" width="1" height="7" alt="" border="0"></td>
					<td bgcolor="#FFFFFF"></td>
					<td bgcolor="#660000"></td>
					<td></td>
				</tr><tr>
					<td></td>
					<td bgcolor="#660000"></td>
					<td bgcolor="#FFFFFF">
					<table cellspacing=0 cellpadding=2 border=0 width=100%><tr><td>
					]]></HTML>
</ELEMENT>
<ELEMENT ID="CQDOQYU" TYPE="MENU"><HTML><![CDATA[<font face="arial" size=1> <a href="%URL%">%MESSAGE%</font></a><br>]]></HTML>
</ELEMENT>
<ELEMENT ID="CQDOQYV" TYPE="OUTPUT"><HTML><![CDATA[</td></tr></table></td>
					<td bgcolor="#660000"></td>
					<td></td>
				</tr><tr>
					<td></td>
					<td bgcolor="#660000"><img src="%WRAPPER_URL%/blank.gif" width="1" height="7" alt="" border="0"></td>
					<td bgcolor="#FFFFFF"></td>
					<td bgcolor="#660000"></td>
					<td></td>
				</tr><tr>
					<td></td>
					<td colspan=3 bgcolor="#660000"></td>
				</tr>
			</table>
		</td>
		<td></td>
	</tr>
</table><br>
<table cellspacing=0 cellpadding=1 border=0 width=100%>
	<tr>
		<td><img src="%WRAPPER_URL%/blank.gif" width="169" height="1" alt="" border="0"></td>
		<td width=99% bgcolor="#660000">
			<table cellspacing=0 cellpadding=2 border=0 width=100% bgcolor="#FFFFFF">
				<tr>
					<td><img src="%WRAPPER_URL%/blank.gif" width="350" height="1" alt="" border="0"><br>]]></HTML>
</ELEMENT>
<ELEMENT ID="CQDOQYW" TYPE="FOOTER" TRANSPARENT="TRUE"></ELEMENT>
<ELEMENT ID="CQDOQYX" TYPE="OUTPUT"><HTML><![CDATA[</td></tr></table></td>
		<td><img src="%WRAPPER_URL%/blank.gif" width="169" height="1" alt="" border="0"></td>
	</tr>
</table>

</body>
</html>
]]></HTML>
</ELEMENT>
<ELEMENT ID="CQGCQJR" COLORS="132" TYPE="CONFIG" CATEGORIES="32768" CREATED="20020501" TITLE="Rogue Dual" PROPERTIES="0"></ELEMENT>

</TEMPLATE>