<TEMPLATE ID="sassy" FORMAT="WRAPPER">


<!-- ******* -->
<ELEMENT ID="CQDOYYC" SUB="LINK_VISITED_TEXT_COLOR" TYPE="READONLY" LOAD="THEME::LINK_VISITED_TEXT_COLOR" RAW="1"></ELEMENT>
<ELEMENT ID="CQDOYYD" SUB="TABLE_HEADING_FONT_SIZE" TYPE="READONLY" LOAD="THEME::TABLE_HEADING_FONT_SIZE" RAW="1"></ELEMENT>
<ELEMENT ID="CQDOYYE" SUB="DISCLAIMER_FONT_SIZE" TYPE="READONLY" LOAD="THEME::DISCLAIMER_FONT_SIZE" RAW="1"></ELEMENT>
<ELEMENT ID="CQDOYYF" SUB="CONTENT_BACKGROUND_COLOR" TYPE="READONLY" LOAD="THEME::CONTENT_BACKGROUND_COLOR" RAW="1"></ELEMENT>
<ELEMENT ID="CQDOYYG" SUB="TABLE_LISTING_BACKGROUND_COLOR" TYPE="READONLY" LOAD="THEME::TABLE_LISTING_BACKGROUND_COLOR" RAW="1"></ELEMENT>
<ELEMENT ID="CQDOYYH" SUB="CONTENT_TEXT_COLOR" TYPE="READONLY" LOAD="THEME::CONTENT_TEXT_COLOR" RAW="1"></ELEMENT>
<ELEMENT ID="CQDOYYI" SUB="TABLE_LISTING_FONT_SIZE" TYPE="READONLY" LOAD="THEME::TABLE_LISTING_FONT_SIZE" RAW="1"></ELEMENT>
<ELEMENT ID="CQDOYYJ" SUB="TABLE_LISTING_TEXT_COLOR" TYPE="READONLY" LOAD="THEME::TABLE_LISTING_TEXT_COLOR" RAW="1"></ELEMENT>
<ELEMENT ID="CQDOYYK" SUB="TABLE_LISTING_FONT_FACE" TYPE="READONLY" LOAD="THEME::TABLE_LISTING_FONT_FACE" RAW="1"></ELEMENT>
<ELEMENT ID="CQDOYYL" SUB="CONTENT_FONT_FACE" TYPE="READONLY" LOAD="THEME::CONTENT_FONT_FACE" RAW="1"></ELEMENT>
<ELEMENT ID="CQDOYYM" SUB="NAME" TYPE="READONLY" LOAD="THEME::NAME" RAW="1"></ELEMENT>
<ELEMENT ID="CQDOYYN" SUB="DISCLAIMER_FONT_FACE" TYPE="READONLY" LOAD="THEME::DISCLAIMER_FONT_FACE" RAW="1"></ELEMENT>
<ELEMENT ID="CQDOYYO" SUB="PRETTY_NAME" TYPE="READONLY" LOAD="THEME::PRETTY_NAME" RAW="1"></ELEMENT>
<ELEMENT ID="CQDOYYP" SUB="TABLE_HEADING_BACKGROUND_COLOR" TYPE="READONLY" LOAD="THEME::TABLE_HEADING_BACKGROUND_COLOR" RAW="1"></ELEMENT>
<ELEMENT ID="CQDOYYQ" SUB="TABLE_LISTING_BACKGROUND_COLOR_ALTERNATE" TYPE="READONLY" LOAD="THEME::TABLE_LISTING_BACKGROUND_COLOR_ALTERNATE" RAW="1"></ELEMENT>
<ELEMENT ID="CQDOYYR" SUB="LINK_ACTIVE_TEXT_COLOR" TYPE="READONLY" LOAD="THEME::LINK_ACTIVE_TEXT_COLOR" RAW="1"></ELEMENT>
<ELEMENT ID="CQDOYYS" SUB="CONTENT_FONT_SIZE" TYPE="READONLY" LOAD="THEME::CONTENT_FONT_SIZE" RAW="1"></ELEMENT>
<ELEMENT ID="CQDOYYT" SUB="ALERT_COLOR" TYPE="READONLY" LOAD="THEME::ALERT_COLOR" RAW="1"></ELEMENT>
<ELEMENT ID="CQDOYYU" SUB="DISCLAIMER_BACKGROUND_COLOR" TYPE="READONLY" LOAD="THEME::DISCLAIMER_BACKGROUND_COLOR" RAW="1"></ELEMENT>
<ELEMENT ID="CQDOYYV" SUB="TABLE_HEADING_FONT_FACE" TYPE="READONLY" LOAD="THEME::TABLE_HEADING_FONT_FACE" RAW="1"></ELEMENT>
<ELEMENT ID="CQDOYYW" SUB="TABLE_HEADING_TEXT_COLOR" TYPE="READONLY" LOAD="THEME::TABLE_HEADING_TEXT_COLOR" RAW="1"></ELEMENT>
<ELEMENT ID="CQDOYYX" SUB="DISCLAIMER_TEXT_COLOR" TYPE="READONLY" LOAD="THEME::DISCLAIMER_TEXT_COLOR" RAW="1"></ELEMENT>
<ELEMENT ID="CQDOYYY" SUB="LINK_TEXT_COLOR" TYPE="READONLY" LOAD="THEME::LINK_TEXT_COLOR" RAW="1"></ELEMENT>
<ELEMENT ID="CQDOYYZ" SUB="HOMECATEGORY_URL" TYPE="READONLY" LOAD="URL::HOMECATEGORY_URL" RAW="1"></ELEMENT>
<ELEMENT ID="CQDOYZA" SUB="WRAPPER_URL" TYPE="READONLY" LOAD="URL::WRAPPER_URL" RAW="1"></ELEMENT>
<ELEMENT ID="CQDOYZB" SUB="CART_URL" TYPE="READONLY" LOAD="URL::CART_URL" RAW="1"></ELEMENT>
<ELEMENT ID="CQDOYZC" SUB="SUBSCRIBE_URL" TYPE="READONLY" LOAD="URL::SUBSCRIBE_URL" RAW="1"></ELEMENT>
<ELEMENT ID="CQDOYZD" SUB="FEEDBACK_URL" TYPE="READONLY" LOAD="URL::FEEDBACK_URL" RAW="1"></ELEMENT>
<ELEMENT ID="CQDOYZE" SUB="LOGOUT_FUNCTION_URL" TYPE="READONLY" LOAD="URL::LOGOUT_FUNCTION_URL" RAW="1"></ELEMENT>
<ELEMENT ID="CQDOYZF" SUB="SHIPQUOTE_URL" TYPE="READONLY" LOAD="URL::SHIPQUOTE_URL" RAW="1"></ELEMENT>
<ELEMENT ID="CQDOYZG" SUB="PRIVACY_URL" TYPE="READONLY" LOAD="URL::PRIVACY_URL" RAW="1"></ELEMENT>
<ELEMENT ID="CQDOYZH" SUB="SITEBUTTON_URL" TYPE="READONLY" LOAD="URL::SITEBUTTON_URL" RAW="1"></ELEMENT>
<ELEMENT ID="CQDOYZI" SUB="HOMEPAGE_URL" TYPE="READONLY" LOAD="URL::HOMEPAGE_URL" RAW="1"></ELEMENT>
<ELEMENT ID="CQDOYZJ" SUB="COUNTER_URL" TYPE="READONLY" LOAD="URL::COUNTER_URL" RAW="1"></ELEMENT>
<ELEMENT ID="CQDOYZK" SUB="RETURNS_URL" TYPE="READONLY" LOAD="URL::RETURNS_URL" RAW="1"></ELEMENT>
<ELEMENT ID="CQDOYZL" SUB="PASSWORD_URL" TYPE="READONLY" LOAD="URL::PASSWORD_URL" RAW="1"></ELEMENT>
<ELEMENT ID="CQDOYZM" SUB="UPDATE_PAYMENT_URL" TYPE="READONLY" LOAD="URL::UPDATE_PAYMENT_URL" RAW="1"></ELEMENT>
<ELEMENT ID="CQDOYZN" SUB="FORGOT_URL" TYPE="READONLY" LOAD="URL::FORGOT_URL" RAW="1"></ELEMENT>
<ELEMENT ID="CQDOYZO" SUB="NAVBUTTON_URL" TYPE="READONLY" LOAD="URL::NAVBUTTON_URL" RAW="1"></ELEMENT>
<ELEMENT ID="CQDOYZP" SUB="CONTACT_URL" TYPE="READONLY" LOAD="URL::CONTACT_URL" RAW="1"></ELEMENT>
<ELEMENT ID="CQDOYZQ" SUB="LOGOUT_URL" TYPE="READONLY" LOAD="URL::LOGOUT_URL" RAW="1"></ELEMENT>
<ELEMENT ID="CQDOYZR" SUB="GALLERY_URL" TYPE="READONLY" LOAD="URL::GALLERY_URL" RAW="1"></ELEMENT>
<ELEMENT ID="CQDOYZS" SUB="REMOVE_URL" TYPE="READONLY" LOAD="URL::REMOVE_URL" RAW="1"></ELEMENT>
<ELEMENT ID="CQDOYZT" SUB="HOME_URL" TYPE="READONLY" LOAD="URL::HOME_URL" RAW="1"></ELEMENT>
<ELEMENT ID="CQDOYZU" SUB="ABOUT_ZOOVY_URL" TYPE="READONLY" LOAD="URL::ABOUT_ZOOVY_URL" RAW="1"></ELEMENT>
<ELEMENT ID="CQDOYZV" SUB="NEWS_URL" TYPE="READONLY" LOAD="URL::NEWS_URL" RAW="1"></ELEMENT>
<ELEMENT ID="CQDOYZW" SUB="SECURE_URL" TYPE="READONLY" LOAD="URL::SECURE_URL" RAW="1"></ELEMENT>
<ELEMENT ID="CQDOYZX" SUB="ABOUT_URL" TYPE="READONLY" LOAD="URL::ABOUT_URL" RAW="1"></ELEMENT>
<ELEMENT ID="CQDOYZY" SUB="USERBUTTON_URL" TYPE="READONLY" LOAD="URL::USERBUTTON_URL" RAW="1"></ELEMENT>
<ELEMENT ID="CQDOYZZ" SUB="CLOSED_URL" TYPE="READONLY" LOAD="URL::CLOSED_URL" RAW="1"></ELEMENT>
<ELEMENT ID="CQDOZAA" SUB="FASTORDER_URL" TYPE="READONLY" LOAD="URL::FASTORDER_URL" RAW="1"></ELEMENT>
<ELEMENT ID="CQDOZAB" SUB="MAIL_FORM_URL" TYPE="READONLY" LOAD="URL::MAIL_FORM_URL" RAW="1"></ELEMENT>
<ELEMENT ID="CQDOZAC" SUB="GRAPHICS_URL" TYPE="READONLY" LOAD="URL::GRAPHICS_URL" RAW="1"></ELEMENT>
<ELEMENT ID="CQDOZAD" SUB="IMAGE_URL" TYPE="READONLY" LOAD="URL::IMAGE_URL" RAW="1"></ELEMENT>
<ELEMENT ID="CQDOZAE" SUB="CONTACTUS_URL" TYPE="READONLY" LOAD="URL::CONTACTUS_URL" RAW="1"></ELEMENT>
<ELEMENT ID="CQDOZAF" SUB="DYNAMIC_URL" TYPE="READONLY" LOAD="URL::DYNAMIC_URL" RAW="1"></ELEMENT>
<ELEMENT ID="CQDOZAG" SUB="NONSECURE_URL" TYPE="READONLY" LOAD="URL::NONSECURE_URL" RAW="1"></ELEMENT>
<ELEMENT ID="CQDOZAH" SUB="CONTACT_US_URL" TYPE="READONLY" LOAD="URL::CONTACT_US_URL" RAW="1"></ELEMENT>
<ELEMENT ID="CQDOZAI" SUB="SEARCH_URL" TYPE="READONLY" LOAD="URL::SEARCH_URL" RAW="1"></ELEMENT>
<ELEMENT ID="CQDOZAJ" SUB="ABOUTUS_URL" TYPE="READONLY" LOAD="URL::ABOUTUS_URL" RAW="1"></ELEMENT>
<ELEMENT ID="CQDOZAK" SUB="CUSTOMER_MAIN_URL" TYPE="READONLY" LOAD="URL::CUSTOMER_MAIN_URL" RAW="1"></ELEMENT>
<ELEMENT ID="CQDOZAL" SUB="MERCHANT_LOGIN_URL" TYPE="READONLY" LOAD="URL::MERCHANT_LOGIN_URL" RAW="1"></ELEMENT>
<ELEMENT ID="CQDOZAM" SUB="CATEGORY_URL" TYPE="READONLY" LOAD="URL::CATEGORY_URL" RAW="1"></ELEMENT>
<ELEMENT ID="CQDOZAN" SUB="ADULT_URL" TYPE="READONLY" LOAD="URL::ADULT_URL" RAW="1"></ELEMENT>
<ELEMENT ID="CQDOZAO" SUB="CLAIM_URL" TYPE="READONLY" LOAD="URL::CLAIM_URL" RAW="1"></ELEMENT>
<ELEMENT ID="CQDOZAP" SUB="CLAIM_MULTI_URL" TYPE="READONLY" LOAD="URL::CLAIM_MULTI_URL" RAW="1"></ELEMENT>
<ELEMENT ID="CQDOZAQ" SUB="ABOUT_US_URL" TYPE="READONLY" LOAD="URL::ABOUT_US_URL" RAW="1"></ELEMENT>
<ELEMENT ID="CQDOZAR" SUB="RESULTS_URL" TYPE="READONLY" LOAD="URL::RESULTS_URL" RAW="1"></ELEMENT>
<ELEMENT ID="CQDOZAS" SUB="PRODUCT_URL" TYPE="READONLY" LOAD="URL::PRODUCT_URL" RAW="1"></ELEMENT>
<ELEMENT ID="CQDOZAT" SUB="CONTINUE_URL" TYPE="READONLY" LOAD="URL::CONTINUE_URL" RAW="1"></ELEMENT>
<ELEMENT ID="CQDOZAU" SUB="REDIR_URL" TYPE="READONLY" LOAD="URL::REDIR_URL" RAW="1"></ELEMENT>
<ELEMENT ID="CQDOZAV" SUB="KILL_COOKIES_URL" TYPE="READONLY" LOAD="URL::KILL_COOKIES_URL" RAW="1"></ELEMENT>
<ELEMENT ID="CQDOZAW" SUB="LOGIN_URL" TYPE="READONLY" LOAD="URL::LOGIN_URL" RAW="1"></ELEMENT>
<ELEMENT ID="CQDOZAX" SUB="CHECKOUT_URL" TYPE="READONLY" LOAD="URL::CHECKOUT_URL" RAW="1"></ELEMENT>
<ELEMENT ID="CQDOZAY" SUB="ORDER_STATUS_URL" TYPE="READONLY" LOAD="URL::ORDER_STATUS_URL" RAW="1"></ELEMENT>
<ELEMENT ID="CQDOZAZ" SUB="NO_COOKIES_URL" TYPE="READONLY" LOAD="URL::NO_COOKIES_URL" RAW="1"></ELEMENT>
<ELEMENT ID="CQDOZBA" SUB="PAYPAL_URL" TYPE="READONLY" LOAD="URL::PAYPAL_URL" RAW="1"></ELEMENT>
<ELEMENT ID="CQDOZBB" SUB="CANCEL_ORDER_URL" TYPE="READONLY" LOAD="URL::CANCEL_ORDER_URL" RAW="1"></ELEMENT>
<ELEMENT ID="CQDOZBC" SUB="MAIL_CONFIG_URL" TYPE="READONLY" LOAD="URL::MAIL_CONFIG_URL" RAW="1"></ELEMENT>
<ELEMENT ID="CQDOZBD" SUB="DISABLED_URL" TYPE="READONLY" LOAD="URL::DISABLED_URL" RAW="1"></ELEMENT>
<ELEMENT ID="CQDOZBE" TYPE="OUTPUT"><HTML><![CDATA[<!DOCTYPE HTML PUBLIC "-//W3C//DTD HTML 4.01 Transitional//EN">
]]></HTML>
</ELEMENT>
<ELEMENT ID="CQDOZBF" COLORS="128" TYPE="CONFIG" CATEGORIES="32768" CREATED="20021014" TITLE="" THEME="l2_purpleish" PROPERTIES="14" SITEBUTTONS="zing"></ELEMENT>
<ELEMENT ID="CQDOZBG" TYPE="OUTPUT"><HTML><![CDATA[
<html>
<head>
]]></HTML>
</ELEMENT>
<ELEMENT ID="CQDOZBH" TYPE="HEAD"></ELEMENT>
<ELEMENT ID="CQDOZBI" TYPE="OUTPUT"><HTML><![CDATA[
<style rel="STYLESHEET" type="text/css">
body	{margin: 0;}
td.foo	{background-color: #333333;}
td.goo	{background-color: #FFFFFF;}
td.moo	{background-image: url(%WRAPPER_URL%/cat_bg.gif);}
.title {font-family: arial; font-size: 14px; font-weight: bold; color: #990099;}
.menu {font-family: arial; font-size: 12px; color: #333333;}
p	{font-family: arial; font-size: 10px; color: #000000}
a	{text-decoration: none; color: #333333;}
a:hover	{text-decoration: underline; color: #990099}
</style>
<script language="JavaScript">
<!--
initialized = 0;
]]></HTML>
</ELEMENT>
<ELEMENT ID="CQDOZBJ" HTML="rollover_%NUM%_on = new Image;%BREAK%rollover_%NUM%_on.src = &quot;%SRC%&quot;;%BREAK%" NOHOME="1" TYPE="MENU" BUTTONTYPE="sascat_on"></ELEMENT>
<ELEMENT ID="CQDOZBK" HTML="rollover_%NUM%_off = new Image;%BREAK%rollover_%NUM%_off.src = &quot;%SRC%&quot;;%BREAK%" NOHOME="1" TYPE="MENU" BUTTONTYPE="sascat_off"></ELEMENT>
<ELEMENT ID="CQDOZBL" HTML="subrollover_%NUM%_on = new Image;%BREAK%subrollover_%NUM%_on.src = &quot;%SRC%&quot;;%BREAK%" WIDTH="140" NOHOME="1" TYPE="SUBCAT" DESCENDTREE="1" NOROOT="1" PRODCAT="1" BUTTONTYPE="sassubcat_on" STYLE="LEGACYMENU"></ELEMENT>
<ELEMENT ID="CQDOZBM" HTML="subrollover_%NUM%_off = new Image;%BREAK%subrollover_%NUM%_off.src = &quot;%SRC%&quot;;%BREAK%" WIDTH="140" NOHOME="1" TYPE="SUBCAT" DESCENDTREE="1" NOROOT="1" PRODCAT="1" BUTTONTYPE="sassubcat_off" STYLE="LEGACYMENU"></ELEMENT>
<ELEMENT ID="CQDOZBN" TYPE="OUTPUT"><HTML><![CDATA[

initialized = 1;
function on(imageNumber) {
if (!initialized || !document.images) return;
document.images[eval("\"roll_"+imageNumber+"\"")].src = eval("rollover_"+imageNumber+"_on.src");
}

function off(imageNumber) {
if (!initialized || !document.images) return;
document.images[eval("\"roll_"+imageNumber+"\"")].src = eval("rollover_"+imageNumber+"_off.src");
}

function sbon(imageNumber) {
if (!initialized || !document.images) return;
document.images[eval("\"subroll_"+imageNumber+"\"")].src = eval("subrollover_"+imageNumber+"_on.src");
}

function sboff(imageNumber) {
if (!initialized || !document.images) return;
document.images[eval("\"subroll_"+imageNumber+"\"")].src = eval("subrollover_"+imageNumber+"_off.src");
}

// -->
</script>
</head>

<body background="%WRAPPER_URL%/bg.gif">
<table cellspacing=0 cellpadding=0 border=0 width=100%>
	<tr>
		<td height=100 width=5 class="goo"><img src="%GRAPHICS_URL%/blank.gif" height=94 width=5></td>
		<td nowrap valign="top" class="goo"><div class="menu">
<a href="%HOME_URL%">Home</a>&nbsp;&nbsp;|&nbsp;
<a href="%CART_URL%">Cart</a>&nbsp;&nbsp;|&nbsp;
<a href="%ABOUT_URL%">About Us</a>&nbsp;&nbsp;|&nbsp;
<a href="%CONTACT_URL%">Contact Us</a>&nbsp;&nbsp;|&nbsp;
<a href="%LOGIN_URL%">Login</a><br>
		</td>
		<td align="right" width=99% class="goo"><a href="%HOME_URL%">]]></HTML>
</ELEMENT>
<ELEMENT ID="CQDOZBO" HEIGHT="94" WIDTH="405" TYPE="LOGO"></ELEMENT>
<ELEMENT ID="CQDOZBP" TYPE="OUTPUT"><HTML><![CDATA[</a></td>
<td width=5 class="goo"><img src="%GRAPHICS_URL%/blank.gif" height=1 width=5></td>
	</tr>
</table>
<table cellspacing=0 cellpadding=0 border=0 width=100%>
	<tr>
		<td class="foo" width=5><img src="%GRAPHICS_URL%/blank.gif" height=1 width=5></td>
		<td class="foo" colspan=2><img src="%GRAPHICS_URL%/blank.gif" height=1 width=5></td>
		<td class="foo" width=5><img src="%GRAPHICS_URL%/blank.gif" height=1 width=5></td>
	</tr><tr>
		<td class="moo"><img src="%WRAPPER_URL%/cat_bg.gif" width="1" height="28" alt="" border="0"></td>
		<td class="moo">
			<table cellspacing=0 cellpadding=0 border=0>
				<tr>
					<td width=2><img src="%WRAPPER_URL%/spacer.gif" width="2" height="28" alt="" border="0"></td>
					]]></HTML>
</ELEMENT>
<ELEMENT ID="CQDOZBQ" NOHOME="1" TYPE="MENU" BUTTONTYPE="sascat_off" ONLYHOME="0"><HTML><![CDATA[<td><a href="%URL%" OnMouseOver="on(%NUM%)" OnMouseOut="off(%NUM%)"><img src="%SRC%" width="%WIDTH%" height="%HEIGHT%" border="0" name="roll_%NUM%"></a></td><td><img src="%WRAPPER_URL%/spacer.gif" width="2" height="28" alt="" border="0"></td>]]></HTML>
</ELEMENT>
<ELEMENT ID="CQDOZBR" TYPE="OUTPUT"><HTML><![CDATA[
				</tr>
			</table>
		</td>
		<td class="moo" width=99%><img src="%GRAPHICS_URL%/blank.gif" height=1 width=5></td>
		<td class="moo"><img src="%GRAPHICS_URL%/blank.gif" height=1 width=5></td>
	</tr><tr>
		<td class="foo" width=5><img src="%GRAPHICS_URL%/blank.gif" height=1 width=5></td>
		<td class="foo" colspan=2><img src="%GRAPHICS_URL%/blank.gif" height=1 width=5></td>
		<td class="foo" width=5><img src="%GRAPHICS_URL%/blank.gif" height=1 width=5></td>
	</tr>
</table>
<table cellspacing=0 cellpadding=0 border=0 width=100%>
	<tr>
		<td width=5><img src="%GRAPHICS_URL%/blank.gif" height=1 width=5></td>
		<td width=140 valign="top"><br><div align="right">
		<form action="%RESULTS_URL%" method="get">
<input type="hidden" name="catalog" value="">
<input type="text" name="keywords" value=""><br>
<input type="image" src="%WRAPPER_URL%/search.gif" border="0">
</form>
		
		]]></HTML>
</ELEMENT>
<ELEMENT ID="CQDOZBS" WIDTH="140" NOHOME="1" TYPE="SUBCAT" DESCENDTREE="1" NOROOT="1" PRODCAT="1" BUTTONTYPE="sassubcat_off" STYLE="LEGACYMENU"><HTML><![CDATA[<a XXX href="%URL%" OnMouseOver="sbon(%NUM%)" OnMouseOut="sboff(%NUM%)"><img src="%SRC%" width="%WIDTH%" height="%HEIGHT%" border="0" name="subroll_%NUM%"></a><br>]]></HTML>
</ELEMENT>
<ELEMENT ID="CQDOZBT" TYPE="OUTPUT"><HTML><![CDATA[</div>
]]></HTML>
</ELEMENT>
<ELEMENT ID="CQDOZBU" TYPE="SIDEBAR"></ELEMENT>
<ELEMENT ID="CQDOZBV" TYPE="OUTPUT"><HTML><![CDATA[</td>
		<td width=15><img src="%GRAPHICS_URL%/blank.gif" height=1 width=15></td>
		<td width=99% valign="top"><br><span class="title">]]></HTML>
</ELEMENT>
<ELEMENT ID="CQDOZBW" TYPE="TITLE"></ELEMENT>
<ELEMENT ID="CQDOZBX" TYPE="OUTPUT"><HTML><![CDATA[</span>
		<p>]]></HTML>
</ELEMENT>
<ELEMENT ID="CQDOZBY" TYPE="BODY"></ELEMENT>
<ELEMENT ID="CQDOZBZ" TYPE="OUTPUT"><HTML><![CDATA[</p>
]]></HTML>
</ELEMENT>
<ELEMENT ID="CQDOZCA" TYPE="FOOTER" TRANSPARENT="True"></ELEMENT>
<ELEMENT ID="CQDOZCB" TYPE="OUTPUT"><HTML><![CDATA[
</td>
		<td width=5><img src="%GRAPHICS_URL%/blank.gif" height=1 width=5></td>
	</tr>
</table>
<div>



					
					
					
					


</body>
</html>
]]></HTML>
</ELEMENT>

</TEMPLATE>