<TEMPLATE ID="shadowjuice" FORMAT="WRAPPER">


<!-- ******* -->
<ELEMENT ID="CQDOTRC" SUB="LINK_VISITED_TEXT_COLOR" TYPE="READONLY" LOAD="THEME::LINK_VISITED_TEXT_COLOR" RAW="1"></ELEMENT>
<ELEMENT ID="CQDOTRD" SUB="TABLE_HEADING_FONT_SIZE" TYPE="READONLY" LOAD="THEME::TABLE_HEADING_FONT_SIZE" RAW="1"></ELEMENT>
<ELEMENT ID="CQDOTRE" SUB="DISCLAIMER_FONT_SIZE" TYPE="READONLY" LOAD="THEME::DISCLAIMER_FONT_SIZE" RAW="1"></ELEMENT>
<ELEMENT ID="CQDOTRF" SUB="CONTENT_BACKGROUND_COLOR" TYPE="READONLY" LOAD="THEME::CONTENT_BACKGROUND_COLOR" RAW="1"></ELEMENT>
<ELEMENT ID="CQDOTRG" SUB="TABLE_LISTING_BACKGROUND_COLOR" TYPE="READONLY" LOAD="THEME::TABLE_LISTING_BACKGROUND_COLOR" RAW="1"></ELEMENT>
<ELEMENT ID="CQDOTRH" SUB="CONTENT_TEXT_COLOR" TYPE="READONLY" LOAD="THEME::CONTENT_TEXT_COLOR" RAW="1"></ELEMENT>
<ELEMENT ID="CQDOTRI" SUB="TABLE_LISTING_FONT_SIZE" TYPE="READONLY" LOAD="THEME::TABLE_LISTING_FONT_SIZE" RAW="1"></ELEMENT>
<ELEMENT ID="CQDOTRJ" SUB="TABLE_LISTING_TEXT_COLOR" TYPE="READONLY" LOAD="THEME::TABLE_LISTING_TEXT_COLOR" RAW="1"></ELEMENT>
<ELEMENT ID="CQDOTRK" SUB="TABLE_LISTING_FONT_FACE" TYPE="READONLY" LOAD="THEME::TABLE_LISTING_FONT_FACE" RAW="1"></ELEMENT>
<ELEMENT ID="CQDOTRL" SUB="CONTENT_FONT_FACE" TYPE="READONLY" LOAD="THEME::CONTENT_FONT_FACE" RAW="1"></ELEMENT>
<ELEMENT ID="CQDOTRM" SUB="NAME" TYPE="READONLY" LOAD="THEME::NAME" RAW="1"></ELEMENT>
<ELEMENT ID="CQDOTRN" SUB="DISCLAIMER_FONT_FACE" TYPE="READONLY" LOAD="THEME::DISCLAIMER_FONT_FACE" RAW="1"></ELEMENT>
<ELEMENT ID="CQDOTRO" SUB="PRETTY_NAME" TYPE="READONLY" LOAD="THEME::PRETTY_NAME" RAW="1"></ELEMENT>
<ELEMENT ID="CQDOTRP" SUB="TABLE_HEADING_BACKGROUND_COLOR" TYPE="READONLY" LOAD="THEME::TABLE_HEADING_BACKGROUND_COLOR" RAW="1"></ELEMENT>
<ELEMENT ID="CQDOTRQ" SUB="TABLE_LISTING_BACKGROUND_COLOR_ALTERNATE" TYPE="READONLY" LOAD="THEME::TABLE_LISTING_BACKGROUND_COLOR_ALTERNATE" RAW="1"></ELEMENT>
<ELEMENT ID="CQDOTRR" SUB="LINK_ACTIVE_TEXT_COLOR" TYPE="READONLY" LOAD="THEME::LINK_ACTIVE_TEXT_COLOR" RAW="1"></ELEMENT>
<ELEMENT ID="CQDOTRS" SUB="CONTENT_FONT_SIZE" TYPE="READONLY" LOAD="THEME::CONTENT_FONT_SIZE" RAW="1"></ELEMENT>
<ELEMENT ID="CQDOTRT" SUB="ALERT_COLOR" TYPE="READONLY" LOAD="THEME::ALERT_COLOR" RAW="1"></ELEMENT>
<ELEMENT ID="CQDOTRU" SUB="DISCLAIMER_BACKGROUND_COLOR" TYPE="READONLY" LOAD="THEME::DISCLAIMER_BACKGROUND_COLOR" RAW="1"></ELEMENT>
<ELEMENT ID="CQDOTRV" SUB="TABLE_HEADING_FONT_FACE" TYPE="READONLY" LOAD="THEME::TABLE_HEADING_FONT_FACE" RAW="1"></ELEMENT>
<ELEMENT ID="CQDOTRW" SUB="TABLE_HEADING_TEXT_COLOR" TYPE="READONLY" LOAD="THEME::TABLE_HEADING_TEXT_COLOR" RAW="1"></ELEMENT>
<ELEMENT ID="CQDOTRX" SUB="DISCLAIMER_TEXT_COLOR" TYPE="READONLY" LOAD="THEME::DISCLAIMER_TEXT_COLOR" RAW="1"></ELEMENT>
<ELEMENT ID="CQDOTRY" SUB="LINK_TEXT_COLOR" TYPE="READONLY" LOAD="THEME::LINK_TEXT_COLOR" RAW="1"></ELEMENT>
<ELEMENT ID="CQDOTRZ" SUB="HOMECATEGORY_URL" TYPE="READONLY" LOAD="URL::HOMECATEGORY_URL" RAW="1"></ELEMENT>
<ELEMENT ID="CQDOTSA" SUB="WRAPPER_URL" TYPE="READONLY" LOAD="URL::WRAPPER_URL" RAW="1"></ELEMENT>
<ELEMENT ID="CQDOTSB" SUB="CART_URL" TYPE="READONLY" LOAD="URL::CART_URL" RAW="1"></ELEMENT>
<ELEMENT ID="CQDOTSC" SUB="SUBSCRIBE_URL" TYPE="READONLY" LOAD="URL::SUBSCRIBE_URL" RAW="1"></ELEMENT>
<ELEMENT ID="CQDOTSD" SUB="FEEDBACK_URL" TYPE="READONLY" LOAD="URL::FEEDBACK_URL" RAW="1"></ELEMENT>
<ELEMENT ID="CQDOTSE" SUB="LOGOUT_FUNCTION_URL" TYPE="READONLY" LOAD="URL::LOGOUT_FUNCTION_URL" RAW="1"></ELEMENT>
<ELEMENT ID="CQDOTSF" SUB="SHIPQUOTE_URL" TYPE="READONLY" LOAD="URL::SHIPQUOTE_URL" RAW="1"></ELEMENT>
<ELEMENT ID="CQDOTSG" SUB="PRIVACY_URL" TYPE="READONLY" LOAD="URL::PRIVACY_URL" RAW="1"></ELEMENT>
<ELEMENT ID="CQDOTSH" SUB="SITEBUTTON_URL" TYPE="READONLY" LOAD="URL::SITEBUTTON_URL" RAW="1"></ELEMENT>
<ELEMENT ID="CQDOTSI" SUB="HOMEPAGE_URL" TYPE="READONLY" LOAD="URL::HOMEPAGE_URL" RAW="1"></ELEMENT>
<ELEMENT ID="CQDOTSJ" SUB="COUNTER_URL" TYPE="READONLY" LOAD="URL::COUNTER_URL" RAW="1"></ELEMENT>
<ELEMENT ID="CQDOTSK" SUB="RETURNS_URL" TYPE="READONLY" LOAD="URL::RETURNS_URL" RAW="1"></ELEMENT>
<ELEMENT ID="CQDOTSL" SUB="PASSWORD_URL" TYPE="READONLY" LOAD="URL::PASSWORD_URL" RAW="1"></ELEMENT>
<ELEMENT ID="CQDOTSM" SUB="UPDATE_PAYMENT_URL" TYPE="READONLY" LOAD="URL::UPDATE_PAYMENT_URL" RAW="1"></ELEMENT>
<ELEMENT ID="CQDOTSN" SUB="FORGOT_URL" TYPE="READONLY" LOAD="URL::FORGOT_URL" RAW="1"></ELEMENT>
<ELEMENT ID="CQDOTSO" SUB="NAVBUTTON_URL" TYPE="READONLY" LOAD="URL::NAVBUTTON_URL" RAW="1"></ELEMENT>
<ELEMENT ID="CQDOTSP" SUB="CONTACT_URL" TYPE="READONLY" LOAD="URL::CONTACT_URL" RAW="1"></ELEMENT>
<ELEMENT ID="CQDOTSQ" SUB="LOGOUT_URL" TYPE="READONLY" LOAD="URL::LOGOUT_URL" RAW="1"></ELEMENT>
<ELEMENT ID="CQDOTSR" SUB="GALLERY_URL" TYPE="READONLY" LOAD="URL::GALLERY_URL" RAW="1"></ELEMENT>
<ELEMENT ID="CQDOTSS" SUB="REMOVE_URL" TYPE="READONLY" LOAD="URL::REMOVE_URL" RAW="1"></ELEMENT>
<ELEMENT ID="CQDOTST" SUB="HOME_URL" TYPE="READONLY" LOAD="URL::HOME_URL" RAW="1"></ELEMENT>
<ELEMENT ID="CQDOTSU" SUB="ABOUT_ZOOVY_URL" TYPE="READONLY" LOAD="URL::ABOUT_ZOOVY_URL" RAW="1"></ELEMENT>
<ELEMENT ID="CQDOTSV" SUB="NEWS_URL" TYPE="READONLY" LOAD="URL::NEWS_URL" RAW="1"></ELEMENT>
<ELEMENT ID="CQDOTSW" SUB="SECURE_URL" TYPE="READONLY" LOAD="URL::SECURE_URL" RAW="1"></ELEMENT>
<ELEMENT ID="CQDOTSX" SUB="ABOUT_URL" TYPE="READONLY" LOAD="URL::ABOUT_URL" RAW="1"></ELEMENT>
<ELEMENT ID="CQDOTSY" SUB="USERBUTTON_URL" TYPE="READONLY" LOAD="URL::USERBUTTON_URL" RAW="1"></ELEMENT>
<ELEMENT ID="CQDOTSZ" SUB="CLOSED_URL" TYPE="READONLY" LOAD="URL::CLOSED_URL" RAW="1"></ELEMENT>
<ELEMENT ID="CQDOTTA" SUB="FASTORDER_URL" TYPE="READONLY" LOAD="URL::FASTORDER_URL" RAW="1"></ELEMENT>
<ELEMENT ID="CQDOTTB" SUB="MAIL_FORM_URL" TYPE="READONLY" LOAD="URL::MAIL_FORM_URL" RAW="1"></ELEMENT>
<ELEMENT ID="CQDOTTC" SUB="GRAPHICS_URL" TYPE="READONLY" LOAD="URL::GRAPHICS_URL" RAW="1"></ELEMENT>
<ELEMENT ID="CQDOTTD" SUB="IMAGE_URL" TYPE="READONLY" LOAD="URL::IMAGE_URL" RAW="1"></ELEMENT>
<ELEMENT ID="CQDOTTE" SUB="CONTACTUS_URL" TYPE="READONLY" LOAD="URL::CONTACTUS_URL" RAW="1"></ELEMENT>
<ELEMENT ID="CQDOTTF" SUB="DYNAMIC_URL" TYPE="READONLY" LOAD="URL::DYNAMIC_URL" RAW="1"></ELEMENT>
<ELEMENT ID="CQDOTTG" SUB="NONSECURE_URL" TYPE="READONLY" LOAD="URL::NONSECURE_URL" RAW="1"></ELEMENT>
<ELEMENT ID="CQDOTTH" SUB="CONTACT_US_URL" TYPE="READONLY" LOAD="URL::CONTACT_US_URL" RAW="1"></ELEMENT>
<ELEMENT ID="CQDOTTI" SUB="SEARCH_URL" TYPE="READONLY" LOAD="URL::SEARCH_URL" RAW="1"></ELEMENT>
<ELEMENT ID="CQDOTTJ" SUB="ABOUTUS_URL" TYPE="READONLY" LOAD="URL::ABOUTUS_URL" RAW="1"></ELEMENT>
<ELEMENT ID="CQDOTTK" SUB="CUSTOMER_MAIN_URL" TYPE="READONLY" LOAD="URL::CUSTOMER_MAIN_URL" RAW="1"></ELEMENT>
<ELEMENT ID="CQDOTTL" SUB="MERCHANT_LOGIN_URL" TYPE="READONLY" LOAD="URL::MERCHANT_LOGIN_URL" RAW="1"></ELEMENT>
<ELEMENT ID="CQDOTTM" SUB="CATEGORY_URL" TYPE="READONLY" LOAD="URL::CATEGORY_URL" RAW="1"></ELEMENT>
<ELEMENT ID="CQDOTTN" SUB="ADULT_URL" TYPE="READONLY" LOAD="URL::ADULT_URL" RAW="1"></ELEMENT>
<ELEMENT ID="CQDOTTO" SUB="CLAIM_URL" TYPE="READONLY" LOAD="URL::CLAIM_URL" RAW="1"></ELEMENT>
<ELEMENT ID="CQDOTTP" SUB="CLAIM_MULTI_URL" TYPE="READONLY" LOAD="URL::CLAIM_MULTI_URL" RAW="1"></ELEMENT>
<ELEMENT ID="CQDOTTQ" SUB="ABOUT_US_URL" TYPE="READONLY" LOAD="URL::ABOUT_US_URL" RAW="1"></ELEMENT>
<ELEMENT ID="CQDOTTR" SUB="RESULTS_URL" TYPE="READONLY" LOAD="URL::RESULTS_URL" RAW="1"></ELEMENT>
<ELEMENT ID="CQDOTTS" SUB="PRODUCT_URL" TYPE="READONLY" LOAD="URL::PRODUCT_URL" RAW="1"></ELEMENT>
<ELEMENT ID="CQDOTTT" SUB="CONTINUE_URL" TYPE="READONLY" LOAD="URL::CONTINUE_URL" RAW="1"></ELEMENT>
<ELEMENT ID="CQDOTTU" SUB="REDIR_URL" TYPE="READONLY" LOAD="URL::REDIR_URL" RAW="1"></ELEMENT>
<ELEMENT ID="CQDOTTV" SUB="KILL_COOKIES_URL" TYPE="READONLY" LOAD="URL::KILL_COOKIES_URL" RAW="1"></ELEMENT>
<ELEMENT ID="CQDOTTW" SUB="LOGIN_URL" TYPE="READONLY" LOAD="URL::LOGIN_URL" RAW="1"></ELEMENT>
<ELEMENT ID="CQDOTTX" SUB="CHECKOUT_URL" TYPE="READONLY" LOAD="URL::CHECKOUT_URL" RAW="1"></ELEMENT>
<ELEMENT ID="CQDOTTY" SUB="ORDER_STATUS_URL" TYPE="READONLY" LOAD="URL::ORDER_STATUS_URL" RAW="1"></ELEMENT>
<ELEMENT ID="CQDOTTZ" SUB="NO_COOKIES_URL" TYPE="READONLY" LOAD="URL::NO_COOKIES_URL" RAW="1"></ELEMENT>
<ELEMENT ID="CQDOTUA" SUB="PAYPAL_URL" TYPE="READONLY" LOAD="URL::PAYPAL_URL" RAW="1"></ELEMENT>
<ELEMENT ID="CQDOTUB" SUB="CANCEL_ORDER_URL" TYPE="READONLY" LOAD="URL::CANCEL_ORDER_URL" RAW="1"></ELEMENT>
<ELEMENT ID="CQDOTUC" SUB="MAIL_CONFIG_URL" TYPE="READONLY" LOAD="URL::MAIL_CONFIG_URL" RAW="1"></ELEMENT>
<ELEMENT ID="CQDOTUD" SUB="DISABLED_URL" TYPE="READONLY" LOAD="URL::DISABLED_URL" RAW="1"></ELEMENT>
<ELEMENT ID="CQDOTUE" COLORS="128" TYPE="CONFIG" CATEGORIES="32768" CREATED="20020722" TITLE="Shadow Juice" THEME="shadowjuice" PROPERTIES="10" SITEBUTTONS="shadowjuice"></ELEMENT>
<ELEMENT ID="CQDOTUF" TYPE="OUTPUT"><HTML><![CDATA[
<head><style rel="STYLESHEET" type="text/css">
form    {display:    inline;
        }
a        {text-decoration: none;
    }
a:hover    {text-decoration: underline;
    }            
</style>
]]></HTML>
</ELEMENT>
<ELEMENT ID="CQDOTUG" TYPE="HEAD"></ELEMENT>
<ELEMENT ID="CQDOTUH" TYPE="OUTPUT"><HTML><![CDATA[

</head>
<body leftmargin=0 marginheight=0 bottommargin=0 marginwidth=0 rightmargin=0 topmargin=0 bgcolor="#FFFFFF" text="#%CONTENT_TEXT_COLOR%" link="#%LINK_TEXT_COLOR%" alink="#%LINK_ACTIVE_TEXT_COLOR%" vlink="#%LINK_VISITED_TEXT_COLOR%">
<table cellspacing=0 cellpadding=0 border=0 width=100%>
<tr>
    <td height=4 width=16><img src="%GRAPHICS_URL%/blank.gif" height=1 width=16></td>
    <td width=320><img src="%GRAPHICS_URL%/blank.gif" height=1 width=220></td>
    <td width=210><img src="%GRAPHICS_URL%/blank.gif" height=1 width=210></td>
    <td width=99%><img src="%GRAPHICS_URL%/blank.gif" height=4 width=1></td>
    <td width=8><img src="%GRAPHICS_URL%/blank.gif" height=1 width=8></td>
</tr><tr>
    <td height=98 background="%WRAPPER_URL%/color.jpg" bgcolor="#F0BE1F"><img src="%GRAPHICS_URL%/blank.gif" height=1 width=1></td>
    <td background="%WRAPPER_URL%/color.jpg" valign="middle" align="center">]]></HTML>
</ELEMENT>
<ELEMENT ID="CQDOTUI" HEIGHT="90" WIDTH="320" TYPE="LOGO"></ELEMENT>
<ELEMENT ID="CQDOTUJ" TYPE="OUTPUT"><HTML><![CDATA[</td>
    <td><img src="%WRAPPER_URL%/middle.jpg" height=98 width=210></td>
    <td background="%WRAPPER_URL%/lines.jpg" nowrap align="right"><img src="%GRAPHICS_URL%/blank.gif" height=25 width=1>
<br><b><font size=2 face="verdana"><a href="%CART_URL%">Cart</a> | <a href="%ABOUT_URL%">About Us</a> | <a href="%CONTACT_URL%">Contact Us</a></font></b></td>
    <td background="%WRAPPER_URL%/lines.jpg"><img src="%GRAPHICS_URL%/blank.gif" height=1 width=1></td>
</tr>
</table>
<table cellspacing=0 cellpadding=0 border=0 width=100% height=100%>
    <tr>
        <td valign="top" width=174>
            <table cellspacing=0 cellpadding=0 border=0  height=100%>
                <tr>
                    <td width=16 height=10 background="%WRAPPER_URL%/color.jpg"><img src="%GRAPHICS_URL%/blank.gif" height=1 width=16></td>
                    <td width=147 background="%WRAPPER_URL%/color.jpg"><img src="%GRAPHICS_URL%/blank.gif" height=1 width=147></td>
                    <td width=13 background="%WRAPPER_URL%/bottom_shadow.jpg" valign="top"><img src="%WRAPPER_URL%/corner.jpg"></td>
                </tr><tr>
                    <td background="%WRAPPER_URL%/color.jpg" height=10><img src="%GRAPHICS_URL%/blank.gif" height=1 width=1></td>
                    <td background="%WRAPPER_URL%/color.jpg" align="left" valign="top">
<form action="%RESULTS_URL%" method="get">
<input type="hidden" name="catalog" value="">
<input type="text" size=10 name="keywords" value="">
<input type="image" border=0 name="NAME" src="%WRAPPER_URL%/search.jpg">

</form></td>
                    <td background="%WRAPPER_URL%/menu_right.jpg"><img src="%GRAPHICS_URL%/blank.gif" height=1 width=1></td>
                </tr><tr>
                    <td colspan=3 valign="bottom"><img src="%WRAPPER_URL%/menu_top.jpg"></td>
                </tr><tr>
                    <td background="%WRAPPER_URL%/menu_left.jpg"><img src="%GRAPHICS_URL%/blank.gif" height=1 width=1></td>
                    <td bgcolor="#FFFFFF" valign="top">]]></HTML>
</ELEMENT>
<ELEMENT ID="CQDOTUK" TYPE="MENU"><HTML><![CDATA[<a href="%URL%"><font color="#000066" face="verdana" size=2>%MESSAGE%</font></a><br>]]></HTML>
</ELEMENT>
<ELEMENT ID="CQDOTUL" TYPE="OUTPUT"><HTML><![CDATA[</td>
                    <td background="%WRAPPER_URL%/menu_right.jpg"><img src="%GRAPHICS_URL%/blank.gif" height=1 width=1></td>
                </tr><tr>
                    <td colspan=3 valign="top"><img src="%WRAPPER_URL%/menu_bottom.jpg"></td>
                </tr><tr>
                    <td background="%WRAPPER_URL%/color.jpg" height="99%"><img src="%GRAPHICS_URL%/blank.gif" height=1 width=1></td>
                    <td valign="top" background="%WRAPPER_URL%/color.jpg"><img src="%GRAPHICS_URL%/blank.gif" height=1 width=1><br>]]></HTML>
</ELEMENT>
<ELEMENT ID="CQDOTUM" TYPE="SIDEBAR"></ELEMENT>
<ELEMENT ID="CQDOTUN" TYPE="OUTPUT"><HTML><![CDATA[</td>
                    <td background="%WRAPPER_URL%/menu_right.jpg"><img src="%GRAPHICS_URL%/blank.gif" height=1 width=1></td>
                    </tr>
            </table>
        </td>
        <td valign="top" width=99%>
            <table cellspacing=0 cellpadding=0 border=0 width=100% height=100%>            
                <tr>
                    <td width=50 background="%WRAPPER_URL%/bottom_shadow.jpg"><img src="%GRAPHICS_URL%/blank.gif" height=1 width=160></td>
                    <td><img src="%WRAPPER_URL%/bottom_curve.jpg"></td>
                    <td bgcolor="#FFFFFF" width=99%></td>
                    <td width=8><img src="%GRAPHICS_URL%/blank.gif" height=1 width=8></td>
                </tr><tr>
                    <td colspan=3 height=99% valign="top"><p>]]></HTML>
</ELEMENT>
<ELEMENT ID="CQDOTUO" TYPE="TITLE"></ELEMENT>
<ELEMENT ID="CQDOTUP" TYPE="OUTPUT"><HTML><![CDATA[</p>]]></HTML>
</ELEMENT>
<ELEMENT ID="CQDOTUQ" TYPE="BODY"></ELEMENT>
<ELEMENT ID="CQDOTUR" TYPE="OUTPUT"><HTML><![CDATA[<p>]]></HTML>
</ELEMENT>
<ELEMENT ID="CQDOTUS" TYPE="FOOTER"></ELEMENT>
<ELEMENT ID="CQDOTUT" TYPE="OUTPUT"><HTML><![CDATA[</p></td>
</tr>
</table></td></tr></table>
</body>
</html> ]]></HTML>
</ELEMENT>

</TEMPLATE>