<TEMPLATE ID="sleekbeige" FORMAT="WRAPPER">


<!-- ******* -->
<ELEMENT ID="CQDPCYW" SUB="LINK_VISITED_TEXT_COLOR" TYPE="READONLY" LOAD="THEME::LINK_VISITED_TEXT_COLOR" RAW="1"></ELEMENT>
<ELEMENT ID="CQDPCYX" SUB="TABLE_HEADING_FONT_SIZE" TYPE="READONLY" LOAD="THEME::TABLE_HEADING_FONT_SIZE" RAW="1"></ELEMENT>
<ELEMENT ID="CQDPCYY" SUB="DISCLAIMER_FONT_SIZE" TYPE="READONLY" LOAD="THEME::DISCLAIMER_FONT_SIZE" RAW="1"></ELEMENT>
<ELEMENT ID="CQDPCYZ" SUB="CONTENT_BACKGROUND_COLOR" TYPE="READONLY" LOAD="THEME::CONTENT_BACKGROUND_COLOR" RAW="1"></ELEMENT>
<ELEMENT ID="CQDPCZA" SUB="TABLE_LISTING_BACKGROUND_COLOR" TYPE="READONLY" LOAD="THEME::TABLE_LISTING_BACKGROUND_COLOR" RAW="1"></ELEMENT>
<ELEMENT ID="CQDPCZB" SUB="CONTENT_TEXT_COLOR" TYPE="READONLY" LOAD="THEME::CONTENT_TEXT_COLOR" RAW="1"></ELEMENT>
<ELEMENT ID="CQDPCZC" SUB="TABLE_LISTING_FONT_SIZE" TYPE="READONLY" LOAD="THEME::TABLE_LISTING_FONT_SIZE" RAW="1"></ELEMENT>
<ELEMENT ID="CQDPCZD" SUB="TABLE_LISTING_TEXT_COLOR" TYPE="READONLY" LOAD="THEME::TABLE_LISTING_TEXT_COLOR" RAW="1"></ELEMENT>
<ELEMENT ID="CQDPCZE" SUB="TABLE_LISTING_FONT_FACE" TYPE="READONLY" LOAD="THEME::TABLE_LISTING_FONT_FACE" RAW="1"></ELEMENT>
<ELEMENT ID="CQDPCZF" SUB="CONTENT_FONT_FACE" TYPE="READONLY" LOAD="THEME::CONTENT_FONT_FACE" RAW="1"></ELEMENT>
<ELEMENT ID="CQDPCZG" SUB="NAME" TYPE="READONLY" LOAD="THEME::NAME" RAW="1"></ELEMENT>
<ELEMENT ID="CQDPCZH" SUB="DISCLAIMER_FONT_FACE" TYPE="READONLY" LOAD="THEME::DISCLAIMER_FONT_FACE" RAW="1"></ELEMENT>
<ELEMENT ID="CQDPCZI" SUB="PRETTY_NAME" TYPE="READONLY" LOAD="THEME::PRETTY_NAME" RAW="1"></ELEMENT>
<ELEMENT ID="CQDPCZJ" SUB="TABLE_HEADING_BACKGROUND_COLOR" TYPE="READONLY" LOAD="THEME::TABLE_HEADING_BACKGROUND_COLOR" RAW="1"></ELEMENT>
<ELEMENT ID="CQDPCZK" SUB="TABLE_LISTING_BACKGROUND_COLOR_ALTERNATE" TYPE="READONLY" LOAD="THEME::TABLE_LISTING_BACKGROUND_COLOR_ALTERNATE" RAW="1"></ELEMENT>
<ELEMENT ID="CQDPCZL" SUB="LINK_ACTIVE_TEXT_COLOR" TYPE="READONLY" LOAD="THEME::LINK_ACTIVE_TEXT_COLOR" RAW="1"></ELEMENT>
<ELEMENT ID="CQDPCZM" SUB="CONTENT_FONT_SIZE" TYPE="READONLY" LOAD="THEME::CONTENT_FONT_SIZE" RAW="1"></ELEMENT>
<ELEMENT ID="CQDPCZN" SUB="ALERT_COLOR" TYPE="READONLY" LOAD="THEME::ALERT_COLOR" RAW="1"></ELEMENT>
<ELEMENT ID="CQDPCZO" SUB="DISCLAIMER_BACKGROUND_COLOR" TYPE="READONLY" LOAD="THEME::DISCLAIMER_BACKGROUND_COLOR" RAW="1"></ELEMENT>
<ELEMENT ID="CQDPCZP" SUB="TABLE_HEADING_FONT_FACE" TYPE="READONLY" LOAD="THEME::TABLE_HEADING_FONT_FACE" RAW="1"></ELEMENT>
<ELEMENT ID="CQDPCZQ" SUB="TABLE_HEADING_TEXT_COLOR" TYPE="READONLY" LOAD="THEME::TABLE_HEADING_TEXT_COLOR" RAW="1"></ELEMENT>
<ELEMENT ID="CQDPCZR" SUB="DISCLAIMER_TEXT_COLOR" TYPE="READONLY" LOAD="THEME::DISCLAIMER_TEXT_COLOR" RAW="1"></ELEMENT>
<ELEMENT ID="CQDPCZS" SUB="LINK_TEXT_COLOR" TYPE="READONLY" LOAD="THEME::LINK_TEXT_COLOR" RAW="1"></ELEMENT>
<ELEMENT ID="CQDPCZT" SUB="HOMECATEGORY_URL" TYPE="READONLY" LOAD="URL::HOMECATEGORY_URL" RAW="1"></ELEMENT>
<ELEMENT ID="CQDPCZU" SUB="WRAPPER_URL" TYPE="READONLY" LOAD="URL::WRAPPER_URL" RAW="1"></ELEMENT>
<ELEMENT ID="CQDPCZV" SUB="CART_URL" TYPE="READONLY" LOAD="URL::CART_URL" RAW="1"></ELEMENT>
<ELEMENT ID="CQDPCZW" SUB="SUBSCRIBE_URL" TYPE="READONLY" LOAD="URL::SUBSCRIBE_URL" RAW="1"></ELEMENT>
<ELEMENT ID="CQDPCZX" SUB="FEEDBACK_URL" TYPE="READONLY" LOAD="URL::FEEDBACK_URL" RAW="1"></ELEMENT>
<ELEMENT ID="CQDPCZY" SUB="LOGOUT_FUNCTION_URL" TYPE="READONLY" LOAD="URL::LOGOUT_FUNCTION_URL" RAW="1"></ELEMENT>
<ELEMENT ID="CQDPCZZ" SUB="SHIPQUOTE_URL" TYPE="READONLY" LOAD="URL::SHIPQUOTE_URL" RAW="1"></ELEMENT>
<ELEMENT ID="CQDPDAA" SUB="PRIVACY_URL" TYPE="READONLY" LOAD="URL::PRIVACY_URL" RAW="1"></ELEMENT>
<ELEMENT ID="CQDPDAB" SUB="SITEBUTTON_URL" TYPE="READONLY" LOAD="URL::SITEBUTTON_URL" RAW="1"></ELEMENT>
<ELEMENT ID="CQDPDAC" SUB="HOMEPAGE_URL" TYPE="READONLY" LOAD="URL::HOMEPAGE_URL" RAW="1"></ELEMENT>
<ELEMENT ID="CQDPDAD" SUB="COUNTER_URL" TYPE="READONLY" LOAD="URL::COUNTER_URL" RAW="1"></ELEMENT>
<ELEMENT ID="CQDPDAE" SUB="RETURNS_URL" TYPE="READONLY" LOAD="URL::RETURNS_URL" RAW="1"></ELEMENT>
<ELEMENT ID="CQDPDAF" SUB="PASSWORD_URL" TYPE="READONLY" LOAD="URL::PASSWORD_URL" RAW="1"></ELEMENT>
<ELEMENT ID="CQDPDAG" SUB="UPDATE_PAYMENT_URL" TYPE="READONLY" LOAD="URL::UPDATE_PAYMENT_URL" RAW="1"></ELEMENT>
<ELEMENT ID="CQDPDAH" SUB="FORGOT_URL" TYPE="READONLY" LOAD="URL::FORGOT_URL" RAW="1"></ELEMENT>
<ELEMENT ID="CQDPDAI" SUB="NAVBUTTON_URL" TYPE="READONLY" LOAD="URL::NAVBUTTON_URL" RAW="1"></ELEMENT>
<ELEMENT ID="CQDPDAJ" SUB="CONTACT_URL" TYPE="READONLY" LOAD="URL::CONTACT_URL" RAW="1"></ELEMENT>
<ELEMENT ID="CQDPDAK" SUB="LOGOUT_URL" TYPE="READONLY" LOAD="URL::LOGOUT_URL" RAW="1"></ELEMENT>
<ELEMENT ID="CQDPDAL" SUB="GALLERY_URL" TYPE="READONLY" LOAD="URL::GALLERY_URL" RAW="1"></ELEMENT>
<ELEMENT ID="CQDPDAM" SUB="REMOVE_URL" TYPE="READONLY" LOAD="URL::REMOVE_URL" RAW="1"></ELEMENT>
<ELEMENT ID="CQDPDAN" SUB="HOME_URL" TYPE="READONLY" LOAD="URL::HOME_URL" RAW="1"></ELEMENT>
<ELEMENT ID="CQDPDAO" SUB="ABOUT_ZOOVY_URL" TYPE="READONLY" LOAD="URL::ABOUT_ZOOVY_URL" RAW="1"></ELEMENT>
<ELEMENT ID="CQDPDAP" SUB="NEWS_URL" TYPE="READONLY" LOAD="URL::NEWS_URL" RAW="1"></ELEMENT>
<ELEMENT ID="CQDPDAQ" SUB="SECURE_URL" TYPE="READONLY" LOAD="URL::SECURE_URL" RAW="1"></ELEMENT>
<ELEMENT ID="CQDPDAR" SUB="ABOUT_URL" TYPE="READONLY" LOAD="URL::ABOUT_URL" RAW="1"></ELEMENT>
<ELEMENT ID="CQDPDAS" SUB="USERBUTTON_URL" TYPE="READONLY" LOAD="URL::USERBUTTON_URL" RAW="1"></ELEMENT>
<ELEMENT ID="CQDPDAT" SUB="CLOSED_URL" TYPE="READONLY" LOAD="URL::CLOSED_URL" RAW="1"></ELEMENT>
<ELEMENT ID="CQDPDAU" SUB="FASTORDER_URL" TYPE="READONLY" LOAD="URL::FASTORDER_URL" RAW="1"></ELEMENT>
<ELEMENT ID="CQDPDAV" SUB="MAIL_FORM_URL" TYPE="READONLY" LOAD="URL::MAIL_FORM_URL" RAW="1"></ELEMENT>
<ELEMENT ID="CQDPDAW" SUB="GRAPHICS_URL" TYPE="READONLY" LOAD="URL::GRAPHICS_URL" RAW="1"></ELEMENT>
<ELEMENT ID="CQDPDAX" SUB="IMAGE_URL" TYPE="READONLY" LOAD="URL::IMAGE_URL" RAW="1"></ELEMENT>
<ELEMENT ID="CQDPDAY" SUB="CONTACTUS_URL" TYPE="READONLY" LOAD="URL::CONTACTUS_URL" RAW="1"></ELEMENT>
<ELEMENT ID="CQDPDAZ" SUB="DYNAMIC_URL" TYPE="READONLY" LOAD="URL::DYNAMIC_URL" RAW="1"></ELEMENT>
<ELEMENT ID="CQDPDBA" SUB="NONSECURE_URL" TYPE="READONLY" LOAD="URL::NONSECURE_URL" RAW="1"></ELEMENT>
<ELEMENT ID="CQDPDBB" SUB="CONTACT_US_URL" TYPE="READONLY" LOAD="URL::CONTACT_US_URL" RAW="1"></ELEMENT>
<ELEMENT ID="CQDPDBC" SUB="SEARCH_URL" TYPE="READONLY" LOAD="URL::SEARCH_URL" RAW="1"></ELEMENT>
<ELEMENT ID="CQDPDBD" SUB="ABOUTUS_URL" TYPE="READONLY" LOAD="URL::ABOUTUS_URL" RAW="1"></ELEMENT>
<ELEMENT ID="CQDPDBE" SUB="CUSTOMER_MAIN_URL" TYPE="READONLY" LOAD="URL::CUSTOMER_MAIN_URL" RAW="1"></ELEMENT>
<ELEMENT ID="CQDPDBF" SUB="MERCHANT_LOGIN_URL" TYPE="READONLY" LOAD="URL::MERCHANT_LOGIN_URL" RAW="1"></ELEMENT>
<ELEMENT ID="CQDPDBG" SUB="CATEGORY_URL" TYPE="READONLY" LOAD="URL::CATEGORY_URL" RAW="1"></ELEMENT>
<ELEMENT ID="CQDPDBH" SUB="ADULT_URL" TYPE="READONLY" LOAD="URL::ADULT_URL" RAW="1"></ELEMENT>
<ELEMENT ID="CQDPDBI" SUB="CLAIM_URL" TYPE="READONLY" LOAD="URL::CLAIM_URL" RAW="1"></ELEMENT>
<ELEMENT ID="CQDPDBJ" SUB="CLAIM_MULTI_URL" TYPE="READONLY" LOAD="URL::CLAIM_MULTI_URL" RAW="1"></ELEMENT>
<ELEMENT ID="CQDPDBK" SUB="ABOUT_US_URL" TYPE="READONLY" LOAD="URL::ABOUT_US_URL" RAW="1"></ELEMENT>
<ELEMENT ID="CQDPDBL" SUB="RESULTS_URL" TYPE="READONLY" LOAD="URL::RESULTS_URL" RAW="1"></ELEMENT>
<ELEMENT ID="CQDPDBM" SUB="PRODUCT_URL" TYPE="READONLY" LOAD="URL::PRODUCT_URL" RAW="1"></ELEMENT>
<ELEMENT ID="CQDPDBN" SUB="CONTINUE_URL" TYPE="READONLY" LOAD="URL::CONTINUE_URL" RAW="1"></ELEMENT>
<ELEMENT ID="CQDPDBO" SUB="REDIR_URL" TYPE="READONLY" LOAD="URL::REDIR_URL" RAW="1"></ELEMENT>
<ELEMENT ID="CQDPDBP" SUB="KILL_COOKIES_URL" TYPE="READONLY" LOAD="URL::KILL_COOKIES_URL" RAW="1"></ELEMENT>
<ELEMENT ID="CQDPDBQ" SUB="LOGIN_URL" TYPE="READONLY" LOAD="URL::LOGIN_URL" RAW="1"></ELEMENT>
<ELEMENT ID="CQDPDBR" SUB="CHECKOUT_URL" TYPE="READONLY" LOAD="URL::CHECKOUT_URL" RAW="1"></ELEMENT>
<ELEMENT ID="CQDPDBS" SUB="ORDER_STATUS_URL" TYPE="READONLY" LOAD="URL::ORDER_STATUS_URL" RAW="1"></ELEMENT>
<ELEMENT ID="CQDPDBT" SUB="NO_COOKIES_URL" TYPE="READONLY" LOAD="URL::NO_COOKIES_URL" RAW="1"></ELEMENT>
<ELEMENT ID="CQDPDBU" SUB="PAYPAL_URL" TYPE="READONLY" LOAD="URL::PAYPAL_URL" RAW="1"></ELEMENT>
<ELEMENT ID="CQDPDBV" SUB="CANCEL_ORDER_URL" TYPE="READONLY" LOAD="URL::CANCEL_ORDER_URL" RAW="1"></ELEMENT>
<ELEMENT ID="CQDPDBW" SUB="MAIL_CONFIG_URL" TYPE="READONLY" LOAD="URL::MAIL_CONFIG_URL" RAW="1"></ELEMENT>
<ELEMENT ID="CQDPDBX" SUB="DISABLED_URL" TYPE="READONLY" LOAD="URL::DISABLED_URL" RAW="1"></ELEMENT>
<ELEMENT ID="CQDPDBY" TYPE="OUTPUT"><HTML><![CDATA[<!DOCTYPE HTML PUBLIC "-//W3C//DTD HTML 4.01 Transitional//EN">
]]></HTML>
</ELEMENT>
<ELEMENT ID="CQDPDBZ" COLORS="128" TYPE="CONFIG" CATEGORIES="32768" CREATED="20030415" TITLE="Sleek Beige" THEME="sleekbeige" PROPERTIES="3" SITEBUTTONS="sleekbeige"></ELEMENT>
<ELEMENT ID="CQDPDCA" TYPE="OUTPUT"><HTML><![CDATA[
<html>
<head>

]]></HTML>
</ELEMENT>
<ELEMENT ID="CQDPDCB" TYPE="HEAD"></ELEMENT>
<ELEMENT ID="CQDPDCC" TYPE="OUTPUT"><HTML><![CDATA[
<style rel="STYLESHEET" type="text/css">
body	{margin: 0px; background-color: #f0f0f0;}
.ztext	{color: #3C464E; font-size: 11px; font-family: arial, sans serif;}
.title	{color: #3C464E; font-size: 13px; font-family: arial, sans serif; font-weight: bold;}
td.top	{background-color: #B2B391;}
td.black	{background-color: #000000;}
td.white	{background-color: #FFFFFF;}
</style>
<script language="JavaScript">
<!--
initialized = 0;
]]></HTML>
</ELEMENT>
<ELEMENT ID="CQDPDCD" HTML="rollover_%NUM%_on = new Image;%BREAK%rollover_%NUM%_on.src = &quot;%SRC%&quot;;%BREAK%" WIDTH="140" NOHOME="0" TYPE="MENU" BUTTONTYPE="sleekbeige_on"></ELEMENT>
<ELEMENT ID="CQDPDCE" HTML="rollover_%NUM%_off = new Image;%BREAK%rollover_%NUM%_off.src = &quot;%SRC%&quot;;%BREAK%" WIDTH="140" NOHOME="0" TYPE="MENU" BUTTONTYPE="sleekbeige_off"></ELEMENT>
<ELEMENT ID="CQDPDCF" TYPE="OUTPUT"><HTML><![CDATA[initialized = 1;
function on(imageNumber) {
if (!initialized || !document.images) return;
document.images[eval("\"roll_"+imageNumber+"\"")].src = eval("rollover_"+imageNumber+"_on.src");
}
function off(imageNumber) {
if (!initialized || !document.images) return;
document.images[eval("\"roll_"+imageNumber+"\"")].src = eval("rollover_"+imageNumber+"_off.src");
}
// -->
</script>
</head>

<body marginheight=0 marginwidth=0>

<table cellspacing=0 cellpadding=0 border=0 width=100%>
	<tr>
		<td width=25 class="top"><img src="%GRAPHICS_URL%/blank.gif" width=25 height=1></td>
		<td class="top" width=205><img src="%WRAPPER_URL%/circle_top.gif" width="205" height="25" alt="" border="0"></td>
		<td class="top" width=99% align="right">
			<table cellspacing=0 cellpadding=0 border=0>
				<tr>
					<td><a href="%ABOUT_URL%"><img src="%WRAPPER_URL%/about.gif" width="20" height="21" alt="About Us" border="0"></a></td>
					<td><img src="%GRAPHICS_URL%/blank.gif" width=8 height=1></td>
					<td><a href="%SEARCH_URL%"><img src="%WRAPPER_URL%/search.gif" width="20" height="20" alt="Search" border="0"></a></td>
					<td><img src="%GRAPHICS_URL%/blank.gif" width=9 height=1></td>
					<td><a href="%CONTACT_URL%"><img src="%WRAPPER_URL%/contact.gif" width="23" height="20" alt="Contact" border="0"></a></td>
					<td><img src="%GRAPHICS_URL%/blank.gif" width=8 height=1></td>
					<td><a href="%CART_URL%"><img src="%WRAPPER_URL%/cart.gif" width="24" height="21" alt="Cart" border="0"></a></td>
					<td><img src="%GRAPHICS_URL%/blank.gif" width=5 height=1></td>
					<td><a href="%CHECKOUT_URL%"><img src="%WRAPPER_URL%/checkout.gif" width="21" height="21" alt="Checkout" border="0"></a></td>
				</tr>
			</table></td>
		<td width=25 class="top"><img src="%GRAPHICS_URL%/blank.gif" width=25 height=1></td>
	</tr><tr>
		<td height=2 colspan=4 class="white"><img src="%GRAPHICS_URL%/blank.gif" width=1 height=2></td>
	</tr><tr>
		<td class="black"><img src="%GRAPHICS_URL%/blank.gif" width=1 height=1></td>
		<td class="black"><img src="%WRAPPER_URL%/circle_bot.gif" width="205" height="25" alt="" border="0"></td>
		<td class="black" align="right">]]></HTML>
</ELEMENT>
<ELEMENT ID="CQDPDCG" HEIGHT="25" WIDTH="140" TYPE="LOGO"></ELEMENT>
<ELEMENT ID="CQDPDCH" TYPE="OUTPUT"><HTML><![CDATA[</td>
		<td class="black"><img src="%GRAPHICS_URL%/blank.gif" width=1 height=1></td>
	</tr>
</table>
<table cellspacing=5 cellpadding=0 border=0 width=100%>
	<tr>
		<td valign="top" align="right">
		<table border=0 cellspacing=0 cellpadding=0 width=100%>
			<tr>
				<td align="right" nowrap><span class="ztext">Item(s) in Cart:&nbsp;</span></td>
				<td align="left" width=55 nowrap align="right" class="ztext">]]></HTML>
</ELEMENT>
<ELEMENT ID="CQDPDCI" TYPE="MINICART" ITEMSONLY="1"></ELEMENT>
<ELEMENT ID="CQDPDCJ" TYPE="OUTPUT"><HTML><![CDATA[</td>
			</tr><tr>
				<td align="right" nowrap><span class="ztext">Shipping:&nbsp;</span></td>
				<td align="left" width=15 nowrap align="right" class="ztext">]]></HTML>
</ELEMENT>
<ELEMENT ID="CQDPDCK" TYPE="MINICART" SHIPPINGONLY="1"></ELEMENT>
<ELEMENT ID="CQDPDCL" TYPE="OUTPUT"><HTML><![CDATA[</td>
			</tr><tr>
				<td align="right"><span class="ztext">Total:&nbsp;</span></td>
				<td align="left" class="ztext">]]></HTML>
</ELEMENT>
<ELEMENT ID="CQDPDCM" TYPE="MINICART" TOTALONLY="1"></ELEMENT>
<ELEMENT ID="CQDPDCN" TYPE="OUTPUT"><HTML><![CDATA[</td>
			</tr>
		</table>
		<table border=0 cellspacing=2 cellpadding=0 border=1>
		]]></HTML>
</ELEMENT>
<ELEMENT ID="CQDPDCO" WIDTH="140" NOHOME="0" TYPE="MENU" BUTTONTYPE="sleekbeige_off"><HTML><![CDATA[<tr><td><a href="%URL%" OnMouseOver="on(%NUM%)" OnMouseOut="off(%NUM%)"><img src="%SRC%" width="%WIDTH%" height="%HEIGHT%" border="0" name="roll_%NUM%"></a></td></tr>]]></HTML>
</ELEMENT>
<ELEMENT ID="CQDPDCP" TYPE="OUTPUT"><HTML><![CDATA[</table>

		<form action="%SUBSCRIBE_URL%" method="post">
<input type="hidden" name="check" value="1">
<span class="ztext">Subscribe to Mailing List:</strong><br>email:&nbsp;
<input type="text" size="16" maxlength="50" name="email" value="" style="border-color:#3C464E; background-color:#D7D8CA; color:#3C464E; font-family: verdana; font-size: 11px; border-width: 1px;"><br>
Name:&nbsp;<input type="text" size="16" maxlength="50" name="fullname" value="" style="border-color:#3C464E; background-color:#D7D8CA; color:#3C464E; font-family: verdana; font-size: 11px; border-width: 1px;"><br>
<input type="image" src="%WRAPPER_URL%/submit.gif" border=0>
</span>
</form>]]></HTML>
</ELEMENT>
<ELEMENT ID="CQDPDCQ" TYPE="SIDEBAR"></ELEMENT>
<ELEMENT ID="CQDPDCR" TYPE="OUTPUT"><HTML><![CDATA[

		</td>
		<td valign="top" width=99%><p class="title">]]></HTML>
</ELEMENT>
<ELEMENT ID="CQDPDCS" TYPE="TITLE"></ELEMENT>
<ELEMENT ID="CQDPDCT" TYPE="OUTPUT"><HTML><![CDATA[</p>]]></HTML>
</ELEMENT>
<ELEMENT ID="CQDPDCU" TYPE="BODY"></ELEMENT>
<ELEMENT ID="CQDPDCV" TYPE="OUTPUT"><HTML><![CDATA[</td>
	</tr><tr>
		<td></td>
		<td>]]></HTML>
</ELEMENT>
<ELEMENT ID="CQDPDCW" TYPE="FOOTER"></ELEMENT>
<ELEMENT ID="CQDPDCX" TYPE="OUTPUT"><HTML><![CDATA[</td></tr>
</table>
</body>
</html>
]]></HTML>
</ELEMENT>

</TEMPLATE>