<TEMPLATE ID="techy" FORMAT="WRAPPER">


<!-- ******* -->
<ELEMENT ID="CQDOQHG" SUB="LINK_VISITED_TEXT_COLOR" TYPE="READONLY" LOAD="THEME::LINK_VISITED_TEXT_COLOR" RAW="1"></ELEMENT>
<ELEMENT ID="CQDOQHH" SUB="TABLE_HEADING_FONT_SIZE" TYPE="READONLY" LOAD="THEME::TABLE_HEADING_FONT_SIZE" RAW="1"></ELEMENT>
<ELEMENT ID="CQDOQHI" SUB="DISCLAIMER_FONT_SIZE" TYPE="READONLY" LOAD="THEME::DISCLAIMER_FONT_SIZE" RAW="1"></ELEMENT>
<ELEMENT ID="CQDOQHJ" SUB="CONTENT_BACKGROUND_COLOR" TYPE="READONLY" LOAD="THEME::CONTENT_BACKGROUND_COLOR" RAW="1"></ELEMENT>
<ELEMENT ID="CQDOQHK" SUB="TABLE_LISTING_BACKGROUND_COLOR" TYPE="READONLY" LOAD="THEME::TABLE_LISTING_BACKGROUND_COLOR" RAW="1"></ELEMENT>
<ELEMENT ID="CQDOQHL" SUB="CONTENT_TEXT_COLOR" TYPE="READONLY" LOAD="THEME::CONTENT_TEXT_COLOR" RAW="1"></ELEMENT>
<ELEMENT ID="CQDOQHM" SUB="TABLE_LISTING_FONT_SIZE" TYPE="READONLY" LOAD="THEME::TABLE_LISTING_FONT_SIZE" RAW="1"></ELEMENT>
<ELEMENT ID="CQDOQHN" SUB="TABLE_LISTING_TEXT_COLOR" TYPE="READONLY" LOAD="THEME::TABLE_LISTING_TEXT_COLOR" RAW="1"></ELEMENT>
<ELEMENT ID="CQDOQHO" SUB="TABLE_LISTING_FONT_FACE" TYPE="READONLY" LOAD="THEME::TABLE_LISTING_FONT_FACE" RAW="1"></ELEMENT>
<ELEMENT ID="CQDOQHP" SUB="CONTENT_FONT_FACE" TYPE="READONLY" LOAD="THEME::CONTENT_FONT_FACE" RAW="1"></ELEMENT>
<ELEMENT ID="CQDOQHQ" SUB="NAME" TYPE="READONLY" LOAD="THEME::NAME" RAW="1"></ELEMENT>
<ELEMENT ID="CQDOQHR" SUB="DISCLAIMER_FONT_FACE" TYPE="READONLY" LOAD="THEME::DISCLAIMER_FONT_FACE" RAW="1"></ELEMENT>
<ELEMENT ID="CQDOQHS" SUB="PRETTY_NAME" TYPE="READONLY" LOAD="THEME::PRETTY_NAME" RAW="1"></ELEMENT>
<ELEMENT ID="CQDOQHT" SUB="TABLE_HEADING_BACKGROUND_COLOR" TYPE="READONLY" LOAD="THEME::TABLE_HEADING_BACKGROUND_COLOR" RAW="1"></ELEMENT>
<ELEMENT ID="CQDOQHU" SUB="TABLE_LISTING_BACKGROUND_COLOR_ALTERNATE" TYPE="READONLY" LOAD="THEME::TABLE_LISTING_BACKGROUND_COLOR_ALTERNATE" RAW="1"></ELEMENT>
<ELEMENT ID="CQDOQHV" SUB="LINK_ACTIVE_TEXT_COLOR" TYPE="READONLY" LOAD="THEME::LINK_ACTIVE_TEXT_COLOR" RAW="1"></ELEMENT>
<ELEMENT ID="CQDOQHW" SUB="CONTENT_FONT_SIZE" TYPE="READONLY" LOAD="THEME::CONTENT_FONT_SIZE" RAW="1"></ELEMENT>
<ELEMENT ID="CQDOQHX" SUB="ALERT_COLOR" TYPE="READONLY" LOAD="THEME::ALERT_COLOR" RAW="1"></ELEMENT>
<ELEMENT ID="CQDOQHY" SUB="DISCLAIMER_BACKGROUND_COLOR" TYPE="READONLY" LOAD="THEME::DISCLAIMER_BACKGROUND_COLOR" RAW="1"></ELEMENT>
<ELEMENT ID="CQDOQHZ" SUB="TABLE_HEADING_FONT_FACE" TYPE="READONLY" LOAD="THEME::TABLE_HEADING_FONT_FACE" RAW="1"></ELEMENT>
<ELEMENT ID="CQDOQIA" SUB="TABLE_HEADING_TEXT_COLOR" TYPE="READONLY" LOAD="THEME::TABLE_HEADING_TEXT_COLOR" RAW="1"></ELEMENT>
<ELEMENT ID="CQDOQIB" SUB="DISCLAIMER_TEXT_COLOR" TYPE="READONLY" LOAD="THEME::DISCLAIMER_TEXT_COLOR" RAW="1"></ELEMENT>
<ELEMENT ID="CQDOQIC" SUB="LINK_TEXT_COLOR" TYPE="READONLY" LOAD="THEME::LINK_TEXT_COLOR" RAW="1"></ELEMENT>
<ELEMENT ID="CQDOQID" SUB="HOMECATEGORY_URL" TYPE="READONLY" LOAD="URL::HOMECATEGORY_URL" RAW="1"></ELEMENT>
<ELEMENT ID="CQDOQIE" SUB="WRAPPER_URL" TYPE="READONLY" LOAD="URL::WRAPPER_URL" RAW="1"></ELEMENT>
<ELEMENT ID="CQDOQIF" SUB="CART_URL" TYPE="READONLY" LOAD="URL::CART_URL" RAW="1"></ELEMENT>
<ELEMENT ID="CQDOQIG" SUB="SUBSCRIBE_URL" TYPE="READONLY" LOAD="URL::SUBSCRIBE_URL" RAW="1"></ELEMENT>
<ELEMENT ID="CQDOQIH" SUB="FEEDBACK_URL" TYPE="READONLY" LOAD="URL::FEEDBACK_URL" RAW="1"></ELEMENT>
<ELEMENT ID="CQDOQII" SUB="LOGOUT_FUNCTION_URL" TYPE="READONLY" LOAD="URL::LOGOUT_FUNCTION_URL" RAW="1"></ELEMENT>
<ELEMENT ID="CQDOQIJ" SUB="SHIPQUOTE_URL" TYPE="READONLY" LOAD="URL::SHIPQUOTE_URL" RAW="1"></ELEMENT>
<ELEMENT ID="CQDOQIK" SUB="PRIVACY_URL" TYPE="READONLY" LOAD="URL::PRIVACY_URL" RAW="1"></ELEMENT>
<ELEMENT ID="CQDOQIL" SUB="SITEBUTTON_URL" TYPE="READONLY" LOAD="URL::SITEBUTTON_URL" RAW="1"></ELEMENT>
<ELEMENT ID="CQDOQIM" SUB="HOMEPAGE_URL" TYPE="READONLY" LOAD="URL::HOMEPAGE_URL" RAW="1"></ELEMENT>
<ELEMENT ID="CQDOQIN" SUB="COUNTER_URL" TYPE="READONLY" LOAD="URL::COUNTER_URL" RAW="1"></ELEMENT>
<ELEMENT ID="CQDOQIO" SUB="RETURNS_URL" TYPE="READONLY" LOAD="URL::RETURNS_URL" RAW="1"></ELEMENT>
<ELEMENT ID="CQDOQIP" SUB="PASSWORD_URL" TYPE="READONLY" LOAD="URL::PASSWORD_URL" RAW="1"></ELEMENT>
<ELEMENT ID="CQDOQIQ" SUB="UPDATE_PAYMENT_URL" TYPE="READONLY" LOAD="URL::UPDATE_PAYMENT_URL" RAW="1"></ELEMENT>
<ELEMENT ID="CQDOQIR" SUB="FORGOT_URL" TYPE="READONLY" LOAD="URL::FORGOT_URL" RAW="1"></ELEMENT>
<ELEMENT ID="CQDOQIS" SUB="NAVBUTTON_URL" TYPE="READONLY" LOAD="URL::NAVBUTTON_URL" RAW="1"></ELEMENT>
<ELEMENT ID="CQDOQIT" SUB="CONTACT_URL" TYPE="READONLY" LOAD="URL::CONTACT_URL" RAW="1"></ELEMENT>
<ELEMENT ID="CQDOQIU" SUB="LOGOUT_URL" TYPE="READONLY" LOAD="URL::LOGOUT_URL" RAW="1"></ELEMENT>
<ELEMENT ID="CQDOQIV" SUB="GALLERY_URL" TYPE="READONLY" LOAD="URL::GALLERY_URL" RAW="1"></ELEMENT>
<ELEMENT ID="CQDOQIW" SUB="REMOVE_URL" TYPE="READONLY" LOAD="URL::REMOVE_URL" RAW="1"></ELEMENT>
<ELEMENT ID="CQDOQIX" SUB="HOME_URL" TYPE="READONLY" LOAD="URL::HOME_URL" RAW="1"></ELEMENT>
<ELEMENT ID="CQDOQIY" SUB="ABOUT_ZOOVY_URL" TYPE="READONLY" LOAD="URL::ABOUT_ZOOVY_URL" RAW="1"></ELEMENT>
<ELEMENT ID="CQDOQIZ" SUB="NEWS_URL" TYPE="READONLY" LOAD="URL::NEWS_URL" RAW="1"></ELEMENT>
<ELEMENT ID="CQDOQJA" SUB="SECURE_URL" TYPE="READONLY" LOAD="URL::SECURE_URL" RAW="1"></ELEMENT>
<ELEMENT ID="CQDOQJB" SUB="ABOUT_URL" TYPE="READONLY" LOAD="URL::ABOUT_URL" RAW="1"></ELEMENT>
<ELEMENT ID="CQDOQJC" SUB="USERBUTTON_URL" TYPE="READONLY" LOAD="URL::USERBUTTON_URL" RAW="1"></ELEMENT>
<ELEMENT ID="CQDOQJD" SUB="CLOSED_URL" TYPE="READONLY" LOAD="URL::CLOSED_URL" RAW="1"></ELEMENT>
<ELEMENT ID="CQDOQJE" SUB="FASTORDER_URL" TYPE="READONLY" LOAD="URL::FASTORDER_URL" RAW="1"></ELEMENT>
<ELEMENT ID="CQDOQJF" SUB="MAIL_FORM_URL" TYPE="READONLY" LOAD="URL::MAIL_FORM_URL" RAW="1"></ELEMENT>
<ELEMENT ID="CQDOQJG" SUB="GRAPHICS_URL" TYPE="READONLY" LOAD="URL::GRAPHICS_URL" RAW="1"></ELEMENT>
<ELEMENT ID="CQDOQJH" SUB="IMAGE_URL" TYPE="READONLY" LOAD="URL::IMAGE_URL" RAW="1"></ELEMENT>
<ELEMENT ID="CQDOQJI" SUB="CONTACTUS_URL" TYPE="READONLY" LOAD="URL::CONTACTUS_URL" RAW="1"></ELEMENT>
<ELEMENT ID="CQDOQJJ" SUB="DYNAMIC_URL" TYPE="READONLY" LOAD="URL::DYNAMIC_URL" RAW="1"></ELEMENT>
<ELEMENT ID="CQDOQJK" SUB="NONSECURE_URL" TYPE="READONLY" LOAD="URL::NONSECURE_URL" RAW="1"></ELEMENT>
<ELEMENT ID="CQDOQJL" SUB="CONTACT_US_URL" TYPE="READONLY" LOAD="URL::CONTACT_US_URL" RAW="1"></ELEMENT>
<ELEMENT ID="CQDOQJM" SUB="SEARCH_URL" TYPE="READONLY" LOAD="URL::SEARCH_URL" RAW="1"></ELEMENT>
<ELEMENT ID="CQDOQJN" SUB="ABOUTUS_URL" TYPE="READONLY" LOAD="URL::ABOUTUS_URL" RAW="1"></ELEMENT>
<ELEMENT ID="CQDOQJO" SUB="CUSTOMER_MAIN_URL" TYPE="READONLY" LOAD="URL::CUSTOMER_MAIN_URL" RAW="1"></ELEMENT>
<ELEMENT ID="CQDOQJP" SUB="MERCHANT_LOGIN_URL" TYPE="READONLY" LOAD="URL::MERCHANT_LOGIN_URL" RAW="1"></ELEMENT>
<ELEMENT ID="CQDOQJQ" SUB="CATEGORY_URL" TYPE="READONLY" LOAD="URL::CATEGORY_URL" RAW="1"></ELEMENT>
<ELEMENT ID="CQDOQJR" SUB="ADULT_URL" TYPE="READONLY" LOAD="URL::ADULT_URL" RAW="1"></ELEMENT>
<ELEMENT ID="CQDOQJS" SUB="CLAIM_URL" TYPE="READONLY" LOAD="URL::CLAIM_URL" RAW="1"></ELEMENT>
<ELEMENT ID="CQDOQJT" SUB="CLAIM_MULTI_URL" TYPE="READONLY" LOAD="URL::CLAIM_MULTI_URL" RAW="1"></ELEMENT>
<ELEMENT ID="CQDOQJU" SUB="ABOUT_US_URL" TYPE="READONLY" LOAD="URL::ABOUT_US_URL" RAW="1"></ELEMENT>
<ELEMENT ID="CQDOQJV" SUB="RESULTS_URL" TYPE="READONLY" LOAD="URL::RESULTS_URL" RAW="1"></ELEMENT>
<ELEMENT ID="CQDOQJW" SUB="PRODUCT_URL" TYPE="READONLY" LOAD="URL::PRODUCT_URL" RAW="1"></ELEMENT>
<ELEMENT ID="CQDOQJX" SUB="CONTINUE_URL" TYPE="READONLY" LOAD="URL::CONTINUE_URL" RAW="1"></ELEMENT>
<ELEMENT ID="CQDOQJY" SUB="REDIR_URL" TYPE="READONLY" LOAD="URL::REDIR_URL" RAW="1"></ELEMENT>
<ELEMENT ID="CQDOQJZ" SUB="KILL_COOKIES_URL" TYPE="READONLY" LOAD="URL::KILL_COOKIES_URL" RAW="1"></ELEMENT>
<ELEMENT ID="CQDOQKA" SUB="LOGIN_URL" TYPE="READONLY" LOAD="URL::LOGIN_URL" RAW="1"></ELEMENT>
<ELEMENT ID="CQDOQKB" SUB="CHECKOUT_URL" TYPE="READONLY" LOAD="URL::CHECKOUT_URL" RAW="1"></ELEMENT>
<ELEMENT ID="CQDOQKC" SUB="ORDER_STATUS_URL" TYPE="READONLY" LOAD="URL::ORDER_STATUS_URL" RAW="1"></ELEMENT>
<ELEMENT ID="CQDOQKD" SUB="NO_COOKIES_URL" TYPE="READONLY" LOAD="URL::NO_COOKIES_URL" RAW="1"></ELEMENT>
<ELEMENT ID="CQDOQKE" SUB="PAYPAL_URL" TYPE="READONLY" LOAD="URL::PAYPAL_URL" RAW="1"></ELEMENT>
<ELEMENT ID="CQDOQKF" SUB="CANCEL_ORDER_URL" TYPE="READONLY" LOAD="URL::CANCEL_ORDER_URL" RAW="1"></ELEMENT>
<ELEMENT ID="CQDOQKG" SUB="MAIL_CONFIG_URL" TYPE="READONLY" LOAD="URL::MAIL_CONFIG_URL" RAW="1"></ELEMENT>
<ELEMENT ID="CQDOQKH" SUB="DISABLED_URL" TYPE="READONLY" LOAD="URL::DISABLED_URL" RAW="1"></ELEMENT>
<ELEMENT ID="CQDOQKI" TYPE="OUTPUT"><HTML><![CDATA[<html>
<head>
<script language="Javascript1.1">
function ImgChange(imgNum,imgSrc) {
document.images[imgNum].src = imgSrc;
}
</script> 
</head>

<body leftmargin=0 topmargin=0 rightmargin=0 marginheight=0 marginwidth=0 bgcolor="#FFFFFF">
<table cellspacing=0 cellpadding=0 border=0 width="100%">
	<tr>
		<td height=2 width=2 ><img src="%GRAPHICS_URL%/blank.gif" width=2 height=2></td>
		<td width=149 ><img src="%GRAPHICS_URL%/blank.gif" width=149 height=1></td>
		<td width=2 ><img src="%GRAPHICS_URL%/blank.gif" width=2 height=2></td>
		<td width=135 ><img src="%GRAPHICS_URL%/blank.gif" width=135 height=1></td>
		<td width=2  rowspan=8><img src="%GRAPHICS_URL%/blank.gif" width=2 height=2></td>
		<td width=26 ><img src="%GRAPHICS_URL%/blank.gif" width=26 height=1></td>
		<td width=400 ><img src="%GRAPHICS_URL%/blank.gif" width=400 height=1></td>
		<td width=27 ><img src="%GRAPHICS_URL%/blank.gif" width=27 height=1></td>
		<td width=2  rowspan=8><img src="%GRAPHICS_URL%/blank.gif" width=2 height=2></td>
		<td width="99%" ><img src="%GRAPHICS_URL%/blank.gif" width=2 height=2></td>
	</tr><tr>
		<td rowspan=7 ><img src="%GRAPHICS_URL%/blank.gif" height=1 width=1></td>
		<td bgcolor="#203f50" height=9 colspan=3><img src="%GRAPHICS_URL%/blank.gif" width=1 height=9></td>
		<td><img src="%WRAPPER_URL%/ul.gif" width="26" height="9" alt="" border="0"></td>
		<td><img src="%GRAPHICS_URL%/blank.gif" height=1 width=1></td>
		<td><img src="%WRAPPER_URL%/ur.gif" width="27" height="9" alt="" border="0"></td>
		<td bgcolor="#203f50" rowspan=5><img src="%GRAPHICS_URL%/blank.gif" height=1 width=1></td>
	</tr><tr>
		<td height=32><a href="%CART_URL%" onMouseOver="ImgChange(12,'%WRAPPER_URL%/cart_on.gif');" onMouseOut="ImgChange(12,'%WRAPPER_URL%/cart_off.gif');"><img src="%WRAPPER_URL%/cart_off.gif" border=0 width="149" height="32"></a></td>
		<td rowspan=4><img src="%WRAPPER_URL%/bar.gif" width="2" height="132" alt="" border="0"></td>
		<td bgcolor="#203f50"><img src="%GRAPHICS_URL%/blank.gif" height=1 width=1> </td>
		<td rowspan=4><img src="%GRAPHICS_URL%/blank.gif" height=1 width=1></td>
		<td rowspan=4 align="center" valign="middle" >]]></HTML>
</ELEMENT>
<ELEMENT HEIGHT="130" ID="CQDOQKJ" WIDTH="380" TYPE="LOGO"></ELEMENT>
<ELEMENT ID="CQDOQKK" TYPE="OUTPUT"><HTML><![CDATA[</td>
		<td rowspan=4><img src="%GRAPHICS_URL%/blank.gif" height=1 width=1></td>
	</tr><tr>
		<td bgcolor="#203f50"><img src="%GRAPHICS_URL%/blank.gif" height=1 width=1></td>
		<td><a href="%CONTACT_URL%" onMouseOver="ImgChange(15,'%WRAPPER_URL%/contact_on.gif');" onMouseOut="ImgChange(15,'%WRAPPER_URL%/contact_off.gif');"><img src="%WRAPPER_URL%/contact_off.gif" width="136" height="30" alt="" border="0"></a></td>
	</tr><tr>
		<td><a href="%ABOUT_URL%" onMouseOver="ImgChange(16,'%WRAPPER_URL%/company_on.gif');" onMouseOut="ImgChange(16,'%WRAPPER_URL%/company_off.gif');"><img src="%WRAPPER_URL%/company_off.gif" width="149" height="34" alt="" border="0"></a></td>
		<td bgcolor="#203f50"><img src="%GRAPHICS_URL%/blank.gif" height=1 width=1></td>
	</tr><tr>
		<td bgcolor="#203f50"><img src="%GRAPHICS_URL%/blank.gif" height=1 width=1></td>
		<td><a href="%SEARCH_URL%" onMouseOver="ImgChange(17,'%WRAPPER_URL%/search_on.gif');" onMouseOut="ImgChange(17,'%WRAPPER_URL%/search_off.gif');"><img src="%WRAPPER_URL%/search_off.gif" width="136" height="36" alt="" border="0"></a></td>
	</tr><tr>
		<td bgcolor="#203f50" height=9 colspan=3><img src="%GRAPHICS_URL%/blank.gif" width=1 height=9></td>
		<td><img src="%WRAPPER_URL%/ll.gif" width="26" height="11" alt="" border="0"></td>
		<td><img src="%GRAPHICS_URL%/blank.gif" height=1 width=1></td>
		<td><img src="%WRAPPER_URL%/lr.gif" width="27" height="11" alt="" border="0"></td>
		<td bgcolor="#203f50" rowspan=4></td>
	</tr>
</table>
<table cellspacing=0 cellpadding=0 border=0 width="100%">
	<tr>
		<td valign="top">
			<table cellspacing=0 cellpadding=0 border=0 width="204">
				<tr>
					<td width=2 height=2><img src="%GRAPHICS_URL%/blank.gif" width=2 height=2></td>
					<td width=200 colspan=3><img src="%GRAPHICS_URL%/blank.gif" width=198 height=1></td>
					<td width=2 height=2><img src="%GRAPHICS_URL%/blank.gif" width=2 height=2></td>
				</tr><tr>
					<td rowspan=3><img src="%GRAPHICS_URL%/blank.gif" height=1 width=1></td>
					<td align="left"><img src="%WRAPPER_URL%/ul.gif" width="26" height="9" alt="" border="0"></td>
					<td><img src="%GRAPHICS_URL%/blank.gif" height=1 width=1></td>
					<td align="right"><img src="%WRAPPER_URL%/ur.gif" width="27" height="9" alt="" border="0"></td>
					<td rowspan=3><img src="%GRAPHICS_URL%/blank.gif" height=1 width=1></td>
				</tr><tr>
					<td colspan=3>]]></HTML>
</ELEMENT>
<ELEMENT ID="CQDOQKL" TYPE="MENU"><HTML><![CDATA[&nbsp;<a href="%URL%">%MESSAGE%</a><br>]]></HTML>
</ELEMENT>
<ELEMENT ID="CQDOQKM" TYPE="OUTPUT"><HTML><![CDATA[</td>
				</tr><tr>
					<td align="left"><img src="%WRAPPER_URL%/ll.gif" width="26" height="11" alt="" border="0"></td>
					<td><img src="%GRAPHICS_URL%/blank.gif" height=1 width=1></td>
					<td align="right"><img src="%WRAPPER_URL%/lr.gif" width="27" height="11" alt="" border="0"></td>
				</tr>
			</table>
		</td>
		<td><img src="%GRAPHICS_URL%/blank.gif" width=3 height=1></td>
		<td valign="top" width="99%">
			<table cellspacing=0 cellpadding=0 border=0 width="95%">
				<tr>
					<td height=2><img src="%GRAPHICS_URL%/blank.gif" width=1 height=2></td>
				</tr><tr>
					<td valign="top"><font face="arial">]]></HTML>
</ELEMENT>
<ELEMENT ID="CQDOQKN" TYPE="TITLE"></ELEMENT>
<ELEMENT ID="CQDOQKO" TYPE="OUTPUT"><HTML><![CDATA[</font><br>]]></HTML>
</ELEMENT>
<ELEMENT ID="CQDOQKP" TYPE="BODY"></ELEMENT>
<ELEMENT ID="CQDOQKQ" TYPE="OUTPUT"><HTML><![CDATA[</td>
				</tr>
			</table>
		</td>
	</tr>
</table>
</body>
</html>
]]></HTML>
</ELEMENT>
<ELEMENT ID="CQGCQJO" COLORS="128" TYPE="CONFIG" CATEGORIES="32768" CREATED="19691231" TITLE="" PROPERTIES="0"></ELEMENT>

</TEMPLATE>