<TEMPLATE ID="tricolor3" FORMAT="WRAPPER">


<!-- ******* -->
<ELEMENT ID="CQDOUFV" SUB="LINK_VISITED_TEXT_COLOR" TYPE="READONLY" LOAD="THEME::LINK_VISITED_TEXT_COLOR" RAW="1"></ELEMENT>
<ELEMENT ID="CQDOUFW" SUB="TABLE_HEADING_FONT_SIZE" TYPE="READONLY" LOAD="THEME::TABLE_HEADING_FONT_SIZE" RAW="1"></ELEMENT>
<ELEMENT ID="CQDOUFX" SUB="DISCLAIMER_FONT_SIZE" TYPE="READONLY" LOAD="THEME::DISCLAIMER_FONT_SIZE" RAW="1"></ELEMENT>
<ELEMENT ID="CQDOUFY" SUB="CONTENT_BACKGROUND_COLOR" TYPE="READONLY" LOAD="THEME::CONTENT_BACKGROUND_COLOR" RAW="1"></ELEMENT>
<ELEMENT ID="CQDOUFZ" SUB="TABLE_LISTING_BACKGROUND_COLOR" TYPE="READONLY" LOAD="THEME::TABLE_LISTING_BACKGROUND_COLOR" RAW="1"></ELEMENT>
<ELEMENT ID="CQDOUGA" SUB="CONTENT_TEXT_COLOR" TYPE="READONLY" LOAD="THEME::CONTENT_TEXT_COLOR" RAW="1"></ELEMENT>
<ELEMENT ID="CQDOUGB" SUB="TABLE_LISTING_FONT_SIZE" TYPE="READONLY" LOAD="THEME::TABLE_LISTING_FONT_SIZE" RAW="1"></ELEMENT>
<ELEMENT ID="CQDOUGC" SUB="TABLE_LISTING_TEXT_COLOR" TYPE="READONLY" LOAD="THEME::TABLE_LISTING_TEXT_COLOR" RAW="1"></ELEMENT>
<ELEMENT ID="CQDOUGD" SUB="TABLE_LISTING_FONT_FACE" TYPE="READONLY" LOAD="THEME::TABLE_LISTING_FONT_FACE" RAW="1"></ELEMENT>
<ELEMENT ID="CQDOUGE" SUB="CONTENT_FONT_FACE" TYPE="READONLY" LOAD="THEME::CONTENT_FONT_FACE" RAW="1"></ELEMENT>
<ELEMENT ID="CQDOUGF" SUB="NAME" TYPE="READONLY" LOAD="THEME::NAME" RAW="1"></ELEMENT>
<ELEMENT ID="CQDOUGG" SUB="DISCLAIMER_FONT_FACE" TYPE="READONLY" LOAD="THEME::DISCLAIMER_FONT_FACE" RAW="1"></ELEMENT>
<ELEMENT ID="CQDOUGH" SUB="PRETTY_NAME" TYPE="READONLY" LOAD="THEME::PRETTY_NAME" RAW="1"></ELEMENT>
<ELEMENT ID="CQDOUGI" SUB="TABLE_HEADING_BACKGROUND_COLOR" TYPE="READONLY" LOAD="THEME::TABLE_HEADING_BACKGROUND_COLOR" RAW="1"></ELEMENT>
<ELEMENT ID="CQDOUGJ" SUB="TABLE_LISTING_BACKGROUND_COLOR_ALTERNATE" TYPE="READONLY" LOAD="THEME::TABLE_LISTING_BACKGROUND_COLOR_ALTERNATE" RAW="1"></ELEMENT>
<ELEMENT ID="CQDOUGK" SUB="LINK_ACTIVE_TEXT_COLOR" TYPE="READONLY" LOAD="THEME::LINK_ACTIVE_TEXT_COLOR" RAW="1"></ELEMENT>
<ELEMENT ID="CQDOUGL" SUB="CONTENT_FONT_SIZE" TYPE="READONLY" LOAD="THEME::CONTENT_FONT_SIZE" RAW="1"></ELEMENT>
<ELEMENT ID="CQDOUGM" SUB="ALERT_COLOR" TYPE="READONLY" LOAD="THEME::ALERT_COLOR" RAW="1"></ELEMENT>
<ELEMENT ID="CQDOUGN" SUB="DISCLAIMER_BACKGROUND_COLOR" TYPE="READONLY" LOAD="THEME::DISCLAIMER_BACKGROUND_COLOR" RAW="1"></ELEMENT>
<ELEMENT ID="CQDOUGO" SUB="TABLE_HEADING_FONT_FACE" TYPE="READONLY" LOAD="THEME::TABLE_HEADING_FONT_FACE" RAW="1"></ELEMENT>
<ELEMENT ID="CQDOUGP" SUB="TABLE_HEADING_TEXT_COLOR" TYPE="READONLY" LOAD="THEME::TABLE_HEADING_TEXT_COLOR" RAW="1"></ELEMENT>
<ELEMENT ID="CQDOUGQ" SUB="DISCLAIMER_TEXT_COLOR" TYPE="READONLY" LOAD="THEME::DISCLAIMER_TEXT_COLOR" RAW="1"></ELEMENT>
<ELEMENT ID="CQDOUGR" SUB="LINK_TEXT_COLOR" TYPE="READONLY" LOAD="THEME::LINK_TEXT_COLOR" RAW="1"></ELEMENT>
<ELEMENT ID="CQDOUGS" SUB="HOMECATEGORY_URL" TYPE="READONLY" LOAD="URL::HOMECATEGORY_URL" RAW="1"></ELEMENT>
<ELEMENT ID="CQDOUGT" SUB="WRAPPER_URL" TYPE="READONLY" LOAD="URL::WRAPPER_URL" RAW="1"></ELEMENT>
<ELEMENT ID="CQDOUGU" SUB="CART_URL" TYPE="READONLY" LOAD="URL::CART_URL" RAW="1"></ELEMENT>
<ELEMENT ID="CQDOUGV" SUB="SUBSCRIBE_URL" TYPE="READONLY" LOAD="URL::SUBSCRIBE_URL" RAW="1"></ELEMENT>
<ELEMENT ID="CQDOUGW" SUB="FEEDBACK_URL" TYPE="READONLY" LOAD="URL::FEEDBACK_URL" RAW="1"></ELEMENT>
<ELEMENT ID="CQDOUGX" SUB="LOGOUT_FUNCTION_URL" TYPE="READONLY" LOAD="URL::LOGOUT_FUNCTION_URL" RAW="1"></ELEMENT>
<ELEMENT ID="CQDOUGY" SUB="SHIPQUOTE_URL" TYPE="READONLY" LOAD="URL::SHIPQUOTE_URL" RAW="1"></ELEMENT>
<ELEMENT ID="CQDOUGZ" SUB="PRIVACY_URL" TYPE="READONLY" LOAD="URL::PRIVACY_URL" RAW="1"></ELEMENT>
<ELEMENT ID="CQDOUHA" SUB="SITEBUTTON_URL" TYPE="READONLY" LOAD="URL::SITEBUTTON_URL" RAW="1"></ELEMENT>
<ELEMENT ID="CQDOUHB" SUB="HOMEPAGE_URL" TYPE="READONLY" LOAD="URL::HOMEPAGE_URL" RAW="1"></ELEMENT>
<ELEMENT ID="CQDOUHC" SUB="COUNTER_URL" TYPE="READONLY" LOAD="URL::COUNTER_URL" RAW="1"></ELEMENT>
<ELEMENT ID="CQDOUHD" SUB="RETURNS_URL" TYPE="READONLY" LOAD="URL::RETURNS_URL" RAW="1"></ELEMENT>
<ELEMENT ID="CQDOUHE" SUB="PASSWORD_URL" TYPE="READONLY" LOAD="URL::PASSWORD_URL" RAW="1"></ELEMENT>
<ELEMENT ID="CQDOUHF" SUB="UPDATE_PAYMENT_URL" TYPE="READONLY" LOAD="URL::UPDATE_PAYMENT_URL" RAW="1"></ELEMENT>
<ELEMENT ID="CQDOUHG" SUB="FORGOT_URL" TYPE="READONLY" LOAD="URL::FORGOT_URL" RAW="1"></ELEMENT>
<ELEMENT ID="CQDOUHH" SUB="NAVBUTTON_URL" TYPE="READONLY" LOAD="URL::NAVBUTTON_URL" RAW="1"></ELEMENT>
<ELEMENT ID="CQDOUHI" SUB="CONTACT_URL" TYPE="READONLY" LOAD="URL::CONTACT_URL" RAW="1"></ELEMENT>
<ELEMENT ID="CQDOUHJ" SUB="LOGOUT_URL" TYPE="READONLY" LOAD="URL::LOGOUT_URL" RAW="1"></ELEMENT>
<ELEMENT ID="CQDOUHK" SUB="GALLERY_URL" TYPE="READONLY" LOAD="URL::GALLERY_URL" RAW="1"></ELEMENT>
<ELEMENT ID="CQDOUHL" SUB="REMOVE_URL" TYPE="READONLY" LOAD="URL::REMOVE_URL" RAW="1"></ELEMENT>
<ELEMENT ID="CQDOUHM" SUB="HOME_URL" TYPE="READONLY" LOAD="URL::HOME_URL" RAW="1"></ELEMENT>
<ELEMENT ID="CQDOUHN" SUB="ABOUT_ZOOVY_URL" TYPE="READONLY" LOAD="URL::ABOUT_ZOOVY_URL" RAW="1"></ELEMENT>
<ELEMENT ID="CQDOUHO" SUB="NEWS_URL" TYPE="READONLY" LOAD="URL::NEWS_URL" RAW="1"></ELEMENT>
<ELEMENT ID="CQDOUHP" SUB="SECURE_URL" TYPE="READONLY" LOAD="URL::SECURE_URL" RAW="1"></ELEMENT>
<ELEMENT ID="CQDOUHQ" SUB="ABOUT_URL" TYPE="READONLY" LOAD="URL::ABOUT_URL" RAW="1"></ELEMENT>
<ELEMENT ID="CQDOUHR" SUB="USERBUTTON_URL" TYPE="READONLY" LOAD="URL::USERBUTTON_URL" RAW="1"></ELEMENT>
<ELEMENT ID="CQDOUHS" SUB="CLOSED_URL" TYPE="READONLY" LOAD="URL::CLOSED_URL" RAW="1"></ELEMENT>
<ELEMENT ID="CQDOUHT" SUB="FASTORDER_URL" TYPE="READONLY" LOAD="URL::FASTORDER_URL" RAW="1"></ELEMENT>
<ELEMENT ID="CQDOUHU" SUB="MAIL_FORM_URL" TYPE="READONLY" LOAD="URL::MAIL_FORM_URL" RAW="1"></ELEMENT>
<ELEMENT ID="CQDOUHV" SUB="GRAPHICS_URL" TYPE="READONLY" LOAD="URL::GRAPHICS_URL" RAW="1"></ELEMENT>
<ELEMENT ID="CQDOUHW" SUB="IMAGE_URL" TYPE="READONLY" LOAD="URL::IMAGE_URL" RAW="1"></ELEMENT>
<ELEMENT ID="CQDOUHX" SUB="CONTACTUS_URL" TYPE="READONLY" LOAD="URL::CONTACTUS_URL" RAW="1"></ELEMENT>
<ELEMENT ID="CQDOUHY" SUB="DYNAMIC_URL" TYPE="READONLY" LOAD="URL::DYNAMIC_URL" RAW="1"></ELEMENT>
<ELEMENT ID="CQDOUHZ" SUB="NONSECURE_URL" TYPE="READONLY" LOAD="URL::NONSECURE_URL" RAW="1"></ELEMENT>
<ELEMENT ID="CQDOUIA" SUB="CONTACT_US_URL" TYPE="READONLY" LOAD="URL::CONTACT_US_URL" RAW="1"></ELEMENT>
<ELEMENT ID="CQDOUIB" SUB="SEARCH_URL" TYPE="READONLY" LOAD="URL::SEARCH_URL" RAW="1"></ELEMENT>
<ELEMENT ID="CQDOUIC" SUB="ABOUTUS_URL" TYPE="READONLY" LOAD="URL::ABOUTUS_URL" RAW="1"></ELEMENT>
<ELEMENT ID="CQDOUID" SUB="CUSTOMER_MAIN_URL" TYPE="READONLY" LOAD="URL::CUSTOMER_MAIN_URL" RAW="1"></ELEMENT>
<ELEMENT ID="CQDOUIE" SUB="MERCHANT_LOGIN_URL" TYPE="READONLY" LOAD="URL::MERCHANT_LOGIN_URL" RAW="1"></ELEMENT>
<ELEMENT ID="CQDOUIF" SUB="CATEGORY_URL" TYPE="READONLY" LOAD="URL::CATEGORY_URL" RAW="1"></ELEMENT>
<ELEMENT ID="CQDOUIG" SUB="ADULT_URL" TYPE="READONLY" LOAD="URL::ADULT_URL" RAW="1"></ELEMENT>
<ELEMENT ID="CQDOUIH" SUB="CLAIM_URL" TYPE="READONLY" LOAD="URL::CLAIM_URL" RAW="1"></ELEMENT>
<ELEMENT ID="CQDOUII" SUB="CLAIM_MULTI_URL" TYPE="READONLY" LOAD="URL::CLAIM_MULTI_URL" RAW="1"></ELEMENT>
<ELEMENT ID="CQDOUIJ" SUB="ABOUT_US_URL" TYPE="READONLY" LOAD="URL::ABOUT_US_URL" RAW="1"></ELEMENT>
<ELEMENT ID="CQDOUIK" SUB="RESULTS_URL" TYPE="READONLY" LOAD="URL::RESULTS_URL" RAW="1"></ELEMENT>
<ELEMENT ID="CQDOUIL" SUB="PRODUCT_URL" TYPE="READONLY" LOAD="URL::PRODUCT_URL" RAW="1"></ELEMENT>
<ELEMENT ID="CQDOUIM" SUB="CONTINUE_URL" TYPE="READONLY" LOAD="URL::CONTINUE_URL" RAW="1"></ELEMENT>
<ELEMENT ID="CQDOUIN" SUB="REDIR_URL" TYPE="READONLY" LOAD="URL::REDIR_URL" RAW="1"></ELEMENT>
<ELEMENT ID="CQDOUIO" SUB="KILL_COOKIES_URL" TYPE="READONLY" LOAD="URL::KILL_COOKIES_URL" RAW="1"></ELEMENT>
<ELEMENT ID="CQDOUIP" SUB="LOGIN_URL" TYPE="READONLY" LOAD="URL::LOGIN_URL" RAW="1"></ELEMENT>
<ELEMENT ID="CQDOUIQ" SUB="CHECKOUT_URL" TYPE="READONLY" LOAD="URL::CHECKOUT_URL" RAW="1"></ELEMENT>
<ELEMENT ID="CQDOUIR" SUB="ORDER_STATUS_URL" TYPE="READONLY" LOAD="URL::ORDER_STATUS_URL" RAW="1"></ELEMENT>
<ELEMENT ID="CQDOUIS" SUB="NO_COOKIES_URL" TYPE="READONLY" LOAD="URL::NO_COOKIES_URL" RAW="1"></ELEMENT>
<ELEMENT ID="CQDOUIT" SUB="PAYPAL_URL" TYPE="READONLY" LOAD="URL::PAYPAL_URL" RAW="1"></ELEMENT>
<ELEMENT ID="CQDOUIU" SUB="CANCEL_ORDER_URL" TYPE="READONLY" LOAD="URL::CANCEL_ORDER_URL" RAW="1"></ELEMENT>
<ELEMENT ID="CQDOUIV" SUB="MAIL_CONFIG_URL" TYPE="READONLY" LOAD="URL::MAIL_CONFIG_URL" RAW="1"></ELEMENT>
<ELEMENT ID="CQDOUIW" SUB="DISABLED_URL" TYPE="READONLY" LOAD="URL::DISABLED_URL" RAW="1"></ELEMENT>
<ELEMENT ID="CQDOUIX" TYPE="OUTPUT"><HTML><![CDATA[<!DOCTYPE HTML PUBLIC "-//W3C//DTD HTML 4.01 Transitional//EN">
]]></HTML>
</ELEMENT>
<ELEMENT ID="CQDOUIY" COLORS="16" TYPE="CONFIG" CATEGORIES="32768" CREATED="20020724" TITLE="Tricolor3 07-24-02" THEME="l2_corporateblu" PROPERTIES="10" SITEBUTTONS="l2_corporateblu"></ELEMENT>
<ELEMENT ID="CQDOUIZ" TYPE="OUTPUT"><HTML><![CDATA[
<html>
<head>
	]]></HTML>
</ELEMENT>
<ELEMENT ID="CQDOUJA" TYPE="HEAD"></ELEMENT>
<ELEMENT ID="CQDOUJB" TYPE="OUTPUT"><HTML><![CDATA[<style rel="STYLESHEET" type="text/css">
form	{display:	inline;
		}
a		{text-decoration: none;
	}
a:hover	{text-decoration: underline;
	}			
</style>
</head>

<body leftmargin=8 marginheight=8 bottommargin=8 marginwidth=8 rightmargin=8 topmargin=8 background="%WRAPPER_URL%/background.gif" text="#%CONTENT_TEXT_COLOR%" link="#%LINK_TEXT_COLOR%" alink="#%LINK_ACTIVE_TEXT_COLOR%" vlink="#%LINK_VISITED_TEXT_COLOR%">

<table cellspacing=0 cellpadding=0 border=0 width=100%>
	<tr>
		<td height=1 width=1 background="%WRAPPER_URL%/line.gif"><img src="%GRAPHICS_URL%/blank.gif" height=1 width=1></td>
		<td width=8 background="%WRAPPER_URL%/line.gif"><img src="%GRAPHICS_URL%/blank.gif" height=1 width=8></td>
		<td width=99% background="%WRAPPER_URL%/line.gif"><img src="%GRAPHICS_URL%/blank.gif" height=1 width=1></td>
		<td width=154 background="%WRAPPER_URL%/line.gif"><img src="%GRAPHICS_URL%/blank.gif" height=1 width=1></td>
		<td width=8 background="%WRAPPER_URL%/line.gif"><img src="%GRAPHICS_URL%/blank.gif" height=1 width=8></td>
		<td width=1 background="%WRAPPER_URL%/line.gif"><img src="%GRAPHICS_URL%/blank.gif" height=1 width=1></td>
	</tr><tr>
		<td background="%WRAPPER_URL%/line.gif" rowspan=5><img src="%GRAPHICS_URL%/blank.gif" height=1 width=1></td>
		<td colspan=4 bgcolor="#FFFFFF" height=5><img src="%GRAPHICS_URL%/blank.gif" height=5 width=1></td>
		<td background="%WRAPPER_URL%/line.gif" rowspan=5><img src="%GRAPHICS_URL%/blank.gif" height=1 width=1></td>
	</tr><tr>
		<td background="%WRAPPER_URL%/bar_top.gif" height=72><img src="%GRAPHICS_URL%/blank.gif" height=1 width=1></td>
		<td background="%WRAPPER_URL%/bar_top.gif" valign="middle" align="left">]]></HTML>
</ELEMENT>
<ELEMENT ID="CQDOUJC" HEIGHT="72" WIDTH="400" TYPE="LOGO"></ELEMENT>
<ELEMENT ID="CQDOUJD" TYPE="OUTPUT"><HTML><![CDATA[</td>
		<td background="%WRAPPER_URL%/bar_top.gif"><img src="%WRAPPER_URL%/triangle_top.gif" width="154" height="72" alt="" border="0"></td>
		<td background="%WRAPPER_URL%/bar_top.gif"><img src="%GRAPHICS_URL%/blank.gif" height=1 width=1></td>
	</tr><tr>
		<td bgcolor="#FFFFFF" colspan=2><img src="%GRAPHICS_URL%/blank.gif" height=1 width=1></td>
		<td bgcolor="#FFFFFF"><img src="%WRAPPER_URL%/triangle_middle.gif" width="154" height="5" alt="" border="0"></td>
		<td bgcolor="#FFFFFF"><img src="%GRAPHICS_URL%/blank.gif" height=1 width=1></td>
	</tr><tr>
		<td background="%WRAPPER_URL%/bar_bottom.gif"><img src="%GRAPHICS_URL%/blank.gif" height=1 width=1></td>
		<td background="%WRAPPER_URL%/bar_bottom.gif" height=20><font size=2 face="verdana"><b>
		<a href="%CART_URL%"><font color="#FFFFFF">Cart</a>&nbsp;&nbsp;-&nbsp;&nbsp;</font>
		<a href="%LOGIN_URL%"><font color="#FFFFFF">My Account</a>&nbsp;&nbsp;-&nbsp;&nbsp;</font>
		<a href="%ABOUT_URL%"><font color="#FFFFFF">Company Info</a>&nbsp;&nbsp;-&nbsp;&nbsp;</font>
		<a href="%CONTACT_URL%"><font color="#FFFFFF">Contact Us</font></a></font></td>
		<td background="%WRAPPER_URL%/bar_bottom.gif" colspan=2><img src="%GRAPHICS_URL%/blank.gif" height=1 width=1></td>
	</tr><tr>
		<td height=99% background="%WRAPPER_URL%/background_menu.gif"><img src="%GRAPHICS_URL%/blank.gif" height=1 width=1></td>
		<td colspan=2 valign="top" bgcolor="#FFFFFF">
			<table cellspacing=0 cellpadding=0 border=0 height=100% width=100%>
				<tr>
					<td width=300 background="%WRAPPER_URL%/background_menu.gif" valign="top" height=100%>
					<img src="%GRAPHICS_URL%/blank.gif" height=4 width=168><br>
					<form action="%RESULTS_URL%" method="get">
<input type="hidden" name="catalog" value="">
<input type="text" size=12 name="keywords" value="">
<input type="image" border=0 name="NAME" src="%WRAPPER_URL%/submit.gif">
</form><br><br>]]></HTML>
</ELEMENT>
<ELEMENT ID="CQDOUJE" TYPE="MENU"><HTML><![CDATA[<a href="%URL%"><b><font color="#000099" face="verdana" size=2>%MESSAGE%</font></b></a><br>]]></HTML>
</ELEMENT>
<ELEMENT ID="CQDOUJF" TYPE="OUTPUT"><HTML><![CDATA[<br>]]></HTML>
</ELEMENT>
<ELEMENT ID="CQDOUJG" TYPE="SIDEBAR"></ELEMENT>
<ELEMENT ID="CQDOUJH" TYPE="OUTPUT"><HTML><![CDATA[
					
					</td>
					<td width=99% valign="top">
						<table cellspacing=0 cellpadding=5 border=0 height=100% width=100%>
						<tr><td valign="top" align="left"><p><font color="#000099" size=2 face="verdana"><b>]]></HTML>
</ELEMENT>
<ELEMENT ID="CQDOUJI" TYPE="TITLE"></ELEMENT>
<ELEMENT ID="CQDOUJJ" TYPE="OUTPUT"><HTML><![CDATA[</font></b></p><p>]]></HTML>
</ELEMENT>
<ELEMENT ID="CQDOUJK" TYPE="BODY"></ELEMENT>
<ELEMENT ID="CQDOUJL" TYPE="OUTPUT"><HTML><![CDATA[</p></td></tr></table></td>
				</tr>
			</table>
		</td>
		<td bgcolor="#FFFFFF"><img src="%GRAPHICS_URL%/blank.gif" height=1 width=1></td>
	</tr><tr>
		<td colspan=6 background="%WRAPPER_URL%/line.gif"><img src="%GRAPHICS_URL%/blank.gif" height=1 width=1></td>
	</tr>
</table>

</body>
</html>
]]></HTML>
</ELEMENT>

</TEMPLATE>