<TEMPLATE ID="tricolor2" FORMAT="WRAPPER">


<!-- ******* -->
<ELEMENT ID="CQDOUCC" SUB="LINK_VISITED_TEXT_COLOR" TYPE="READONLY" LOAD="THEME::LINK_VISITED_TEXT_COLOR" RAW="1"></ELEMENT>
<ELEMENT ID="CQDOUCD" SUB="TABLE_HEADING_FONT_SIZE" TYPE="READONLY" LOAD="THEME::TABLE_HEADING_FONT_SIZE" RAW="1"></ELEMENT>
<ELEMENT ID="CQDOUCE" SUB="DISCLAIMER_FONT_SIZE" TYPE="READONLY" LOAD="THEME::DISCLAIMER_FONT_SIZE" RAW="1"></ELEMENT>
<ELEMENT ID="CQDOUCF" SUB="CONTENT_BACKGROUND_COLOR" TYPE="READONLY" LOAD="THEME::CONTENT_BACKGROUND_COLOR" RAW="1"></ELEMENT>
<ELEMENT ID="CQDOUCG" SUB="TABLE_LISTING_BACKGROUND_COLOR" TYPE="READONLY" LOAD="THEME::TABLE_LISTING_BACKGROUND_COLOR" RAW="1"></ELEMENT>
<ELEMENT ID="CQDOUCH" SUB="CONTENT_TEXT_COLOR" TYPE="READONLY" LOAD="THEME::CONTENT_TEXT_COLOR" RAW="1"></ELEMENT>
<ELEMENT ID="CQDOUCI" SUB="TABLE_LISTING_FONT_SIZE" TYPE="READONLY" LOAD="THEME::TABLE_LISTING_FONT_SIZE" RAW="1"></ELEMENT>
<ELEMENT ID="CQDOUCJ" SUB="TABLE_LISTING_TEXT_COLOR" TYPE="READONLY" LOAD="THEME::TABLE_LISTING_TEXT_COLOR" RAW="1"></ELEMENT>
<ELEMENT ID="CQDOUCK" SUB="TABLE_LISTING_FONT_FACE" TYPE="READONLY" LOAD="THEME::TABLE_LISTING_FONT_FACE" RAW="1"></ELEMENT>
<ELEMENT ID="CQDOUCL" SUB="CONTENT_FONT_FACE" TYPE="READONLY" LOAD="THEME::CONTENT_FONT_FACE" RAW="1"></ELEMENT>
<ELEMENT ID="CQDOUCM" SUB="NAME" TYPE="READONLY" LOAD="THEME::NAME" RAW="1"></ELEMENT>
<ELEMENT ID="CQDOUCN" SUB="DISCLAIMER_FONT_FACE" TYPE="READONLY" LOAD="THEME::DISCLAIMER_FONT_FACE" RAW="1"></ELEMENT>
<ELEMENT ID="CQDOUCO" SUB="PRETTY_NAME" TYPE="READONLY" LOAD="THEME::PRETTY_NAME" RAW="1"></ELEMENT>
<ELEMENT ID="CQDOUCP" SUB="TABLE_HEADING_BACKGROUND_COLOR" TYPE="READONLY" LOAD="THEME::TABLE_HEADING_BACKGROUND_COLOR" RAW="1"></ELEMENT>
<ELEMENT ID="CQDOUCQ" SUB="TABLE_LISTING_BACKGROUND_COLOR_ALTERNATE" TYPE="READONLY" LOAD="THEME::TABLE_LISTING_BACKGROUND_COLOR_ALTERNATE" RAW="1"></ELEMENT>
<ELEMENT ID="CQDOUCR" SUB="LINK_ACTIVE_TEXT_COLOR" TYPE="READONLY" LOAD="THEME::LINK_ACTIVE_TEXT_COLOR" RAW="1"></ELEMENT>
<ELEMENT ID="CQDOUCS" SUB="CONTENT_FONT_SIZE" TYPE="READONLY" LOAD="THEME::CONTENT_FONT_SIZE" RAW="1"></ELEMENT>
<ELEMENT ID="CQDOUCT" SUB="ALERT_COLOR" TYPE="READONLY" LOAD="THEME::ALERT_COLOR" RAW="1"></ELEMENT>
<ELEMENT ID="CQDOUCU" SUB="DISCLAIMER_BACKGROUND_COLOR" TYPE="READONLY" LOAD="THEME::DISCLAIMER_BACKGROUND_COLOR" RAW="1"></ELEMENT>
<ELEMENT ID="CQDOUCV" SUB="TABLE_HEADING_FONT_FACE" TYPE="READONLY" LOAD="THEME::TABLE_HEADING_FONT_FACE" RAW="1"></ELEMENT>
<ELEMENT ID="CQDOUCW" SUB="TABLE_HEADING_TEXT_COLOR" TYPE="READONLY" LOAD="THEME::TABLE_HEADING_TEXT_COLOR" RAW="1"></ELEMENT>
<ELEMENT ID="CQDOUCX" SUB="DISCLAIMER_TEXT_COLOR" TYPE="READONLY" LOAD="THEME::DISCLAIMER_TEXT_COLOR" RAW="1"></ELEMENT>
<ELEMENT ID="CQDOUCY" SUB="LINK_TEXT_COLOR" TYPE="READONLY" LOAD="THEME::LINK_TEXT_COLOR" RAW="1"></ELEMENT>
<ELEMENT ID="CQDOUCZ" SUB="HOMECATEGORY_URL" TYPE="READONLY" LOAD="URL::HOMECATEGORY_URL" RAW="1"></ELEMENT>
<ELEMENT ID="CQDOUDA" SUB="WRAPPER_URL" TYPE="READONLY" LOAD="URL::WRAPPER_URL" RAW="1"></ELEMENT>
<ELEMENT ID="CQDOUDB" SUB="CART_URL" TYPE="READONLY" LOAD="URL::CART_URL" RAW="1"></ELEMENT>
<ELEMENT ID="CQDOUDC" SUB="SUBSCRIBE_URL" TYPE="READONLY" LOAD="URL::SUBSCRIBE_URL" RAW="1"></ELEMENT>
<ELEMENT ID="CQDOUDD" SUB="FEEDBACK_URL" TYPE="READONLY" LOAD="URL::FEEDBACK_URL" RAW="1"></ELEMENT>
<ELEMENT ID="CQDOUDE" SUB="LOGOUT_FUNCTION_URL" TYPE="READONLY" LOAD="URL::LOGOUT_FUNCTION_URL" RAW="1"></ELEMENT>
<ELEMENT ID="CQDOUDF" SUB="SHIPQUOTE_URL" TYPE="READONLY" LOAD="URL::SHIPQUOTE_URL" RAW="1"></ELEMENT>
<ELEMENT ID="CQDOUDG" SUB="PRIVACY_URL" TYPE="READONLY" LOAD="URL::PRIVACY_URL" RAW="1"></ELEMENT>
<ELEMENT ID="CQDOUDH" SUB="SITEBUTTON_URL" TYPE="READONLY" LOAD="URL::SITEBUTTON_URL" RAW="1"></ELEMENT>
<ELEMENT ID="CQDOUDI" SUB="HOMEPAGE_URL" TYPE="READONLY" LOAD="URL::HOMEPAGE_URL" RAW="1"></ELEMENT>
<ELEMENT ID="CQDOUDJ" SUB="COUNTER_URL" TYPE="READONLY" LOAD="URL::COUNTER_URL" RAW="1"></ELEMENT>
<ELEMENT ID="CQDOUDK" SUB="RETURNS_URL" TYPE="READONLY" LOAD="URL::RETURNS_URL" RAW="1"></ELEMENT>
<ELEMENT ID="CQDOUDL" SUB="PASSWORD_URL" TYPE="READONLY" LOAD="URL::PASSWORD_URL" RAW="1"></ELEMENT>
<ELEMENT ID="CQDOUDM" SUB="UPDATE_PAYMENT_URL" TYPE="READONLY" LOAD="URL::UPDATE_PAYMENT_URL" RAW="1"></ELEMENT>
<ELEMENT ID="CQDOUDN" SUB="FORGOT_URL" TYPE="READONLY" LOAD="URL::FORGOT_URL" RAW="1"></ELEMENT>
<ELEMENT ID="CQDOUDO" SUB="NAVBUTTON_URL" TYPE="READONLY" LOAD="URL::NAVBUTTON_URL" RAW="1"></ELEMENT>
<ELEMENT ID="CQDOUDP" SUB="CONTACT_URL" TYPE="READONLY" LOAD="URL::CONTACT_URL" RAW="1"></ELEMENT>
<ELEMENT ID="CQDOUDQ" SUB="LOGOUT_URL" TYPE="READONLY" LOAD="URL::LOGOUT_URL" RAW="1"></ELEMENT>
<ELEMENT ID="CQDOUDR" SUB="GALLERY_URL" TYPE="READONLY" LOAD="URL::GALLERY_URL" RAW="1"></ELEMENT>
<ELEMENT ID="CQDOUDS" SUB="REMOVE_URL" TYPE="READONLY" LOAD="URL::REMOVE_URL" RAW="1"></ELEMENT>
<ELEMENT ID="CQDOUDT" SUB="HOME_URL" TYPE="READONLY" LOAD="URL::HOME_URL" RAW="1"></ELEMENT>
<ELEMENT ID="CQDOUDU" SUB="ABOUT_ZOOVY_URL" TYPE="READONLY" LOAD="URL::ABOUT_ZOOVY_URL" RAW="1"></ELEMENT>
<ELEMENT ID="CQDOUDV" SUB="NEWS_URL" TYPE="READONLY" LOAD="URL::NEWS_URL" RAW="1"></ELEMENT>
<ELEMENT ID="CQDOUDW" SUB="SECURE_URL" TYPE="READONLY" LOAD="URL::SECURE_URL" RAW="1"></ELEMENT>
<ELEMENT ID="CQDOUDX" SUB="ABOUT_URL" TYPE="READONLY" LOAD="URL::ABOUT_URL" RAW="1"></ELEMENT>
<ELEMENT ID="CQDOUDY" SUB="USERBUTTON_URL" TYPE="READONLY" LOAD="URL::USERBUTTON_URL" RAW="1"></ELEMENT>
<ELEMENT ID="CQDOUDZ" SUB="CLOSED_URL" TYPE="READONLY" LOAD="URL::CLOSED_URL" RAW="1"></ELEMENT>
<ELEMENT ID="CQDOUEA" SUB="FASTORDER_URL" TYPE="READONLY" LOAD="URL::FASTORDER_URL" RAW="1"></ELEMENT>
<ELEMENT ID="CQDOUEB" SUB="MAIL_FORM_URL" TYPE="READONLY" LOAD="URL::MAIL_FORM_URL" RAW="1"></ELEMENT>
<ELEMENT ID="CQDOUEC" SUB="GRAPHICS_URL" TYPE="READONLY" LOAD="URL::GRAPHICS_URL" RAW="1"></ELEMENT>
<ELEMENT ID="CQDOUED" SUB="IMAGE_URL" TYPE="READONLY" LOAD="URL::IMAGE_URL" RAW="1"></ELEMENT>
<ELEMENT ID="CQDOUEE" SUB="CONTACTUS_URL" TYPE="READONLY" LOAD="URL::CONTACTUS_URL" RAW="1"></ELEMENT>
<ELEMENT ID="CQDOUEF" SUB="DYNAMIC_URL" TYPE="READONLY" LOAD="URL::DYNAMIC_URL" RAW="1"></ELEMENT>
<ELEMENT ID="CQDOUEG" SUB="NONSECURE_URL" TYPE="READONLY" LOAD="URL::NONSECURE_URL" RAW="1"></ELEMENT>
<ELEMENT ID="CQDOUEH" SUB="CONTACT_US_URL" TYPE="READONLY" LOAD="URL::CONTACT_US_URL" RAW="1"></ELEMENT>
<ELEMENT ID="CQDOUEI" SUB="SEARCH_URL" TYPE="READONLY" LOAD="URL::SEARCH_URL" RAW="1"></ELEMENT>
<ELEMENT ID="CQDOUEJ" SUB="ABOUTUS_URL" TYPE="READONLY" LOAD="URL::ABOUTUS_URL" RAW="1"></ELEMENT>
<ELEMENT ID="CQDOUEK" SUB="CUSTOMER_MAIN_URL" TYPE="READONLY" LOAD="URL::CUSTOMER_MAIN_URL" RAW="1"></ELEMENT>
<ELEMENT ID="CQDOUEL" SUB="MERCHANT_LOGIN_URL" TYPE="READONLY" LOAD="URL::MERCHANT_LOGIN_URL" RAW="1"></ELEMENT>
<ELEMENT ID="CQDOUEM" SUB="CATEGORY_URL" TYPE="READONLY" LOAD="URL::CATEGORY_URL" RAW="1"></ELEMENT>
<ELEMENT ID="CQDOUEN" SUB="ADULT_URL" TYPE="READONLY" LOAD="URL::ADULT_URL" RAW="1"></ELEMENT>
<ELEMENT ID="CQDOUEO" SUB="CLAIM_URL" TYPE="READONLY" LOAD="URL::CLAIM_URL" RAW="1"></ELEMENT>
<ELEMENT ID="CQDOUEP" SUB="CLAIM_MULTI_URL" TYPE="READONLY" LOAD="URL::CLAIM_MULTI_URL" RAW="1"></ELEMENT>
<ELEMENT ID="CQDOUEQ" SUB="ABOUT_US_URL" TYPE="READONLY" LOAD="URL::ABOUT_US_URL" RAW="1"></ELEMENT>
<ELEMENT ID="CQDOUER" SUB="RESULTS_URL" TYPE="READONLY" LOAD="URL::RESULTS_URL" RAW="1"></ELEMENT>
<ELEMENT ID="CQDOUES" SUB="PRODUCT_URL" TYPE="READONLY" LOAD="URL::PRODUCT_URL" RAW="1"></ELEMENT>
<ELEMENT ID="CQDOUET" SUB="CONTINUE_URL" TYPE="READONLY" LOAD="URL::CONTINUE_URL" RAW="1"></ELEMENT>
<ELEMENT ID="CQDOUEU" SUB="REDIR_URL" TYPE="READONLY" LOAD="URL::REDIR_URL" RAW="1"></ELEMENT>
<ELEMENT ID="CQDOUEV" SUB="KILL_COOKIES_URL" TYPE="READONLY" LOAD="URL::KILL_COOKIES_URL" RAW="1"></ELEMENT>
<ELEMENT ID="CQDOUEW" SUB="LOGIN_URL" TYPE="READONLY" LOAD="URL::LOGIN_URL" RAW="1"></ELEMENT>
<ELEMENT ID="CQDOUEX" SUB="CHECKOUT_URL" TYPE="READONLY" LOAD="URL::CHECKOUT_URL" RAW="1"></ELEMENT>
<ELEMENT ID="CQDOUEY" SUB="ORDER_STATUS_URL" TYPE="READONLY" LOAD="URL::ORDER_STATUS_URL" RAW="1"></ELEMENT>
<ELEMENT ID="CQDOUEZ" SUB="NO_COOKIES_URL" TYPE="READONLY" LOAD="URL::NO_COOKIES_URL" RAW="1"></ELEMENT>
<ELEMENT ID="CQDOUFA" SUB="PAYPAL_URL" TYPE="READONLY" LOAD="URL::PAYPAL_URL" RAW="1"></ELEMENT>
<ELEMENT ID="CQDOUFB" SUB="CANCEL_ORDER_URL" TYPE="READONLY" LOAD="URL::CANCEL_ORDER_URL" RAW="1"></ELEMENT>
<ELEMENT ID="CQDOUFC" SUB="MAIL_CONFIG_URL" TYPE="READONLY" LOAD="URL::MAIL_CONFIG_URL" RAW="1"></ELEMENT>
<ELEMENT ID="CQDOUFD" SUB="DISABLED_URL" TYPE="READONLY" LOAD="URL::DISABLED_URL" RAW="1"></ELEMENT>
<ELEMENT ID="CQDOUFE" TYPE="OUTPUT"><HTML><![CDATA[<!DOCTYPE HTML PUBLIC "-//W3C//DTD HTML 4.01 Transitional//EN">
]]></HTML>
</ELEMENT>
<ELEMENT ID="CQDOUFF" COLORS="128" TYPE="CONFIG" CATEGORIES="32768" CREATED="20020724" TITLE="Tricolor2 07-24-02" THEME="tricolor2" PROPERTIES="10" SITEBUTTONS="l2_corporatered"></ELEMENT>
<ELEMENT ID="CQDOUFG" TYPE="OUTPUT"><HTML><![CDATA[
<html>
<head>
	]]></HTML>
</ELEMENT>
<ELEMENT ID="CQDOUFH" TYPE="HEAD"></ELEMENT>
<ELEMENT ID="CQDOUFI" TYPE="OUTPUT"><HTML><![CDATA[<style rel="STYLESHEET" type="text/css">
form	{display:	inline;
		}
a		{text-decoration: none;
	}
a:hover	{text-decoration: underline;
	}			
</style>
</head>

<body leftmargin=8 marginheight=8 bottommargin=8 marginwidth=8 rightmargin=8 topmargin=8 background="%WRAPPER_URL%/background.gif" text="#%CONTENT_TEXT_COLOR%" link="#%LINK_TEXT_COLOR%" alink="#%LINK_ACTIVE_TEXT_COLOR%" vlink="#%LINK_VISITED_TEXT_COLOR%">

<table cellspacing=0 cellpadding=0 border=0 width=100%>
	<tr>
		<td height=1 width=1 background="%WRAPPER_URL%/line.gif"><img src="%GRAPHICS_URL%/blank.gif" height=1 width=1></td>
		<td width=8 background="%WRAPPER_URL%/line.gif"><img src="%GRAPHICS_URL%/blank.gif" height=1 width=8></td>
		<td width=99% background="%WRAPPER_URL%/line.gif"><img src="%GRAPHICS_URL%/blank.gif" height=1 width=1></td>
		<td width=154 background="%WRAPPER_URL%/line.gif"><img src="%GRAPHICS_URL%/blank.gif" height=1 width=1></td>
		<td width=8 background="%WRAPPER_URL%/line.gif"><img src="%GRAPHICS_URL%/blank.gif" height=1 width=8></td>
		<td width=1 background="%WRAPPER_URL%/line.gif"><img src="%GRAPHICS_URL%/blank.gif" height=1 width=1></td>
	</tr><tr>
		<td background="%WRAPPER_URL%/line.gif" rowspan=5><img src="%GRAPHICS_URL%/blank.gif" height=1 width=1></td>
		<td colspan=4 bgcolor="#FFFFFF" height=5><img src="%GRAPHICS_URL%/blank.gif" height=5 width=1></td>
		<td background="%WRAPPER_URL%/line.gif" rowspan=5><img src="%GRAPHICS_URL%/blank.gif" height=1 width=1></td>
	</tr><tr>
		<td background="%WRAPPER_URL%/bar_top.gif" height=72><img src="%GRAPHICS_URL%/blank.gif" height=1 width=1></td>
		<td background="%WRAPPER_URL%/bar_top.gif" valign="middle" align="left">]]></HTML>
</ELEMENT>
<ELEMENT ID="CQDOUFJ" HEIGHT="72" WIDTH="400" TYPE="LOGO"></ELEMENT>
<ELEMENT ID="CQDOUFK" TYPE="OUTPUT"><HTML><![CDATA[</td>
		<td background="%WRAPPER_URL%/bar_top.gif"><img src="%WRAPPER_URL%/triangle_top.gif" width="154" height="72" alt="" border="0"></td>
		<td background="%WRAPPER_URL%/bar_top.gif"><img src="%GRAPHICS_URL%/blank.gif" height=1 width=1></td>
	</tr><tr>
		<td bgcolor="#FFFFFF" colspan=2><img src="%GRAPHICS_URL%/blank.gif" height=1 width=1></td>
		<td bgcolor="#FFFFFF"><img src="%WRAPPER_URL%/triangle_middle.gif" width="154" height="5" alt="" border="0"></td>
		<td bgcolor="#FFFFFF"><img src="%GRAPHICS_URL%/blank.gif" height=1 width=1></td>
	</tr><tr>
		<td background="%WRAPPER_URL%/bar_bottom.gif"><img src="%GRAPHICS_URL%/blank.gif" height=1 width=1></td>
		<td background="%WRAPPER_URL%/bar_bottom.gif" height=20><font size=2 face="verdana" color="#FFFFFF"><b>
		<a href="%CART_URL%"><font color="#FFFFFF">Cart</a></font>&nbsp;&nbsp;-&nbsp;&nbsp;
		<a href="%LOGIN_URL%"><font color="#FFFFFF">My Account</a></font>&nbsp;&nbsp;-&nbsp;&nbsp;
		<a href="%ABOUT_URL%"><font color="#FFFFFF">Company Info</a></font>&nbsp;&nbsp;-&nbsp;&nbsp;
		<a href="%CONTACT_URL%"><font color="#FFFFFF">Contact Us</font></a></font></td>
		<td background="%WRAPPER_URL%/bar_bottom.gif" colspan=2><img src="%GRAPHICS_URL%/blank.gif" height=1 width=1></td>
	</tr><tr>
		<td height=99% background="%WRAPPER_URL%/background_menu.gif"><img src="%GRAPHICS_URL%/blank.gif" height=1 width=1></td>
		<td colspan=2 valign="top">
			<table cellspacing=0 cellpadding=0 border=0 height=100% width=100%>
				<tr>
					<td width=300 background="%WRAPPER_URL%/background_menu.gif" valign="top" height=100%>
					<img src="%GRAPHICS_URL%/blank.gif" height=4 width=168><br>
					<form action="%RESULTS_URL%" method="get">
<input type="hidden" name="catalog" value="">
<input type="text" size=12 name="keywords" value="">
<input type="image" border=0 name="NAME" src="%WRAPPER_URL%/submit.gif">
</form><br><br>]]></HTML>
</ELEMENT>
<ELEMENT ID="CQDOUFL" TYPE="MENU"><HTML><![CDATA[<a href="%URL%"><b><font color="#FFFFFF" face="verdana" size=2>%MESSAGE%</font></b></a><br>]]></HTML>
</ELEMENT>
<ELEMENT ID="CQDOUFM" TYPE="OUTPUT"><HTML><![CDATA[<br>]]></HTML>
</ELEMENT>
<ELEMENT ID="CQDOUFN" TYPE="SIDEBAR"></ELEMENT>
<ELEMENT ID="CQDOUFO" TYPE="OUTPUT"><HTML><![CDATA[
					
					</td>
					<td width=99% valign="top" bgcolor="#FFFFFF">
						<table cellspacing=0 cellpadding=5 border=0 height=100% width=100%>
						<tr><td valign="top" align="left"><p><font color="#660000" size=2 face="verdana"><b>]]></HTML>
</ELEMENT>
<ELEMENT ID="CQDOUFP" TYPE="TITLE"></ELEMENT>
<ELEMENT ID="CQDOUFQ" TYPE="OUTPUT"><HTML><![CDATA[</font></b></p><p>]]></HTML>
</ELEMENT>
<ELEMENT ID="CQDOUFR" TYPE="BODY"></ELEMENT>
<ELEMENT ID="CQDOUFS" TYPE="OUTPUT"><HTML><![CDATA[</p><p>]]></HTML>
</ELEMENT>
<ELEMENT ID="CQDOUFT" TYPE="FOOTER" TRANSPARENT="TRUE"></ELEMENT>
<ELEMENT ID="CQDOUFU" TYPE="OUTPUT"><HTML><![CDATA[</p></td></tr></table></td>
				</tr>
			</table>
		</td>
		<td bgcolor="#FFFFFF"><img src="%GRAPHICS_URL%/blank.gif" height=1 width=1></td>
	</tr><tr>
		<td colspan=6 background="%WRAPPER_URL%/line.gif"><img src="%GRAPHICS_URL%/blank.gif" height=1 width=1></td>
	</tr>
</table>

</body>
</html>
]]></HTML>
</ELEMENT>

</TEMPLATE>