<TEMPLATE ID="widescreen3" FORMAT="WRAPPER">


<!-- ******* -->
<ELEMENT ID="CQDPANM" SUB="LINK_VISITED_TEXT_COLOR" TYPE="READONLY" LOAD="THEME::LINK_VISITED_TEXT_COLOR" RAW="1"></ELEMENT>
<ELEMENT ID="CQDPANN" SUB="TABLE_HEADING_FONT_SIZE" TYPE="READONLY" LOAD="THEME::TABLE_HEADING_FONT_SIZE" RAW="1"></ELEMENT>
<ELEMENT ID="CQDPANO" SUB="DISCLAIMER_FONT_SIZE" TYPE="READONLY" LOAD="THEME::DISCLAIMER_FONT_SIZE" RAW="1"></ELEMENT>
<ELEMENT ID="CQDPANP" SUB="CONTENT_BACKGROUND_COLOR" TYPE="READONLY" LOAD="THEME::CONTENT_BACKGROUND_COLOR" RAW="1"></ELEMENT>
<ELEMENT ID="CQDPANQ" SUB="TABLE_LISTING_BACKGROUND_COLOR" TYPE="READONLY" LOAD="THEME::TABLE_LISTING_BACKGROUND_COLOR" RAW="1"></ELEMENT>
<ELEMENT ID="CQDPANR" SUB="CONTENT_TEXT_COLOR" TYPE="READONLY" LOAD="THEME::CONTENT_TEXT_COLOR" RAW="1"></ELEMENT>
<ELEMENT ID="CQDPANS" SUB="TABLE_LISTING_FONT_SIZE" TYPE="READONLY" LOAD="THEME::TABLE_LISTING_FONT_SIZE" RAW="1"></ELEMENT>
<ELEMENT ID="CQDPANT" SUB="TABLE_LISTING_TEXT_COLOR" TYPE="READONLY" LOAD="THEME::TABLE_LISTING_TEXT_COLOR" RAW="1"></ELEMENT>
<ELEMENT ID="CQDPANU" SUB="TABLE_LISTING_FONT_FACE" TYPE="READONLY" LOAD="THEME::TABLE_LISTING_FONT_FACE" RAW="1"></ELEMENT>
<ELEMENT ID="CQDPANV" SUB="CONTENT_FONT_FACE" TYPE="READONLY" LOAD="THEME::CONTENT_FONT_FACE" RAW="1"></ELEMENT>
<ELEMENT ID="CQDPANW" SUB="NAME" TYPE="READONLY" LOAD="THEME::NAME" RAW="1"></ELEMENT>
<ELEMENT ID="CQDPANX" SUB="DISCLAIMER_FONT_FACE" TYPE="READONLY" LOAD="THEME::DISCLAIMER_FONT_FACE" RAW="1"></ELEMENT>
<ELEMENT ID="CQDPANY" SUB="PRETTY_NAME" TYPE="READONLY" LOAD="THEME::PRETTY_NAME" RAW="1"></ELEMENT>
<ELEMENT ID="CQDPANZ" SUB="TABLE_HEADING_BACKGROUND_COLOR" TYPE="READONLY" LOAD="THEME::TABLE_HEADING_BACKGROUND_COLOR" RAW="1"></ELEMENT>
<ELEMENT ID="CQDPAOA" SUB="TABLE_LISTING_BACKGROUND_COLOR_ALTERNATE" TYPE="READONLY" LOAD="THEME::TABLE_LISTING_BACKGROUND_COLOR_ALTERNATE" RAW="1"></ELEMENT>
<ELEMENT ID="CQDPAOB" SUB="LINK_ACTIVE_TEXT_COLOR" TYPE="READONLY" LOAD="THEME::LINK_ACTIVE_TEXT_COLOR" RAW="1"></ELEMENT>
<ELEMENT ID="CQDPAOC" SUB="CONTENT_FONT_SIZE" TYPE="READONLY" LOAD="THEME::CONTENT_FONT_SIZE" RAW="1"></ELEMENT>
<ELEMENT ID="CQDPAOD" SUB="ALERT_COLOR" TYPE="READONLY" LOAD="THEME::ALERT_COLOR" RAW="1"></ELEMENT>
<ELEMENT ID="CQDPAOE" SUB="DISCLAIMER_BACKGROUND_COLOR" TYPE="READONLY" LOAD="THEME::DISCLAIMER_BACKGROUND_COLOR" RAW="1"></ELEMENT>
<ELEMENT ID="CQDPAOF" SUB="TABLE_HEADING_FONT_FACE" TYPE="READONLY" LOAD="THEME::TABLE_HEADING_FONT_FACE" RAW="1"></ELEMENT>
<ELEMENT ID="CQDPAOG" SUB="TABLE_HEADING_TEXT_COLOR" TYPE="READONLY" LOAD="THEME::TABLE_HEADING_TEXT_COLOR" RAW="1"></ELEMENT>
<ELEMENT ID="CQDPAOH" SUB="DISCLAIMER_TEXT_COLOR" TYPE="READONLY" LOAD="THEME::DISCLAIMER_TEXT_COLOR" RAW="1"></ELEMENT>
<ELEMENT ID="CQDPAOI" SUB="LINK_TEXT_COLOR" TYPE="READONLY" LOAD="THEME::LINK_TEXT_COLOR" RAW="1"></ELEMENT>
<ELEMENT ID="CQDPAOJ" SUB="HOMECATEGORY_URL" TYPE="READONLY" LOAD="URL::HOMECATEGORY_URL" RAW="1"></ELEMENT>
<ELEMENT ID="CQDPAOK" SUB="WRAPPER_URL" TYPE="READONLY" LOAD="URL::WRAPPER_URL" RAW="1"></ELEMENT>
<ELEMENT ID="CQDPAOL" SUB="CART_URL" TYPE="READONLY" LOAD="URL::CART_URL" RAW="1"></ELEMENT>
<ELEMENT ID="CQDPAOM" SUB="SUBSCRIBE_URL" TYPE="READONLY" LOAD="URL::SUBSCRIBE_URL" RAW="1"></ELEMENT>
<ELEMENT ID="CQDPAON" SUB="FEEDBACK_URL" TYPE="READONLY" LOAD="URL::FEEDBACK_URL" RAW="1"></ELEMENT>
<ELEMENT ID="CQDPAOO" SUB="LOGOUT_FUNCTION_URL" TYPE="READONLY" LOAD="URL::LOGOUT_FUNCTION_URL" RAW="1"></ELEMENT>
<ELEMENT ID="CQDPAOP" SUB="SHIPQUOTE_URL" TYPE="READONLY" LOAD="URL::SHIPQUOTE_URL" RAW="1"></ELEMENT>
<ELEMENT ID="CQDPAOQ" SUB="PRIVACY_URL" TYPE="READONLY" LOAD="URL::PRIVACY_URL" RAW="1"></ELEMENT>
<ELEMENT ID="CQDPAOR" SUB="SITEBUTTON_URL" TYPE="READONLY" LOAD="URL::SITEBUTTON_URL" RAW="1"></ELEMENT>
<ELEMENT ID="CQDPAOS" SUB="HOMEPAGE_URL" TYPE="READONLY" LOAD="URL::HOMEPAGE_URL" RAW="1"></ELEMENT>
<ELEMENT ID="CQDPAOT" SUB="COUNTER_URL" TYPE="READONLY" LOAD="URL::COUNTER_URL" RAW="1"></ELEMENT>
<ELEMENT ID="CQDPAOU" SUB="RETURNS_URL" TYPE="READONLY" LOAD="URL::RETURNS_URL" RAW="1"></ELEMENT>
<ELEMENT ID="CQDPAOV" SUB="PASSWORD_URL" TYPE="READONLY" LOAD="URL::PASSWORD_URL" RAW="1"></ELEMENT>
<ELEMENT ID="CQDPAOW" SUB="UPDATE_PAYMENT_URL" TYPE="READONLY" LOAD="URL::UPDATE_PAYMENT_URL" RAW="1"></ELEMENT>
<ELEMENT ID="CQDPAOX" SUB="FORGOT_URL" TYPE="READONLY" LOAD="URL::FORGOT_URL" RAW="1"></ELEMENT>
<ELEMENT ID="CQDPAOY" SUB="NAVBUTTON_URL" TYPE="READONLY" LOAD="URL::NAVBUTTON_URL" RAW="1"></ELEMENT>
<ELEMENT ID="CQDPAOZ" SUB="CONTACT_URL" TYPE="READONLY" LOAD="URL::CONTACT_URL" RAW="1"></ELEMENT>
<ELEMENT ID="CQDPAPA" SUB="LOGOUT_URL" TYPE="READONLY" LOAD="URL::LOGOUT_URL" RAW="1"></ELEMENT>
<ELEMENT ID="CQDPAPB" SUB="GALLERY_URL" TYPE="READONLY" LOAD="URL::GALLERY_URL" RAW="1"></ELEMENT>
<ELEMENT ID="CQDPAPC" SUB="REMOVE_URL" TYPE="READONLY" LOAD="URL::REMOVE_URL" RAW="1"></ELEMENT>
<ELEMENT ID="CQDPAPD" SUB="HOME_URL" TYPE="READONLY" LOAD="URL::HOME_URL" RAW="1"></ELEMENT>
<ELEMENT ID="CQDPAPE" SUB="ABOUT_ZOOVY_URL" TYPE="READONLY" LOAD="URL::ABOUT_ZOOVY_URL" RAW="1"></ELEMENT>
<ELEMENT ID="CQDPAPF" SUB="NEWS_URL" TYPE="READONLY" LOAD="URL::NEWS_URL" RAW="1"></ELEMENT>
<ELEMENT ID="CQDPAPG" SUB="SECURE_URL" TYPE="READONLY" LOAD="URL::SECURE_URL" RAW="1"></ELEMENT>
<ELEMENT ID="CQDPAPH" SUB="ABOUT_URL" TYPE="READONLY" LOAD="URL::ABOUT_URL" RAW="1"></ELEMENT>
<ELEMENT ID="CQDPAPI" SUB="USERBUTTON_URL" TYPE="READONLY" LOAD="URL::USERBUTTON_URL" RAW="1"></ELEMENT>
<ELEMENT ID="CQDPAPJ" SUB="CLOSED_URL" TYPE="READONLY" LOAD="URL::CLOSED_URL" RAW="1"></ELEMENT>
<ELEMENT ID="CQDPAPK" SUB="FASTORDER_URL" TYPE="READONLY" LOAD="URL::FASTORDER_URL" RAW="1"></ELEMENT>
<ELEMENT ID="CQDPAPL" SUB="MAIL_FORM_URL" TYPE="READONLY" LOAD="URL::MAIL_FORM_URL" RAW="1"></ELEMENT>
<ELEMENT ID="CQDPAPM" SUB="GRAPHICS_URL" TYPE="READONLY" LOAD="URL::GRAPHICS_URL" RAW="1"></ELEMENT>
<ELEMENT ID="CQDPAPN" SUB="IMAGE_URL" TYPE="READONLY" LOAD="URL::IMAGE_URL" RAW="1"></ELEMENT>
<ELEMENT ID="CQDPAPO" SUB="CONTACTUS_URL" TYPE="READONLY" LOAD="URL::CONTACTUS_URL" RAW="1"></ELEMENT>
<ELEMENT ID="CQDPAPP" SUB="DYNAMIC_URL" TYPE="READONLY" LOAD="URL::DYNAMIC_URL" RAW="1"></ELEMENT>
<ELEMENT ID="CQDPAPQ" SUB="NONSECURE_URL" TYPE="READONLY" LOAD="URL::NONSECURE_URL" RAW="1"></ELEMENT>
<ELEMENT ID="CQDPAPR" SUB="CONTACT_US_URL" TYPE="READONLY" LOAD="URL::CONTACT_US_URL" RAW="1"></ELEMENT>
<ELEMENT ID="CQDPAPS" SUB="SEARCH_URL" TYPE="READONLY" LOAD="URL::SEARCH_URL" RAW="1"></ELEMENT>
<ELEMENT ID="CQDPAPT" SUB="ABOUTUS_URL" TYPE="READONLY" LOAD="URL::ABOUTUS_URL" RAW="1"></ELEMENT>
<ELEMENT ID="CQDPAPU" SUB="CUSTOMER_MAIN_URL" TYPE="READONLY" LOAD="URL::CUSTOMER_MAIN_URL" RAW="1"></ELEMENT>
<ELEMENT ID="CQDPAPV" SUB="MERCHANT_LOGIN_URL" TYPE="READONLY" LOAD="URL::MERCHANT_LOGIN_URL" RAW="1"></ELEMENT>
<ELEMENT ID="CQDPAPW" SUB="CATEGORY_URL" TYPE="READONLY" LOAD="URL::CATEGORY_URL" RAW="1"></ELEMENT>
<ELEMENT ID="CQDPAPX" SUB="ADULT_URL" TYPE="READONLY" LOAD="URL::ADULT_URL" RAW="1"></ELEMENT>
<ELEMENT ID="CQDPAPY" SUB="CLAIM_URL" TYPE="READONLY" LOAD="URL::CLAIM_URL" RAW="1"></ELEMENT>
<ELEMENT ID="CQDPAPZ" SUB="CLAIM_MULTI_URL" TYPE="READONLY" LOAD="URL::CLAIM_MULTI_URL" RAW="1"></ELEMENT>
<ELEMENT ID="CQDPAQA" SUB="ABOUT_US_URL" TYPE="READONLY" LOAD="URL::ABOUT_US_URL" RAW="1"></ELEMENT>
<ELEMENT ID="CQDPAQB" SUB="RESULTS_URL" TYPE="READONLY" LOAD="URL::RESULTS_URL" RAW="1"></ELEMENT>
<ELEMENT ID="CQDPAQC" SUB="PRODUCT_URL" TYPE="READONLY" LOAD="URL::PRODUCT_URL" RAW="1"></ELEMENT>
<ELEMENT ID="CQDPAQD" SUB="CONTINUE_URL" TYPE="READONLY" LOAD="URL::CONTINUE_URL" RAW="1"></ELEMENT>
<ELEMENT ID="CQDPAQE" SUB="REDIR_URL" TYPE="READONLY" LOAD="URL::REDIR_URL" RAW="1"></ELEMENT>
<ELEMENT ID="CQDPAQF" SUB="KILL_COOKIES_URL" TYPE="READONLY" LOAD="URL::KILL_COOKIES_URL" RAW="1"></ELEMENT>
<ELEMENT ID="CQDPAQG" SUB="LOGIN_URL" TYPE="READONLY" LOAD="URL::LOGIN_URL" RAW="1"></ELEMENT>
<ELEMENT ID="CQDPAQH" SUB="CHECKOUT_URL" TYPE="READONLY" LOAD="URL::CHECKOUT_URL" RAW="1"></ELEMENT>
<ELEMENT ID="CQDPAQI" SUB="ORDER_STATUS_URL" TYPE="READONLY" LOAD="URL::ORDER_STATUS_URL" RAW="1"></ELEMENT>
<ELEMENT ID="CQDPAQJ" SUB="NO_COOKIES_URL" TYPE="READONLY" LOAD="URL::NO_COOKIES_URL" RAW="1"></ELEMENT>
<ELEMENT ID="CQDPAQK" SUB="PAYPAL_URL" TYPE="READONLY" LOAD="URL::PAYPAL_URL" RAW="1"></ELEMENT>
<ELEMENT ID="CQDPAQL" SUB="CANCEL_ORDER_URL" TYPE="READONLY" LOAD="URL::CANCEL_ORDER_URL" RAW="1"></ELEMENT>
<ELEMENT ID="CQDPAQM" SUB="MAIL_CONFIG_URL" TYPE="READONLY" LOAD="URL::MAIL_CONFIG_URL" RAW="1"></ELEMENT>
<ELEMENT ID="CQDPAQN" SUB="DISABLED_URL" TYPE="READONLY" LOAD="URL::DISABLED_URL" RAW="1"></ELEMENT>
<ELEMENT ID="CQDPAQO" TYPE="OUTPUT"><HTML><![CDATA[<!DOCTYPE HTML PUBLIC "-//W3C//DTD HTML 4.01 Transitional//EN">
]]></HTML>
</ELEMENT>
<ELEMENT ID="CQDPAQP" COLORS="16" TYPE="CONFIG" CATEGORIES="32768" CREATED="20021121" TITLE="Widescreen3" THEME="widescreen3" PROPERTIES="2" SITEBUTTONS="lucido"></ELEMENT>
<ELEMENT ID="CQDPAQQ" TYPE="OUTPUT"><HTML><![CDATA[
<html>
<head>
]]></HTML>
</ELEMENT>
<ELEMENT ID="CQDPAQR" TYPE="HEAD"></ELEMENT>
<ELEMENT ID="CQDPAQS" TYPE="OUTPUT"><HTML><![CDATA[
</head>

<style rel="STYLESHEET" type="text/css">
body	{margin: 10px; font-family: verdana; background-color: #0099FF;}
td.menu	{font-family: verdana; font-size: 11px; background-color: #99CC99;}
td.line	{background-color: #003300;}
td.content	{background-color: #FFFFFF; font-family: verdana;}
td.cats		{background-color: #FFFFFF; font-family: verdana;}
a	{text-decoration: none; color: #003300}
a:hover	{text-decoration: underline; color: #0099FF;}
.title	{font-family: verdana; font-size: 12px; color: #003300;}
</style>
<script language="JavaScript">
<!--
initialized = 0;
]]></HTML>
</ELEMENT>
<ELEMENT ID="CQDPAQT" HTML="rollover_%NUM%_on = new Image;%BREAK%rollover_%NUM%_on.src = &quot;%SRC%&quot;;%BREAK%" WIDTH="150" NOHOME="1" TYPE="MENU" BUTTONTYPE="widescreen_on"></ELEMENT>
<ELEMENT ID="CQDPAQU" HTML="rollover_%NUM%_off = new Image;%BREAK%rollover_%NUM%_off.src = &quot;%SRC%&quot;;%BREAK%" WIDTH="150" NOHOME="1" TYPE="MENU" BUTTONTYPE="widescreen3_on"></ELEMENT>
<ELEMENT ID="CQDPAQV" TYPE="OUTPUT"><HTML><![CDATA[initialized = 1;
function on(imageNumber) {
if (!initialized || !document.images) return;
document.images[eval("\"roll_"+imageNumber+"\"")].src = eval("rollover_"+imageNumber+"_on.src");
}
function off(imageNumber) {
if (!initialized || !document.images) return;
document.images[eval("\"roll_"+imageNumber+"\"")].src = eval("rollover_"+imageNumber+"_off.src");
}
// -->
</script>
<body>
<div align="right">]]></HTML>
</ELEMENT>
<ELEMENT ID="CQDPAQW" HEIGHT="85" WIDTH="400" TYPE="LOGO"></ELEMENT>
<ELEMENT ID="CQDPAQX" TYPE="OUTPUT"><HTML><![CDATA[
</div>
<div align="center">
<table width=100% cellspacing=0 cellpadding=0 border=0>
	<tr>
		<td width=14% height=1><img src="%GRAPHICS_URL%/blank.gif" width=1 height=1></td>
		<td width=1 class="line"><img src="%GRAPHICS_URL%/blank.gif" width=1 height=1></td>
		<td width=72% class="line"><img src="%GRAPHICS_URL%/blank.gif" width=300 height=1></td>
		<td width=1 class="line"><img src="%GRAPHICS_URL%/blank.gif" width=1 height=1></td>
		<td width=14%><img src="%GRAPHICS_URL%/blank.gif" width=1 height=1></td>
	</tr><tr>
		<td height=18><img src="%GRAPHICS_URL%/blank.gif" width=1 height=18></td>
		<td class="line"><img src="%GRAPHICS_URL%/blank.gif" width=1 height=1></td>
		<td nowrap class="menu">&nbsp;
<a href="%HOME_URL%">Home</a>&nbsp;-&nbsp;
<a href="%CART_URL%">Cart</a>&nbsp;-&nbsp;
<a href="%LOGIN_URL%">Login</a>&nbsp;-&nbsp;
<a href="%SEARCH_URL%">Search</a>&nbsp;-&nbsp;
<a href="%ABOUT_URL%">About&nbsp;Us</a>&nbsp;-&nbsp;
<a href="%CONTACT_URL%">Contact</a>&nbsp;</span>
		</td>
		<td class="line"><img src="%GRAPHICS_URL%/blank.gif" width=1 height=1></td>
		<td></td>
	</tr>
</table>
<table width=100% cellspacing=0 cellpadding=0 border=0>
	<tr>
		<td width=5%></td>
		<td class="line" width=1><img src="%GRAPHICS_URL%/blank.gif" width=1 height=1></td>
		<td width=90% class="line"><img src="%GRAPHICS_URL%/blank.gif" width=500 height=1></td>
		<td class="line" width=1><img src="%GRAPHICS_URL%/blank.gif" width=1 height=1></td>
		<td width=5%></td>
	</tr><tr>
		<td></td>
		<td class="line"><img src="%GRAPHICS_URL%/blank.gif" width=1 height=1></td>
		<td valign="top">
			<table cellspacing=0 cellpadding=4 border=0 width=100%>
				<tr>
					<td valign="top" class="cats" width=150 background="%WRAPPER_URL%/menu_bg.jpg">
					]]></HTML>
</ELEMENT>
<ELEMENT ID="CQDPAQY" WIDTH="150" NOHOME="1" TYPE="MENU" BUTTONTYPE="widescreen3_on"><HTML><![CDATA[<a href="%URL%" OnMouseOver="on(%NUM%)" OnMouseOut="off(%NUM%)"><img src="%SRC%" width="%WIDTH%" height="%HEIGHT%" border="0" name="roll_%NUM%"></a><br>]]></HTML>
</ELEMENT>
<ELEMENT ID="CQDPAQZ" TYPE="OUTPUT"><HTML><![CDATA[<br><br>
]]></HTML>
</ELEMENT>
<ELEMENT ID="CQDPARA" TYPE="SIDEBAR"></ELEMENT>
<ELEMENT ID="CQDPARB" TYPE="OUTPUT"><HTML><![CDATA[					</td>
					<td class="content" width=1><img src="%GRAPHICS_URL%/blank.gif" width=1 height=300></td>
					<td valign="top" class="content" width=99%><p class="title">]]></HTML>
</ELEMENT>
<ELEMENT ID="CQDPARC" TYPE="TITLE"></ELEMENT>
<ELEMENT ID="CQDPARD" TYPE="OUTPUT"><HTML><![CDATA[</p>]]></HTML>
</ELEMENT>
<ELEMENT ID="CQDPARE" TYPE="BODY"></ELEMENT>
<ELEMENT ID="CQDPARF" TYPE="OUTPUT"><HTML><![CDATA[</td>
				</tr>
			</table>
		
		</td>
		<td class="line"><img src="%GRAPHICS_URL%/blank.gif" width=1 height=1></td>
		<td></td>
	</tr><tr>
		<td></td>
		<td class="line"><img src="%GRAPHICS_URL%/blank.gif" width=1 height=1></td>
		<td class="line"><img src="%GRAPHICS_URL%/blank.gif" width=1 height=1></td>
		<td class="line" ><img src="%GRAPHICS_URL%/blank.gif" width=1 height=1></td>
		<td ></td>
	</tr>
</table>
<table width=100% cellspacing=0 cellpadding=0 border=0>
	<tr>
		<td height=18><img src="%GRAPHICS_URL%/blank.gif" width=1 height=38></td>
		<td class="line"><img src="%GRAPHICS_URL%/blank.gif" width=1 height=1></td>
		<td nowrap class="menu">]]></HTML>
</ELEMENT>
<ELEMENT ID="CQDPARG" TYPE="FOOTER" TRANSPARENT="TRUE"></ELEMENT>
<ELEMENT ID="CQDPARH" TYPE="OUTPUT"><HTML><![CDATA[</td>
		<td class="line"><img src="%GRAPHICS_URL%/blank.gif" width=1 height=1></td>
		<td></td>
	</tr><tr>
		<td width=14% height=1><img src="%GRAPHICS_URL%/blank.gif" width=1 height=1></td>
		<td width=1 class="line"><img src="%GRAPHICS_URL%/blank.gif" width=1 height=1></td>
		<td width=72% class="line"><img src="%GRAPHICS_URL%/blank.gif" width=400 height=1></td>
		<td width=1 class="line"><img src="%GRAPHICS_URL%/blank.gif" width=1 height=1></td>
		<td width=14%><img src="%GRAPHICS_URL%/blank.gif" width=1 height=1></td>
	</tr>
</table>	
</body>
</html>
]]></HTML>
</ELEMENT>

</TEMPLATE>