<TEMPLATE ID="widescreen2" FORMAT="WRAPPER">


<!-- ******* -->
<ELEMENT ID="CQDPAFU" SUB="LINK_VISITED_TEXT_COLOR" TYPE="READONLY" LOAD="THEME::LINK_VISITED_TEXT_COLOR" RAW="1"></ELEMENT>
<ELEMENT ID="CQDPAFV" SUB="TABLE_HEADING_FONT_SIZE" TYPE="READONLY" LOAD="THEME::TABLE_HEADING_FONT_SIZE" RAW="1"></ELEMENT>
<ELEMENT ID="CQDPAFW" SUB="DISCLAIMER_FONT_SIZE" TYPE="READONLY" LOAD="THEME::DISCLAIMER_FONT_SIZE" RAW="1"></ELEMENT>
<ELEMENT ID="CQDPAFX" SUB="CONTENT_BACKGROUND_COLOR" TYPE="READONLY" LOAD="THEME::CONTENT_BACKGROUND_COLOR" RAW="1"></ELEMENT>
<ELEMENT ID="CQDPAFY" SUB="TABLE_LISTING_BACKGROUND_COLOR" TYPE="READONLY" LOAD="THEME::TABLE_LISTING_BACKGROUND_COLOR" RAW="1"></ELEMENT>
<ELEMENT ID="CQDPAFZ" SUB="CONTENT_TEXT_COLOR" TYPE="READONLY" LOAD="THEME::CONTENT_TEXT_COLOR" RAW="1"></ELEMENT>
<ELEMENT ID="CQDPAGA" SUB="TABLE_LISTING_FONT_SIZE" TYPE="READONLY" LOAD="THEME::TABLE_LISTING_FONT_SIZE" RAW="1"></ELEMENT>
<ELEMENT ID="CQDPAGB" SUB="TABLE_LISTING_TEXT_COLOR" TYPE="READONLY" LOAD="THEME::TABLE_LISTING_TEXT_COLOR" RAW="1"></ELEMENT>
<ELEMENT ID="CQDPAGC" SUB="TABLE_LISTING_FONT_FACE" TYPE="READONLY" LOAD="THEME::TABLE_LISTING_FONT_FACE" RAW="1"></ELEMENT>
<ELEMENT ID="CQDPAGD" SUB="CONTENT_FONT_FACE" TYPE="READONLY" LOAD="THEME::CONTENT_FONT_FACE" RAW="1"></ELEMENT>
<ELEMENT ID="CQDPAGE" SUB="NAME" TYPE="READONLY" LOAD="THEME::NAME" RAW="1"></ELEMENT>
<ELEMENT ID="CQDPAGF" SUB="DISCLAIMER_FONT_FACE" TYPE="READONLY" LOAD="THEME::DISCLAIMER_FONT_FACE" RAW="1"></ELEMENT>
<ELEMENT ID="CQDPAGG" SUB="PRETTY_NAME" TYPE="READONLY" LOAD="THEME::PRETTY_NAME" RAW="1"></ELEMENT>
<ELEMENT ID="CQDPAGH" SUB="TABLE_HEADING_BACKGROUND_COLOR" TYPE="READONLY" LOAD="THEME::TABLE_HEADING_BACKGROUND_COLOR" RAW="1"></ELEMENT>
<ELEMENT ID="CQDPAGI" SUB="TABLE_LISTING_BACKGROUND_COLOR_ALTERNATE" TYPE="READONLY" LOAD="THEME::TABLE_LISTING_BACKGROUND_COLOR_ALTERNATE" RAW="1"></ELEMENT>
<ELEMENT ID="CQDPAGJ" SUB="LINK_ACTIVE_TEXT_COLOR" TYPE="READONLY" LOAD="THEME::LINK_ACTIVE_TEXT_COLOR" RAW="1"></ELEMENT>
<ELEMENT ID="CQDPAGK" SUB="CONTENT_FONT_SIZE" TYPE="READONLY" LOAD="THEME::CONTENT_FONT_SIZE" RAW="1"></ELEMENT>
<ELEMENT ID="CQDPAGL" SUB="ALERT_COLOR" TYPE="READONLY" LOAD="THEME::ALERT_COLOR" RAW="1"></ELEMENT>
<ELEMENT ID="CQDPAGM" SUB="DISCLAIMER_BACKGROUND_COLOR" TYPE="READONLY" LOAD="THEME::DISCLAIMER_BACKGROUND_COLOR" RAW="1"></ELEMENT>
<ELEMENT ID="CQDPAGN" SUB="TABLE_HEADING_FONT_FACE" TYPE="READONLY" LOAD="THEME::TABLE_HEADING_FONT_FACE" RAW="1"></ELEMENT>
<ELEMENT ID="CQDPAGO" SUB="TABLE_HEADING_TEXT_COLOR" TYPE="READONLY" LOAD="THEME::TABLE_HEADING_TEXT_COLOR" RAW="1"></ELEMENT>
<ELEMENT ID="CQDPAGP" SUB="DISCLAIMER_TEXT_COLOR" TYPE="READONLY" LOAD="THEME::DISCLAIMER_TEXT_COLOR" RAW="1"></ELEMENT>
<ELEMENT ID="CQDPAGQ" SUB="LINK_TEXT_COLOR" TYPE="READONLY" LOAD="THEME::LINK_TEXT_COLOR" RAW="1"></ELEMENT>
<ELEMENT ID="CQDPAGR" SUB="HOMECATEGORY_URL" TYPE="READONLY" LOAD="URL::HOMECATEGORY_URL" RAW="1"></ELEMENT>
<ELEMENT ID="CQDPAGS" SUB="WRAPPER_URL" TYPE="READONLY" LOAD="URL::WRAPPER_URL" RAW="1"></ELEMENT>
<ELEMENT ID="CQDPAGT" SUB="CART_URL" TYPE="READONLY" LOAD="URL::CART_URL" RAW="1"></ELEMENT>
<ELEMENT ID="CQDPAGU" SUB="SUBSCRIBE_URL" TYPE="READONLY" LOAD="URL::SUBSCRIBE_URL" RAW="1"></ELEMENT>
<ELEMENT ID="CQDPAGV" SUB="FEEDBACK_URL" TYPE="READONLY" LOAD="URL::FEEDBACK_URL" RAW="1"></ELEMENT>
<ELEMENT ID="CQDPAGW" SUB="LOGOUT_FUNCTION_URL" TYPE="READONLY" LOAD="URL::LOGOUT_FUNCTION_URL" RAW="1"></ELEMENT>
<ELEMENT ID="CQDPAGX" SUB="SHIPQUOTE_URL" TYPE="READONLY" LOAD="URL::SHIPQUOTE_URL" RAW="1"></ELEMENT>
<ELEMENT ID="CQDPAGY" SUB="PRIVACY_URL" TYPE="READONLY" LOAD="URL::PRIVACY_URL" RAW="1"></ELEMENT>
<ELEMENT ID="CQDPAGZ" SUB="SITEBUTTON_URL" TYPE="READONLY" LOAD="URL::SITEBUTTON_URL" RAW="1"></ELEMENT>
<ELEMENT ID="CQDPAHA" SUB="HOMEPAGE_URL" TYPE="READONLY" LOAD="URL::HOMEPAGE_URL" RAW="1"></ELEMENT>
<ELEMENT ID="CQDPAHB" SUB="COUNTER_URL" TYPE="READONLY" LOAD="URL::COUNTER_URL" RAW="1"></ELEMENT>
<ELEMENT ID="CQDPAHC" SUB="RETURNS_URL" TYPE="READONLY" LOAD="URL::RETURNS_URL" RAW="1"></ELEMENT>
<ELEMENT ID="CQDPAHD" SUB="PASSWORD_URL" TYPE="READONLY" LOAD="URL::PASSWORD_URL" RAW="1"></ELEMENT>
<ELEMENT ID="CQDPAHE" SUB="UPDATE_PAYMENT_URL" TYPE="READONLY" LOAD="URL::UPDATE_PAYMENT_URL" RAW="1"></ELEMENT>
<ELEMENT ID="CQDPAHF" SUB="FORGOT_URL" TYPE="READONLY" LOAD="URL::FORGOT_URL" RAW="1"></ELEMENT>
<ELEMENT ID="CQDPAHG" SUB="NAVBUTTON_URL" TYPE="READONLY" LOAD="URL::NAVBUTTON_URL" RAW="1"></ELEMENT>
<ELEMENT ID="CQDPAHH" SUB="CONTACT_URL" TYPE="READONLY" LOAD="URL::CONTACT_URL" RAW="1"></ELEMENT>
<ELEMENT ID="CQDPAHI" SUB="LOGOUT_URL" TYPE="READONLY" LOAD="URL::LOGOUT_URL" RAW="1"></ELEMENT>
<ELEMENT ID="CQDPAHJ" SUB="GALLERY_URL" TYPE="READONLY" LOAD="URL::GALLERY_URL" RAW="1"></ELEMENT>
<ELEMENT ID="CQDPAHK" SUB="REMOVE_URL" TYPE="READONLY" LOAD="URL::REMOVE_URL" RAW="1"></ELEMENT>
<ELEMENT ID="CQDPAHL" SUB="HOME_URL" TYPE="READONLY" LOAD="URL::HOME_URL" RAW="1"></ELEMENT>
<ELEMENT ID="CQDPAHM" SUB="ABOUT_ZOOVY_URL" TYPE="READONLY" LOAD="URL::ABOUT_ZOOVY_URL" RAW="1"></ELEMENT>
<ELEMENT ID="CQDPAHN" SUB="NEWS_URL" TYPE="READONLY" LOAD="URL::NEWS_URL" RAW="1"></ELEMENT>
<ELEMENT ID="CQDPAHO" SUB="SECURE_URL" TYPE="READONLY" LOAD="URL::SECURE_URL" RAW="1"></ELEMENT>
<ELEMENT ID="CQDPAHP" SUB="ABOUT_URL" TYPE="READONLY" LOAD="URL::ABOUT_URL" RAW="1"></ELEMENT>
<ELEMENT ID="CQDPAHQ" SUB="USERBUTTON_URL" TYPE="READONLY" LOAD="URL::USERBUTTON_URL" RAW="1"></ELEMENT>
<ELEMENT ID="CQDPAHR" SUB="CLOSED_URL" TYPE="READONLY" LOAD="URL::CLOSED_URL" RAW="1"></ELEMENT>
<ELEMENT ID="CQDPAHS" SUB="FASTORDER_URL" TYPE="READONLY" LOAD="URL::FASTORDER_URL" RAW="1"></ELEMENT>
<ELEMENT ID="CQDPAHT" SUB="MAIL_FORM_URL" TYPE="READONLY" LOAD="URL::MAIL_FORM_URL" RAW="1"></ELEMENT>
<ELEMENT ID="CQDPAHU" SUB="GRAPHICS_URL" TYPE="READONLY" LOAD="URL::GRAPHICS_URL" RAW="1"></ELEMENT>
<ELEMENT ID="CQDPAHV" SUB="IMAGE_URL" TYPE="READONLY" LOAD="URL::IMAGE_URL" RAW="1"></ELEMENT>
<ELEMENT ID="CQDPAHW" SUB="CONTACTUS_URL" TYPE="READONLY" LOAD="URL::CONTACTUS_URL" RAW="1"></ELEMENT>
<ELEMENT ID="CQDPAHX" SUB="DYNAMIC_URL" TYPE="READONLY" LOAD="URL::DYNAMIC_URL" RAW="1"></ELEMENT>
<ELEMENT ID="CQDPAHY" SUB="NONSECURE_URL" TYPE="READONLY" LOAD="URL::NONSECURE_URL" RAW="1"></ELEMENT>
<ELEMENT ID="CQDPAHZ" SUB="CONTACT_US_URL" TYPE="READONLY" LOAD="URL::CONTACT_US_URL" RAW="1"></ELEMENT>
<ELEMENT ID="CQDPAIA" SUB="SEARCH_URL" TYPE="READONLY" LOAD="URL::SEARCH_URL" RAW="1"></ELEMENT>
<ELEMENT ID="CQDPAIB" SUB="ABOUTUS_URL" TYPE="READONLY" LOAD="URL::ABOUTUS_URL" RAW="1"></ELEMENT>
<ELEMENT ID="CQDPAIC" SUB="CUSTOMER_MAIN_URL" TYPE="READONLY" LOAD="URL::CUSTOMER_MAIN_URL" RAW="1"></ELEMENT>
<ELEMENT ID="CQDPAID" SUB="MERCHANT_LOGIN_URL" TYPE="READONLY" LOAD="URL::MERCHANT_LOGIN_URL" RAW="1"></ELEMENT>
<ELEMENT ID="CQDPAIE" SUB="CATEGORY_URL" TYPE="READONLY" LOAD="URL::CATEGORY_URL" RAW="1"></ELEMENT>
<ELEMENT ID="CQDPAIF" SUB="ADULT_URL" TYPE="READONLY" LOAD="URL::ADULT_URL" RAW="1"></ELEMENT>
<ELEMENT ID="CQDPAIG" SUB="CLAIM_URL" TYPE="READONLY" LOAD="URL::CLAIM_URL" RAW="1"></ELEMENT>
<ELEMENT ID="CQDPAIH" SUB="CLAIM_MULTI_URL" TYPE="READONLY" LOAD="URL::CLAIM_MULTI_URL" RAW="1"></ELEMENT>
<ELEMENT ID="CQDPAII" SUB="ABOUT_US_URL" TYPE="READONLY" LOAD="URL::ABOUT_US_URL" RAW="1"></ELEMENT>
<ELEMENT ID="CQDPAIJ" SUB="RESULTS_URL" TYPE="READONLY" LOAD="URL::RESULTS_URL" RAW="1"></ELEMENT>
<ELEMENT ID="CQDPAIK" SUB="PRODUCT_URL" TYPE="READONLY" LOAD="URL::PRODUCT_URL" RAW="1"></ELEMENT>
<ELEMENT ID="CQDPAIL" SUB="CONTINUE_URL" TYPE="READONLY" LOAD="URL::CONTINUE_URL" RAW="1"></ELEMENT>
<ELEMENT ID="CQDPAIM" SUB="REDIR_URL" TYPE="READONLY" LOAD="URL::REDIR_URL" RAW="1"></ELEMENT>
<ELEMENT ID="CQDPAIN" SUB="KILL_COOKIES_URL" TYPE="READONLY" LOAD="URL::KILL_COOKIES_URL" RAW="1"></ELEMENT>
<ELEMENT ID="CQDPAIO" SUB="LOGIN_URL" TYPE="READONLY" LOAD="URL::LOGIN_URL" RAW="1"></ELEMENT>
<ELEMENT ID="CQDPAIP" SUB="CHECKOUT_URL" TYPE="READONLY" LOAD="URL::CHECKOUT_URL" RAW="1"></ELEMENT>
<ELEMENT ID="CQDPAIQ" SUB="ORDER_STATUS_URL" TYPE="READONLY" LOAD="URL::ORDER_STATUS_URL" RAW="1"></ELEMENT>
<ELEMENT ID="CQDPAIR" SUB="NO_COOKIES_URL" TYPE="READONLY" LOAD="URL::NO_COOKIES_URL" RAW="1"></ELEMENT>
<ELEMENT ID="CQDPAIS" SUB="PAYPAL_URL" TYPE="READONLY" LOAD="URL::PAYPAL_URL" RAW="1"></ELEMENT>
<ELEMENT ID="CQDPAIT" SUB="CANCEL_ORDER_URL" TYPE="READONLY" LOAD="URL::CANCEL_ORDER_URL" RAW="1"></ELEMENT>
<ELEMENT ID="CQDPAIU" SUB="MAIL_CONFIG_URL" TYPE="READONLY" LOAD="URL::MAIL_CONFIG_URL" RAW="1"></ELEMENT>
<ELEMENT ID="CQDPAIV" SUB="DISABLED_URL" TYPE="READONLY" LOAD="URL::DISABLED_URL" RAW="1"></ELEMENT>
<ELEMENT ID="CQDPAIW" TYPE="OUTPUT"><HTML><![CDATA[<!DOCTYPE HTML PUBLIC "-//W3C//DTD HTML 4.01 Transitional//EN">
]]></HTML>
</ELEMENT>
<ELEMENT ID="CQDPAIX" COLORS="8" TYPE="CONFIG" CATEGORIES="32768" CREATED="20021121" TITLE="Widescreen2" THEME="widescreen2" PROPERTIES="2" SITEBUTTONS="zing"></ELEMENT>
<ELEMENT ID="CQDPAIY" TYPE="OUTPUT"><HTML><![CDATA[
<html>
<head>
]]></HTML>
</ELEMENT>
<ELEMENT ID="CQDPAIZ" TYPE="HEAD"></ELEMENT>
<ELEMENT ID="CQDPAJA" TYPE="OUTPUT"><HTML><![CDATA[
</head>

<style rel="STYLESHEET" type="text/css">
body	{margin: 10px; font-family: verdana; background-color: #CCCCCC}
td.menu	{font-family: verdana; font-size: 11px; background-color: #000000; color: #FFFFFF}
.white	{font-family: verdana; font-size: 11px; color: #FFFFFF}
td.line	{background-color: #333333;}
td.content	{background-color: #FFFFFF; font-family: verdana;}
td.cats		{background-color: #666666; font-family: verdana;}
a	{text-decoration: none;}
a:hover	{text-decoration: underline;}
.title	{font-family: verdana; font-size: 12px; color: #333333;}
</style>
<script language="JavaScript">
<!--
initialized = 0;
]]></HTML>
</ELEMENT>
<ELEMENT ID="CQDPAJB" HTML="rollover_%NUM%_on = new Image;%BREAK%rollover_%NUM%_on.src = &quot;%SRC%&quot;;%BREAK%" WIDTH="150" NOHOME="1" TYPE="MENU" BUTTONTYPE="widescreen2_on"></ELEMENT>
<ELEMENT ID="CQDPAJC" HTML="rollover_%NUM%_off = new Image;%BREAK%rollover_%NUM%_off.src = &quot;%SRC%&quot;;%BREAK%" WIDTH="150" NOHOME="1" TYPE="MENU" BUTTONTYPE="widescreen2_off"></ELEMENT>
<ELEMENT ID="CQDPAJD" TYPE="OUTPUT"><HTML><![CDATA[initialized = 1;
function on(imageNumber) {
if (!initialized || !document.images) return;
document.images[eval("\"roll_"+imageNumber+"\"")].src = eval("rollover_"+imageNumber+"_on.src");
}
function off(imageNumber) {
if (!initialized || !document.images) return;
document.images[eval("\"roll_"+imageNumber+"\"")].src = eval("rollover_"+imageNumber+"_off.src");
}
// -->
</script>
<body>
<div align="right">]]></HTML>
</ELEMENT>
<ELEMENT ID="CQDPAJE" HEIGHT="85" WIDTH="400" TYPE="LOGO"></ELEMENT>
<ELEMENT ID="CQDPAJF" TYPE="OUTPUT"><HTML><![CDATA[
</div>
<div align="center">
<table width=100% cellspacing=0 cellpadding=0 border=0>
	<tr>
		<td width=14% height=1><img src="%GRAPHICS_URL%/blank.gif" width=1 height=1></td>
		<td width=1 class="line"><img src="%GRAPHICS_URL%/blank.gif" width=1 height=1></td>
		<td width=72% class="line"><img src="%GRAPHICS_URL%/blank.gif" width=300 height=1></td>
		<td width=1 class="line"><img src="%GRAPHICS_URL%/blank.gif" width=1 height=1></td>
		<td width=14%><img src="%GRAPHICS_URL%/blank.gif" width=1 height=1></td>
	</tr><tr>
		<td height=18><img src="%GRAPHICS_URL%/blank.gif" width=1 height=18></td>
		<td class="line"><img src="%GRAPHICS_URL%/blank.gif" width=1 height=1></td>
		<td nowrap class="menu">&nbsp;
<a href="%HOME_URL%"><span class="white">Home</span></a>&nbsp;-&nbsp;
<a href="%CART_URL%"><span class="white">Cart</span></a>&nbsp;-&nbsp;
<a href="%LOGIN_URL%"><span class="white">Login</span></a>&nbsp;-&nbsp;
<a href="%SEARCH_URL%"><span class="white">Search</span></a>&nbsp;-&nbsp;
<a href="%ABOUT_URL%"><span class="white">About&nbsp;Us</span></a>&nbsp;-&nbsp;
<a href="%CONTACT_URL%"><span class="white">Contact</span></a>&nbsp;</span>
		</td>
		<td class="line"><img src="%GRAPHICS_URL%/blank.gif" width=1 height=1></td>
		<td></td>
	</tr>
</table>
<table width=100% cellspacing=0 cellpadding=0 border=0>
	<tr>
		<td width=5%></td>
		<td class="line" width=1><img src="%GRAPHICS_URL%/blank.gif" width=1 height=1></td>
		<td width=90% class="line"><img src="%GRAPHICS_URL%/blank.gif" width=500 height=1></td>
		<td class="line" width=1><img src="%GRAPHICS_URL%/blank.gif" width=1 height=1></td>
		<td width=5%></td>
	</tr><tr>
		<td></td>
		<td class="line"><img src="%GRAPHICS_URL%/blank.gif" width=1 height=1></td>
		<td valign="top">
			<table cellspacing=0 cellpadding=4 border=0 width=100%>
				<tr>
					<td valign="top" class="cats" width=150>
					]]></HTML>
</ELEMENT>
<ELEMENT ID="CQDPAJG" WIDTH="150" NOHOME="1" TYPE="MENU" BUTTONTYPE="widescreen2_off"><HTML><![CDATA[<a href="%URL%" OnMouseOver="on(%NUM%)" OnMouseOut="off(%NUM%)"><img src="%SRC%" width="%WIDTH%" height="%HEIGHT%" border="0" name="roll_%NUM%"></a><br>]]></HTML>
</ELEMENT>
<ELEMENT ID="CQDPAJH" TYPE="OUTPUT"><HTML><![CDATA[<br><br>
]]></HTML>
</ELEMENT>
<ELEMENT ID="CQDPAJI" TYPE="SIDEBAR"></ELEMENT>
<ELEMENT ID="CQDPAJJ" TYPE="OUTPUT"><HTML><![CDATA[					</td>
					<td class="content" width=1><img src="%GRAPHICS_URL%/blank.gif" width=1 height=300></td>
					<td valign="top" class="content" width=99%><p class="title">]]></HTML>
</ELEMENT>
<ELEMENT ID="CQDPAJK" TYPE="TITLE"></ELEMENT>
<ELEMENT ID="CQDPAJL" TYPE="OUTPUT"><HTML><![CDATA[</p>]]></HTML>
</ELEMENT>
<ELEMENT ID="CQDPAJM" TYPE="BODY"></ELEMENT>
<ELEMENT ID="CQDPAJN" TYPE="OUTPUT"><HTML><![CDATA[</td>
				</tr>
			</table>
		
		</td>
		<td class="line"><img src="%GRAPHICS_URL%/blank.gif" width=1 height=1></td>
		<td></td>
	</tr><tr>
		<td></td>
		<td class="line"><img src="%GRAPHICS_URL%/blank.gif" width=1 height=1></td>
		<td class="line"><img src="%GRAPHICS_URL%/blank.gif" width=1 height=1></td>
		<td class="line" ><img src="%GRAPHICS_URL%/blank.gif" width=1 height=1></td>
		<td ></td>
	</tr>
</table>
<table width=100% cellspacing=0 cellpadding=0 border=0>
	<tr>
		<td height=18><img src="%GRAPHICS_URL%/blank.gif" width=1 height=38></td>
		<td class="line"><img src="%GRAPHICS_URL%/blank.gif" width=1 height=1></td>
		<td nowrap class="menu">]]></HTML>
</ELEMENT>
<ELEMENT ID="CQDPAJO" TYPE="FOOTER" TRANSPARENT="TRUE"></ELEMENT>
<ELEMENT ID="CQDPAJP" TYPE="OUTPUT"><HTML><![CDATA[</td>
		<td class="line"><img src="%GRAPHICS_URL%/blank.gif" width=1 height=1></td>
		<td></td>
	</tr><tr>
		<td width=14% height=1><img src="%GRAPHICS_URL%/blank.gif" width=1 height=1></td>
		<td width=1 class="line"><img src="%GRAPHICS_URL%/blank.gif" width=1 height=1></td>
		<td width=72% class="line"><img src="%GRAPHICS_URL%/blank.gif" width=400 height=1></td>
		<td width=1 class="line"><img src="%GRAPHICS_URL%/blank.gif" width=1 height=1></td>
		<td width=14%><img src="%GRAPHICS_URL%/blank.gif" width=1 height=1></td>
	</tr>
</table>	
</body>
</html>
]]></HTML>
</ELEMENT>

</TEMPLATE>