<TEMPLATE ID="advanced-rightpalms" FORMAT="WIZARD">


<!-- ******* -->
<ELEMENT ID="CQGDOZJ" TYPE="CONFIG" IMAGES="12" CREATED="20050418" TITLE="Rightpalms" PROPERTIES="0"></ELEMENT>
<ELEMENT ID="CQFJSMN" SUB="SKU" TYPE="READONLY" DATA="FLOW::SKU"></ELEMENT>
<ELEMENT ID="CQFJSMO" SUB="PRODUCT" TYPE="READONLY" DATA="FLOW::PROD"></ELEMENT>
<ELEMENT ID="CQFJSMP" SUB="USERNAME" TYPE="READONLY" DATA="FLOW::USERNAME"></ELEMENT>
<ELEMENT ID="CQFJSMQ" SUB="MERCHANT" TYPE="READONLY" DATA="FLOW::USERNAME"></ELEMENT>
<ELEMENT HEIGHT="150" ID="CQFJSMD" WIDTH="150" SUB="IMAGE1" PROMPT="Upper Image (150x150)" TYPE="IMAGE" BGCOLOR="FFFFFF" DATA="product:zoovy:prod_image1"></ELEMENT>
<ELEMENT HEIGHT="150" ID="CQFJSME" WIDTH="150" SUB="IMAGE2" PROMPT="Middle Image (150x150)" TYPE="IMAGE" BGCOLOR="FFFFFF" DATA="product:zoovy:prod_image2"></ELEMENT>
<ELEMENT HEIGHT="150" ID="CQFJSMF" WIDTH="150" SUB="IMAGE3" PROMPT="Upper Image (150x150)" TYPE="IMAGE" BGCOLOR="FFFFFF" DATA="product:zoovy:prod_image3"></ELEMENT>
<ELEMENT HEIGHT="150" ID="CQFJSMG" WIDTH="150" SUB="IMAGE4" PROMPT="Middle Image (150x150)" TYPE="IMAGE" BGCOLOR="FFFFFF" DATA="product:zoovy:prod_image4"></ELEMENT>
<ELEMENT ID="CQFJSMH" SUB="PRODUCT_NAME" PROMPT="Product Name" TYPE="TEXTBOX" DATA="product:zoovy:prod_name" COLS="100"></ELEMENT>
<ELEMENT ID="CQFJSMI" SUB="PRODUCT_DESCRIPTION" PROMPT="Product Description" TYPE="TEXTAREA" ROWS="5" DATA="product:zoovy:prod_desc" COLS="80"></ELEMENT>
<ELEMENT ID="CQFJSMJ" SUB="COMPANY_NAME" PROMPT="Company Name" TYPE="TEXTBOX" DATA="merchant:zoovy:company_name" COLS="100"></ELEMENT>
<ELEMENT ID="CQFJSMK" SUB="SUPPORT_EMAIL" PROMPT="Support Email" TYPE="TEXTBOX" VALIDATION="EMAIL" DATA="merchant:zoovy:support_email" COLS="50"></ELEMENT>
<ELEMENT ID="CQFJSML" SUB="PAYMENT_POLICY" PROMPT="Store Payment Policy" TYPE="TEXTAREA" ROWS="5" DATA="merchant:zoovy:payment_policy" COLS="80"></ELEMENT>
<ELEMENT ID="CQFJSMM" SUB="RETURN_POLICY" PROMPT="Store Return Policy" TYPE="TEXTAREA" ROWS="5" DATA="merchant:zoovy:return_policy" COLS="80"></ELEMENT>
<ELEMENT ID="CQFJSMG" HEIGHT="150" PROMPT="Middle Image (150x150)" SUB="IMAGE4_RAWURL" WIDTH="150" MINIMAL="0" BGCOLOR="FFFFFF" TYPE="IMAGE" READONLY="1" DATA="product:zoovy:prod_image4" RAW="1"></ELEMENT>
<ELEMENT ID="CQFJSMG" HEIGHT="0" PROMPT="Middle Image (150x150)" SUB="IMAGE4_URL" WIDTH="0" MINIMAL="0" BGCOLOR="FFFFFF" TYPE="IMAGE" READONLY="1" DATA="product:zoovy:prod_image4" RAW="1"></ELEMENT>
<ELEMENT ID="CQFJSMF" HEIGHT="150" PROMPT="Upper Image (150x150)" SUB="IMAGE3_RAWURL" WIDTH="150" MINIMAL="0" BGCOLOR="FFFFFF" TYPE="IMAGE" READONLY="1" DATA="product:zoovy:prod_image3" RAW="1"></ELEMENT>
<ELEMENT ID="CQFJSMF" HEIGHT="0" PROMPT="Upper Image (150x150)" SUB="IMAGE3_URL" WIDTH="0" MINIMAL="0" BGCOLOR="FFFFFF" TYPE="IMAGE" READONLY="1" DATA="product:zoovy:prod_image3" RAW="1"></ELEMENT>
<ELEMENT ID="CQFJSME" HEIGHT="150" PROMPT="Middle Image (150x150)" SUB="IMAGE2_RAWURL" WIDTH="150" MINIMAL="0" BGCOLOR="FFFFFF" TYPE="IMAGE" READONLY="1" DATA="product:zoovy:prod_image2" RAW="1"></ELEMENT>
<ELEMENT ID="CQFJSME" HEIGHT="0" PROMPT="Middle Image (150x150)" SUB="IMAGE2_URL" WIDTH="0" MINIMAL="0" BGCOLOR="FFFFFF" TYPE="IMAGE" READONLY="1" DATA="product:zoovy:prod_image2" RAW="1"></ELEMENT>
<ELEMENT ID="CQFJSMD" HEIGHT="150" PROMPT="Upper Image (150x150)" SUB="IMAGE1_RAWURL" WIDTH="150" MINIMAL="0" BGCOLOR="FFFFFF" TYPE="IMAGE" READONLY="1" DATA="product:zoovy:prod_image1" RAW="1"></ELEMENT>
<ELEMENT ID="CQFJSMD" HEIGHT="0" PROMPT="Upper Image (150x150)" SUB="IMAGE1_URL" WIDTH="0" MINIMAL="0" BGCOLOR="FFFFFF" TYPE="IMAGE" READONLY="1" DATA="product:zoovy:prod_image1" RAW="1"></ELEMENT>
<ELEMENT ID="CQFJSMR" TYPE="OUTPUT"><HTML><![CDATA[<center>
<table bgcolor='black' cellpadding='1' cellspacing='0' border='0' width="600"><tr><td>
<table bgcolor='white' cellpadding=5 cellspacing=0 border=0 width="100%">
	<tr>
		<td align="left" valign="top">
			<table cellpadding=0 cellspacing=0 border=0 width=60%>
				<tr>
					<td width=20 height=15><img src="http://www.zoovy.com/htmlwiz/jtv1/palm_1.gif"></td>
					<td background="http://www.zoovy.com/htmlwiz/jtv1/palmtrees.gif"></td>
					<td width=20><img src="http://www.zoovy.com/htmlwiz/jtv1/palm_2.gif"></td>
				</tr>
				<tr>
					<td colspan='3'>
					<font face="sans-serif, arial" size="2">
					<center><font size='4'><b>%PRODUCT_NAME%</font></center><br>
					<br>
					<!-- PROD_DESCRIPTION -->
					
					</font>
					</td>
				</tr>
				<tr>
					<td width=20 height=15><img src="http://www.zoovy.com/htmlwiz/jtv1/palm_1.gif"></td>
					<td background="http://www.zoovy.com/htmlwiz/jtv1/palmtrees.gif"></td>
					<td width=20><img src="http://www.zoovy.com/htmlwiz/jtv1/palm_2.gif"></td>
				</tr>
				<tr>
					<td colspan='3'>
					<font face="sans-serif, arial" size="2">
%COMPANY_NAME%<Br>
%SUPPORT_EMAIL%<br>
<br>
<b>Return Policy:</b><br>
%RETURN_POLICY%<br>
<br>
<b>Privacy Policy:</b><br>
<!-- PRIVACY_POLICY --><br>
<br>
					</font>
					</td>
				</tr>
 				<tr>
					<td colspan=3 height=15></td>
				</tr>
			</table>
		</td>
		<td width=15><img src="http://www.zoovy.com/htmlwiz/blank.gif" width="15"></td>
		<td align="left" valign="top">
			<table cellpadding=0 cellspacing=0 border=0 width='100%'>
				<tr>
					<td>%IMAGE1%</td>
				</tr><tr>
					<td height=15></td>
				</tr><tr>
					<td>%IMAGE2%</td>
				</tr><tr>
					<td height=15></td>
				</tr><tr>
					<td>%IMAGE3%</td>
				</tr><tr>
					<td height=15></td>
				</tr><tr>
					<td>%IMAGE4%</td>
				</tr><tr>
					<td height=15></td>
				</tr>
			</table>
		</td>
	</tr>
</table>
</td></tr></table>
</center>]]></HTML>
</ELEMENT>

</TEMPLATE>