<TEMPLATE ID="advanced-patriotic2" FORMAT="WIZARD">


<!-- ******* -->
<ELEMENT ID="CQGDOZR" TYPE="CONFIG" IMAGES="12" CREATED="19691231" TITLE="Patriotic2" PROPERTIES="0"></ELEMENT>
<ELEMENT ID="CQFJSMP" SUB="SKU" TYPE="READONLY" DATA="FLOW::SKU"></ELEMENT>
<ELEMENT ID="CQFJSMQ" SUB="PRODUCT" TYPE="READONLY" DATA="FLOW::PROD"></ELEMENT>
<ELEMENT ID="CQFJSMR" SUB="USERNAME" TYPE="READONLY" DATA="FLOW::USERNAME"></ELEMENT>
<ELEMENT ID="CQFJSMS" SUB="MERCHANT" TYPE="READONLY" DATA="FLOW::USERNAME"></ELEMENT>
<ELEMENT HEIGHT="100" ID="CQFJSME" WIDTH="185" SUB="COMPANY_LOGO" PROMPT="Company Logo (185x110" TYPE="IMAGE" BGCOLOR="6479A6" DATA="merchant:zoovy:company_logo"></ELEMENT>
<ELEMENT ID="CQFJSMF" SUB="PRODUCT_NAME" PROMPT="Product Name" TYPE="TEXTBOX" DATA="product:zoovy:prod_name" COLS="100"></ELEMENT>
<ELEMENT HEIGHT="250" ID="CQFJSMG" WIDTH="250" SUB="IMAGE1" PROMPT="Upper Left Image (250x250)" TYPE="IMAGE" BGCOLOR="FFFFFF" DATA="product:zoovy:prod_image1"></ELEMENT>
<ELEMENT ID="CQFJSMH" SUB="PRODUCT_DESCRIPTION" PROMPT="Product Description" TYPE="TEXTAREA" ROWS="5" DATA="product:zoovy:prod_desc" COLS="80"></ELEMENT>
<ELEMENT HEIGHT="150" ID="CQFJSMI" WIDTH="150" SUB="IMAGE2" PROMPT="Lower Left Image (150x150)" TYPE="IMAGE" BGCOLOR="FFFFFF" DATA="product:zoovy:prod_image2"></ELEMENT>
<ELEMENT HEIGHT="150" ID="CQFJSMJ" WIDTH="150" SUB="IMAGE3" PROMPT="Lower Right Image (150x150)" TYPE="IMAGE" BGCOLOR="FFFFFF" DATA="product:zoovy:prod_image3"></ELEMENT>
<ELEMENT ID="CQFJSMK" SUB="COMPANY_NAME" PROMPT="Company Name" TYPE="TEXTBOX" DATA="merchant:zoovy:company_name" COLS="100"></ELEMENT>
<ELEMENT ID="CQFJSML" SUB="SUPPORT_PHONE" PROMPT="Support Phone" TYPE="TEXTBOX" DATA="merchant:zoovy:support_phone" COLS="50"></ELEMENT>
<ELEMENT ID="CQFJSMM" SUB="SUPPORT_EMAIL" PROMPT="Support Email" TYPE="TEXTBOX" VALIDATION="EMAIL" DATA="merchant:zoovy:support_email" COLS="50"></ELEMENT>
<ELEMENT ID="CQFJSMN" SUB="PAYMENT_POLICY" PROMPT="Store Payment Policy" TYPE="TEXTAREA" ROWS="5" DATA="merchant:zoovy:payment_policy" COLS="80"></ELEMENT>
<ELEMENT ID="CQFJSMO" SUB="RETURN_POLICY" PROMPT="Store Return Policy" TYPE="TEXTAREA" ROWS="5" DATA="merchant:zoovy:return_policy" COLS="80"></ELEMENT>
<ELEMENT ID="CQFJSMJ" HEIGHT="150" PROMPT="Lower Right Image (150x150)" SUB="IMAGE3_RAWURL" WIDTH="150" MINIMAL="0" BGCOLOR="FFFFFF" TYPE="IMAGE" READONLY="1" DATA="product:zoovy:prod_image3" RAW="1"></ELEMENT>
<ELEMENT ID="CQFJSMJ" HEIGHT="0" PROMPT="Lower Right Image (150x150)" SUB="IMAGE3_URL" WIDTH="0" MINIMAL="0" BGCOLOR="FFFFFF" TYPE="IMAGE" READONLY="1" DATA="product:zoovy:prod_image3" RAW="1"></ELEMENT>
<ELEMENT ID="CQFJSMI" HEIGHT="150" PROMPT="Lower Left Image (150x150)" SUB="IMAGE2_RAWURL" WIDTH="150" MINIMAL="0" BGCOLOR="FFFFFF" TYPE="IMAGE" READONLY="1" DATA="product:zoovy:prod_image2" RAW="1"></ELEMENT>
<ELEMENT ID="CQFJSMI" HEIGHT="0" PROMPT="Lower Left Image (150x150)" SUB="IMAGE2_URL" WIDTH="0" MINIMAL="0" BGCOLOR="FFFFFF" TYPE="IMAGE" READONLY="1" DATA="product:zoovy:prod_image2" RAW="1"></ELEMENT>
<ELEMENT ID="CQFJSMG" HEIGHT="250" PROMPT="Upper Left Image (250x250)" SUB="IMAGE1_RAWURL" WIDTH="250" MINIMAL="0" BGCOLOR="FFFFFF" TYPE="IMAGE" READONLY="1" DATA="product:zoovy:prod_image1" RAW="1"></ELEMENT>
<ELEMENT ID="CQFJSMG" HEIGHT="0" PROMPT="Upper Left Image (250x250)" SUB="IMAGE1_URL" WIDTH="0" MINIMAL="0" BGCOLOR="FFFFFF" TYPE="IMAGE" READONLY="1" DATA="product:zoovy:prod_image1" RAW="1"></ELEMENT>
<ELEMENT ID="CQFJSME" HEIGHT="100" PROMPT="Company Logo (185x110" SUB="COMPANY_LOGO_RAWURL" WIDTH="185" MINIMAL="0" BGCOLOR="6479A6" TYPE="IMAGE" READONLY="1" DATA="merchant:zoovy:company_logo" RAW="1"></ELEMENT>
<ELEMENT ID="CQFJSME" HEIGHT="0" PROMPT="Company Logo (185x110" SUB="COMPANY_LOGO_URL" WIDTH="0" MINIMAL="0" BGCOLOR="6479A6" TYPE="IMAGE" READONLY="1" DATA="merchant:zoovy:company_logo" RAW="1"></ELEMENT>
<ELEMENT ID="CQFJSMT" HTML="" TYPE="OUTPUT"></ELEMENT>

</TEMPLATE>