<TEMPLATE ID="advanced-christmas2" FORMAT="WIZARD">


<!-- ******* -->
<ELEMENT ID="CQGDOZP" TYPE="CONFIG" IMAGES="6" CREATED="20050418" TITLE="Christmas2" PROPERTIES="0"></ELEMENT>
<ELEMENT ID="CQFJSMO" SUB="SKU" TYPE="READONLY" DATA="FLOW::SKU"></ELEMENT>
<ELEMENT ID="CQFJSMP" SUB="PRODUCT" TYPE="READONLY" DATA="FLOW::PROD"></ELEMENT>
<ELEMENT ID="CQFJSMQ" SUB="USERNAME" TYPE="READONLY" DATA="FLOW::USERNAME"></ELEMENT>
<ELEMENT ID="CQFJSMR" SUB="MERCHANT" TYPE="READONLY" DATA="FLOW::USERNAME"></ELEMENT>
<ELEMENT HEIGHT="95" ID="CQFJSME" WIDTH="300" SUB="COMPANY_LOGO" PROMPT="Company Logo (300x95" TYPE="IMAGE" BGCOLOR="ffffff" DATA="product:zoovy:company_logo"></ELEMENT>
<ELEMENT ID="CQFJSMF" SUB="PRODUCT_NAME" PROMPT="Product Name" TYPE="TEXTBOX" DATA="product:zoovy:prod_name" COLS="100"></ELEMENT>
<ELEMENT HEIGHT="300" ID="CQFJSMG" WIDTH="300" SUB="IMAGE1" PROMPT="Image (300x300)" TYPE="IMAGE" DATA="product:zoovy:prod_image1"></ELEMENT>
<ELEMENT ID="CQFJSMH" SUB="PRODUCT_DESCRIPTION" PROMPT="Product Description" TYPE="TEXTAREA" ROWS="5" DATA="product:zoovy:prod_desc" COLS="80"></ELEMENT>
<ELEMENT ID="CQFJSMI" SUB="COMPANY_NAME" PROMPT="Company Name" TYPE="TEXTBOX" DATA="merchant:zoovy:company_name" COLS="100"></ELEMENT>
<ELEMENT ID="CQFJSMJ" SUB="SUPPORT_PHONE" PROMPT="Support Phone" TYPE="TEXTBOX" DATA="merchant:zoovy:support_phone" COLS="50"></ELEMENT>
<ELEMENT ID="CQFJSMK" SUB="SUPPORT_EMAIL" PROMPT="Support Email" TYPE="TEXTBOX" VALIDATION="EMAIL" DATA="merchant:zoovy:support_email" COLS="50"></ELEMENT>
<ELEMENT ID="CQFJSML" SUB="COMPANY_INFO" PROMPT="Short Company Summary" TYPE="TEXTAREA" ROWS="5" DATA="merchant:zoovy:about_us" COLS="80"></ELEMENT>
<ELEMENT ID="CQFJSMM" SUB="PAYMENT_POLICY" PROMPT="Store Payment Policy" TYPE="TEXTAREA" ROWS="5" DATA="merchant:zoovy:payment_policy" COLS="80"></ELEMENT>
<ELEMENT ID="CQFJSMN" SUB="RETURN_POLICY" PROMPT="Store Return Policy" TYPE="TEXTAREA" ROWS="5" DATA="merchant:zoovy:return_policy" COLS="80"></ELEMENT>
<ELEMENT ID="CQFJSMG" HEIGHT="300" PROMPT="Image (300x300)" SUB="IMAGE1_RAWURL" WIDTH="300" MINIMAL="0" TYPE="IMAGE" READONLY="1" DATA="product:zoovy:prod_image1" RAW="1"></ELEMENT>
<ELEMENT ID="CQFJSMG" HEIGHT="0" PROMPT="Image (300x300)" SUB="IMAGE1_URL" WIDTH="0" MINIMAL="0" TYPE="IMAGE" READONLY="1" DATA="product:zoovy:prod_image1" RAW="1"></ELEMENT>
<ELEMENT ID="CQFJSME" HEIGHT="95" PROMPT="Company Logo (300x95" SUB="COMPANY_LOGO_RAWURL" WIDTH="300" MINIMAL="0" BGCOLOR="ffffff" TYPE="IMAGE" READONLY="1" DATA="product:zoovy:company_logo" RAW="1"></ELEMENT>
<ELEMENT ID="CQFJSME" HEIGHT="0" PROMPT="Company Logo (300x95" SUB="COMPANY_LOGO_URL" WIDTH="0" MINIMAL="0" BGCOLOR="ffffff" TYPE="IMAGE" READONLY="1" DATA="product:zoovy:company_logo" RAW="1"></ELEMENT>
<ELEMENT ID="CQFJSMS" TYPE="OUTPUT"><HTML><![CDATA[<center>
<table cellspacing=0 cellpadding=0 border=0 width=550>
	<tr>
		<td><img src="http://www.zoovy.com/htmlwiz/blank.gif" width="5" height="1" alt="" border="0"></td>
		<td><img src="http://www.zoovy.com/htmlwiz/blank.gif" width="8" height="1" alt="" border="0"></td>
		<td><img src="http://www.zoovy.com/htmlwiz/blank.gif" width="248" height="1" alt="" border="0"></td>
		<td><img src="http://www.zoovy.com/htmlwiz/blank.gif" width="326" height="1" alt="" border="0"></td>
		<td><img src="http://www.zoovy.com/htmlwiz/blank.gif" width="8" height="1" alt="" border="0"></td>
		<td><img src="http://www.zoovy.com/htmlwiz/blank.gif" width="5" height="1" alt="" border="0"></td>
	</tr><tr>
		<td><img src="http://www.zoovy.com/htmlwiz/990000.gif" width="5" height="14" alt="" border="0"></td>
		<td><img src="http://www.zoovy.com/htmlwiz/jt/christmas2/slant_left.gif" width="8" height="14" alt="" border="0"></td>
		<td colspan=2 background="http://www.zoovy.com/htmlwiz/jt/christmas2/toprow_bg.gif"></td>
		<td><img src="http://www.zoovy.com/htmlwiz/jt/christmas2/slant_right.gif" width="8" height="14" alt="" border="0"></td>
		<td><img src="http://www.zoovy.com/htmlwiz/990000.gif" width="5" height="14" alt="" border="0"></td>
	</tr><tr>
		<td background="http://www.zoovy.com/htmlwiz/jt/christmas2/lftcol_bg.gif"></td>
		<td colspan=2><img src="http://www.zoovy.com/htmlwiz/jt/christmas2/tree.gif" width="256" height="99" alt="" border="0"></td>
		<td align="center" valign="middle" background="http://www.zoovy.com/htmlwiz/ffffff.gif">%COMPANY_LOGO%</td>
		<td></td>
		<td background="http://www.zoovy.com/htmlwiz/jt/christmas2/rtcol_bg.gif"></td>
	</tr><tr>
		<td><img src="http://www.zoovy.com/htmlwiz/990000.gif" width="5" height="14" alt="" border="0"></td>
		<td><img src="http://www.zoovy.com/htmlwiz/jt/christmas2/slant_left_low.gif" width="8" height="14" alt="" border="0"></td>
		<td colspan=2 background="http://www.zoovy.com/htmlwiz/jt/christmas2/middle_bg.gif"></td>
		<td><img src="http://www.zoovy.com/htmlwiz/jt/christmas2/slant_right_low.gif" width="8" height="14" alt="" border="0"></td>
		<td><img src="http://www.zoovy.com/htmlwiz/990000.gif" width="5" height="14" alt="" border="0"></td>
	</tr><tr>
		<td background="http://www.zoovy.com/htmlwiz/jt/christmas2/lftcol_bg2.gif" rowspan=2 height=19></td>
		<td colspan=5 background="http://www.zoovy.com/htmlwiz/jt/christmas2/title_bg.gif" align="center" valign="middle">
			<table cellpadding=0 cellspacing=0 border=0 width=590>
				<tr>
					<td width=140><img src="http://www.zoovy.com/htmlwiz/blank.gif" width="140" height="19" alt="" border="0"></td>
					<td><font size=3 color="#ffffff" face="arial"><strong>%PRODUCT_NAME%</strong></font></td>
				</tr>
			</table>
		</td>
	</tr><tr>
		<td bgcolor="f0f0f0"></td>
		<td bgcolor="f0f0f0" colspan=2>
			<table cellpadding=0 cellspacing=0 border=0 width=570>
				<tr><td height=10></td></tr><tr>
					<td width=260 align="left" valign="middle"><font size=3 color="#990000" face="arial"><p><strong>%PRODUCT_DESCRIPTION%</strong></p></font></td>
					<td width=10><img src="http://www.zoovy.com/htmlwiz/blank.gif" width="15" height="1" alt="" border="0"></td>
					<td width=300 align="right">%IMAGE1%</td>
				</tr><tr><td height=10></td></tr>
				<tr>
					<td align="left" valign="middle"><center><font size=3 color="#006600" face="arial"><strong>%COMPANY_NAME%<br>
%SUPPORT_PHONE%<br>
%SUPPORT_EMAIL%</font></strong></center></td>
					<td></td>
					<td><font size=2 color="#006600" face="arial">%COMPANY_INFO%</td>
				</tr><tr><td height=10></td></tr><tr>
					<td colspan=3><font size=2 color="#990000" face="arial"><p>%PAYMENT_POLICY%</p><p>%RETURN_POLICY%</p></td></tr>
			</table>
		</td>
		<td bgcolor="f0f0f0"></td>
		<td background="http://www.zoovy.com/htmlwiz/jt/christmas2/rtcol_bg2.gif"></td>
	</tr><tr>
		<td colspan=6><img src="http://www.zoovy.com/htmlwiz/jt/christmas2/bottom.gif" width="600" height="26" alt="" border="0"></td></tr>






]]></HTML>
</ELEMENT>

</TEMPLATE>