<TEMPLATE ID="advanced-sunset" FORMAT="WIZARD">


<!-- ******* -->
<ELEMENT ID="CQGDOZF" TYPE="CONFIG" IMAGES="6" CREATED="20050418" TITLE="Sunset" PROPERTIES="0"></ELEMENT>
<ELEMENT ID="CQFJSMJ" SUB="SKU" TYPE="READONLY" DATA="FLOW::SKU"></ELEMENT>
<ELEMENT ID="CQFJSMK" SUB="PRODUCT" TYPE="READONLY" DATA="FLOW::PROD"></ELEMENT>
<ELEMENT ID="CQFJSML" SUB="USERNAME" TYPE="READONLY" DATA="FLOW::USERNAME"></ELEMENT>
<ELEMENT ID="CQFJSMM" SUB="MERCHANT" TYPE="READONLY" DATA="FLOW::USERNAME"></ELEMENT>
<ELEMENT ID="CQFJSMC" SUB="COMPANY_NAME" PROMPT="Company Name" TYPE="TEXTBOX" DATA="merchant:zoovy:company_name" COLS="100"></ELEMENT>
<ELEMENT HEIGHT="250" ID="CQFJSMD" WIDTH="250" SUB="IMAGE1" PROMPT="Image (250x250)" TYPE="IMAGE" BGCOLOR="FFFFFF" DATA="product:zoovy:prod_image1"></ELEMENT>
<ELEMENT ID="CQFJSME" SUB="PRODUCT_NAME" PROMPT="Product Name" TYPE="TEXTBOX" DATA="product:zoovy:prod_name" COLS="100"></ELEMENT>
<ELEMENT ID="CQFJSMF" SUB="PRODUCT_DESCRIPTION" PROMPT="Product Description" TYPE="TEXTAREA" ROWS="5" DATA="product:zoovy:prod_desc" COLS="80"></ELEMENT>
<ELEMENT ID="CQFJSMG" SUB="PAYMENT_POLICY" PROMPT="Store Payment Policy" TYPE="TEXTAREA" ROWS="5" DATA="merchant:zoovy:payment_policy" COLS="80"></ELEMENT>
<ELEMENT ID="CQFJSMH" SUB="RETURN_POLICY" PROMPT="Store Return Policy" TYPE="TEXTAREA" ROWS="5" DATA="merchant:zoovy:return_policy" COLS="80"></ELEMENT>
<ELEMENT HEIGHT="88" ID="CQFJSMI" WIDTH="300" SUB="COMPANY_LOGO" PROMPT="Company Logo" TYPE="IMAGE" BGCOLOR="ffffff" DATA="merchant:zoovy:company_logo"></ELEMENT>
<ELEMENT ID="CQFJSMI" HEIGHT="88" PROMPT="Company Logo" SUB="COMPANY_LOGO_RAWURL" WIDTH="300" MINIMAL="0" BGCOLOR="ffffff" TYPE="IMAGE" READONLY="1" DATA="merchant:zoovy:company_logo" RAW="1"></ELEMENT>
<ELEMENT ID="CQFJSMI" HEIGHT="0" PROMPT="Company Logo" SUB="COMPANY_LOGO_URL" WIDTH="0" MINIMAL="0" BGCOLOR="ffffff" TYPE="IMAGE" READONLY="1" DATA="merchant:zoovy:company_logo" RAW="1"></ELEMENT>
<ELEMENT ID="CQFJSMD" HEIGHT="250" PROMPT="Image (250x250)" SUB="IMAGE1_RAWURL" WIDTH="250" MINIMAL="0" BGCOLOR="FFFFFF" TYPE="IMAGE" READONLY="1" DATA="product:zoovy:prod_image1" RAW="1"></ELEMENT>
<ELEMENT ID="CQFJSMD" HEIGHT="0" PROMPT="Image (250x250)" SUB="IMAGE1_URL" WIDTH="0" MINIMAL="0" BGCOLOR="FFFFFF" TYPE="IMAGE" READONLY="1" DATA="product:zoovy:prod_image1" RAW="1"></ELEMENT>
<ELEMENT ID="CQFJSMN" TYPE="OUTPUT"><HTML><![CDATA[
<div align="center">
<center>
<table cellpadding="0" cellspacing="0" border="0" align="center" width="620" height="140" background="http://www.zoovy.com/htmlwiz/themes/graphics/layout1/sunset/top.jpg">
	<tr>
		<td>
			<table cellpadding="0" cellspacing="0" border="0" align="center" width="620" height="140" background="http://www.zoovy.com/htmlwiz/themes/layout1/sunset/top.jpg">
				<tr>
					<td width="320" height="1"><img src="http://www.zoovy.com/htmlwiz/blank.gif" width="320" height="1"></td>
				</tr>
				<tr>
					<td width="100%" height="88" align="center" valign="middle"><center>%COMPANY_LOGO%</center></td>
				</tr>
			</table>
		</td>
	</tr>
</table> 		
<table cellpadding="0" cellspacing="0" border="0" align="center" width="620">
	<tr>
		<td width="20" valign="top" background="http://www.zoovy.com/htmlwiz/themes/layout1/sunset/border1.jpg"><img src="http://www.zoovy.com/htmlwiz/blank.gif" width="16" height="200"></td>
		<td width="580" bgcolor="#FFFFFF" valign="top">
			<table width="580" cellpadding="3" cellspacing="3" border="0" bgcolor="#FFFFFF">
				<tr>
					<td align="left" valign="middle" bgcolor="#FFFC00">
						<font color="#000000" face="Arial, Helvetica"  size="4">%PRODUCT_NAME%</font>
					</td>
				</tr>
				<tr>
					<td align="left" valign="top" bgcolor="#FFFFFF">
						<font color="#000000" face="Arial, Helvetica"  size="3">
<center>%IMAGE1%</center><br>
%PRODUCT_DESCRIPTION%<br>
<br>
<b>Accepted Payments:</b><br>
%PAYMENT_POLICY%<br>
<br>
<b>Return Policy:</b><br>
%RETURN_POLICY%
<br>
Another Auction By %COMPANY_NAME%<br>
<br>
						</font>
					</td>
				</tr>
			</table>
		</td>
		<td width="20" valign="top" background="http://www.zoovy.com/htmlwiz/themes/layout1/sunset/border2.jpg"><img src="http://www.zoovy.com/htmlwiz/blank.gif" width="16" height="200"></td>
	</tr>
</table>
<table cellpadding="0" cellspacing="0" border="0" align="center" width="620" height="80" background="http://www.zoovy.com/htmlwiz/themes/layout1/sunset/bottom.jpg">
	<tr>
		<td width="620" height="80" align="center" valign="middle"><img src="http://www.zoovy.com/htmlwiz/blank.gif" width="620" height="80" border='0'></td>
	</tr>
</table>
</center>
</div>
]]></HTML>
</ELEMENT>

</TEMPLATE>