<TEMPLATE ID="advanced-4corners" FORMAT="WIZARD">


<!-- ******* -->
<ELEMENT ID="CQGDOZQ" IMAGES="21" CREATED="20050418" TITLE="4corners" PROPERTIES="0" TYPE="CONFIG"></ELEMENT>
<ELEMENT ID="CQFJSMU" SUB="SKU" TYPE="READONLY" DATA="FLOW::SKU"></ELEMENT>
<ELEMENT ID="CQFJSMV" SUB="PRODUCT" TYPE="READONLY" DATA="FLOW::PROD"></ELEMENT>
<ELEMENT ID="CQFJSMW" SUB="USERNAME" TYPE="READONLY" DATA="FLOW::USERNAME"></ELEMENT>
<ELEMENT ID="CQFJSMX" SUB="MERCHANT" TYPE="READONLY" DATA="FLOW::USERNAME"></ELEMENT>
<ELEMENT ID="CQFJSME" SUB="COLOR2" PROMPT="Text Color (use hex # or basic color-red, green, etc.)" TYPE="TEXTBOX" DATA="product:zoovy:color2" COLS="20"></ELEMENT>
<ELEMENT ID="CQFJSMF" SUB="BGIMAGE" PROMPT="Background Image (will call actual image size).  Best to use a color or texture." TYPE="IMAGE" DATA="product:zoovy:bgimage"></ELEMENT>
<ELEMENT ID="CQFJSMG" SUB="COMPANY_LOGO" PROMPT="Company Logo (calls actual size)" TYPE="IMAGE" DATA="merchant:zoovy:company_logo"></ELEMENT>
<ELEMENT HEIGHT="300" ID="CQFJSMH" WIDTH="600" SUB="IMAGE1" PROMPT="large image (600x300)" TYPE="IMAGE" BGCOLOR="ffffff" DATA="product:zoovy:prod_image1"></ELEMENT>
<ELEMENT HEIGHT="75" ID="CQFJSMI" WIDTH="75" SUB="IMAGE2" PROMPT="Upper Left Image (75x75)" TYPE="IMAGE" BORDER="0" ZOOM="1" DATA="product:zoovy:prod_image2"></ELEMENT>
<ELEMENT HEIGHT="75" ID="CQFJSMJ" WIDTH="75" SUB="IMAGE3" PROMPT="Upper Right Image (75x75)" TYPE="IMAGE" BORDER="0" ZOOM="1" DATA="product:zoovy:prod_image3"></ELEMENT>
<ELEMENT HEIGHT="75" ID="CQFJSMK" WIDTH="75" SUB="IMAGE4" PROMPT="Lower Left Image (75x75)" TYPE="IMAGE" BORDER="0" ZOOM="1" DATA="product:zoovy:prod_image4"></ELEMENT>
<ELEMENT HEIGHT="75" ID="CQFJSML" WIDTH="75" SUB="IMAGE5" PROMPT="Lower Right Image (75x75)" TYPE="IMAGE" BORDER="0" ZOOM="1" DATA="product:zoovy:prod_image5"></ELEMENT>
<ELEMENT ID="CQFJSMM" SUB="PRODUCT_NAME" PROMPT="Product Name" TYPE="TEXTBOX" DATA="product:zoovy:prod_name" COLS="100"></ELEMENT>
<ELEMENT ID="CQFJSMN" SUB="PRODUCT_DESCRIPTION" PROMPT="Product Description" TYPE="TEXTAREA" ROWS="5" DATA="product:zoovy:prod_desc" COLS="80"></ELEMENT>
<ELEMENT ID="CQFJSMO" SUB="COMPANY_NAME" PROMPT="Company Name" TYPE="TEXTBOX" DATA="merchant:zoovy:company_name" COLS="100"></ELEMENT>
<ELEMENT ID="CQFJSMP" SUB="SUPPORT_PHONE" PROMPT="Support Phone" TYPE="TEXTBOX" DATA="merchant:zoovy:support_phone" COLS="50"></ELEMENT>
<ELEMENT ID="CQFJSMQ" SUB="SUPPORT_EMAIL" PROMPT="Support Email" TYPE="TEXTBOX" VALIDATION="EMAIL" DATA="merchant:zoovy:support_email" COLS="50"></ELEMENT>
<ELEMENT ID="CQFJSMR" SUB="PAYMENT_POLICY" PROMPT="Payment Policy" TYPE="TEXTAREA" ROWS="5" DATA="merchant:zoovy:payment_policy" COLS="80"></ELEMENT>
<ELEMENT ID="CQFJSMS" SUB="RETURN_POLICY" PROMPT="Return Policy" TYPE="TEXTAREA" ROWS="5" DATA="merchant:zoovy:return_policy" COLS="80"></ELEMENT>
<ELEMENT ID="CQFJSMT" SUB="SHIPPING_POLICY" PROMPT="Shipping Policy" TYPE="TEXTAREA" ROWS="5" DATA="merchant:zoovy:shipping_policy" COLS="80"></ELEMENT>
<ELEMENT ID="CQFJSML" HEIGHT="75" PROMPT="Lower Right Image (75x75)" SUB="IMAGE5_RAWURL" WIDTH="75" MINIMAL="0" TYPE="IMAGE" READONLY="1" BORDER="0" ZOOM="1" DATA="product:zoovy:prod_image5" RAW="1"></ELEMENT>
<ELEMENT ID="CQFJSML" HEIGHT="0" PROMPT="Lower Right Image (75x75)" SUB="IMAGE5_URL" WIDTH="0" MINIMAL="0" TYPE="IMAGE" READONLY="1" BORDER="0" ZOOM="1" DATA="product:zoovy:prod_image5" RAW="1"></ELEMENT>
<ELEMENT ID="CQFJSMK" HEIGHT="75" PROMPT="Lower Left Image (75x75)" SUB="IMAGE4_RAWURL" WIDTH="75" MINIMAL="0" TYPE="IMAGE" READONLY="1" BORDER="0" ZOOM="1" DATA="product:zoovy:prod_image4" RAW="1"></ELEMENT>
<ELEMENT ID="CQFJSMK" HEIGHT="0" PROMPT="Lower Left Image (75x75)" SUB="IMAGE4_URL" WIDTH="0" MINIMAL="0" TYPE="IMAGE" READONLY="1" BORDER="0" ZOOM="1" DATA="product:zoovy:prod_image4" RAW="1"></ELEMENT>
<ELEMENT ID="CQFJSMJ" HEIGHT="75" PROMPT="Upper Right Image (75x75)" SUB="IMAGE3_RAWURL" WIDTH="75" MINIMAL="0" TYPE="IMAGE" READONLY="1" BORDER="0" ZOOM="1" DATA="product:zoovy:prod_image3" RAW="1"></ELEMENT>
<ELEMENT ID="CQFJSMJ" HEIGHT="0" PROMPT="Upper Right Image (75x75)" SUB="IMAGE3_URL" WIDTH="0" MINIMAL="0" TYPE="IMAGE" READONLY="1" BORDER="0" ZOOM="1" DATA="product:zoovy:prod_image3" RAW="1"></ELEMENT>
<ELEMENT ID="CQFJSMI" HEIGHT="75" PROMPT="Upper Left Image (75x75)" SUB="IMAGE2_RAWURL" WIDTH="75" MINIMAL="0" TYPE="IMAGE" READONLY="1" BORDER="0" ZOOM="1" DATA="product:zoovy:prod_image2" RAW="1"></ELEMENT>
<ELEMENT ID="CQFJSMI" HEIGHT="0" PROMPT="Upper Left Image (75x75)" SUB="IMAGE2_URL" WIDTH="0" MINIMAL="0" TYPE="IMAGE" READONLY="1" BORDER="0" ZOOM="1" DATA="product:zoovy:prod_image2" RAW="1"></ELEMENT>
<ELEMENT ID="CQFJSMH" HEIGHT="300" PROMPT="large image (600x300)" SUB="IMAGE1_RAWURL" WIDTH="600" MINIMAL="0" BGCOLOR="ffffff" TYPE="IMAGE" READONLY="1" DATA="product:zoovy:prod_image1" RAW="1"></ELEMENT>
<ELEMENT ID="CQFJSMH" HEIGHT="0" PROMPT="large image (600x300)" SUB="IMAGE1_URL" WIDTH="0" MINIMAL="0" BGCOLOR="ffffff" TYPE="IMAGE" READONLY="1" DATA="product:zoovy:prod_image1" RAW="1"></ELEMENT>
<ELEMENT ID="CQFJSMG" PROMPT="Company Logo (calls actual size)" SUB="COMPANY_LOGO_RAWURL" MINIMAL="0" TYPE="IMAGE" READONLY="1" DATA="merchant:zoovy:company_logo" RAW="1"></ELEMENT>
<ELEMENT ID="CQFJSMG" HEIGHT="0" PROMPT="Company Logo (calls actual size)" SUB="COMPANY_LOGO_URL" WIDTH="0" MINIMAL="0" TYPE="IMAGE" READONLY="1" DATA="merchant:zoovy:company_logo" RAW="1"></ELEMENT>
<ELEMENT ID="CQFJSMF" PROMPT="Background Image (will call actual image size).  Best to use a color or texture." SUB="BGIMAGE_RAWURL" MINIMAL="0" TYPE="IMAGE" READONLY="1" DATA="product:zoovy:bgimage" RAW="1"></ELEMENT>
<ELEMENT ID="CQFJSMF" HEIGHT="0" PROMPT="Background Image (will call actual image size).  Best to use a color or texture." SUB="BGIMAGE_URL" WIDTH="0" MINIMAL="0" TYPE="IMAGE" READONLY="1" DATA="product:zoovy:bgimage" RAW="1"></ELEMENT>
<ELEMENT ID="CQFJSMY" TYPE="OUTPUT"><HTML><![CDATA[<div align="center">
<table cellspacing=0 cellpadding=5 border=5  background="%BGIMAGE_URL%">
<tr><td align="center">%COMPANY_LOGO%<br><br>
<table cellspacing=0 cellpadding=5 border=0 width=600 height="300" background="%IMAGE1_URL%">
	<tr>
		<td height=140 width=300 align="left" valign="top">
		<table cellspacing=0 cellpadding=0 border=1>
			<tr>
				<td>%IMAGE2%</td>
			</tr>
		</table>
		</td><td height=140 width=300 align="right" valign="top">
		<table cellspacing=0 cellpadding=0 border=1>
			<tr>
				<td>%IMAGE3%</td>
			</tr>
		</table>
		</td>
	</tr><tr>
		<td height=140 width=300 align="left" valign="bottom">
		<table cellspacing=0 cellpadding=0 border=1>
			<tr>
				<td>%IMAGE4%</td>
			</tr>
		</table>
		</td><td height=140 width=300 align="right" valign="bottom">
		<table cellspacing=0 cellpadding=0 border=1>
			<tr>
				<td>%IMAGE5%</td>
			</tr>
		</table>
		</td>
	</tr>
</table>
<table cellspacing=4 cellpadding=0 background="<!-- IMAGE6_URL -->" ><tr>
		<td>
<font size="4" color="%COLOR2%"><strong>%PRODUCT_NAME%</strong><br>		
		<p>%PRODUCT_DESCRIPTION%</p>
		<p>
		<strong>%COMPANY_NAME%</strong><br>
					%SUPPORT_PHONE%<br>
					%SUPPORT_EMAIL%</p></div>
		<p>%PAYMENT_POLICY%</p>
		<p>%RETURN_POLICY%</p>
		<p>%SHIPPING_POLICY%</p></td></tr>
</table>
</td></tr></table>

</div>]]></HTML>
</ELEMENT>

</TEMPLATE>