<TEMPLATE ID="advanced-mardigras" FORMAT="WIZARD">


<!-- ******* -->
<ELEMENT ID="CQGDOZG" TYPE="CONFIG" IMAGES="9" CREATED="20050418" TITLE="Mardigras" PROPERTIES="0"></ELEMENT>
<ELEMENT ID="CQFJSMM" SUB="SKU" TYPE="READONLY" DATA="FLOW::SKU"></ELEMENT>
<ELEMENT ID="CQFJSMN" SUB="PRODUCT" TYPE="READONLY" DATA="FLOW::PROD"></ELEMENT>
<ELEMENT ID="CQFJSMO" SUB="USERNAME" TYPE="READONLY" DATA="FLOW::USERNAME"></ELEMENT>
<ELEMENT ID="CQFJSMP" SUB="MERCHANT" TYPE="READONLY" DATA="FLOW::USERNAME"></ELEMENT>
<ELEMENT HEIGHT="110" ID="CQFJSMC" WIDTH="200" SUB="COMPANY_LOGO" PROMPT="Company Logo (110x200" TYPE="IMAGE" BGCOLOR="FFFFCC" DATA="merchant:zoovy:company_logo"></ELEMENT>
<ELEMENT ID="CQFJSMD" SUB="PRODUCT_NAME" PROMPT="Product Name" TYPE="TEXTBOX" DATA="product:zoovy:prod_name" COLS="100"></ELEMENT>
<ELEMENT HEIGHT="270" ID="CQFJSME" WIDTH="270" SUB="IMAGE1" PROMPT="Left Image (270x270)" TYPE="IMAGE" BGCOLOR="FFFFCC" DATA="product:zoovy:prod_image1"></ELEMENT>
<ELEMENT HEIGHT="270" ID="CQFJSMF" WIDTH="270" SUB="IMAGE2" PROMPT="Right Image (270x270)" TYPE="IMAGE" BGCOLOR="FFFFCC" DATA="product:zoovy:prod_image2"></ELEMENT>
<ELEMENT ID="CQFJSMG" SUB="PRODUCT_DESCRIPTION" PROMPT="Product Description" TYPE="TEXTAREA" ROWS="5" DATA="product:zoovy:prod_desc" COLS="80"></ELEMENT>
<ELEMENT ID="CQFJSMH" SUB="COMPANY_NAME" PROMPT="Company Name" TYPE="TEXTBOX" DATA="merchant:zoovy:company_name" COLS="100"></ELEMENT>
<ELEMENT ID="CQFJSMI" SUB="SUPPORT_PHONE" PROMPT="Support Phone" TYPE="TEXTBOX" DATA="merchant:zoovy:support_phone" COLS="50"></ELEMENT>
<ELEMENT ID="CQFJSMJ" SUB="SUPPORT_EMAIL" PROMPT="Support Email" TYPE="TEXTBOX" VALIDATION="EMAIL" DATA="merchant:zoovy:support_email" COLS="50"></ELEMENT>
<ELEMENT ID="CQFJSMK" SUB="PAYMENT_POLICY" PROMPT="Store Payment Policy" TYPE="TEXTAREA" ROWS="5" DATA="merchant:zoovy:payment_policy" COLS="80"></ELEMENT>
<ELEMENT ID="CQFJSML" SUB="RETURN_POLICY" PROMPT="Store Return Policy" TYPE="TEXTAREA" ROWS="5" DATA="merchant:zoovy:return_policy" COLS="80"></ELEMENT>
<ELEMENT ID="CQFJSMF" HEIGHT="270" PROMPT="Right Image (270x270)" SUB="IMAGE2_RAWURL" WIDTH="270" MINIMAL="0" BGCOLOR="FFFFCC" TYPE="IMAGE" READONLY="1" DATA="product:zoovy:prod_image2" RAW="1"></ELEMENT>
<ELEMENT ID="CQFJSMF" HEIGHT="0" PROMPT="Right Image (270x270)" SUB="IMAGE2_URL" WIDTH="0" MINIMAL="0" BGCOLOR="FFFFCC" TYPE="IMAGE" READONLY="1" DATA="product:zoovy:prod_image2" RAW="1"></ELEMENT>
<ELEMENT ID="CQFJSME" HEIGHT="270" PROMPT="Left Image (270x270)" SUB="IMAGE1_RAWURL" WIDTH="270" MINIMAL="0" BGCOLOR="FFFFCC" TYPE="IMAGE" READONLY="1" DATA="product:zoovy:prod_image1" RAW="1"></ELEMENT>
<ELEMENT ID="CQFJSME" HEIGHT="0" PROMPT="Left Image (270x270)" SUB="IMAGE1_URL" WIDTH="0" MINIMAL="0" BGCOLOR="FFFFCC" TYPE="IMAGE" READONLY="1" DATA="product:zoovy:prod_image1" RAW="1"></ELEMENT>
<ELEMENT ID="CQFJSMC" HEIGHT="110" PROMPT="Company Logo (110x200" SUB="COMPANY_LOGO_RAWURL" WIDTH="200" MINIMAL="0" BGCOLOR="FFFFCC" TYPE="IMAGE" READONLY="1" DATA="merchant:zoovy:company_logo" RAW="1"></ELEMENT>
<ELEMENT ID="CQFJSMC" HEIGHT="0" PROMPT="Company Logo (110x200" SUB="COMPANY_LOGO_URL" WIDTH="0" MINIMAL="0" BGCOLOR="FFFFCC" TYPE="IMAGE" READONLY="1" DATA="merchant:zoovy:company_logo" RAW="1"></ELEMENT>
<ELEMENT ID="CQFJSMQ" TYPE="OUTPUT"><HTML><![CDATA[<center>
<table cellspacing=0 cellpadding=0 border=0 width=605 background="http://www.zoovy.com/htmlwiz/jt/mardigras/background.gif"><tr><td align=center valign=middle>
<table cellspacing=0 cellpadding=0 border=0 width=600>
	<tr>
		<td height=119 width=200><img src="http://www.zoovy.com/htmlwiz/jt/mardigras/ribbon_left.gif" width="200" height="119" alt="" border="0"></td>
		<td width=200>%COMPANY_LOGO%</td>
		<td width=200><img src="http://www.zoovy.com/htmlwiz/jt/mardigras/ribbon_right.gif" width="200" height="119" alt="" border="0"></td>
	</tr>
</table>
<table cellspacing=0 cellpadding=0 border=0>
	<tr>
		<td height=59 width=49><img src="http://www.zoovy.com/htmlwiz/jt/mardigras/beads_left.gif" width="49" height="59" alt="" border="0"></td>
		<td width=464 background="http://www.zoovy.com/htmlwiz/jt/mardigras/beads_tablebg.gif" align="center" valign="middle"><font face="arial" size=3 color="#CC00CC"><strong>%PRODUCT_NAME%</strong></font></td>
		<td width=30><img src="http://www.zoovy.com/htmlwiz/jt/mardigras/beads_right.gif" width="30" height="59" alt="" border="0"></td>
	</tr><tr>
		<td height=20></td>
	</tr>
</table>

<table cellspacing=0 cellpadding=0 border=0 width=550>
	<tr align="center" valign="middle">
		<td width=270>%IMAGE1%</td>
		<td width=10></td>
		<td width=270>%IMAGE2%</td>
	</tr>
</table><br><br>

<table cellspacing=0 cellpadding=0 border=0 width=550>
	<tr><tr><td height=15></td></tr>
		<td colspan=3 align="left" valign="middle">
		<p><font face="arial" size=3 color="#CC00CC">%PRODUCT_DESCRIPTION%</p></td></tr></table><br><br>
<table cellspacing=0 cellpadding=0 border=0 width=595><tr><td background="http://www.zoovy.com/htmlwiz/jt/mardigras/beads.gif" height=13></td></tr></table><br><br>
<table cellspacing=0 cellpadding=0 border=0 width=550>
	<tr>
		<td colspan=3 align="left" valign="middle">
					<p><font face="arial" size=3 color="#0099CC"><strong>%COMPANY_NAME%<br>
					%SUPPORT_PHONE%<br>
					%SUPPORT_EMAIL%</strong></font></p>
					<p><font face="arial" size=2 color="#CC00CC">%PAYMENT_POLICY%</p>
					<p>%RETURN_POLICY%</p><font><br>
					
					
					</td>
	</tr>
</table>
</td></tr></table>
</center>]]></HTML>
</ELEMENT>

</TEMPLATE>