<TEMPLATE ID="advanced-greendiamonds" FORMAT="WIZARD">


<!-- ******* -->
<ELEMENT ID="CQGDOZI" TYPE="CONFIG" IMAGES="9" CREATED="20050418" TITLE="Greendiamonds" PROPERTIES="0"></ELEMENT>
<ELEMENT ID="CQFJSMM" SUB="SKU" TYPE="READONLY" DATA="FLOW::SKU"></ELEMENT>
<ELEMENT ID="CQFJSMN" SUB="PRODUCT" TYPE="READONLY" DATA="FLOW::PROD"></ELEMENT>
<ELEMENT ID="CQFJSMO" SUB="USERNAME" TYPE="READONLY" DATA="FLOW::USERNAME"></ELEMENT>
<ELEMENT ID="CQFJSMP" SUB="MERCHANT" TYPE="READONLY" DATA="FLOW::USERNAME"></ELEMENT>
<ELEMENT HEIGHT="250" ID="CQFJSMD" WIDTH="250" SUB="IMAGE1" PROMPT="Upper Image (250x250)" TYPE="IMAGE" BGCOLOR="FFFFFF" DATA="product:zoovy:prod_image1"></ELEMENT>
<ELEMENT HEIGHT="250" ID="CQFJSME" WIDTH="250" SUB="IMAGE2" PROMPT="Middle Image (250x250)" TYPE="IMAGE" BGCOLOR="FFFFFF" DATA="product:zoovy:prod_image2"></ELEMENT>
<ELEMENT ID="CQFJSMF" SUB="PRODUCT_NAME" PROMPT="Product Name" TYPE="TEXTBOX" DATA="product:zoovy:prod_name" COLS="100"></ELEMENT>
<ELEMENT ID="CQFJSMG" SUB="PRODUCT_DESCRIPTION" PROMPT="Product Description" TYPE="TEXTAREA" ROWS="5" DATA="product:zoovy:prod_desc" COLS="80"></ELEMENT>
<ELEMENT ID="CQFJSMH" SUB="COMPANY_NAME" PROMPT="Company Name" TYPE="TEXTBOX" DATA="merchant:zoovy:company_name" COLS="100"></ELEMENT>
<ELEMENT HEIGHT="100" ID="CQFJSMI" WIDTH="100" SUB="COMPANY_LOGO" PROMPT="Company Logo" TYPE="IMAGE" DATA="merchant:zoovy:company_logo"></ELEMENT>
<ELEMENT ID="CQFJSMJ" SUB="SUPPORT_EMAIL" PROMPT="Support Email" TYPE="TEXTBOX" VALIDATION="EMAIL" DATA="merchant:zoovy:support_email" COLS="50"></ELEMENT>
<ELEMENT ID="CQFJSMK" SUB="PAYMENT_POLICY" PROMPT="Store Payment Policy" TYPE="TEXTAREA" ROWS="5" DATA="merchant:zoovy:payment_policy" COLS="80"></ELEMENT>
<ELEMENT ID="CQFJSML" SUB="RETURN_POLICY" PROMPT="Store Return Policy" TYPE="TEXTAREA" ROWS="5" DATA="merchant:zoovy:return_policy" COLS="80"></ELEMENT>
<ELEMENT ID="CQFJSMI" HEIGHT="100" PROMPT="Company Logo" SUB="COMPANY_LOGO_RAWURL" WIDTH="100" MINIMAL="0" TYPE="IMAGE" READONLY="1" DATA="merchant:zoovy:company_logo" RAW="1"></ELEMENT>
<ELEMENT ID="CQFJSMI" HEIGHT="0" PROMPT="Company Logo" SUB="COMPANY_LOGO_URL" WIDTH="0" MINIMAL="0" TYPE="IMAGE" READONLY="1" DATA="merchant:zoovy:company_logo" RAW="1"></ELEMENT>
<ELEMENT ID="CQFJSME" HEIGHT="250" PROMPT="Middle Image (250x250)" SUB="IMAGE2_RAWURL" WIDTH="250" MINIMAL="0" BGCOLOR="FFFFFF" TYPE="IMAGE" READONLY="1" DATA="product:zoovy:prod_image2" RAW="1"></ELEMENT>
<ELEMENT ID="CQFJSME" HEIGHT="0" PROMPT="Middle Image (250x250)" SUB="IMAGE2_URL" WIDTH="0" MINIMAL="0" BGCOLOR="FFFFFF" TYPE="IMAGE" READONLY="1" DATA="product:zoovy:prod_image2" RAW="1"></ELEMENT>
<ELEMENT ID="CQFJSMD" HEIGHT="250" PROMPT="Upper Image (250x250)" SUB="IMAGE1_RAWURL" WIDTH="250" MINIMAL="0" BGCOLOR="FFFFFF" TYPE="IMAGE" READONLY="1" DATA="product:zoovy:prod_image1" RAW="1"></ELEMENT>
<ELEMENT ID="CQFJSMD" HEIGHT="0" PROMPT="Upper Image (250x250)" SUB="IMAGE1_URL" WIDTH="0" MINIMAL="0" BGCOLOR="FFFFFF" TYPE="IMAGE" READONLY="1" DATA="product:zoovy:prod_image1" RAW="1"></ELEMENT>
<ELEMENT ID="CQFJSMQ" TYPE="OUTPUT"><HTML><![CDATA[<center>
<table width=515 border='0'>
	<tr>
		<td width=250>
			<table>
				<tr>
					<td><font color="black" size='4' face='verdana, arial'><strong>%PRODUCT_NAME%</strong></font></td>
				</tr><tr>
					<td> <br>&nbsp;<br></td>
				</tr>
			</table>
		</td>
		<td width=15></td>
		<td width=250 valign="top">%IMAGE1%</td>
	</tr>
	<tr>
		<td align="center"  background="http://www.zoovy.com/htmlwiz/jtv1/b_diamonds_bg_gr.gif" height=18 colspan=3><img src="http://www.zoovy.com/htmlwiz/jtv1/b_diamonds_ctr_gr.gif" border="0"></td>
	</tr>
	<tr>
		<td width=250>%IMAGE2%</td>
		<td width=15></td>
		<td width=250 valign="top">
			<table>
				<tr>
					<td><font size='2' color="#777777" face='verdana, arial'><strong>About This Product:</strong></font></td>
				</tr><tr>
					<td>%PRODUCT_DESCRIPTION%<br>&nbsp;<br></td>
				</tr>
			</table>
		</td>
	</tr>
	<tr>
		<td align="center"  background="http://www.zoovy.com/htmlwiz/jtv1/b_diamonds_bg_gr.gif" height=18 colspan=3><img src="http://www.zoovy.com/htmlwiz/jtv1/b_diamonds_ctr_gr.gif" border="0"></td>
	</tr>
	<tr>
		<td colspan=3><font color="#777777" size='2'  face='verdana, arial'><strong>Company Information</strong></font></td>
	</tr><tr>
		<td colspan=3>

<table width='100%'>
<tr>
	<td>%COMPANY_LOGO%</td>
	<td>
%COMPANY_NAME%<br>
%SUPPORT_EMAIL%<br>
	</td></tr>
</table>
		</td>
	</tr>

	<tr>
		<td align="center"  background="http://www.zoovy.com/htmlwiz/jtv1/b_diamonds_bg_gr.gif" height=18 colspan=3><img src="http://www.zoovy.com/htmlwiz/jtv1/b_diamonds_ctr_gr.gif" border="0"></td>
	</tr>

	<tr>
		<td colspan=3><font color="#777777" size='2' face='verdana, arial'><strong>Return and Payment Policies</strong></font></td>
	</tr><tr>
		<td colspan=3>%PAYMENT_POLICY%<br><br>%RETURN_POLICY%</td>
	</tr>
	<tr>
		<td align="center"  background="http://www.zoovy.com/htmlwiz/jtv1/b_diamonds_bg_gr.gif" height=18 colspan=3><img src="http://www.zoovy.com/htmlwiz/jtv1/b_diamonds_ctr_gr.gif" border="0"></td>
	</tr>
</table>
</center>
]]></HTML>
</ELEMENT>

</TEMPLATE>