<TEMPLATE ID="advanced-watery" FORMAT="WIZARD">


<!-- ******* -->
<ELEMENT ID="CQGDOZH" TYPE="CONFIG" IMAGES="9" CREATED="20050418" TITLE="Watery" PROPERTIES="0"></ELEMENT>
<ELEMENT ID="CQFJSMO" SUB="SKU" TYPE="READONLY" DATA="FLOW::SKU"></ELEMENT>
<ELEMENT ID="CQFJSMP" SUB="PRODUCT" TYPE="READONLY" DATA="FLOW::PROD"></ELEMENT>
<ELEMENT ID="CQFJSMQ" SUB="USERNAME" TYPE="READONLY" DATA="FLOW::USERNAME"></ELEMENT>
<ELEMENT ID="CQFJSMR" SUB="MERCHANT" TYPE="READONLY" DATA="FLOW::USERNAME"></ELEMENT>
<ELEMENT HEIGHT="120" ID="CQFJSMD" WIDTH="250" SUB="COMPANY_LOGO" PROMPT="Company Logo (300x120" TYPE="IMAGE" BGCOLOR="679AF9" DATA="merchant:zoovy:company_logo"></ELEMENT>
<ELEMENT ID="CQFJSME" SUB="PRODUCT_NAME" PROMPT="Product Name" TYPE="TEXTBOX" DATA="product:zoovy:prod_name" COLS="100"></ELEMENT>
<ELEMENT HEIGHT="200" ID="CQFJSMF" WIDTH="250" SUB="IMAGE1" PROMPT="Top Image (250x200)" TYPE="IMAGE" BGCOLOR="FFFFFF" DATA="product:zoovy:prod_image1"></ELEMENT>
<ELEMENT HEIGHT="200" ID="CQFJSMG" WIDTH="250" SUB="IMAGE2" PROMPT="Bottom Image (250x200)" TYPE="IMAGE" BGCOLOR="FFFFFF" DATA="product:zoovy:prod_image2"></ELEMENT>
<ELEMENT ID="CQFJSMH" SUB="PRODUCT_DESCRIPTION" PROMPT="Product Description" TYPE="TEXTAREA" ROWS="5" DATA="product:zoovy:prod_desc" COLS="80"></ELEMENT>
<ELEMENT ID="CQFJSMI" SUB="COMPANY_NAME" PROMPT="Company Name" TYPE="TEXTBOX" DATA="merchant:zoovy:company_name" COLS="100"></ELEMENT>
<ELEMENT ID="CQFJSMJ" SUB="SUPPORT_PHONE" PROMPT="Support Phone" TYPE="TEXTBOX" DATA="merchant:zoovy:support_phone" COLS="50"></ELEMENT>
<ELEMENT ID="CQFJSMK" SUB="SUPPORT_EMAIL" PROMPT="Support Email" TYPE="TEXTBOX" VALIDATION="EMAIL" DATA="merchant:zoovy:support_email" COLS="50"></ELEMENT>
<ELEMENT ID="CQFJSML" SUB="PAYMENT_POLICY" PROMPT="Store Payment Policy" TYPE="TEXTAREA" ROWS="5" DATA="merchant:zoovy:payment_policy" COLS="80"></ELEMENT>
<ELEMENT ID="CQFJSMM" SUB="RETURN_POLICY" PROMPT="Store Return Policy" TYPE="TEXTAREA" ROWS="5" DATA="merchant:zoovy:return_policy" COLS="80"></ELEMENT>
<ELEMENT ID="CQFJSMN" SUB="SHIPPING_POLICY" PROMPT="Store Shipping Policy" TYPE="TEXTAREA" ROWS="5" DATA="merchant:zoovy:shipping_policy" COLS="80"></ELEMENT>
<ELEMENT ID="CQFJSMG" HEIGHT="200" PROMPT="Bottom Image (250x200)" SUB="IMAGE2_RAWURL" WIDTH="250" MINIMAL="0" BGCOLOR="FFFFFF" TYPE="IMAGE" READONLY="1" DATA="product:zoovy:prod_image2" RAW="1"></ELEMENT>
<ELEMENT ID="CQFJSMG" HEIGHT="0" PROMPT="Bottom Image (250x200)" SUB="IMAGE2_URL" WIDTH="0" MINIMAL="0" BGCOLOR="FFFFFF" TYPE="IMAGE" READONLY="1" DATA="product:zoovy:prod_image2" RAW="1"></ELEMENT>
<ELEMENT ID="CQFJSMF" HEIGHT="200" PROMPT="Top Image (250x200)" SUB="IMAGE1_RAWURL" WIDTH="250" MINIMAL="0" BGCOLOR="FFFFFF" TYPE="IMAGE" READONLY="1" DATA="product:zoovy:prod_image1" RAW="1"></ELEMENT>
<ELEMENT ID="CQFJSMF" HEIGHT="0" PROMPT="Top Image (250x200)" SUB="IMAGE1_URL" WIDTH="0" MINIMAL="0" BGCOLOR="FFFFFF" TYPE="IMAGE" READONLY="1" DATA="product:zoovy:prod_image1" RAW="1"></ELEMENT>
<ELEMENT ID="CQFJSMD" HEIGHT="120" PROMPT="Company Logo (300x120" SUB="COMPANY_LOGO_RAWURL" WIDTH="250" MINIMAL="0" BGCOLOR="679AF9" TYPE="IMAGE" READONLY="1" DATA="merchant:zoovy:company_logo" RAW="1"></ELEMENT>
<ELEMENT ID="CQFJSMD" HEIGHT="0" PROMPT="Company Logo (300x120" SUB="COMPANY_LOGO_URL" WIDTH="0" MINIMAL="0" BGCOLOR="679AF9" TYPE="IMAGE" READONLY="1" DATA="merchant:zoovy:company_logo" RAW="1"></ELEMENT>
<ELEMENT ID="CQFJSMS" TYPE="OUTPUT"><HTML><![CDATA[<center>

<table width=600 cellspacing=0 cellpadding=0 border=0>
	<tr>
		<td width=2 height=2 background="http://www.zoovy.com/htmlwiz/jt/watery/border.gif" rowspan=5><img src="http://www.zoovy.com/htmlwiz/blank.gif" width="2" height="2" alt="" border="0"></td>
		<td width=81 height=2 background="http://www.zoovy.com/htmlwiz/jt/watery/border.gif"><img src="http://www.zoovy.com/htmlwiz/blank.gif" width="81" height="2" alt="" border="0"></td>
		<td width=515 height=2 background="http://www.zoovy.com/htmlwiz/jt/watery/border.gif"><img src="http://www.zoovy.com/htmlwiz/blank.gif" width="515" height="2" alt="" border="0"></td>
		<td width=2 height=2 background="http://www.zoovy.com/htmlwiz/jt/watery/border.gif" rowspan=5><img src="http://www.zoovy.com/htmlwiz/blank.gif" width="2" height="2" alt="" border="0"></td>
	</tr><tr>
		<td background="http://www.zoovy.com/htmlwiz/jt/watery/logo_bg.gif" colspan=2 width=596 height=127  align=center valign="middle">%COMPANY_LOGO%</td>
		<td width=2 background="http://www.zoovy.com/htmlwiz/jt/watery/border.gif"></td>
	</tr><tr>
		<td background="http://www.zoovy.com/htmlwiz/jt/watery/title_bg.gif" align="left"><img src="http://www.zoovy.com/htmlwiz/jt/watery/cap.gif" width="81" height="38" alt="" border="0"></td>
		<td background="http://www.zoovy.com/htmlwiz/jt/watery/title_bg.gif"><font size=3 color="#000066" face="arial"><strong>%PRODUCT_NAME%</strong></font></td>
	</tr><tr>
		<td colspan=2 align=center valign=middle>
			<table width=580 cellspacing=0 cellpadding=0 border=0>
				<tr><td height=15></td></tr><tr>
					<td width=250 align=center valign="middle">%IMAGE1%<br><br>%IMAGE2%</td>
					<td width=20><img src="http://www.zoovy.com/htmlwiz/blank.gif" width="20" height="1" alt="" border="0"></td>
					<td width=310 align=left valign="middle"><font size=3 color="#000066" face="arial"><p>%PRODUCT_DESCRIPTION%</font></p></td>
				</tr>
			</table><br><table cellspacing=0 cellpadding=0 border=0 width=580>
				<tr>
					<td align="left" valign="middle" width=500><font color="#6699FF" size=3 face="arial">
					<p><strong>%COMPANY_NAME%<br>
					%SUPPORT_PHONE%<br>
					%SUPPORT_EMAIL%</strong></font></p><font color="#000066" size=2 face="arial">
<p>
<b>Payment Policy:</b><br>					
%PAYMENT_POLICY%</p>
<p>
<b>Shipping Policy:</b><br>
%SHIPPING_POLICY%</p></font><br>
<P>
<b>Return Policy:</b><br>
<p>%RETURN_POLICY%</p></font><br></td>
				</tr>
			</table>
		</td>
	</tr><tr>
		<td colspan=2 background="http://www.zoovy.com/htmlwiz/jt/watery/border.gif" height=2></td></tr>
</table></center>]]></HTML>
</ELEMENT>

</TEMPLATE>