<TEMPLATE ID="advanced-greybox1" FORMAT="WIZARD">


<!-- ******* -->
<ELEMENT ID="CQGDOZN" TYPE="CONFIG" IMAGES="6" CREATED="20050418" TITLE="Greybox1" PROPERTIES="0"></ELEMENT>
<ELEMENT ID="CQFJSMM" SUB="SKU" TYPE="READONLY" DATA="FLOW::SKU"></ELEMENT>
<ELEMENT ID="CQFJSMN" SUB="PRODUCT" TYPE="READONLY" DATA="FLOW::PROD"></ELEMENT>
<ELEMENT ID="CQFJSMO" SUB="USERNAME" TYPE="READONLY" DATA="FLOW::USERNAME"></ELEMENT>
<ELEMENT ID="CQFJSMP" SUB="MERCHANT" TYPE="READONLY" DATA="FLOW::USERNAME"></ELEMENT>
<ELEMENT ID="CQFJSME" SUB="PRODUCT_NAME" PROMPT="Product Name" TYPE="TEXTBOX" DATA="product:zoovy:prod_name" COLS="100"></ELEMENT>
<ELEMENT ID="CQFJSMF" SUB="PRODUCT_DESCRIPTION" PROMPT="Product Description" TYPE="TEXTAREA" ROWS="5" DATA="product:zoovy:prod_desc" COLS="80"></ELEMENT>
<ELEMENT HEIGHT="400" ID="CQFJSMG" WIDTH="200" SUB="IMAGE1" PROMPT="Right Image" TYPE="IMAGE" DATA="product:zoovy:prod_image1"></ELEMENT>
<ELEMENT ID="CQFJSMH" SUB="COMPANY_NAME" PROMPT="Company Name" TYPE="TEXTBOX" DATA="merchant:zoovy:company_name" COLS="100"></ELEMENT>
<ELEMENT ID="CQFJSMI" SUB="COMPANY_LOGO" PROMPT="Company Logo" TYPE="IMAGE" DATA="merchant:zoovy:company_logo"></ELEMENT>
<ELEMENT ID="CQFJSMJ" SUB="SUPPORT_EMAIL" PROMPT="Support Email" TYPE="TEXTBOX" VALIDATION="EMAIL" DATA="merchant:zoovy:support_email" COLS="50"></ELEMENT>
<ELEMENT ID="CQFJSMK" SUB="PAYMENT_POLICY" PROMPT="Store Payment Policy" TYPE="TEXTAREA" ROWS="5" DATA="merchant:zoovy:payment_policy" COLS="80"></ELEMENT>
<ELEMENT ID="CQFJSML" SUB="RETURN_POLICY" PROMPT="Store Return Policy" TYPE="TEXTAREA" ROWS="5" DATA="merchant:zoovy:return_policy" COLS="80"></ELEMENT>
<ELEMENT ID="CQFJSMI" PROMPT="Company Logo" SUB="COMPANY_LOGO_RAWURL" MINIMAL="0" TYPE="IMAGE" READONLY="1" DATA="merchant:zoovy:company_logo" RAW="1"></ELEMENT>
<ELEMENT ID="CQFJSMI" HEIGHT="0" PROMPT="Company Logo" SUB="COMPANY_LOGO_URL" WIDTH="0" MINIMAL="0" TYPE="IMAGE" READONLY="1" DATA="merchant:zoovy:company_logo" RAW="1"></ELEMENT>
<ELEMENT ID="CQFJSMG" HEIGHT="400" PROMPT="Right Image" SUB="IMAGE1_RAWURL" WIDTH="200" MINIMAL="0" TYPE="IMAGE" READONLY="1" DATA="product:zoovy:prod_image1" RAW="1"></ELEMENT>
<ELEMENT ID="CQFJSMG" HEIGHT="0" PROMPT="Right Image" SUB="IMAGE1_URL" WIDTH="0" MINIMAL="0" TYPE="IMAGE" READONLY="1" DATA="product:zoovy:prod_image1" RAW="1"></ELEMENT>
<ELEMENT ID="CQFJSMQ" TYPE="OUTPUT"><HTML><![CDATA[<center>
<table width="100%" bgcolor="666666" border="0">
<tr><td width="70%" valign="top">

	<table border="0" bgcolor="#ffffff" cellspacing="0" cellpadding="5"><Tr><td valign="top">

Image1:
%IMAGE1%
<p>
<!-- PROD_NAME --><br>
<!-- PRODUCT_DESC -->
	</td></tr></table>
<td width="30%" valign="top">

	<table width="100%" border="0" bgcolor="#666666" cellspacing="0" cellpadding="5"><Tr><td valign="top">
	<font color="#ffffff">
%COMPANY_LOGO%
<P>
%COMPANY_NAME%
<P>
%SUPPORT_EMAIL%
<P>
Payment Policy:<br>
%PAYMENT_POLICY%
<P>
Return Policy:<br>
%RETURN_POLICY%

	</font>
	</td></tr></table>
</td></tr></table>
</center>
]]></HTML>
</ELEMENT>

</TEMPLATE>