<TEMPLATE ID="advanced-patriotic" FORMAT="WIZARD">


<!-- ******* -->
<ELEMENT ID="CQGDOZK" TYPE="CONFIG" IMAGES="12" CREATED="20050418" TITLE="Patriotic" PROPERTIES="0"></ELEMENT>
<ELEMENT ID="CQFJSMO" SUB="SKU" TYPE="READONLY" DATA="FLOW::SKU"></ELEMENT>
<ELEMENT ID="CQFJSMP" SUB="PRODUCT" TYPE="READONLY" DATA="FLOW::PROD"></ELEMENT>
<ELEMENT ID="CQFJSMQ" SUB="USERNAME" TYPE="READONLY" DATA="FLOW::USERNAME"></ELEMENT>
<ELEMENT ID="CQFJSMR" SUB="MERCHANT" TYPE="READONLY" DATA="FLOW::USERNAME"></ELEMENT>
<ELEMENT HEIGHT="100" ID="CQFJSMD" WIDTH="185" SUB="COMPANY_LOGO" PROMPT="Company Logo (185x110" TYPE="IMAGE" BGCOLOR="6479A6" DATA="merchant:zoovy:company_logo"></ELEMENT>
<ELEMENT ID="CQFJSME" SUB="PRODUCT_NAME" PROMPT="Product Name" TYPE="TEXTBOX" DATA="product:zoovy:prod_name" COLS="100"></ELEMENT>
<ELEMENT HEIGHT="250" ID="CQFJSMF" WIDTH="250" SUB="IMAGE1" PROMPT="Upper Left Image (250x250)" TYPE="IMAGE" BGCOLOR="FFFFFF" DATA="product:zoovy:prod_image1"></ELEMENT>
<ELEMENT ID="CQFJSMG" SUB="PRODUCT_DESCRIPTION" PROMPT="Product Description" TYPE="TEXTAREA" ROWS="5" DATA="product:zoovy:prod_desc" COLS="80"></ELEMENT>
<ELEMENT HEIGHT="150" ID="CQFJSMH" WIDTH="150" SUB="IMAGE2" PROMPT="Lower Left Image (150x150)" TYPE="IMAGE" BGCOLOR="FFFFFF" DATA="product:zoovy:prod_image2"></ELEMENT>
<ELEMENT HEIGHT="150" ID="CQFJSMI" WIDTH="150" SUB="IMAGE3" PROMPT="Lower Right Image (150x150)" TYPE="IMAGE" BGCOLOR="FFFFFF" DATA="product:zoovy:prod_image3"></ELEMENT>
<ELEMENT ID="CQFJSMJ" SUB="COMPANY_NAME" PROMPT="Company Name" TYPE="TEXTBOX" DATA="merchant:zoovy:company_name" COLS="100"></ELEMENT>
<ELEMENT ID="CQFJSMK" SUB="SUPPORT_PHONE" PROMPT="Support Phone" TYPE="TEXTBOX" DATA="merchant:zoovy:support_phone" COLS="50"></ELEMENT>
<ELEMENT ID="CQFJSML" SUB="SUPPORT_EMAIL" PROMPT="Support Email" TYPE="TEXTBOX" VALIDATION="EMAIL" DATA="merchant:zoovy:support_email" COLS="50"></ELEMENT>
<ELEMENT ID="CQFJSMM" SUB="PAYMENT_POLICY" PROMPT="Store Payment Policy" TYPE="TEXTAREA" ROWS="5" DATA="merchant:zoovy:payment_policy" COLS="80"></ELEMENT>
<ELEMENT ID="CQFJSMN" SUB="RETURN_POLICY" PROMPT="Store Return Policy" TYPE="TEXTAREA" ROWS="5" DATA="merchant:zoovy:return_policy" COLS="80"></ELEMENT>
<ELEMENT ID="CQFJSMI" HEIGHT="150" PROMPT="Lower Right Image (150x150)" SUB="IMAGE3_RAWURL" WIDTH="150" MINIMAL="0" BGCOLOR="FFFFFF" TYPE="IMAGE" READONLY="1" DATA="product:zoovy:prod_image3" RAW="1"></ELEMENT>
<ELEMENT ID="CQFJSMI" HEIGHT="0" PROMPT="Lower Right Image (150x150)" SUB="IMAGE3_URL" WIDTH="0" MINIMAL="0" BGCOLOR="FFFFFF" TYPE="IMAGE" READONLY="1" DATA="product:zoovy:prod_image3" RAW="1"></ELEMENT>
<ELEMENT ID="CQFJSMH" HEIGHT="150" PROMPT="Lower Left Image (150x150)" SUB="IMAGE2_RAWURL" WIDTH="150" MINIMAL="0" BGCOLOR="FFFFFF" TYPE="IMAGE" READONLY="1" DATA="product:zoovy:prod_image2" RAW="1"></ELEMENT>
<ELEMENT ID="CQFJSMH" HEIGHT="0" PROMPT="Lower Left Image (150x150)" SUB="IMAGE2_URL" WIDTH="0" MINIMAL="0" BGCOLOR="FFFFFF" TYPE="IMAGE" READONLY="1" DATA="product:zoovy:prod_image2" RAW="1"></ELEMENT>
<ELEMENT ID="CQFJSMF" HEIGHT="250" PROMPT="Upper Left Image (250x250)" SUB="IMAGE1_RAWURL" WIDTH="250" MINIMAL="0" BGCOLOR="FFFFFF" TYPE="IMAGE" READONLY="1" DATA="product:zoovy:prod_image1" RAW="1"></ELEMENT>
<ELEMENT ID="CQFJSMF" HEIGHT="0" PROMPT="Upper Left Image (250x250)" SUB="IMAGE1_URL" WIDTH="0" MINIMAL="0" BGCOLOR="FFFFFF" TYPE="IMAGE" READONLY="1" DATA="product:zoovy:prod_image1" RAW="1"></ELEMENT>
<ELEMENT ID="CQFJSMD" HEIGHT="100" PROMPT="Company Logo (185x110" SUB="COMPANY_LOGO_RAWURL" WIDTH="185" MINIMAL="0" BGCOLOR="6479A6" TYPE="IMAGE" READONLY="1" DATA="merchant:zoovy:company_logo" RAW="1"></ELEMENT>
<ELEMENT ID="CQFJSMD" HEIGHT="0" PROMPT="Company Logo (185x110" SUB="COMPANY_LOGO_URL" WIDTH="0" MINIMAL="0" BGCOLOR="6479A6" TYPE="IMAGE" READONLY="1" DATA="merchant:zoovy:company_logo" RAW="1"></ELEMENT>
<ELEMENT ID="CQFJSMS" TYPE="OUTPUT"><HTML><![CDATA[<center>
<table cellspacing=0 cellpadding=0 border=0 width=550>
	<tr>
		<td><img src="http://www.zoovy.com/htmlwiz/blank.gif" width="1" height="1" alt="" border="0"></td>
		<td><img src="http://www.zoovy.com/htmlwiz/blank.gif" width="146" height="1" alt="" border="0"></td>
		<td><img src="http://www.zoovy.com/htmlwiz/blank.gif" width="130" height="1" alt="" border="0"></td>
		<td><img src="http://www.zoovy.com/htmlwiz/blank.gif" width="238" height="1" alt="" border="0"></td>
		<td><img src="http://www.zoovy.com/htmlwiz/blank.gif" width="34" height="1" alt="" border="0"></td>
		<td><img src="http://www.zoovy.com/htmlwiz/blank.gif" width="1" height="1" alt="" border="0"></td>
	</tr>
	<tr>
		<td rowspan="3" bgcolor="#ffffff"><img src="http://www.zoovy.com/htmlwiz/blank.gif" width="1" height="1" alt="" border="0"></td>
		<td width=276 colspan=2><img src="http://www.zoovy.com/htmlwiz/jt/patriotic/flag.gif" width="276" height="120" alt="" border="0"></td>
		<td background="http://www.zoovy.com/htmlwiz/jt/patriotic/logo_background.gif" align="center" valign="middle">%COMPANY_LOGO%</td>
		<td width=34><img src="http://www.zoovy.com/htmlwiz/jt/patriotic/right_cap.gif" width="34" height="120" alt="" border="0"></td>
		<td rowspan="10" bgcolor="#ffffff"><img src="http://www.zoovy.com/htmlwiz/blank.gif" width="1" height="1" alt="" border="0"></td>
	</tr><tr>
		<td><img src="http://www.zoovy.com/htmlwiz/jt/patriotic/highblue.gif" width="146" height="28" alt="" border="0"></td>
		<td colspan=3 background="http://www.zoovy.com/htmlwiz/jt/patriotic/blu_white.gif"><font color="#ffffff" size=3 face="arial"><strong>%PRODUCT_NAME%</strong></font></td>
	</tr><tr>
		<td colspan=4 align="center" valign="middle">
			<table cellspacing=0 cellpadding=0 border=0 width=500>
				<tr>
					<td align="left" valign="middle" width=250>%IMAGE1%</td>
					<td width=25></td>
					<td align="left" valign="middle" width=275><font color="#003399" size=3 face="arial">%PRODUCT_DESCRIPTION%</font></td>
				</tr>
			</table><br><table cellspacing=0 cellpadding=0 border=0 width=500>
				<tr><td height=15></td></tr><tr>
					<td align="left" valign="top" width=150>%IMAGE2%</td>
					<td width=25></td>
					<td width=150 align="center" valign="middle"><font color="#CC0000" size=3 face="arial">
					<strong>%COMPANY_NAME%</strong><br>
					%SUPPORT_PHONE%<br>
					%SUPPORT_EMAIL%</font></td>
					<td width=25></td>
					<td align="right" valign="top" width=150>%IMAGE3%</td>
				</tr>
			</table><br><table cellspacing=0 cellpadding=0 border=0 width=500>
				<tr>
					<td align="left" valign="middle" width=500><font color="#003399" size=2 face="arial">
					<p>%PAYMENT_POLICY%</p>
					<p>%RETURN_POLICY%</p></font><br></td>
				</tr>
			</table>
		</td>
	</tr><tr>
		<td colspan=2><img src="http://www.zoovy.com/htmlwiz/jt/patriotic/lowblue.gif" width="147" height="28" alt="" border="0"></td>
		<td colspan=3 background="http://www.zoovy.com/htmlwiz/jt/patriotic/star.gif"></td></tr>
</table>
</center>]]></HTML>
</ELEMENT>

</TEMPLATE>