<TEMPLATE ID="advanced-valentines1" FORMAT="WIZARD">


<!-- ******* -->
<ELEMENT ID="CQGDOZO" TYPE="CONFIG" IMAGES="15" CREATED="20050418" TITLE="Valentines1" PROPERTIES="0"></ELEMENT>
<ELEMENT ID="CQFJSMP" SUB="SKU" TYPE="READONLY" DATA="FLOW::SKU"></ELEMENT>
<ELEMENT ID="CQFJSMQ" SUB="PRODUCT" TYPE="READONLY" DATA="FLOW::PROD"></ELEMENT>
<ELEMENT ID="CQFJSMR" SUB="USERNAME" TYPE="READONLY" DATA="FLOW::USERNAME"></ELEMENT>
<ELEMENT ID="CQFJSMS" SUB="MERCHANT" TYPE="READONLY" DATA="FLOW::USERNAME"></ELEMENT>
<ELEMENT ID="CQFJSME" SUB="PRODUCT_NAME" PROMPT="Product Name" TYPE="TEXTBOX" DATA="product:zoovy:prod_name" COLS="100"></ELEMENT>
<ELEMENT ID="CQFJSMF" SUB="PRODUCT_DESC" PROMPT="Product Description" TYPE="TEXTAREA" ROWS="5" DATA="product:zoovy:prod_desc" COLS="80"></ELEMENT>
<ELEMENT HEIGHT="180" ID="CQFJSMG" WIDTH="180" SUB="IMAGE1" PROMPT="Upper Image" TYPE="IMAGE" BGCOLOR="ffffff" DATA="product:zoovy:prod_image1"></ELEMENT>
<ELEMENT HEIGHT="180" ID="CQFJSMH" WIDTH="180" SUB="IMAGE2" PROMPT="Upper Image" TYPE="IMAGE" BGCOLOR="ffffff" DATA="product:zoovy:prod_image2"></ELEMENT>
<ELEMENT HEIGHT="180" ID="CQFJSMI" WIDTH="180" SUB="IMAGE3" PROMPT="Lower Image" TYPE="IMAGE" BGCOLOR="ffffff" DATA="product:zoovy:prod_image3"></ELEMENT>
<ELEMENT HEIGHT="180" ID="CQFJSMJ" WIDTH="180" SUB="IMAGE4" PROMPT="Lower Image" TYPE="IMAGE" BGCOLOR="ffffff" DATA="product:zoovy:prod_image4"></ELEMENT>
<ELEMENT ID="CQFJSMK" SUB="COMPANY_NAME" PROMPT="Company Name" TYPE="TEXTBOX" DATA="merchant:zoovy:company_name" COLS="100"></ELEMENT>
<ELEMENT HEIGHT="100" ID="CQFJSML" WIDTH="100" SUB="COMPANY_LOGO" PROMPT="Company Logo" TYPE="IMAGE" BGCOLOR="ffffff" DATA="merchant:zoovy:company_logo"></ELEMENT>
<ELEMENT ID="CQFJSMM" SUB="SUPPORT_EMAIL" PROMPT="Support Email" TYPE="TEXTBOX" VALIDATION="EMAIL" ROWS="5" DATA="merchant:zoovy:support_email" COLS="80"></ELEMENT>
<ELEMENT ID="CQFJSMN" SUB="PAYMENT_POLICY" PROMPT="Store Payment Policy" TYPE="TEXTAREA" ROWS="5" DATA="merchant:zoovy:payment_policy" COLS="80"></ELEMENT>
<ELEMENT ID="CQFJSMO" SUB="RETURN_POLICY" PROMPT="Store Return Policy" TYPE="TEXTAREA" ROWS="5" DATA="merchant:zoovy:return_policy" COLS="80"></ELEMENT>
<ELEMENT ID="CQFJSML" HEIGHT="100" PROMPT="Company Logo" SUB="COMPANY_LOGO_RAWURL" WIDTH="100" MINIMAL="0" BGCOLOR="ffffff" TYPE="IMAGE" READONLY="1" DATA="merchant:zoovy:company_logo" RAW="1"></ELEMENT>
<ELEMENT ID="CQFJSML" HEIGHT="0" PROMPT="Company Logo" SUB="COMPANY_LOGO_URL" WIDTH="0" MINIMAL="0" BGCOLOR="ffffff" TYPE="IMAGE" READONLY="1" DATA="merchant:zoovy:company_logo" RAW="1"></ELEMENT>
<ELEMENT ID="CQFJSMJ" HEIGHT="180" PROMPT="Lower Image" SUB="IMAGE4_RAWURL" WIDTH="180" MINIMAL="0" BGCOLOR="ffffff" TYPE="IMAGE" READONLY="1" DATA="product:zoovy:prod_image4" RAW="1"></ELEMENT>
<ELEMENT ID="CQFJSMJ" HEIGHT="0" PROMPT="Lower Image" SUB="IMAGE4_URL" WIDTH="0" MINIMAL="0" BGCOLOR="ffffff" TYPE="IMAGE" READONLY="1" DATA="product:zoovy:prod_image4" RAW="1"></ELEMENT>
<ELEMENT ID="CQFJSMI" HEIGHT="180" PROMPT="Lower Image" SUB="IMAGE3_RAWURL" WIDTH="180" MINIMAL="0" BGCOLOR="ffffff" TYPE="IMAGE" READONLY="1" DATA="product:zoovy:prod_image3" RAW="1"></ELEMENT>
<ELEMENT ID="CQFJSMI" HEIGHT="0" PROMPT="Lower Image" SUB="IMAGE3_URL" WIDTH="0" MINIMAL="0" BGCOLOR="ffffff" TYPE="IMAGE" READONLY="1" DATA="product:zoovy:prod_image3" RAW="1"></ELEMENT>
<ELEMENT ID="CQFJSMH" HEIGHT="180" PROMPT="Upper Image" SUB="IMAGE2_RAWURL" WIDTH="180" MINIMAL="0" BGCOLOR="ffffff" TYPE="IMAGE" READONLY="1" DATA="product:zoovy:prod_image2" RAW="1"></ELEMENT>
<ELEMENT ID="CQFJSMH" HEIGHT="0" PROMPT="Upper Image" SUB="IMAGE2_URL" WIDTH="0" MINIMAL="0" BGCOLOR="ffffff" TYPE="IMAGE" READONLY="1" DATA="product:zoovy:prod_image2" RAW="1"></ELEMENT>
<ELEMENT ID="CQFJSMG" HEIGHT="180" PROMPT="Upper Image" SUB="IMAGE1_RAWURL" WIDTH="180" MINIMAL="0" BGCOLOR="ffffff" TYPE="IMAGE" READONLY="1" DATA="product:zoovy:prod_image1" RAW="1"></ELEMENT>
<ELEMENT ID="CQFJSMG" HEIGHT="0" PROMPT="Upper Image" SUB="IMAGE1_URL" WIDTH="0" MINIMAL="0" BGCOLOR="ffffff" TYPE="IMAGE" READONLY="1" DATA="product:zoovy:prod_image1" RAW="1"></ELEMENT>
<ELEMENT ID="CQFJSMT" TYPE="OUTPUT"><HTML><![CDATA[<table width="100%" border="0" cellpadding="0" cellspacing="0" bgcolor="#ffffff">
<tr><td align="center">

<table width="600" border="0" cellpadding="0" cellspacing="0">
<tr>
	<td colspan="5">
	<img src="http://www.zoovy.com/htmlwiz/valentines1/temp_01.gif" width="600" height="2"></td>
</tr><tr>
	<td rowspan="6">
	<img src="http://www.zoovy.com/htmlwiz/valentines1/left.gif" width="112" height="440"></td>
	<td colspan="3" bgcolor="#FFE5E5">
	<img src="http://www.zoovy.com/htmlwiz/valentines1/spacer.gif" width="367" height="12"></td>
	<td rowspan="6">
	<img src="http://www.zoovy.com/htmlwiz/valentines1/right.gif" width="121" height="440"></td>
</tr><tr>
	<td width="180" height="180">%IMAGE1%</td>
	<td>
	<img src="http://www.zoovy.com/htmlwiz/valentines1/temp_06.gif" width="7" height="180"></td>
	<td width="180" height="180">%IMAGE2%</td>
</tr><tr>
	<td colspan="3">
	<img src="http://www.zoovy.com/htmlwiz/valentines1/temp_08.gif" width="367" height="6"></td>
</tr><tr>
	<td width="180" height="180">%IMAGE3%</td>
	<td>
	<img src="http://www.zoovy.com/htmlwiz/valentines1/temp_10.gif" width="7" height="180"></td>
	<td width="180" height="180">%IMAGE4%</td>
</tr><tr>
	<td colspan="3" bgcolor="#FFE5E5">
	<img src="http://www.zoovy.com/htmlwiz/valentines1/temp_12.gif" width="367" height="11"></td>
</tr><tr>
	<td colspan="3">
	<img src="http://www.zoovy.com/htmlwiz/valentines1/spacer.gif" width="367" height="51"></td>
</tr>
</table>

</td></tr>
<tr><td valign="top">
<center>
<font face="arial" color="#000000" size="4">
%PRODUCT_NAME%
</font></center><font face="arial" color="#000000">
<P>
%PRODUCT_DESC%
<center>
<br>
<img src="http://www.zoovy.com/htmlwiz/valentines1/div.jpg">
<br>
<table width="600" border="0" cellpadding="0" cellspacing="0">
<tr><td>%COMPANY_LOGO%</td>
<td>
<!-- SHIPPING_POLICY -->
<br><br>
%PAYMENT_POLICY%
<br><br>
%RETURN_POLICY%
</td></tr>
</table>
<br>
Another Auction By %COMPANY_NAME%<br>
</font>
</center>

</td></tr>
</table>]]></HTML>
</ELEMENT>

</TEMPLATE>