<TEMPLATE ID="advanced-earthy" FORMAT="WIZARD">


<!-- ******* -->
<ELEMENT ID="CQGDOZM" TYPE="CONFIG" IMAGES="6" CREATED="20050418" TITLE="Earthy" PROPERTIES="0"></ELEMENT>
<ELEMENT ID="CQFJSMM" SUB="SKU" TYPE="READONLY" DATA="FLOW::SKU"></ELEMENT>
<ELEMENT ID="CQFJSMN" SUB="PRODUCT" TYPE="READONLY" DATA="FLOW::PROD"></ELEMENT>
<ELEMENT ID="CQFJSMO" SUB="USERNAME" TYPE="READONLY" DATA="FLOW::USERNAME"></ELEMENT>
<ELEMENT ID="CQFJSMP" SUB="MERCHANT" TYPE="READONLY" DATA="FLOW::USERNAME"></ELEMENT>
<ELEMENT HEIGHT="120" ID="CQFJSMD" WIDTH="300" SUB="COMPANY_LOGO" PROMPT="Company Logo (300x120" TYPE="IMAGE" BGCOLOR="000000" DATA="merchant:zoovy:company_logo"></ELEMENT>
<ELEMENT ID="CQFJSME" SUB="PRODUCT_NAME" PROMPT="Product Name" TYPE="TEXTBOX" DATA="product:zoovy:prod_name" COLS="100"></ELEMENT>
<ELEMENT HEIGHT="400" ID="CQFJSMF" WIDTH="250" SUB="IMAGE1" PROMPT="Left Image (250x400)" TYPE="IMAGE" BGCOLOR="F0F0F0" DATA="product:zoovy:prod_image1"></ELEMENT>
<ELEMENT ID="CQFJSMG" SUB="PRODUCT_DESCRIPTION" PROMPT="Product Description" TYPE="TEXTAREA" ROWS="5" DATA="product:zoovy:prod_desc" COLS="80"></ELEMENT>
<ELEMENT ID="CQFJSMH" SUB="COMPANY_NAME" PROMPT="Company Name" TYPE="TEXTBOX" DATA="merchant:zoovy:company_name" COLS="100"></ELEMENT>
<ELEMENT ID="CQFJSMI" SUB="SUPPORT_PHONE" PROMPT="Support Phone" TYPE="TEXTBOX" DATA="merchant:zoovy:support_phone" COLS="50"></ELEMENT>
<ELEMENT ID="CQFJSMJ" SUB="SUPPORT_EMAIL" PROMPT="Support Email" TYPE="TEXTBOX" VALIDATION="EMAIL" DATA="merchant:zoovy:support_email" COLS="50"></ELEMENT>
<ELEMENT ID="CQFJSMK" SUB="PAYMENT_POLICY" PROMPT="Store Payment Policy" TYPE="TEXTAREA" ROWS="5" DATA="merchant:zoovy:payment_policy" COLS="80"></ELEMENT>
<ELEMENT ID="CQFJSML" SUB="RETURN_POLICY" PROMPT="Store Return Policy" TYPE="TEXTAREA" ROWS="5" DATA="merchant:zoovy:return_policy" COLS="80"></ELEMENT>
<ELEMENT ID="CQFJSMF" HEIGHT="400" PROMPT="Left Image (250x400)" SUB="IMAGE1_RAWURL" WIDTH="250" MINIMAL="0" BGCOLOR="F0F0F0" TYPE="IMAGE" READONLY="1" DATA="product:zoovy:prod_image1" RAW="1"></ELEMENT>
<ELEMENT ID="CQFJSMF" HEIGHT="0" PROMPT="Left Image (250x400)" SUB="IMAGE1_URL" WIDTH="0" MINIMAL="0" BGCOLOR="F0F0F0" TYPE="IMAGE" READONLY="1" DATA="product:zoovy:prod_image1" RAW="1"></ELEMENT>
<ELEMENT ID="CQFJSMD" HEIGHT="120" PROMPT="Company Logo (300x120" SUB="COMPANY_LOGO_RAWURL" WIDTH="300" MINIMAL="0" BGCOLOR="000000" TYPE="IMAGE" READONLY="1" DATA="merchant:zoovy:company_logo" RAW="1"></ELEMENT>
<ELEMENT ID="CQFJSMD" HEIGHT="0" PROMPT="Company Logo (300x120" SUB="COMPANY_LOGO_URL" WIDTH="0" MINIMAL="0" BGCOLOR="000000" TYPE="IMAGE" READONLY="1" DATA="merchant:zoovy:company_logo" RAW="1"></ELEMENT>
<ELEMENT ID="CQFJSMQ" TYPE="OUTPUT"><HTML><![CDATA[<center>

<table width=600 cellspacing=0 cellpadding=0 border=0>
	<tr>
		<td width=2 height=2 background="http://www.zoovy.com/htmlwiz/jt/earthy/border.gif" rowspan=5><img src="http://www.zoovy.com/htmlwiz/blank.gif" width="2" height="2" alt="" border="0"></td>
		<td width=81 height=2 background="http://www.zoovy.com/htmlwiz/jt/earthy/border.gif"><img src="http://www.zoovy.com/htmlwiz/blank.gif" width="81" height="2" alt="" border="0"></td>
		<td width=515 height=2 background="http://www.zoovy.com/htmlwiz/jt/earthy/border.gif"><img src="http://www.zoovy.com/htmlwiz/blank.gif" width="515" height="2" alt="" border="0"></td>
		<td width=2 height=2 background="http://www.zoovy.com/htmlwiz/jt/earthy/border.gif" rowspan=5><img src="http://www.zoovy.com/htmlwiz/blank.gif" width="2" height="2" alt="" border="0"></td>
	</tr><tr>
		<td background="http://www.zoovy.com/htmlwiz/jt/earthy/logo_bg.gif" colspan=2 width=596 height=127  align=center valign="middle">%COMPANY_LOGO%</td>
		<td width=2 background="http://www.zoovy.com/htmlwiz/jt/earthy/border.gif"></td>
	</tr><tr>
		<td><img src="http://www.zoovy.com/htmlwiz/jt/earthy/cap.gif" width="81" height="38" alt="" border="0"></td>
		<td background="http://www.zoovy.com/htmlwiz/jt/earthy/title_bg.gif"><font size=3 color="#000000" face="arial"><strong>%PRODUCT_NAME%</strong></font></td>
	</tr><tr>
		<td colspan=2 align=center valign=middle>
			<table width=580 cellspacing=0 cellpadding=0 border=0>
				<tr><tr><td height=15></td></tr>
					<td width=250 align="left" valign="middle">%IMAGE1%</td>
					<td width=20><img src="http://www.zoovy.com/htmlwiz/blank.gif" width="20" height="1" alt="" border="0"></td>
					<td width=310 align="left" valign="middle"><font size=3 color="#000000" face="arial"><p>%PRODUCT_DESCRIPTION%</p></td>
				</tr>
			</table><br><table cellspacing=0 cellpadding=0 border=0 width=580>
				<tr>
					<td align="left" valign="middle" width=500><font color="#000000" size=2 face="arial">
					<p>%COMPANY_NAME%<br>
					%SUPPORT_PHONE%<br>
					%SUPPORT_EMAIL%</font></p><p>%PAYMENT_POLICY%</p>
					<p>%RETURN_POLICY%</p></font><br></td>
				</tr>
			</table>
		</td>
	</tr><tr>
		<td colspan=2 background="http://www.zoovy.com/htmlwiz/jt/earthy/border.gif" height=2></td></tr>
</table></center>]]></HTML>
</ELEMENT>

</TEMPLATE>