<TEMPLATE ID="choose_color-bg_color3" FORMAT="WIZARD">
<LIST ID="COLOR1" TYPE="TEXT">
<OPT T="Black" V="#000000"></OPT>
<OPT T="Blue" V="#0066FF"></OPT>
<OPT T="Brown" V="#663300"></OPT>
<OPT T="Green" V="#006600"></OPT>
<OPT T="Khaki" V="#CCCC99"></OPT>
<OPT T="Orange" V="#FF9900"></OPT>
<OPT T="Pink" V="#FF6699"></OPT>
<OPT T="Purple" V="#9900CC"></OPT>
<OPT T="Red" V="#990000"></OPT>
<OPT T="Yellow" V="#FFFF33"></OPT>
</LIST>


<!-- ******* -->
<ELEMENT ID="CQGDPQQ" TYPE="CONFIG" IMAGES="12" TITLE="Choose color bg color3" CREATED="20030820" PROPERTIES="0"></ELEMENT>
<ELEMENT ID="CQFJSNQ" SUB="SKU" TYPE="READONLY" DATA="FLOW::SKU"></ELEMENT>
<ELEMENT ID="CQFJSNR" SUB="PRODUCT" TYPE="READONLY" DATA="FLOW::PROD"></ELEMENT>
<ELEMENT ID="CQFJSNS" SUB="USERNAME" TYPE="READONLY" DATA="FLOW::USERNAME"></ELEMENT>
<ELEMENT ID="CQFJSNT" SUB="MERCHANT" TYPE="READONLY" DATA="FLOW::USERNAME"></ELEMENT>
<ELEMENT ID="CQFJSNE" VALUE="1" SUB="COLOR1" PROMPT="Template Color" TYPE="SELECT" LIST="COLOR1" DATA="product:zoovy:color1"></ELEMENT>
<ELEMENT ID="CQFJSNF" SUB="PRODUCT_NAME" PROMPT="Product Name" TYPE="TEXTBOX" DATA="product:zoovy:prod_name"></ELEMENT>
<ELEMENT ID="CQFJSNG" SUB="PRODUCT_DESC" PROMPT="Product Description" TYPE="TEXTAREA" DATA="product:zoovy:prod_desc"></ELEMENT>
<ELEMENT HEIGHT="200" ID="CQFJSNH" WIDTH="200" SUB="IMAGE1" PROMPT="Left Image (200x200)" TYPE="IMAGE" BGCOLOR="ffffff" BORDER="0" ZOOM="1" DATA="product:zoovy:prod_image1"></ELEMENT>
<ELEMENT HEIGHT="200" ID="CQFJSNI" WIDTH="200" SUB="IMAGE2" PROMPT="Middle Image (200x200)" TYPE="IMAGE" BGCOLOR="ffffff" BORDER="0" ZOOM="1" DATA="product:zoovy:prod_image2"></ELEMENT>
<ELEMENT HEIGHT="200" ID="CQFJSNJ" WIDTH="200" SUB="IMAGE3" PROMPT="Left Image (200x200)" TYPE="IMAGE" BGCOLOR="ffffff" BORDER="0" ZOOM="1" DATA="product:zoovy:prod_image3"></ELEMENT>
<ELEMENT HEIGHT="100" ID="CQFJSNK" WIDTH="500" SUB="COMPANY_LOGO" PROMPT="Company Logo (500x100" TYPE="IMAGE" BGCOLOR="ffffff" DATA="merchant:zoovy:company_logo"></ELEMENT>
<ELEMENT ID="CQFJSNL" SUB="SUPPORT_PHONE" PROMPT="Support Phone" TYPE="TEXTBOX" DATA="merchant:zoovy:support_phone" COLS="50"></ELEMENT>
<ELEMENT ID="CQFJSNM" SUB="SUPPORT_EMAIL" PROMPT="Support Email" TYPE="TEXTBOX" VALIDATION="EMAIL" DATA="merchant:zoovy:support_email" COLS="50"></ELEMENT>
<ELEMENT ID="CQFJSNN" SUB="PAYMENT_POLICY" PROMPT="Payment Policy" TYPE="TEXTAREA" ROWS="5" DATA="merchant:zoovy:payment_policy" COLS="80"></ELEMENT>
<ELEMENT ID="CQFJSNO" SUB="RETURN_POLICY" PROMPT="Return Policy" TYPE="TEXTAREA" ROWS="5" DATA="merchant:zoovy:return_policy" COLS="80"></ELEMENT>
<ELEMENT ID="CQFJSNP" SUB="SHIPPING_POLICY" PROMPT="Shipping Policy" TYPE="TEXTAREA" ROWS="5" DATA="merchant:zoovy:shipping_policy" COLS="80"></ELEMENT>
<ELEMENT ID="CQFJSNK" HEIGHT="100" PROMPT="Company Logo (500x100" SUB="COMPANY_LOGO_RAWURL" WIDTH="500" MINIMAL="0" BGCOLOR="ffffff" TYPE="IMAGE" READONLY="1" DATA="merchant:zoovy:company_logo" RAW="1"></ELEMENT>
<ELEMENT ID="CQFJSNK" HEIGHT="0" PROMPT="Company Logo (500x100" SUB="COMPANY_LOGO_URL" WIDTH="0" MINIMAL="0" BGCOLOR="ffffff" TYPE="IMAGE" READONLY="1" DATA="merchant:zoovy:company_logo" RAW="1"></ELEMENT>
<ELEMENT ID="CQFJSNJ" HEIGHT="200" PROMPT="Left Image (200x200)" SUB="IMAGE3_RAWURL" WIDTH="200" MINIMAL="0" BGCOLOR="ffffff" TYPE="IMAGE" READONLY="1" BORDER="0" ZOOM="1" DATA="product:zoovy:prod_image3" RAW="1"></ELEMENT>
<ELEMENT ID="CQFJSNJ" HEIGHT="0" PROMPT="Left Image (200x200)" SUB="IMAGE3_URL" WIDTH="0" MINIMAL="0" BGCOLOR="ffffff" TYPE="IMAGE" READONLY="1" BORDER="0" ZOOM="1" DATA="product:zoovy:prod_image3" RAW="1"></ELEMENT>
<ELEMENT ID="CQFJSNI" HEIGHT="200" PROMPT="Middle Image (200x200)" SUB="IMAGE2_RAWURL" WIDTH="200" MINIMAL="0" BGCOLOR="ffffff" TYPE="IMAGE" READONLY="1" BORDER="0" ZOOM="1" DATA="product:zoovy:prod_image2" RAW="1"></ELEMENT>
<ELEMENT ID="CQFJSNI" HEIGHT="0" PROMPT="Middle Image (200x200)" SUB="IMAGE2_URL" WIDTH="0" MINIMAL="0" BGCOLOR="ffffff" TYPE="IMAGE" READONLY="1" BORDER="0" ZOOM="1" DATA="product:zoovy:prod_image2" RAW="1"></ELEMENT>
<ELEMENT ID="CQFJSNH" HEIGHT="200" PROMPT="Left Image (200x200)" SUB="IMAGE1_RAWURL" WIDTH="200" MINIMAL="0" BGCOLOR="ffffff" TYPE="IMAGE" READONLY="1" BORDER="0" ZOOM="1" DATA="product:zoovy:prod_image1" RAW="1"></ELEMENT>
<ELEMENT ID="CQFJSNH" HEIGHT="0" PROMPT="Left Image (200x200)" SUB="IMAGE1_URL" WIDTH="0" MINIMAL="0" BGCOLOR="ffffff" TYPE="IMAGE" READONLY="1" BORDER="0" ZOOM="1" DATA="product:zoovy:prod_image1" RAW="1"></ELEMENT>
<ELEMENT ID="CQFJSNU" TYPE="OUTPUT"><HTML><![CDATA[<div align="center">
<table cellspacing=0 cellpadding=5 border=4 width=90% bgcolor="%COLOR1%">
	<tr>
		<td align="center">
<table cellspacing=0 cellpadding=0 border=0 width=100%>
	<tr>
		<td width=8 height=8><img src="http://www.zoovy.com/htmlwiz/borders/corner_ul.gif" width="8" height="8" alt="" border="0"></td>
		<td width=99% height=8 background="http://www.zoovy.com/htmlwiz/borders/top.gif"><img src="http://www.zoovy.com/htmlwiz/borders/top.gif" width="1" height="8" alt="" border="0"></td>
		<td width=8 height=8><img src="http://www.zoovy.com/htmlwiz/borders/corner_ur.gif" width="8" height="8" alt="" border="0"></td>
	</tr><tr>
		<td background="http://www.zoovy.com/htmlwiz/borders/left.gif"><img src="http://www.zoovy.com/htmlwiz/borders/left.gif" width="8" height="1" alt="" border="0"></td>
		<td bgcolor="#FFFFFF" align="center"><font size=3><strong>%PRODUCT_NAME%</strong></td>
		<td background="http://www.zoovy.com/htmlwiz/borders/right.gif"><img src="http://www.zoovy.com/htmlwiz/borders/right.gif" width="8" height="1" alt="" border="0"></td>
	</tr><tr>
		<td><img src="http://www.zoovy.com/htmlwiz/borders/corner_ll.gif" width="8" height="8" alt="" border="0"></td>
		<td background="http://www.zoovy.com/htmlwiz/borders/bottom.gif"><img src="http://www.zoovy.com/htmlwiz/borders/bottom.gif" width="1" height="8" alt="" border="0"></td>
		<td><img src="http://www.zoovy.com/htmlwiz/borders/corner_lr.gif" width="8" height="8" alt="" border="0"></td>
	</tr>
</table>
<br>
<table cellspacing=0 cellpadding=0 border=0 width=100%>
	<tr>
		<td width=8 height=8><img src="http://www.zoovy.com/htmlwiz/borders/corner_ul.gif" width="8" height="8" alt="" border="0"></td>
		<td width=99% height=8 background="http://www.zoovy.com/htmlwiz/borders/top.gif"><img src="http://www.zoovy.com/htmlwiz/borders/top.gif" width="1" height="8" alt="" border="0"></td>
		<td width=8 height=8><img src="http://www.zoovy.com/htmlwiz/borders/corner_ur.gif" width="8" height="8" alt="" border="0"></td>
	</tr><tr>
		<td background="http://www.zoovy.com/htmlwiz/borders/left.gif"><img src="http://www.zoovy.com/htmlwiz/borders/left.gif" width="8" height="1" alt="" border="0"></td>
		<td bgcolor="#FFFFFF" align="center">
			<table cellspacing=0 cellpadding=5 border=0 width=100%>
				<tr>
					<td align="center">%IMAGE1%</td>
					<td align="center">%IMAGE2%</td>
					<td align="center">%IMAGE3%</td>
				</tr>
			</table>
		<font size=1 face="verdana">Click Images to Enlarge.</font>
		</td>
		<td background="http://www.zoovy.com/htmlwiz/borders/right.gif"><img src="http://www.zoovy.com/htmlwiz/borders/right.gif" width="8" height="1" alt="" border="0"></td>
	</tr><tr>
		<td><img src="http://www.zoovy.com/htmlwiz/borders/corner_ll.gif" width="8" height="8" alt="" border="0"></td>
		<td background="http://www.zoovy.com/htmlwiz/borders/bottom.gif"><img src="http://www.zoovy.com/htmlwiz/borders/bottom.gif" width="1" height="8" alt="" border="0"></td>
		<td><img src="http://www.zoovy.com/htmlwiz/borders/corner_lr.gif" width="8" height="8" alt="" border="0"></td>
	</tr>
</table>
<br>
<table cellspacing=0 cellpadding=0 border=0 width=100%>
	<tr>
		<td width=8 height=8><img src="http://www.zoovy.com/htmlwiz/borders/corner_ul.gif" width="8" height="8" alt="" border="0"></td>
		<td width=99% height=8 background="http://www.zoovy.com/htmlwiz/borders/top.gif"><img src="http://www.zoovy.com/htmlwiz/borders/top.gif" width="1" height="8" alt="" border="0"></td>
		<td width=8 height=8><img src="http://www.zoovy.com/htmlwiz/borders/corner_ur.gif" width="8" height="8" alt="" border="0"></td>
	</tr><tr>
		<td background="http://www.zoovy.com/htmlwiz/borders/left.gif"><img src="http://www.zoovy.com/htmlwiz/borders/left.gif" width="8" height="1" alt="" border="0"></td>
		<td bgcolor="#FFFFFF">%PRODUCT_DESC%</td>
		<td background="http://www.zoovy.com/htmlwiz/borders/right.gif"><img src="http://www.zoovy.com/htmlwiz/borders/right.gif" width="8" height="1" alt="" border="0"></td>
	</tr><tr>
		<td><img src="http://www.zoovy.com/htmlwiz/borders/corner_ll.gif" width="8" height="8" alt="" border="0"></td>
		<td background="http://www.zoovy.com/htmlwiz/borders/bottom.gif"><img src="http://www.zoovy.com/htmlwiz/borders/bottom.gif" width="1" height="8" alt="" border="0"></td>
		<td><img src="http://www.zoovy.com/htmlwiz/borders/corner_lr.gif" width="8" height="8" alt="" border="0"></td>
	</tr>
</table>
<br>
<table cellspacing=0 cellpadding=0 border=0 width=100%>
	<tr>
		<td width=8 height=8><img src="http://www.zoovy.com/htmlwiz/borders/corner_ul.gif" width="8" height="8" alt="" border="0"></td>
		<td width=99% height=8 background="http://www.zoovy.com/htmlwiz/borders/top.gif"><img src="http://www.zoovy.com/htmlwiz/borders/top.gif" width="1" height="8" alt="" border="0"></td>
		<td width=8 height=8><img src="http://www.zoovy.com/htmlwiz/borders/corner_ur.gif" width="8" height="8" alt="" border="0"></td>
	</tr><tr>
		<td background="http://www.zoovy.com/htmlwiz/borders/left.gif"><img src="http://www.zoovy.com/htmlwiz/borders/left.gif" width="8" height="1" alt="" border="0"></td>
		<td bgcolor="#FFFFFF"><div align="center"><font face="verdana" size=2>
					%COMPANY_LOGO%<br>
					%SUPPORT_PHONE%<br>
					%SUPPORT_EMAIL%<br></div>
					<p><strong>Payment Policy:</strong><br>%PAYMENT_POLICY%</p>
					<p><strong>Return Policy:</strong><br>%RETURN_POLICY%</p>
					<p><strong>Shipping Policy:</strong><br>%SHIPPING_POLICY%</p></td>
		<td background="http://www.zoovy.com/htmlwiz/borders/right.gif"><img src="http://www.zoovy.com/htmlwiz/borders/right.gif" width="8" height="1" alt="" border="0"></td>
	</tr><tr>
		<td><img src="http://www.zoovy.com/htmlwiz/borders/corner_ll.gif" width="8" height="8" alt="" border="0"></td>
		<td background="http://www.zoovy.com/htmlwiz/borders/bottom.gif"><img src="http://www.zoovy.com/htmlwiz/borders/bottom.gif" width="1" height="8" alt="" border="0"></td>
		<td><img src="http://www.zoovy.com/htmlwiz/borders/corner_lr.gif" width="8" height="8" alt="" border="0"></td>
	</tr>
</table>
</td></tr></table></div>]]></HTML>
</ELEMENT>

</TEMPLATE>