<TEMPLATE ID="choose_texture-texture4" FORMAT="WIZARD">
<LIST ID="BGIMAGE1" TYPE="TEXT">
<OPT T="Blue Noise" V="http://www.zoovy.com/htmlwiz/textures/bluenoise.gif"></OPT>
<OPT T="Cirquit Board" V="http://www.zoovy.com/htmlwiz/textures/cirquit.gif"></OPT>
<OPT T="Dots" V="http://www.zoovy.com/htmlwiz/textures/dots.gif"></OPT>
<OPT T="Goo" V="http://www.zoovy.com/htmlwiz/textures/goo.gif"></OPT>
<OPT T="Green Noise" V="http://www.zoovy.com/htmlwiz/textures/greennoise.gif"></OPT>
<OPT T="Leopard Spots" V="http://www.zoovy.com/htmlwiz/textures/leopard.gif"></OPT>
<OPT T="Notepaper" V="http://www.zoovy.com/htmlwiz/textures/notepaper.gif"></OPT>
<OPT T="Red Noise" V="http://www.zoovy.com/htmlwiz/textures/rednoise.gif"></OPT>
<OPT T="Stars" V="http://www.zoovy.com/htmlwiz/textures/stars.gif"></OPT>
<OPT T="Tiger Stripes" V="http://www.zoovy.com/htmlwiz/textures/tiger.gif"></OPT>
<OPT T="Water" V="http://www.zoovy.com/htmlwiz/textures/water.jpg"></OPT>
<OPT T="Yellow Noise" V="http://www.zoovy.com/htmlwiz/textures/yellownoise.gif"></OPT>
</LIST>


<!-- ******* -->
<ELEMENT ID="CQGDPBO" TYPE="CONFIG" IMAGES="15" CREATED="20030820" TITLE="Texture4" PROPERTIES="0"></ELEMENT>
<ELEMENT ID="CQFJSNF" SUB="SKU" TYPE="READONLY" DATA="FLOW::SKU"></ELEMENT>
<ELEMENT ID="CQFJSNG" SUB="PRODUCT" TYPE="READONLY" DATA="FLOW::PROD"></ELEMENT>
<ELEMENT ID="CQFJSNH" SUB="USERNAME" TYPE="READONLY" DATA="FLOW::USERNAME"></ELEMENT>
<ELEMENT ID="CQFJSNI" SUB="MERCHANT" TYPE="READONLY" DATA="FLOW::USERNAME"></ELEMENT>
<ELEMENT ID="CQFJSMR" VALUE="1" SUB="BGIMAGE1" PROMPT="background texture" TYPE="SELECT" LIST="BGIMAGE1" DATA="product:zoovy:bgimage1"></ELEMENT>
<ELEMENT ID="CQFJSMS" SUB="COLOR1" PROMPT="Highlight text color (use hex with # or standard color" TYPE="TEXTBOX" DATA="product:zoovy:color1" COLS="100"></ELEMENT>
<ELEMENT ID="CQFJSMT" SUB="PRODUCT_NAME" PROMPT="Product Name" TYPE="TEXTBOX" DATA="product:zoovy:prod_name"></ELEMENT>
<ELEMENT ID="CQFJSMU" SUB="PRODUCT_DESC" PROMPT="Product Description" TYPE="TEXTAREA" DATA="product:zoovy:prod_desc"></ELEMENT>
<ELEMENT HEIGHT="150" ID="CQFJSMV" WIDTH="150" SUB="IMAGE1" PROMPT="Image1" TYPE="IMAGE" BORDER="0" ZOOM="1" DATA="product:zoovy:prod_image1"></ELEMENT>
<ELEMENT HEIGHT="150" ID="CQFJSMW" WIDTH="150" SUB="IMAGE2" PROMPT="Image2" TYPE="IMAGE" BORDER="0" ZOOM="1" DATA="product:zoovy:prod_image2"></ELEMENT>
<ELEMENT HEIGHT="150" ID="CQFJSMX" WIDTH="150" SUB="IMAGE3" PROMPT="Image3" TYPE="IMAGE" BORDER="0" ZOOM="1" DATA="product:zoovy:prod_image3"></ELEMENT>
<ELEMENT HEIGHT="150" ID="CQFJSMY" WIDTH="150" SUB="IMAGE4" PROMPT="Image4" TYPE="IMAGE" BORDER="0" ZOOM="1" DATA="product:zoovy:prod_image4"></ELEMENT>
<ELEMENT HEIGHT="100" ID="CQFJSMZ" WIDTH="500" SUB="COMPANY_LOGO" PROMPT="Company Logo (500x100" TYPE="IMAGE" BGCOLOR="ffffff" DATA="merchant:zoovy:company_logo"></ELEMENT>
<ELEMENT ID="CQFJSNA" SUB="SUPPORT_PHONE" PROMPT="Support Phone" TYPE="TEXTBOX" DATA="merchant:zoovy:support_phone" COLS="50"></ELEMENT>
<ELEMENT ID="CQFJSNB" SUB="SUPPORT_EMAIL" PROMPT="Support Email" TYPE="TEXTBOX" VALIDATION="EMAIL" DATA="merchant:zoovy:support_email" COLS="50"></ELEMENT>
<ELEMENT ID="CQFJSNC" SUB="PAYMENT_POLICY" PROMPT="Payment Policy" TYPE="TEXTAREA" ROWS="5" DATA="merchant:zoovy:payment_policy" COLS="80"></ELEMENT>
<ELEMENT ID="CQFJSND" SUB="RETURN_POLICY" PROMPT="Return Policy" TYPE="TEXTAREA" ROWS="5" DATA="merchant:zoovy:return_policy" COLS="80"></ELEMENT>
<ELEMENT ID="CQFJSNE" SUB="SHIPPING_POLICY" PROMPT="Shipping Policy" TYPE="TEXTAREA" ROWS="5" DATA="merchant:zoovy:shipping_policy" COLS="80"></ELEMENT>
<ELEMENT ID="CQFJSMZ" HEIGHT="100" PROMPT="Company Logo (500x100" SUB="COMPANY_LOGO_RAWURL" WIDTH="500" MINIMAL="0" BGCOLOR="ffffff" TYPE="IMAGE" READONLY="1" DATA="merchant:zoovy:company_logo" RAW="1"></ELEMENT>
<ELEMENT ID="CQFJSMZ" HEIGHT="0" PROMPT="Company Logo (500x100" SUB="COMPANY_LOGO_URL" WIDTH="0" MINIMAL="0" BGCOLOR="ffffff" TYPE="IMAGE" READONLY="1" DATA="merchant:zoovy:company_logo" RAW="1"></ELEMENT>
<ELEMENT ID="CQFJSMY" HEIGHT="150" PROMPT="Image4" SUB="IMAGE4_RAWURL" WIDTH="150" MINIMAL="0" TYPE="IMAGE" READONLY="1" BORDER="0" ZOOM="1" DATA="product:zoovy:prod_image4" RAW="1"></ELEMENT>
<ELEMENT ID="CQFJSMY" HEIGHT="0" PROMPT="Image4" SUB="IMAGE4_URL" WIDTH="0" MINIMAL="0" TYPE="IMAGE" READONLY="1" BORDER="0" ZOOM="1" DATA="product:zoovy:prod_image4" RAW="1"></ELEMENT>
<ELEMENT ID="CQFJSMX" HEIGHT="150" PROMPT="Image3" SUB="IMAGE3_RAWURL" WIDTH="150" MINIMAL="0" TYPE="IMAGE" READONLY="1" BORDER="0" ZOOM="1" DATA="product:zoovy:prod_image3" RAW="1"></ELEMENT>
<ELEMENT ID="CQFJSMX" HEIGHT="0" PROMPT="Image3" SUB="IMAGE3_URL" WIDTH="0" MINIMAL="0" TYPE="IMAGE" READONLY="1" BORDER="0" ZOOM="1" DATA="product:zoovy:prod_image3" RAW="1"></ELEMENT>
<ELEMENT ID="CQFJSMW" HEIGHT="150" PROMPT="Image2" SUB="IMAGE2_RAWURL" WIDTH="150" MINIMAL="0" TYPE="IMAGE" READONLY="1" BORDER="0" ZOOM="1" DATA="product:zoovy:prod_image2" RAW="1"></ELEMENT>
<ELEMENT ID="CQFJSMW" HEIGHT="0" PROMPT="Image2" SUB="IMAGE2_URL" WIDTH="0" MINIMAL="0" TYPE="IMAGE" READONLY="1" BORDER="0" ZOOM="1" DATA="product:zoovy:prod_image2" RAW="1"></ELEMENT>
<ELEMENT ID="CQFJSMV" HEIGHT="150" PROMPT="Image1" SUB="IMAGE1_RAWURL" WIDTH="150" MINIMAL="0" TYPE="IMAGE" READONLY="1" BORDER="0" ZOOM="1" DATA="product:zoovy:prod_image1" RAW="1"></ELEMENT>
<ELEMENT ID="CQFJSMV" HEIGHT="0" PROMPT="Image1" SUB="IMAGE1_URL" WIDTH="0" MINIMAL="0" TYPE="IMAGE" READONLY="1" BORDER="0" ZOOM="1" DATA="product:zoovy:prod_image1" RAW="1"></ELEMENT>
<ELEMENT ID="CQFJSNJ" TYPE="OUTPUT"><HTML><![CDATA[<div align="center">
<table cellspacing=0 cellpadding=5 border=4 width=95% background="%BGIMAGE1%">
	<tr>
		<td align="center">
<table cellspacing=0 cellpadding=0 border=0 width=90%>
	<tr>
		<td width=8 height=8><img src="http://www.zoovy.com/htmlwiz/borders/corner_ul.gif" width="8" height="8" alt="" border="0"></td>
		<td width=99% height=8 background="http://www.zoovy.com/htmlwiz/borders/top.gif"><img src="http://www.zoovy.com/htmlwiz/borders/top.gif" width="1" height="8" alt="" border="0"></td>
		<td width=8 height=8><img src="http://www.zoovy.com/htmlwiz/borders/corner_ur.gif" width="8" height="8" alt="" border="0"></td>
	</tr><tr>
		<td background="http://www.zoovy.com/htmlwiz/borders/left.gif"><img src="http://www.zoovy.com/htmlwiz/borders/left.gif" width="8" height="1" alt="" border="0"></td>
		<td bgcolor="#FFFFFF" align="center"><font size=3 color="%COLOR1%"><strong>%PRODUCT_NAME%</strong></td>
		<td background="http://www.zoovy.com/htmlwiz/borders/right.gif"><img src="http://www.zoovy.com/htmlwiz/borders/right.gif" width="8" height="1" alt="" border="0"></td>
	</tr><tr>
		<td><img src="http://www.zoovy.com/htmlwiz/borders/corner_ll.gif" width="8" height="8" alt="" border="0"></td>
		<td background="http://www.zoovy.com/htmlwiz/borders/bottom.gif"><img src="http://www.zoovy.com/htmlwiz/borders/bottom.gif" width="1" height="8" alt="" border="0"></td>
		<td><img src="http://www.zoovy.com/htmlwiz/borders/corner_lr.gif" width="8" height="8" alt="" border="0"></td>
	</tr>
</table>
<br>
<table cellspacing=0 cellpadding=0 border=0 width=90%>
	<tr>
		<td width=8 height=8><img src="http://www.zoovy.com/htmlwiz/borders/corner_ul.gif" width="8" height="8" alt="" border="0"></td>
		<td width=99% height=8 background="http://www.zoovy.com/htmlwiz/borders/top.gif"><img src="http://www.zoovy.com/htmlwiz/borders/top.gif" width="1" height="8" alt="" border="0"></td>
		<td width=8 height=8><img src="http://www.zoovy.com/htmlwiz/borders/corner_ur.gif" width="8" height="8" alt="" border="0"></td>
	</tr><tr>
		<td background="http://www.zoovy.com/htmlwiz/borders/left.gif"><img src="http://www.zoovy.com/htmlwiz/borders/left.gif" width="8" height="1" alt="" border="0"></td>
		<td bgcolor="#FFFFFF" align="center">
			<table cellspacing=0 cellpadding=5 border=0 width=100%>
				<tr>
					<td align="center">%IMAGE1%</td>
					<td align="center">%IMAGE2%</td>
				</tr><tr>
					<td align="center">%IMAGE3%</td>
					<td align="center">%IMAGE4%</td>
				</tr>
			</table>
		</td>
		<td background="http://www.zoovy.com/htmlwiz/borders/right.gif"><img src="http://www.zoovy.com/htmlwiz/borders/right.gif" width="8" height="1" alt="" border="0"></td>
	</tr><tr>
		<td><img src="http://www.zoovy.com/htmlwiz/borders/corner_ll.gif" width="8" height="8" alt="" border="0"></td>
		<td background="http://www.zoovy.com/htmlwiz/borders/bottom.gif"><img src="http://www.zoovy.com/htmlwiz/borders/bottom.gif" width="1" height="8" alt="" border="0"></td>
		<td><img src="http://www.zoovy.com/htmlwiz/borders/corner_lr.gif" width="8" height="8" alt="" border="0"></td>
	</tr>
</table>
<br>
<table cellspacing=0 cellpadding=0 border=0 width=90%>
	<tr>
		<td width=8 height=8><img src="http://www.zoovy.com/htmlwiz/borders/corner_ul.gif" width="8" height="8" alt="" border="0"></td>
		<td width=99% height=8 background="http://www.zoovy.com/htmlwiz/borders/top.gif"><img src="http://www.zoovy.com/htmlwiz/borders/top.gif" width="1" height="8" alt="" border="0"></td>
		<td width=8 height=8><img src="http://www.zoovy.com/htmlwiz/borders/corner_ur.gif" width="8" height="8" alt="" border="0"></td>
	</tr><tr>
		<td background="http://www.zoovy.com/htmlwiz/borders/left.gif"><img src="http://www.zoovy.com/htmlwiz/borders/left.gif" width="8" height="1" alt="" border="0"></td>
		<td bgcolor="#FFFFFF">%PRODUCT_DESC%</td>
		<td background="http://www.zoovy.com/htmlwiz/borders/right.gif"><img src="http://www.zoovy.com/htmlwiz/borders/right.gif" width="8" height="1" alt="" border="0"></td>
	</tr><tr>
		<td><img src="http://www.zoovy.com/htmlwiz/borders/corner_ll.gif" width="8" height="8" alt="" border="0"></td>
		<td background="http://www.zoovy.com/htmlwiz/borders/bottom.gif"><img src="http://www.zoovy.com/htmlwiz/borders/bottom.gif" width="1" height="8" alt="" border="0"></td>
		<td><img src="http://www.zoovy.com/htmlwiz/borders/corner_lr.gif" width="8" height="8" alt="" border="0"></td>
	</tr>
</table>
<br>
<table cellspacing=0 cellpadding=0 border=0 width=90%>
	<tr>
		<td width=8 height=8><img src="http://www.zoovy.com/htmlwiz/borders/corner_ul.gif" width="8" height="8" alt="" border="0"></td>
		<td width=99% height=8 background="http://www.zoovy.com/htmlwiz/borders/top.gif"><img src="http://www.zoovy.com/htmlwiz/borders/top.gif" width="1" height="8" alt="" border="0"></td>
		<td width=8 height=8><img src="http://www.zoovy.com/htmlwiz/borders/corner_ur.gif" width="8" height="8" alt="" border="0"></td>
	</tr><tr>
		<td background="http://www.zoovy.com/htmlwiz/borders/left.gif"><img src="http://www.zoovy.com/htmlwiz/borders/left.gif" width="8" height="1" alt="" border="0"></td>
		<td bgcolor="#FFFFFF"><div align="center"><font face="verdana" size=2>
					%COMPANY_LOGO%<br>
					%SUPPORT_PHONE%<br>
					%SUPPORT_EMAIL%<br></div>
					<p><font size=3 color="%COLOR1%"><strong>Payment Policy:</strong></font><br>%PAYMENT_POLICY%</p>
					<p><font size=3 color="%COLOR1%"><strong>Return Policy:</strong></font><br>%RETURN_POLICY%</p>
					<p><font size=3 color="%COLOR1%"><strong>Shipping Policy:</strong></font><br>%SHIPPING_POLICY%</p></td>
		<td background="http://www.zoovy.com/htmlwiz/borders/right.gif"><img src="http://www.zoovy.com/htmlwiz/borders/right.gif" width="8" height="1" alt="" border="0"></td>
	</tr><tr>
		<td><img src="http://www.zoovy.com/htmlwiz/borders/corner_ll.gif" width="8" height="8" alt="" border="0"></td>
		<td background="http://www.zoovy.com/htmlwiz/borders/bottom.gif"><img src="http://www.zoovy.com/htmlwiz/borders/bottom.gif" width="1" height="8" alt="" border="0"></td>
		<td><img src="http://www.zoovy.com/htmlwiz/borders/corner_lr.gif" width="8" height="8" alt="" border="0"></td>
	</tr>
</table>
</td></tr></table></div>]]></HTML>
</ELEMENT>

</TEMPLATE>