<TEMPLATE ID="choose_color-bg_color9" FORMAT="WIZARD">
<LIST ID="COLOR1" TYPE="TEXT">
<OPT T="Black" V="#000000"></OPT>
<OPT T="Blue" V="#0066FF"></OPT>
<OPT T="Brown" V="#663300"></OPT>
<OPT T="Green" V="#006600"></OPT>
<OPT T="Khaki" V="#CCCC99"></OPT>
<OPT T="Orange" V="#FF9900"></OPT>
<OPT T="Pink" V="#FF6699"></OPT>
<OPT T="Purple" V="#9900CC"></OPT>
<OPT T="Red" V="#990000"></OPT>
<OPT T="Yellow" V="#FFFF33"></OPT>
</LIST>


<!-- ******* -->
<ELEMENT ID="CQGDPQS" TYPE="CONFIG" IMAGES="30" TITLE="Choose color bg color9" CREATED="20030820" PROPERTIES="0"></ELEMENT>
<ELEMENT ID="CQFJSNX" SUB="SKU" TYPE="READONLY" DATA="FLOW::SKU"></ELEMENT>
<ELEMENT ID="CQFJSNY" SUB="PRODUCT" TYPE="READONLY" DATA="FLOW::PROD"></ELEMENT>
<ELEMENT ID="CQFJSNZ" SUB="USERNAME" TYPE="READONLY" DATA="FLOW::USERNAME"></ELEMENT>
<ELEMENT ID="CQFJSOA" SUB="MERCHANT" TYPE="READONLY" DATA="FLOW::USERNAME"></ELEMENT>
<ELEMENT ID="CQFJSNF" VALUE="1" SUB="COLOR1" PROMPT="Template Color" TYPE="SELECT" LIST="COLOR1" DATA="product:zoovy:color1"></ELEMENT>
<ELEMENT ID="CQFJSNG" SUB="PRODUCT_NAME" PROMPT="Product Name" TYPE="TEXTBOX" DATA="product:zoovy:prod_name"></ELEMENT>
<ELEMENT ID="CQFJSNH" SUB="PRODUCT_DESC" PROMPT="Product Description" TYPE="TEXTAREA" DATA="product:zoovy:prod_desc"></ELEMENT>
<ELEMENT HEIGHT="304" ID="CQFJSNI" WIDTH="304" SUB="IMAGE1" PROMPT="Big Image (304x304)" TYPE="IMAGE" BGCOLOR="ffffff" BORDER="0" ZOOM="1" DATA="product:zoovy:prod_image1"></ELEMENT>
<ELEMENT HEIGHT="150" ID="CQFJSNJ" WIDTH="150" SUB="IMAGE2" PROMPT="Top Left Image (150x150)" TYPE="IMAGE" BGCOLOR="ffffff" BORDER="0" ZOOM="1" DATA="product:zoovy:prod_image2"></ELEMENT>
<ELEMENT HEIGHT="150" ID="CQFJSNK" WIDTH="150" SUB="IMAGE3" PROMPT="Top Right Image (150x150)" TYPE="IMAGE" BGCOLOR="ffffff" BORDER="0" ZOOM="1" DATA="product:zoovy:prod_image3"></ELEMENT>
<ELEMENT HEIGHT="150" ID="CQFJSNL" WIDTH="150" SUB="IMAGE4" PROMPT="Middle Left Image (150x150)" TYPE="IMAGE" BGCOLOR="ffffff" BORDER="0" ZOOM="1" DATA="product:zoovy:prod_image4"></ELEMENT>
<ELEMENT HEIGHT="150" ID="CQFJSNM" WIDTH="150" SUB="IMAGE5" PROMPT="Middle Right Image (150x150)" TYPE="IMAGE" BGCOLOR="ffffff" BORDER="0" ZOOM="1" DATA="product:zoovy:prod_image5"></ELEMENT>
<ELEMENT HEIGHT="150" ID="CQFJSNN" WIDTH="150" SUB="IMAGE6" PROMPT="Bottom Left Image (150x150)" TYPE="IMAGE" BGCOLOR="ffffff" BORDER="0" ZOOM="1" DATA="product:zoovy:prod_image6"></ELEMENT>
<ELEMENT HEIGHT="150" ID="CQFJSNO" WIDTH="150" SUB="IMAGE7" PROMPT="Bottom Middle Left Image (150x150)" TYPE="IMAGE" BGCOLOR="ffffff" BORDER="0" ZOOM="1" DATA="product:zoovy:prod_image7"></ELEMENT>
<ELEMENT HEIGHT="150" ID="CQFJSNP" WIDTH="150" SUB="IMAGE8" PROMPT="Bottom Middle Right Image (150x150)" TYPE="IMAGE" BGCOLOR="ffffff" BORDER="0" ZOOM="1" DATA="product:zoovy:prod_image8"></ELEMENT>
<ELEMENT HEIGHT="150" ID="CQFJSNQ" WIDTH="150" SUB="IMAGE9" PROMPT="Bottom Right Image (150x150)" TYPE="IMAGE" BGCOLOR="ffffff" BORDER="0" ZOOM="1" DATA="product:zoovy:prod_image9"></ELEMENT>
<ELEMENT HEIGHT="100" ID="CQFJSNR" WIDTH="500" SUB="COMPANY_LOGO" PROMPT="Company Logo (500x100" TYPE="IMAGE" BGCOLOR="ffffff" DATA="merchant:zoovy:company_logo"></ELEMENT>
<ELEMENT ID="CQFJSNS" SUB="SUPPORT_PHONE" PROMPT="Support Phone" TYPE="TEXTBOX" DATA="merchant:zoovy:support_phone" COLS="50"></ELEMENT>
<ELEMENT ID="CQFJSNT" SUB="SUPPORT_EMAIL" PROMPT="Support Email" TYPE="TEXTBOX" VALIDATION="EMAIL" DATA="merchant:zoovy:support_email" COLS="50"></ELEMENT>
<ELEMENT ID="CQFJSNU" SUB="PAYMENT_POLICY" PROMPT="Payment Policy" TYPE="TEXTAREA" ROWS="5" DATA="merchant:zoovy:payment_policy" COLS="80"></ELEMENT>
<ELEMENT ID="CQFJSNV" SUB="RETURN_POLICY" PROMPT="Return Policy" TYPE="TEXTAREA" ROWS="5" DATA="merchant:zoovy:return_policy" COLS="80"></ELEMENT>
<ELEMENT ID="CQFJSNW" SUB="SHIPPING_POLICY" PROMPT="Shipping Policy" TYPE="TEXTAREA" ROWS="5" DATA="merchant:zoovy:shipping_policy" COLS="80"></ELEMENT>
<ELEMENT ID="CQFJSNR" HEIGHT="100" PROMPT="Company Logo (500x100" SUB="COMPANY_LOGO_RAWURL" WIDTH="500" MINIMAL="0" BGCOLOR="ffffff" TYPE="IMAGE" READONLY="1" DATA="merchant:zoovy:company_logo" RAW="1"></ELEMENT>
<ELEMENT ID="CQFJSNR" HEIGHT="0" PROMPT="Company Logo (500x100" SUB="COMPANY_LOGO_URL" WIDTH="0" MINIMAL="0" BGCOLOR="ffffff" TYPE="IMAGE" READONLY="1" DATA="merchant:zoovy:company_logo" RAW="1"></ELEMENT>
<ELEMENT ID="CQFJSNQ" HEIGHT="150" PROMPT="Bottom Right Image (150x150)" SUB="IMAGE9_RAWURL" WIDTH="150" MINIMAL="0" BGCOLOR="ffffff" TYPE="IMAGE" READONLY="1" BORDER="0" ZOOM="1" DATA="product:zoovy:prod_image9" RAW="1"></ELEMENT>
<ELEMENT ID="CQFJSNQ" HEIGHT="0" PROMPT="Bottom Right Image (150x150)" SUB="IMAGE9_URL" WIDTH="0" MINIMAL="0" BGCOLOR="ffffff" TYPE="IMAGE" READONLY="1" BORDER="0" ZOOM="1" DATA="product:zoovy:prod_image9" RAW="1"></ELEMENT>
<ELEMENT ID="CQFJSNP" HEIGHT="150" PROMPT="Bottom Middle Right Image (150x150)" SUB="IMAGE8_RAWURL" WIDTH="150" MINIMAL="0" BGCOLOR="ffffff" TYPE="IMAGE" READONLY="1" BORDER="0" ZOOM="1" DATA="product:zoovy:prod_image8" RAW="1"></ELEMENT>
<ELEMENT ID="CQFJSNP" HEIGHT="0" PROMPT="Bottom Middle Right Image (150x150)" SUB="IMAGE8_URL" WIDTH="0" MINIMAL="0" BGCOLOR="ffffff" TYPE="IMAGE" READONLY="1" BORDER="0" ZOOM="1" DATA="product:zoovy:prod_image8" RAW="1"></ELEMENT>
<ELEMENT ID="CQFJSNO" HEIGHT="150" PROMPT="Bottom Middle Left Image (150x150)" SUB="IMAGE7_RAWURL" WIDTH="150" MINIMAL="0" BGCOLOR="ffffff" TYPE="IMAGE" READONLY="1" BORDER="0" ZOOM="1" DATA="product:zoovy:prod_image7" RAW="1"></ELEMENT>
<ELEMENT ID="CQFJSNO" HEIGHT="0" PROMPT="Bottom Middle Left Image (150x150)" SUB="IMAGE7_URL" WIDTH="0" MINIMAL="0" BGCOLOR="ffffff" TYPE="IMAGE" READONLY="1" BORDER="0" ZOOM="1" DATA="product:zoovy:prod_image7" RAW="1"></ELEMENT>
<ELEMENT ID="CQFJSNN" HEIGHT="150" PROMPT="Bottom Left Image (150x150)" SUB="IMAGE6_RAWURL" WIDTH="150" MINIMAL="0" BGCOLOR="ffffff" TYPE="IMAGE" READONLY="1" BORDER="0" ZOOM="1" DATA="product:zoovy:prod_image6" RAW="1"></ELEMENT>
<ELEMENT ID="CQFJSNN" HEIGHT="0" PROMPT="Bottom Left Image (150x150)" SUB="IMAGE6_URL" WIDTH="0" MINIMAL="0" BGCOLOR="ffffff" TYPE="IMAGE" READONLY="1" BORDER="0" ZOOM="1" DATA="product:zoovy:prod_image6" RAW="1"></ELEMENT>
<ELEMENT ID="CQFJSNM" HEIGHT="150" PROMPT="Middle Right Image (150x150)" SUB="IMAGE5_RAWURL" WIDTH="150" MINIMAL="0" BGCOLOR="ffffff" TYPE="IMAGE" READONLY="1" BORDER="0" ZOOM="1" DATA="product:zoovy:prod_image5" RAW="1"></ELEMENT>
<ELEMENT ID="CQFJSNM" HEIGHT="0" PROMPT="Middle Right Image (150x150)" SUB="IMAGE5_URL" WIDTH="0" MINIMAL="0" BGCOLOR="ffffff" TYPE="IMAGE" READONLY="1" BORDER="0" ZOOM="1" DATA="product:zoovy:prod_image5" RAW="1"></ELEMENT>
<ELEMENT ID="CQFJSNL" HEIGHT="150" PROMPT="Middle Left Image (150x150)" SUB="IMAGE4_RAWURL" WIDTH="150" MINIMAL="0" BGCOLOR="ffffff" TYPE="IMAGE" READONLY="1" BORDER="0" ZOOM="1" DATA="product:zoovy:prod_image4" RAW="1"></ELEMENT>
<ELEMENT ID="CQFJSNL" HEIGHT="0" PROMPT="Middle Left Image (150x150)" SUB="IMAGE4_URL" WIDTH="0" MINIMAL="0" BGCOLOR="ffffff" TYPE="IMAGE" READONLY="1" BORDER="0" ZOOM="1" DATA="product:zoovy:prod_image4" RAW="1"></ELEMENT>
<ELEMENT ID="CQFJSNK" HEIGHT="150" PROMPT="Top Right Image (150x150)" SUB="IMAGE3_RAWURL" WIDTH="150" MINIMAL="0" BGCOLOR="ffffff" TYPE="IMAGE" READONLY="1" BORDER="0" ZOOM="1" DATA="product:zoovy:prod_image3" RAW="1"></ELEMENT>
<ELEMENT ID="CQFJSNK" HEIGHT="0" PROMPT="Top Right Image (150x150)" SUB="IMAGE3_URL" WIDTH="0" MINIMAL="0" BGCOLOR="ffffff" TYPE="IMAGE" READONLY="1" BORDER="0" ZOOM="1" DATA="product:zoovy:prod_image3" RAW="1"></ELEMENT>
<ELEMENT ID="CQFJSNJ" HEIGHT="150" PROMPT="Top Left Image (150x150)" SUB="IMAGE2_RAWURL" WIDTH="150" MINIMAL="0" BGCOLOR="ffffff" TYPE="IMAGE" READONLY="1" BORDER="0" ZOOM="1" DATA="product:zoovy:prod_image2" RAW="1"></ELEMENT>
<ELEMENT ID="CQFJSNJ" HEIGHT="0" PROMPT="Top Left Image (150x150)" SUB="IMAGE2_URL" WIDTH="0" MINIMAL="0" BGCOLOR="ffffff" TYPE="IMAGE" READONLY="1" BORDER="0" ZOOM="1" DATA="product:zoovy:prod_image2" RAW="1"></ELEMENT>
<ELEMENT ID="CQFJSNI" HEIGHT="304" PROMPT="Big Image (304x304)" SUB="IMAGE1_RAWURL" WIDTH="304" MINIMAL="0" BGCOLOR="ffffff" TYPE="IMAGE" READONLY="1" BORDER="0" ZOOM="1" DATA="product:zoovy:prod_image1" RAW="1"></ELEMENT>
<ELEMENT ID="CQFJSNI" HEIGHT="0" PROMPT="Big Image (304x304)" SUB="IMAGE1_URL" WIDTH="0" MINIMAL="0" BGCOLOR="ffffff" TYPE="IMAGE" READONLY="1" BORDER="0" ZOOM="1" DATA="product:zoovy:prod_image1" RAW="1"></ELEMENT>
<ELEMENT ID="CQFJSOB" TYPE="OUTPUT"><HTML><![CDATA[<div align="center">
<table cellspacing=0 cellpadding=5 border=4 width=90% bgcolor="%COLOR1%">
	<tr>
		<td align="center">
<table cellspacing=0 cellpadding=0 border=0 width=100%>
	<tr>
		<td width=8 height=8><img src="http://www.zoovy.com/htmlwiz/borders/corner_ul.gif" width="8" height="8" alt="" border="0"></td>
		<td width=99% height=8 background="http://www.zoovy.com/htmlwiz/borders/top.gif"><img src="http://www.zoovy.com/htmlwiz/borders/top.gif" width="1" height="8" alt="" border="0"></td>
		<td width=8 height=8><img src="http://www.zoovy.com/htmlwiz/borders/corner_ur.gif" width="8" height="8" alt="" border="0"></td>
	</tr><tr>
		<td background="http://www.zoovy.com/htmlwiz/borders/left.gif"><img src="http://www.zoovy.com/htmlwiz/borders/left.gif" width="8" height="1" alt="" border="0"></td>
		<td bgcolor="#FFFFFF" align="center"><font size=3><strong>%PRODUCT_NAME%</strong></td>
		<td background="http://www.zoovy.com/htmlwiz/borders/right.gif"><img src="http://www.zoovy.com/htmlwiz/borders/right.gif" width="8" height="1" alt="" border="0"></td>
	</tr><tr>
		<td><img src="http://www.zoovy.com/htmlwiz/borders/corner_ll.gif" width="8" height="8" alt="" border="0"></td>
		<td background="http://www.zoovy.com/htmlwiz/borders/bottom.gif"><img src="http://www.zoovy.com/htmlwiz/borders/bottom.gif" width="1" height="8" alt="" border="0"></td>
		<td><img src="http://www.zoovy.com/htmlwiz/borders/corner_lr.gif" width="8" height="8" alt="" border="0"></td>
	</tr>
</table>
<br>
<table cellspacing=0 cellpadding=0 border=0 width=100%>
	<tr>
		<td width=8 height=8><img src="http://www.zoovy.com/htmlwiz/borders/corner_ul.gif" width="8" height="8" alt="" border="0"></td>
		<td width=99% height=8 background="http://www.zoovy.com/htmlwiz/borders/top.gif"><img src="http://www.zoovy.com/htmlwiz/borders/top.gif" width="1" height="8" alt="" border="0"></td>
		<td width=8 height=8><img src="http://www.zoovy.com/htmlwiz/borders/corner_ur.gif" width="8" height="8" alt="" border="0"></td>
	</tr><tr>
		<td background="http://www.zoovy.com/htmlwiz/borders/left.gif"><img src="http://www.zoovy.com/htmlwiz/borders/left.gif" width="8" height="1" alt="" border="0"></td>
		<td bgcolor="#FFFFFF" align="center">
			<table cellspacing=0 cellpadding=2 border=0 width=600>
							<tr>
								<td align="right" rowspan=2 colspan=2>%IMAGE1%</td>
								<td  align="right">%IMAGE2%</td>
								<td align="left">%IMAGE3%</td>
							</tr><tr>
								<td  align="right">%IMAGE4%</td>
								<td align="left">%IMAGE5%</td>
							</tr><tr>
								<td>%IMAGE6%</td>
								<td>%IMAGE7%</td>
								<td >%IMAGE8%</td>
								<td >%IMAGE9%</td>
							</tr>
						</table>
		<font size=1 face="verdana">Click Images to Enlarge.</font>
		</td>
		<td background="http://www.zoovy.com/htmlwiz/borders/right.gif"><img src="http://www.zoovy.com/htmlwiz/borders/right.gif" width="8" height="1" alt="" border="0"></td>
	</tr><tr>
		<td><img src="http://www.zoovy.com/htmlwiz/borders/corner_ll.gif" width="8" height="8" alt="" border="0"></td>
		<td background="http://www.zoovy.com/htmlwiz/borders/bottom.gif"><img src="http://www.zoovy.com/htmlwiz/borders/bottom.gif" width="1" height="8" alt="" border="0"></td>
		<td><img src="http://www.zoovy.com/htmlwiz/borders/corner_lr.gif" width="8" height="8" alt="" border="0"></td>
	</tr>
</table>
<br>
<table cellspacing=0 cellpadding=0 border=0 width=100%>
	<tr>
		<td width=8 height=8><img src="http://www.zoovy.com/htmlwiz/borders/corner_ul.gif" width="8" height="8" alt="" border="0"></td>
		<td width=99% height=8 background="http://www.zoovy.com/htmlwiz/borders/top.gif"><img src="http://www.zoovy.com/htmlwiz/borders/top.gif" width="1" height="8" alt="" border="0"></td>
		<td width=8 height=8><img src="http://www.zoovy.com/htmlwiz/borders/corner_ur.gif" width="8" height="8" alt="" border="0"></td>
	</tr><tr>
		<td background="http://www.zoovy.com/htmlwiz/borders/left.gif"><img src="http://www.zoovy.com/htmlwiz/borders/left.gif" width="8" height="1" alt="" border="0"></td>
		<td bgcolor="#FFFFFF">%PRODUCT_DESC%</td>
		<td background="http://www.zoovy.com/htmlwiz/borders/right.gif"><img src="http://www.zoovy.com/htmlwiz/borders/right.gif" width="8" height="1" alt="" border="0"></td>
	</tr><tr>
		<td><img src="http://www.zoovy.com/htmlwiz/borders/corner_ll.gif" width="8" height="8" alt="" border="0"></td>
		<td background="http://www.zoovy.com/htmlwiz/borders/bottom.gif"><img src="http://www.zoovy.com/htmlwiz/borders/bottom.gif" width="1" height="8" alt="" border="0"></td>
		<td><img src="http://www.zoovy.com/htmlwiz/borders/corner_lr.gif" width="8" height="8" alt="" border="0"></td>
	</tr>
</table>
<br>
<table cellspacing=0 cellpadding=0 border=0 width=100%>
	<tr>
		<td width=8 height=8><img src="http://www.zoovy.com/htmlwiz/borders/corner_ul.gif" width="8" height="8" alt="" border="0"></td>
		<td width=99% height=8 background="http://www.zoovy.com/htmlwiz/borders/top.gif"><img src="http://www.zoovy.com/htmlwiz/borders/top.gif" width="1" height="8" alt="" border="0"></td>
		<td width=8 height=8><img src="http://www.zoovy.com/htmlwiz/borders/corner_ur.gif" width="8" height="8" alt="" border="0"></td>
	</tr><tr>
		<td background="http://www.zoovy.com/htmlwiz/borders/left.gif"><img src="http://www.zoovy.com/htmlwiz/borders/left.gif" width="8" height="1" alt="" border="0"></td>
		<td bgcolor="#FFFFFF"><div align="center"><font face="verdana" size=2>
					%COMPANY_LOGO%<br>
					%SUPPORT_PHONE%<br>
					%SUPPORT_EMAIL%<br></div>
					<p><strong>Payment Policy:</strong><br>%PAYMENT_POLICY%</p>
					<p><strong>Return Policy:</strong><br>%RETURN_POLICY%</p>
					<p><strong>Shipping Policy:</strong><br>%SHIPPING_POLICY%</p></td>
		<td background="http://www.zoovy.com/htmlwiz/borders/right.gif"><img src="http://www.zoovy.com/htmlwiz/borders/right.gif" width="8" height="1" alt="" border="0"></td>
	</tr><tr>
		<td><img src="http://www.zoovy.com/htmlwiz/borders/corner_ll.gif" width="8" height="8" alt="" border="0"></td>
		<td background="http://www.zoovy.com/htmlwiz/borders/bottom.gif"><img src="http://www.zoovy.com/htmlwiz/borders/bottom.gif" width="1" height="8" alt="" border="0"></td>
		<td><img src="http://www.zoovy.com/htmlwiz/borders/corner_lr.gif" width="8" height="8" alt="" border="0"></td>
	</tr>
</table>
</td></tr></table></div>]]></HTML>
</ELEMENT>

</TEMPLATE>