<TEMPLATE ID="choose_side_graphic-choose9" FORMAT="WIZARD">
<LIST ID="BGIMAGE1" TYPE="TEXT">
<OPT T="Black Hands" V="http://www.zoovy.com/htmlwiz/graphics/hands.gif"></OPT>
<OPT T="Green Leaves" V="http://www.zoovy.com/htmlwiz/graphics/leaves.gif"></OPT>
<OPT T="Purple Spheres" V="http://www.zoovy.com/htmlwiz/graphics/purple_bubbles.gif"></OPT>
<OPT T="Red Pins" V="http://www.zoovy.com/htmlwiz/graphics/redpins.gif"></OPT>
<OPT T="Red n Green Spheres" V="http://www.zoovy.com/htmlwiz/graphics/redgreen_bubbles.gif"></OPT>
<OPT T="Stars" V="http://www.zoovy.com/htmlwiz/graphics/lilstars.gif"></OPT>
<OPT T="Stars n Stripes" V="http://www.zoovy.com/htmlwiz/graphics/starsnstripes.gif"></OPT>
</LIST>


<!-- ******* -->
<ELEMENT ID="CQGDPRE" TYPE="CONFIG" IMAGES="30" TITLE="Choose side graphic choose9" CREATED="20030820" PROPERTIES="0"></ELEMENT>
<ELEMENT ID="CQFJSOD" SUB="SKU" TYPE="READONLY" DATA="FLOW::SKU"></ELEMENT>
<ELEMENT ID="CQFJSOE" SUB="PRODUCT" TYPE="READONLY" DATA="FLOW::PROD"></ELEMENT>
<ELEMENT ID="CQFJSOF" SUB="USERNAME" TYPE="READONLY" DATA="FLOW::USERNAME"></ELEMENT>
<ELEMENT ID="CQFJSOG" SUB="MERCHANT" TYPE="READONLY" DATA="FLOW::USERNAME"></ELEMENT>
<ELEMENT ID="CQFJSNJ" VALUE="1" SUB="BGIMAGE1" PROMPT="border image" TYPE="SELECT" LIST="BGIMAGE1" DATA="product:zoovy:bgimage1"></ELEMENT>
<ELEMENT ID="CQFJSNK" SUB="COLOR1" PROMPT="Highlight and footer text color (use hex with # or standard color" TYPE="TEXTBOX" DATA="product:zoovy:color1" COLS="100"></ELEMENT>
<ELEMENT ID="CQFJSNL" SUB="PRODUCT_NAME" PROMPT="Product Name" TYPE="TEXTBOX" DATA="product:zoovy:prod_name" COLS="100"></ELEMENT>
<ELEMENT HEIGHT="304" ID="CQFJSNM" WIDTH="304" SUB="IMAGE1" PROMPT="Big Image (304x304)" TYPE="IMAGE" BGCOLOR="ffffff" BORDER="0" ZOOM="1" DATA="product:zoovy:prod_image1"></ELEMENT>
<ELEMENT HEIGHT="150" ID="CQFJSNN" WIDTH="150" SUB="IMAGE2" PROMPT="Top Left Image (150x150)" TYPE="IMAGE" BGCOLOR="ffffff" BORDER="0" ZOOM="1" DATA="product:zoovy:prod_image2"></ELEMENT>
<ELEMENT HEIGHT="150" ID="CQFJSNO" WIDTH="150" SUB="IMAGE3" PROMPT="Top Right Image (150x150)" TYPE="IMAGE" BGCOLOR="ffffff" BORDER="0" ZOOM="1" DATA="product:zoovy:prod_image3"></ELEMENT>
<ELEMENT HEIGHT="150" ID="CQFJSNP" WIDTH="150" SUB="IMAGE4" PROMPT="Middle Left Image (150x150)" TYPE="IMAGE" BGCOLOR="ffffff" BORDER="0" ZOOM="1" DATA="product:zoovy:prod_image4"></ELEMENT>
<ELEMENT HEIGHT="150" ID="CQFJSNQ" WIDTH="150" SUB="IMAGE5" PROMPT="Middle Right Image (150x150)" TYPE="IMAGE" BGCOLOR="ffffff" BORDER="0" ZOOM="1" DATA="product:zoovy:prod_image5"></ELEMENT>
<ELEMENT HEIGHT="150" ID="CQFJSNR" WIDTH="150" SUB="IMAGE6" PROMPT="Bottom Left Image (150x150)" TYPE="IMAGE" BGCOLOR="ffffff" BORDER="0" ZOOM="1" DATA="product:zoovy:prod_image6"></ELEMENT>
<ELEMENT HEIGHT="150" ID="CQFJSNS" WIDTH="150" SUB="IMAGE7" PROMPT="Bottom Middle Left Image (150x150)" TYPE="IMAGE" BGCOLOR="ffffff" BORDER="0" ZOOM="1" DATA="product:zoovy:prod_image7"></ELEMENT>
<ELEMENT HEIGHT="150" ID="CQFJSNT" WIDTH="150" SUB="IMAGE8" PROMPT="Bottom Middle Right Image (150x150)" TYPE="IMAGE" BGCOLOR="ffffff" BORDER="0" ZOOM="1" DATA="product:zoovy:prod_image8"></ELEMENT>
<ELEMENT HEIGHT="150" ID="CQFJSNU" WIDTH="150" SUB="IMAGE9" PROMPT="Bottom Right Image (150x150)" TYPE="IMAGE" BGCOLOR="ffffff" BORDER="0" ZOOM="1" DATA="product:zoovy:prod_image9"></ELEMENT>
<ELEMENT ID="CQFJSNV" SUB="PRODUCT_DESCRIPTION" PROMPT="Product Description" TYPE="TEXTAREA" ROWS="5" DATA="product:zoovy:prod_desc" COLS="80"></ELEMENT>
<ELEMENT HEIGHT="100" ID="CQFJSNW" WIDTH="300" SUB="COMPANY_LOGO" PROMPT="Company Logo (calls actual size)" BGCOLOR="ffffff" TYPE="IMAGE" BORDER="0" DATA="merchant:zoovy:company_logo"></ELEMENT>
<ELEMENT ID="CQFJSNX" SUB="COMPANY_NAME" PROMPT="Company Name" TYPE="TEXTBOX" DATA="merchant:zoovy:company_name" COLS="100"></ELEMENT>
<ELEMENT ID="CQFJSNY" SUB="SUPPORT_PHONE" PROMPT="Support Phone" TYPE="TEXTBOX" DATA="merchant:zoovy:support_phone" COLS="50"></ELEMENT>
<ELEMENT ID="CQFJSNZ" SUB="SUPPORT_EMAIL" PROMPT="Support Email" TYPE="TEXTBOX" VALIDATION="EMAIL" DATA="merchant:zoovy:support_email" COLS="50"></ELEMENT>
<ELEMENT ID="CQFJSOA" SUB="SHIPPING_POLICY" PROMPT="Shipping and Tax" TYPE="TEXTAREA" ROWS="5" DATA="merchant:zoovy:shipping_policy" COLS="80"></ELEMENT>
<ELEMENT ID="CQFJSOB" SUB="PAYMENT_POLICY" PROMPT="Payment Policy" TYPE="TEXTAREA" ROWS="5" DATA="merchant:zoovy:payment_policy" COLS="80"></ELEMENT>
<ELEMENT ID="CQFJSOC" SUB="FOOTER" PROMPT="Auction Footer (should be short, not required)" TYPE="TEXTBOX" ROWS="5" DATA="merchant:zoovy:auction_footer" COLS="80"></ELEMENT>
<ELEMENT ID="CQFJSNW" HEIGHT="100" PROMPT="Company Logo (calls actual size)" SUB="COMPANY_LOGO_RAWURL" WIDTH="300" MINIMAL="0" TYPE="IMAGE" BGCOLOR="ffffff" READONLY="1" BORDER="0" DATA="merchant:zoovy:company_logo" RAW="1"></ELEMENT>
<ELEMENT ID="CQFJSNW" HEIGHT="0" PROMPT="Company Logo (calls actual size)" SUB="COMPANY_LOGO_URL" WIDTH="0" MINIMAL="0" TYPE="IMAGE" BGCOLOR="ffffff" READONLY="1" BORDER="0" DATA="merchant:zoovy:company_logo" RAW="1"></ELEMENT>
<ELEMENT ID="CQFJSNU" HEIGHT="150" PROMPT="Bottom Right Image (150x150)" SUB="IMAGE9_RAWURL" WIDTH="150" MINIMAL="0" BGCOLOR="ffffff" TYPE="IMAGE" READONLY="1" BORDER="0" ZOOM="1" DATA="product:zoovy:prod_image9" RAW="1"></ELEMENT>
<ELEMENT ID="CQFJSNU" HEIGHT="0" PROMPT="Bottom Right Image (150x150)" SUB="IMAGE9_URL" WIDTH="0" MINIMAL="0" BGCOLOR="ffffff" TYPE="IMAGE" READONLY="1" BORDER="0" ZOOM="1" DATA="product:zoovy:prod_image9" RAW="1"></ELEMENT>
<ELEMENT ID="CQFJSNT" HEIGHT="150" PROMPT="Bottom Middle Right Image (150x150)" SUB="IMAGE8_RAWURL" WIDTH="150" MINIMAL="0" BGCOLOR="ffffff" TYPE="IMAGE" READONLY="1" BORDER="0" ZOOM="1" DATA="product:zoovy:prod_image8" RAW="1"></ELEMENT>
<ELEMENT ID="CQFJSNT" HEIGHT="0" PROMPT="Bottom Middle Right Image (150x150)" SUB="IMAGE8_URL" WIDTH="0" MINIMAL="0" BGCOLOR="ffffff" TYPE="IMAGE" READONLY="1" BORDER="0" ZOOM="1" DATA="product:zoovy:prod_image8" RAW="1"></ELEMENT>
<ELEMENT ID="CQFJSNS" HEIGHT="150" PROMPT="Bottom Middle Left Image (150x150)" SUB="IMAGE7_RAWURL" WIDTH="150" MINIMAL="0" BGCOLOR="ffffff" TYPE="IMAGE" READONLY="1" BORDER="0" ZOOM="1" DATA="product:zoovy:prod_image7" RAW="1"></ELEMENT>
<ELEMENT ID="CQFJSNS" HEIGHT="0" PROMPT="Bottom Middle Left Image (150x150)" SUB="IMAGE7_URL" WIDTH="0" MINIMAL="0" BGCOLOR="ffffff" TYPE="IMAGE" READONLY="1" BORDER="0" ZOOM="1" DATA="product:zoovy:prod_image7" RAW="1"></ELEMENT>
<ELEMENT ID="CQFJSNR" HEIGHT="150" PROMPT="Bottom Left Image (150x150)" SUB="IMAGE6_RAWURL" WIDTH="150" MINIMAL="0" BGCOLOR="ffffff" TYPE="IMAGE" READONLY="1" BORDER="0" ZOOM="1" DATA="product:zoovy:prod_image6" RAW="1"></ELEMENT>
<ELEMENT ID="CQFJSNR" HEIGHT="0" PROMPT="Bottom Left Image (150x150)" SUB="IMAGE6_URL" WIDTH="0" MINIMAL="0" BGCOLOR="ffffff" TYPE="IMAGE" READONLY="1" BORDER="0" ZOOM="1" DATA="product:zoovy:prod_image6" RAW="1"></ELEMENT>
<ELEMENT ID="CQFJSNQ" HEIGHT="150" PROMPT="Middle Right Image (150x150)" SUB="IMAGE5_RAWURL" WIDTH="150" MINIMAL="0" BGCOLOR="ffffff" TYPE="IMAGE" READONLY="1" BORDER="0" ZOOM="1" DATA="product:zoovy:prod_image5" RAW="1"></ELEMENT>
<ELEMENT ID="CQFJSNQ" HEIGHT="0" PROMPT="Middle Right Image (150x150)" SUB="IMAGE5_URL" WIDTH="0" MINIMAL="0" BGCOLOR="ffffff" TYPE="IMAGE" READONLY="1" BORDER="0" ZOOM="1" DATA="product:zoovy:prod_image5" RAW="1"></ELEMENT>
<ELEMENT ID="CQFJSNP" HEIGHT="150" PROMPT="Middle Left Image (150x150)" SUB="IMAGE4_RAWURL" WIDTH="150" MINIMAL="0" BGCOLOR="ffffff" TYPE="IMAGE" READONLY="1" BORDER="0" ZOOM="1" DATA="product:zoovy:prod_image4" RAW="1"></ELEMENT>
<ELEMENT ID="CQFJSNP" HEIGHT="0" PROMPT="Middle Left Image (150x150)" SUB="IMAGE4_URL" WIDTH="0" MINIMAL="0" BGCOLOR="ffffff" TYPE="IMAGE" READONLY="1" BORDER="0" ZOOM="1" DATA="product:zoovy:prod_image4" RAW="1"></ELEMENT>
<ELEMENT ID="CQFJSNO" HEIGHT="150" PROMPT="Top Right Image (150x150)" SUB="IMAGE3_RAWURL" WIDTH="150" MINIMAL="0" BGCOLOR="ffffff" TYPE="IMAGE" READONLY="1" BORDER="0" ZOOM="1" DATA="product:zoovy:prod_image3" RAW="1"></ELEMENT>
<ELEMENT ID="CQFJSNO" HEIGHT="0" PROMPT="Top Right Image (150x150)" SUB="IMAGE3_URL" WIDTH="0" MINIMAL="0" BGCOLOR="ffffff" TYPE="IMAGE" READONLY="1" BORDER="0" ZOOM="1" DATA="product:zoovy:prod_image3" RAW="1"></ELEMENT>
<ELEMENT ID="CQFJSNN" HEIGHT="150" PROMPT="Top Left Image (150x150)" SUB="IMAGE2_RAWURL" WIDTH="150" MINIMAL="0" BGCOLOR="ffffff" TYPE="IMAGE" READONLY="1" BORDER="0" ZOOM="1" DATA="product:zoovy:prod_image2" RAW="1"></ELEMENT>
<ELEMENT ID="CQFJSNN" HEIGHT="0" PROMPT="Top Left Image (150x150)" SUB="IMAGE2_URL" WIDTH="0" MINIMAL="0" BGCOLOR="ffffff" TYPE="IMAGE" READONLY="1" BORDER="0" ZOOM="1" DATA="product:zoovy:prod_image2" RAW="1"></ELEMENT>
<ELEMENT ID="CQFJSNM" HEIGHT="304" PROMPT="Big Image (304x304)" SUB="IMAGE1_RAWURL" WIDTH="304" MINIMAL="0" BGCOLOR="ffffff" TYPE="IMAGE" READONLY="1" BORDER="0" ZOOM="1" DATA="product:zoovy:prod_image1" RAW="1"></ELEMENT>
<ELEMENT ID="CQFJSNM" HEIGHT="0" PROMPT="Big Image (304x304)" SUB="IMAGE1_URL" WIDTH="0" MINIMAL="0" BGCOLOR="ffffff" TYPE="IMAGE" READONLY="1" BORDER="0" ZOOM="1" DATA="product:zoovy:prod_image1" RAW="1"></ELEMENT>
<ELEMENT ID="CQFJSOH" TYPE="OUTPUT"><HTML><![CDATA[<div align="center">
<table cellspacing=0 cellpadding=0 border=0 width=700>
	<tr>	
		<td background="%BGIMAGE1%" width=90><img src="http://www.zoovy.com/images/blank.gif" width=90 height=1></td>
		<td width=600 align="center">
			<table cellspacing=0 cellpadding=5 border=0 width=100%>
				<tr>
					<td width=300></td>
					<td width=300></td>
				</tr><tr>
					<td align="center" colspan=2>
<font size=4 face="verdana" color="%COLOR1%">&nbsp;<strong>%PRODUCT_NAME%</strong>&nbsp;</font></td>
				</tr><tr>
					<td colspan=2>
						<table cellspacing=0 cellpadding=2 border=0 width=600>
							<tr>
								<td align="right" rowspan=2 colspan=2>%IMAGE1%</td>
								<td  align="right">%IMAGE2%</td>
								<td align="left">%IMAGE3%</td>
							</tr><tr>
								<td  align="right">%IMAGE4%</td>
								<td align="left">%IMAGE5%</td>
							</tr><tr>
								<td>%IMAGE6%</td>
								<td>%IMAGE7%</td>
								<td >%IMAGE8%</td>
								<td >%IMAGE9%</td>
							</tr>
						</table>
					</td>
				</tr><tr>
					<td colspan=2 align="center"><font size=1 face="verdana">[Click images to enlarge]</font>
					<br><img src="http://www.zoovy.com/images/blank.gif" width=610 height=2></td>
				</tr><tr>
					<td colspan=2>
					<p><font size=2 face="verdana">%PRODUCT_DESCRIPTION%</p></td>
				</tr><tr>
					<td align="center" colspan=2>
					<div align="center">%COMPANY_LOGO%
					<font size=2 face="verdana"><p>
		<strong>%COMPANY_NAME%</strong><br>
					%SUPPORT_PHONE%<br>
					%SUPPORT_EMAIL%</p>
					</td>
				</tr>
			</table>
			<table cellspacing=0 cellpadding=5 border=0 width=100%>
				<tr>
					<td bgcolor="#FFFFFF" nowrap valign="top" align="right"><font size=3 face="verdana" color="%COLOR1%"><strong>&nbsp;Shipping and Tax:&nbsp;</strong></font></td>
					<td bgcolor="#FFFFFF" valign="top"><ul><font size=2 face="verdana">%SHIPPING_POLICY%</ul></td>
				</tr><tr>
					<td bgcolor="#FFFFFF" nowrap valign="top" align="right"><font size=3 face="verdana" color="%COLOR1%"><strong>&nbsp;Payment Policy:&nbsp;</strong></font></td>
					<td bgcolor="#FFFFFF" valign="top" width=99%><ul><font size=2 face="verdana">%PAYMENT_POLICY%</ul></td>
				</tr>
			</table>
			<table cellspacing=0 cellpadding=5 border=0 width=100%>
				<tr>
					<td align="center">	
					<font size=3 face="verdana" color="%COLOR1%"><strong>%FOOTER%</strong></font>
				</td></tr>
			</table>
		</td>
	</tr>
</table>
</div>]]></HTML>
</ELEMENT>

</TEMPLATE>