<TEMPLATE ID="color-bg_color1" FORMAT="WIZARD">
<LIST ID="COLOR1" TYPE="TEXT">
<OPT T="Black" V="#000000"></OPT>
<OPT T="Blue" V="#0066FF"></OPT>
<OPT T="Brown" V="#663300"></OPT>
<OPT T="Green" V="#006600"></OPT>
<OPT T="Khaki" V="#CCCC99"></OPT>
<OPT T="Orange" V="#FF9900"></OPT>
<OPT T="Pink" V="#FF6699"></OPT>
<OPT T="Purple" V="#9900CC"></OPT>
<OPT T="Red" V="#990000"></OPT>
<OPT T="Yellow" V="#FFFF33"></OPT>
</LIST>


<!-- ******* -->
<ELEMENT ID="CQGDPAH" TYPE="CONFIG" IMAGES="6" CREATED="20020918" TITLE="Color bg color1" PROPERTIES="0"></ELEMENT>
<ELEMENT ID="CQFJSMT" SUB="SKU" TYPE="READONLY" DATA="FLOW::SKU"></ELEMENT>
<ELEMENT ID="CQFJSMU" SUB="PRODUCT" TYPE="READONLY" DATA="FLOW::PROD"></ELEMENT>
<ELEMENT ID="CQFJSMV" SUB="USERNAME" TYPE="READONLY" DATA="FLOW::USERNAME"></ELEMENT>
<ELEMENT ID="CQFJSMW" SUB="MERCHANT" TYPE="READONLY" DATA="FLOW::USERNAME"></ELEMENT>
<ELEMENT ID="CQFJSMJ" VALUE="1" SUB="COLOR1" PROMPT="Template Color" TYPE="SELECT" LIST="COLOR1" DATA="product:zoovy:color1"></ELEMENT>
<ELEMENT ID="CQFJSMK" SUB="PRODUCT_NAME" PROMPT="Product Name" TYPE="TEXTBOX" DATA="product:zoovy:prod_name"></ELEMENT>
<ELEMENT ID="CQFJSML" SUB="PRODUCT_DESC" PROMPT="Product Description" TYPE="TEXTAREA" DATA="product:zoovy:prod_desc"></ELEMENT>
<ELEMENT HEIGHT="500" ID="CQFJSMM" WIDTH="500" SUB="IMAGE1" PROMPT="Image (500x500)" TYPE="IMAGE" BGCOLOR="ffffff" BORDER="0" DATA="product:zoovy:prod_image1"></ELEMENT>
<ELEMENT HEIGHT="100" ID="CQFJSMN" WIDTH="500" SUB="COMPANY_LOGO" PROMPT="Company Logo (500x100" TYPE="IMAGE" BGCOLOR="ffffff" DATA="merchant:zoovy:company_logo"></ELEMENT>
<ELEMENT ID="CQFJSMO" SUB="SUPPORT_PHONE" PROMPT="Support Phone" TYPE="TEXTBOX" DATA="merchant:zoovy:support_phone" COLS="50"></ELEMENT>
<ELEMENT ID="CQFJSMP" SUB="SUPPORT_EMAIL" PROMPT="Support Email" TYPE="TEXTBOX" DATA="merchant:zoovy:support_email" COLS="50"></ELEMENT>
<ELEMENT ID="CQFJSMQ" SUB="PAYMENT_POLICY" PROMPT="Payment Policy" TYPE="TEXTAREA" ROWS="5" DATA="merchant:zoovy:payment_policy" COLS="80"></ELEMENT>
<ELEMENT ID="CQFJSMR" SUB="RETURN_POLICY" PROMPT="Return Policy" TYPE="TEXTAREA" ROWS="5" DATA="merchant:zoovy:return_policy" COLS="80"></ELEMENT>
<ELEMENT ID="CQFJSMS" SUB="SHIPPING_POLICY" PROMPT="Shipping Policy" TYPE="TEXTAREA" ROWS="5" DATA="merchant:zoovy:shipping_policy" COLS="80"></ELEMENT>
<ELEMENT ID="CQFJSMN" HEIGHT="100" PROMPT="Company Logo (500x100" SUB="COMPANY_LOGO_RAWURL" WIDTH="500" MINIMAL="0" BGCOLOR="ffffff" TYPE="IMAGE" READONLY="1" DATA="merchant:zoovy:company_logo" RAW="1"></ELEMENT>
<ELEMENT ID="CQFJSMN" HEIGHT="0" PROMPT="Company Logo (500x100" SUB="COMPANY_LOGO_URL" WIDTH="0" MINIMAL="0" BGCOLOR="ffffff" TYPE="IMAGE" READONLY="1" DATA="merchant:zoovy:company_logo" RAW="1"></ELEMENT>
<ELEMENT ID="CQFJSMM" HEIGHT="500" PROMPT="Image (500x500)" SUB="IMAGE1_RAWURL" WIDTH="500" MINIMAL="0" BGCOLOR="ffffff" TYPE="IMAGE" READONLY="1" BORDER="0" DATA="product:zoovy:prod_image1" RAW="1"></ELEMENT>
<ELEMENT ID="CQFJSMM" HEIGHT="0" PROMPT="Image (500x500)" SUB="IMAGE1_URL" WIDTH="0" MINIMAL="0" BGCOLOR="ffffff" TYPE="IMAGE" READONLY="1" BORDER="0" DATA="product:zoovy:prod_image1" RAW="1"></ELEMENT>
<ELEMENT ID="CQFJSMX" TYPE="OUTPUT"><HTML><![CDATA[<div align="center">
<table cellspacing=0 cellpadding=5 border=4 width=90% bgcolor="%COLOR1%">
	<tr>
		<td align="center">
<table cellspacing=0 cellpadding=0 border=0 width=100%>
	<tr>
		<td width=8 height=8><img src="http://www.zoovy.com/htmlwiz/borders/corner_ul.gif" width="8" height="8" alt="" border="0"></td>
		<td width=99% height=8 background="http://www.zoovy.com/htmlwiz/borders/top.gif"><img src="http://www.zoovy.com/htmlwiz/borders/top.gif" width="1" height="8" alt="" border="0"></td>
		<td width=8 height=8><img src="http://www.zoovy.com/htmlwiz/borders/corner_ur.gif" width="8" height="8" alt="" border="0"></td>
	</tr><tr>
		<td background="http://www.zoovy.com/htmlwiz/borders/left.gif"><img src="http://www.zoovy.com/htmlwiz/borders/left.gif" width="8" height="1" alt="" border="0"></td>
		<td bgcolor="#FFFFFF" align="center"><font size=3><strong>%PRODUCT_NAME%</strong></td>
		<td background="http://www.zoovy.com/htmlwiz/borders/right.gif"><img src="http://www.zoovy.com/htmlwiz/borders/right.gif" width="8" height="1" alt="" border="0"></td>
	</tr><tr>
		<td><img src="http://www.zoovy.com/htmlwiz/borders/corner_ll.gif" width="8" height="8" alt="" border="0"></td>
		<td background="http://www.zoovy.com/htmlwiz/borders/bottom.gif"><img src="http://www.zoovy.com/htmlwiz/borders/bottom.gif" width="1" height="8" alt="" border="0"></td>
		<td><img src="http://www.zoovy.com/htmlwiz/borders/corner_lr.gif" width="8" height="8" alt="" border="0"></td>
	</tr>
</table>
<br>
<table cellspacing=0 cellpadding=0 border=0 width=100%>
	<tr>
		<td width=8 height=8><img src="http://www.zoovy.com/htmlwiz/borders/corner_ul.gif" width="8" height="8" alt="" border="0"></td>
		<td width=99% height=8 background="http://www.zoovy.com/htmlwiz/borders/top.gif"><img src="http://www.zoovy.com/htmlwiz/borders/top.gif" width="1" height="8" alt="" border="0"></td>
		<td width=8 height=8><img src="http://www.zoovy.com/htmlwiz/borders/corner_ur.gif" width="8" height="8" alt="" border="0"></td>
	</tr><tr>
		<td background="http://www.zoovy.com/htmlwiz/borders/left.gif"><img src="http://www.zoovy.com/htmlwiz/borders/left.gif" width="8" height="1" alt="" border="0"></td>
		<td bgcolor="#FFFFFF" align="center">
%IMAGE1%
		</td>
		<td background="http://www.zoovy.com/htmlwiz/borders/right.gif"><img src="http://www.zoovy.com/htmlwiz/borders/right.gif" width="8" height="1" alt="" border="0"></td>
	</tr><tr>
		<td><img src="http://www.zoovy.com/htmlwiz/borders/corner_ll.gif" width="8" height="8" alt="" border="0"></td>
		<td background="http://www.zoovy.com/htmlwiz/borders/bottom.gif"><img src="http://www.zoovy.com/htmlwiz/borders/bottom.gif" width="1" height="8" alt="" border="0"></td>
		<td><img src="http://www.zoovy.com/htmlwiz/borders/corner_lr.gif" width="8" height="8" alt="" border="0"></td>
	</tr>
</table>
<br>
<table cellspacing=0 cellpadding=0 border=0 width=100%>
	<tr>
		<td width=8 height=8><img src="http://www.zoovy.com/htmlwiz/borders/corner_ul.gif" width="8" height="8" alt="" border="0"></td>
		<td width=99% height=8 background="http://www.zoovy.com/htmlwiz/borders/top.gif"><img src="http://www.zoovy.com/htmlwiz/borders/top.gif" width="1" height="8" alt="" border="0"></td>
		<td width=8 height=8><img src="http://www.zoovy.com/htmlwiz/borders/corner_ur.gif" width="8" height="8" alt="" border="0"></td>
	</tr><tr>
		<td background="http://www.zoovy.com/htmlwiz/borders/left.gif"><img src="http://www.zoovy.com/htmlwiz/borders/left.gif" width="8" height="1" alt="" border="0"></td>
		<td bgcolor="#FFFFFF">%PRODUCT_DESC%</td>
		<td background="http://www.zoovy.com/htmlwiz/borders/right.gif"><img src="http://www.zoovy.com/htmlwiz/borders/right.gif" width="8" height="1" alt="" border="0"></td>
	</tr><tr>
		<td><img src="http://www.zoovy.com/htmlwiz/borders/corner_ll.gif" width="8" height="8" alt="" border="0"></td>
		<td background="http://www.zoovy.com/htmlwiz/borders/bottom.gif"><img src="http://www.zoovy.com/htmlwiz/borders/bottom.gif" width="1" height="8" alt="" border="0"></td>
		<td><img src="http://www.zoovy.com/htmlwiz/borders/corner_lr.gif" width="8" height="8" alt="" border="0"></td>
	</tr>
</table>
<br>
<table cellspacing=0 cellpadding=0 border=0 width=100%>
	<tr>
		<td width=8 height=8><img src="http://www.zoovy.com/htmlwiz/borders/corner_ul.gif" width="8" height="8" alt="" border="0"></td>
		<td width=99% height=8 background="http://www.zoovy.com/htmlwiz/borders/top.gif"><img src="http://www.zoovy.com/htmlwiz/borders/top.gif" width="1" height="8" alt="" border="0"></td>
		<td width=8 height=8><img src="http://www.zoovy.com/htmlwiz/borders/corner_ur.gif" width="8" height="8" alt="" border="0"></td>
	</tr><tr>
		<td background="http://www.zoovy.com/htmlwiz/borders/left.gif"><img src="http://www.zoovy.com/htmlwiz/borders/left.gif" width="8" height="1" alt="" border="0"></td>
		<td bgcolor="#FFFFFF"><div align="center"><font face="verdana" size=2>
					%COMPANY_LOGO%<br>
					%SUPPORT_PHONE%<br>
					%SUPPORT_EMAIL%<br></div>
					<p><strong>Payment Policy:</strong><br>%PAYMENT_POLICY%</p>
					<p><strong>Return Policy:</strong><br>%RETURN_POLICY%</p>
					<p><strong>Shipping Policy:</strong><br>%SHIPPING_POLICY%</p></td>
		<td background="http://www.zoovy.com/htmlwiz/borders/right.gif"><img src="http://www.zoovy.com/htmlwiz/borders/right.gif" width="8" height="1" alt="" border="0"></td>
	</tr><tr>
		<td><img src="http://www.zoovy.com/htmlwiz/borders/corner_ll.gif" width="8" height="8" alt="" border="0"></td>
		<td background="http://www.zoovy.com/htmlwiz/borders/bottom.gif"><img src="http://www.zoovy.com/htmlwiz/borders/bottom.gif" width="1" height="8" alt="" border="0"></td>
		<td><img src="http://www.zoovy.com/htmlwiz/borders/corner_lr.gif" width="8" height="8" alt="" border="0"></td>
	</tr>
</table>
</td></tr></table></div>]]></HTML>
</ELEMENT>

</TEMPLATE>