<TEMPLATE ID="color-bg_color5" FORMAT="WIZARD">
<LIST ID="COLOR1" TYPE="TEXT">
<OPT T="Black" V="#000000"></OPT>
<OPT T="Blue" V="#0066FF"></OPT>
<OPT T="Brown" V="#663300"></OPT>
<OPT T="Green" V="#006600"></OPT>
<OPT T="Khaki" V="#CCCC99"></OPT>
<OPT T="Orange" V="#FF9900"></OPT>
<OPT T="Pink" V="#FF6699"></OPT>
<OPT T="Purple" V="#9900CC"></OPT>
<OPT T="Red" V="#990000"></OPT>
<OPT T="Yellow" V="#FFFF33"></OPT>
</LIST>


<!-- ******* -->
<ELEMENT ID="CQGDPAL" TYPE="CONFIG" IMAGES="18" CREATED="20020918" TITLE="Color bg color5" PROPERTIES="0"></ELEMENT>
<ELEMENT ID="CQFJSMY" SUB="SKU" TYPE="READONLY" DATA="FLOW::SKU"></ELEMENT>
<ELEMENT ID="CQFJSMZ" SUB="PRODUCT" TYPE="READONLY" DATA="FLOW::PROD"></ELEMENT>
<ELEMENT ID="CQFJSNA" SUB="USERNAME" TYPE="READONLY" DATA="FLOW::USERNAME"></ELEMENT>
<ELEMENT ID="CQFJSNB" SUB="MERCHANT" TYPE="READONLY" DATA="FLOW::USERNAME"></ELEMENT>
<ELEMENT ID="CQFJSMK" VALUE="1" SUB="COLOR1" PROMPT="Template Color" TYPE="SELECT" LIST="COLOR1" DATA="product:zoovy:color1"></ELEMENT>
<ELEMENT ID="CQFJSML" SUB="PRODUCT_NAME" PROMPT="Product Name" TYPE="TEXTBOX" DATA="product:zoovy:prod_name"></ELEMENT>
<ELEMENT ID="CQFJSMM" SUB="PRODUCT_DESC" PROMPT="Product Description" TYPE="TEXTAREA" DATA="product:zoovy:prod_desc"></ELEMENT>
<ELEMENT HEIGHT="304" ID="CQFJSMN" WIDTH="304" SUB="IMAGE1" PROMPT="Big Image (304x304)" TYPE="IMAGE" BGCOLOR="ffffff" BORDER="0" ZOOM="1" DATA="product:zoovy:prod_image1"></ELEMENT>
<ELEMENT HEIGHT="150" ID="CQFJSMO" WIDTH="150" SUB="IMAGE2" PROMPT="Top Left Image (150x150)" TYPE="IMAGE" BGCOLOR="ffffff" BORDER="0" ZOOM="1" DATA="product:zoovy:prod_image2"></ELEMENT>
<ELEMENT HEIGHT="150" ID="CQFJSMP" WIDTH="150" SUB="IMAGE3" PROMPT="Top Right Image (150x150)" TYPE="IMAGE" BGCOLOR="ffffff" BORDER="0" ZOOM="1" DATA="product:zoovy:prod_image3"></ELEMENT>
<ELEMENT HEIGHT="150" ID="CQFJSMQ" WIDTH="150" SUB="IMAGE4" PROMPT="Bottom Left Image (150x150)" TYPE="IMAGE" BGCOLOR="ffffff" BORDER="0" ZOOM="1" DATA="product:zoovy:prod_image4"></ELEMENT>
<ELEMENT HEIGHT="150" ID="CQFJSMR" WIDTH="150" SUB="IMAGE5" PROMPT="Bottom Right Image (150x150)" TYPE="IMAGE" BGCOLOR="ffffff" BORDER="0" ZOOM="1" DATA="product:zoovy:prod_image5"></ELEMENT>
<ELEMENT HEIGHT="100" ID="CQFJSMS" WIDTH="500" SUB="COMPANY_LOGO" PROMPT="Company Logo (500x100" TYPE="IMAGE" BGCOLOR="ffffff" DATA="merchant:zoovy:company_logo"></ELEMENT>
<ELEMENT ID="CQFJSMT" SUB="SUPPORT_PHONE" PROMPT="Support Phone" TYPE="TEXTBOX" DATA="merchant:zoovy:support_phone" COLS="50"></ELEMENT>
<ELEMENT ID="CQFJSMU" SUB="SUPPORT_EMAIL" PROMPT="Support Email" TYPE="TEXTBOX" DATA="merchant:zoovy:support_email" COLS="50"></ELEMENT>
<ELEMENT ID="CQFJSMV" SUB="PAYMENT_POLICY" PROMPT="Payment Policy" TYPE="TEXTAREA" ROWS="5" DATA="merchant:zoovy:payment_policy" COLS="80"></ELEMENT>
<ELEMENT ID="CQFJSMW" SUB="RETURN_POLICY" PROMPT="Return Policy" TYPE="TEXTAREA" ROWS="5" DATA="merchant:zoovy:return_policy" COLS="80"></ELEMENT>
<ELEMENT ID="CQFJSMX" SUB="SHIPPING_POLICY" PROMPT="Shipping Policy" TYPE="TEXTAREA" ROWS="5" DATA="merchant:zoovy:shipping_policy" COLS="80"></ELEMENT>
<ELEMENT ID="CQFJSMS" HEIGHT="100" PROMPT="Company Logo (500x100" SUB="COMPANY_LOGO_RAWURL" WIDTH="500" MINIMAL="0" BGCOLOR="ffffff" TYPE="IMAGE" READONLY="1" DATA="merchant:zoovy:company_logo" RAW="1"></ELEMENT>
<ELEMENT ID="CQFJSMS" HEIGHT="0" PROMPT="Company Logo (500x100" SUB="COMPANY_LOGO_URL" WIDTH="0" MINIMAL="0" BGCOLOR="ffffff" TYPE="IMAGE" READONLY="1" DATA="merchant:zoovy:company_logo" RAW="1"></ELEMENT>
<ELEMENT ID="CQFJSMR" HEIGHT="150" PROMPT="Bottom Right Image (150x150)" SUB="IMAGE5_RAWURL" WIDTH="150" MINIMAL="0" BGCOLOR="ffffff" TYPE="IMAGE" READONLY="1" BORDER="0" ZOOM="1" DATA="product:zoovy:prod_image5" RAW="1"></ELEMENT>
<ELEMENT ID="CQFJSMR" HEIGHT="0" PROMPT="Bottom Right Image (150x150)" SUB="IMAGE5_URL" WIDTH="0" MINIMAL="0" BGCOLOR="ffffff" TYPE="IMAGE" READONLY="1" BORDER="0" ZOOM="1" DATA="product:zoovy:prod_image5" RAW="1"></ELEMENT>
<ELEMENT ID="CQFJSMQ" HEIGHT="150" PROMPT="Bottom Left Image (150x150)" SUB="IMAGE4_RAWURL" WIDTH="150" MINIMAL="0" BGCOLOR="ffffff" TYPE="IMAGE" READONLY="1" BORDER="0" ZOOM="1" DATA="product:zoovy:prod_image4" RAW="1"></ELEMENT>
<ELEMENT ID="CQFJSMQ" HEIGHT="0" PROMPT="Bottom Left Image (150x150)" SUB="IMAGE4_URL" WIDTH="0" MINIMAL="0" BGCOLOR="ffffff" TYPE="IMAGE" READONLY="1" BORDER="0" ZOOM="1" DATA="product:zoovy:prod_image4" RAW="1"></ELEMENT>
<ELEMENT ID="CQFJSMP" HEIGHT="150" PROMPT="Top Right Image (150x150)" SUB="IMAGE3_RAWURL" WIDTH="150" MINIMAL="0" BGCOLOR="ffffff" TYPE="IMAGE" READONLY="1" BORDER="0" ZOOM="1" DATA="product:zoovy:prod_image3" RAW="1"></ELEMENT>
<ELEMENT ID="CQFJSMP" HEIGHT="0" PROMPT="Top Right Image (150x150)" SUB="IMAGE3_URL" WIDTH="0" MINIMAL="0" BGCOLOR="ffffff" TYPE="IMAGE" READONLY="1" BORDER="0" ZOOM="1" DATA="product:zoovy:prod_image3" RAW="1"></ELEMENT>
<ELEMENT ID="CQFJSMO" HEIGHT="150" PROMPT="Top Left Image (150x150)" SUB="IMAGE2_RAWURL" WIDTH="150" MINIMAL="0" BGCOLOR="ffffff" TYPE="IMAGE" READONLY="1" BORDER="0" ZOOM="1" DATA="product:zoovy:prod_image2" RAW="1"></ELEMENT>
<ELEMENT ID="CQFJSMO" HEIGHT="0" PROMPT="Top Left Image (150x150)" SUB="IMAGE2_URL" WIDTH="0" MINIMAL="0" BGCOLOR="ffffff" TYPE="IMAGE" READONLY="1" BORDER="0" ZOOM="1" DATA="product:zoovy:prod_image2" RAW="1"></ELEMENT>
<ELEMENT ID="CQFJSMN" HEIGHT="304" PROMPT="Big Image (304x304)" SUB="IMAGE1_RAWURL" WIDTH="304" MINIMAL="0" BGCOLOR="ffffff" TYPE="IMAGE" READONLY="1" BORDER="0" ZOOM="1" DATA="product:zoovy:prod_image1" RAW="1"></ELEMENT>
<ELEMENT ID="CQFJSMN" HEIGHT="0" PROMPT="Big Image (304x304)" SUB="IMAGE1_URL" WIDTH="0" MINIMAL="0" BGCOLOR="ffffff" TYPE="IMAGE" READONLY="1" BORDER="0" ZOOM="1" DATA="product:zoovy:prod_image1" RAW="1"></ELEMENT>
<ELEMENT ID="CQFJSNC" TYPE="OUTPUT"><HTML><![CDATA[<div align="center">
<table cellspacing=0 cellpadding=5 border=4 width=90% bgcolor="%COLOR1%">
	<tr>
		<td align="center">
<table cellspacing=0 cellpadding=0 border=0 width=100%>
	<tr>
		<td width=8 height=8><img src="http://www.zoovy.com/htmlwiz/borders/corner_ul.gif" width="8" height="8" alt="" border="0"></td>
		<td width=99% height=8 background="http://www.zoovy.com/htmlwiz/borders/top.gif"><img src="http://www.zoovy.com/htmlwiz/borders/top.gif" width="1" height="8" alt="" border="0"></td>
		<td width=8 height=8><img src="http://www.zoovy.com/htmlwiz/borders/corner_ur.gif" width="8" height="8" alt="" border="0"></td>
	</tr><tr>
		<td background="http://www.zoovy.com/htmlwiz/borders/left.gif"><img src="http://www.zoovy.com/htmlwiz/borders/left.gif" width="8" height="1" alt="" border="0"></td>
		<td bgcolor="#FFFFFF" align="center"><font size=3><strong>%PRODUCT_NAME%</strong></td>
		<td background="http://www.zoovy.com/htmlwiz/borders/right.gif"><img src="http://www.zoovy.com/htmlwiz/borders/right.gif" width="8" height="1" alt="" border="0"></td>
	</tr><tr>
		<td><img src="http://www.zoovy.com/htmlwiz/borders/corner_ll.gif" width="8" height="8" alt="" border="0"></td>
		<td background="http://www.zoovy.com/htmlwiz/borders/bottom.gif"><img src="http://www.zoovy.com/htmlwiz/borders/bottom.gif" width="1" height="8" alt="" border="0"></td>
		<td><img src="http://www.zoovy.com/htmlwiz/borders/corner_lr.gif" width="8" height="8" alt="" border="0"></td>
	</tr>
</table>
<br>
<table cellspacing=0 cellpadding=0 border=0 width=100%>
	<tr>
		<td width=8 height=8><img src="http://www.zoovy.com/htmlwiz/borders/corner_ul.gif" width="8" height="8" alt="" border="0"></td>
		<td width=99% height=8 background="http://www.zoovy.com/htmlwiz/borders/top.gif"><img src="http://www.zoovy.com/htmlwiz/borders/top.gif" width="1" height="8" alt="" border="0"></td>
		<td width=8 height=8><img src="http://www.zoovy.com/htmlwiz/borders/corner_ur.gif" width="8" height="8" alt="" border="0"></td>
	</tr><tr>
		<td background="http://www.zoovy.com/htmlwiz/borders/left.gif"><img src="http://www.zoovy.com/htmlwiz/borders/left.gif" width="8" height="1" alt="" border="0"></td>
		<td bgcolor="#FFFFFF" align="center">
<table cellspacing=0 cellpadding=2 border=0 width=600>
							<tr>
								<td align="right" rowspan=2>%IMAGE1%</td>
								<td align="right">%IMAGE2%</td>
								<td align="left">%IMAGE3%</td>
							</tr><tr>
								<td align="right">%IMAGE4%</td>
								<td align="left" >%IMAGE5%</td>
							</tr>
						</table>
		<font size=1 face="verdana">Click Images to Enlarge.</font>
		</td>
		<td background="http://www.zoovy.com/htmlwiz/borders/right.gif"><img src="http://www.zoovy.com/htmlwiz/borders/right.gif" width="8" height="1" alt="" border="0"></td>
	</tr><tr>
		<td><img src="http://www.zoovy.com/htmlwiz/borders/corner_ll.gif" width="8" height="8" alt="" border="0"></td>
		<td background="http://www.zoovy.com/htmlwiz/borders/bottom.gif"><img src="http://www.zoovy.com/htmlwiz/borders/bottom.gif" width="1" height="8" alt="" border="0"></td>
		<td><img src="http://www.zoovy.com/htmlwiz/borders/corner_lr.gif" width="8" height="8" alt="" border="0"></td>
	</tr>
</table>
<br>
<table cellspacing=0 cellpadding=0 border=0 width=100%>
	<tr>
		<td width=8 height=8><img src="http://www.zoovy.com/htmlwiz/borders/corner_ul.gif" width="8" height="8" alt="" border="0"></td>
		<td width=99% height=8 background="http://www.zoovy.com/htmlwiz/borders/top.gif"><img src="http://www.zoovy.com/htmlwiz/borders/top.gif" width="1" height="8" alt="" border="0"></td>
		<td width=8 height=8><img src="http://www.zoovy.com/htmlwiz/borders/corner_ur.gif" width="8" height="8" alt="" border="0"></td>
	</tr><tr>
		<td background="http://www.zoovy.com/htmlwiz/borders/left.gif"><img src="http://www.zoovy.com/htmlwiz/borders/left.gif" width="8" height="1" alt="" border="0"></td>
		<td bgcolor="#FFFFFF">%PRODUCT_DESC%</td>
		<td background="http://www.zoovy.com/htmlwiz/borders/right.gif"><img src="http://www.zoovy.com/htmlwiz/borders/right.gif" width="8" height="1" alt="" border="0"></td>
	</tr><tr>
		<td><img src="http://www.zoovy.com/htmlwiz/borders/corner_ll.gif" width="8" height="8" alt="" border="0"></td>
		<td background="http://www.zoovy.com/htmlwiz/borders/bottom.gif"><img src="http://www.zoovy.com/htmlwiz/borders/bottom.gif" width="1" height="8" alt="" border="0"></td>
		<td><img src="http://www.zoovy.com/htmlwiz/borders/corner_lr.gif" width="8" height="8" alt="" border="0"></td>
	</tr>
</table>
<br>
<table cellspacing=0 cellpadding=0 border=0 width=100%>
	<tr>
		<td width=8 height=8><img src="http://www.zoovy.com/htmlwiz/borders/corner_ul.gif" width="8" height="8" alt="" border="0"></td>
		<td width=99% height=8 background="http://www.zoovy.com/htmlwiz/borders/top.gif"><img src="http://www.zoovy.com/htmlwiz/borders/top.gif" width="1" height="8" alt="" border="0"></td>
		<td width=8 height=8><img src="http://www.zoovy.com/htmlwiz/borders/corner_ur.gif" width="8" height="8" alt="" border="0"></td>
	</tr><tr>
		<td background="http://www.zoovy.com/htmlwiz/borders/left.gif"><img src="http://www.zoovy.com/htmlwiz/borders/left.gif" width="8" height="1" alt="" border="0"></td>
		<td bgcolor="#FFFFFF"><div align="center"><font face="verdana" size=2>
					%COMPANY_LOGO%<br>
					%SUPPORT_PHONE%<br>
					%SUPPORT_EMAIL%<br></div>
					<p><strong>Payment Policy:</strong><br>%PAYMENT_POLICY%</p>
					<p><strong>Return Policy:</strong><br>%RETURN_POLICY%</p>
					<p><strong>Shipping Policy:</strong><br>%SHIPPING_POLICY%</p></td>
		<td background="http://www.zoovy.com/htmlwiz/borders/right.gif"><img src="http://www.zoovy.com/htmlwiz/borders/right.gif" width="8" height="1" alt="" border="0"></td>
	</tr><tr>
		<td><img src="http://www.zoovy.com/htmlwiz/borders/corner_ll.gif" width="8" height="8" alt="" border="0"></td>
		<td background="http://www.zoovy.com/htmlwiz/borders/bottom.gif"><img src="http://www.zoovy.com/htmlwiz/borders/bottom.gif" width="1" height="8" alt="" border="0"></td>
		<td><img src="http://www.zoovy.com/htmlwiz/borders/corner_lr.gif" width="8" height="8" alt="" border="0"></td>
	</tr>
</table>
</td></tr></table></div>]]></HTML>
</ELEMENT>

</TEMPLATE>