<TEMPLATE ID="custom" FORMAT="WIZARD">


<!-- ******* -->
<ELEMENT ID="CQGDPSL" TYPE="CONFIG" IMAGES="0" TITLE="Custom" CREATED="19691231" PROPERTIES="0"></ELEMENT>
<ELEMENT ID="CQFFGMN" SUB="SKU" TYPE="READONLY" DATA="FLOW::SKU"></ELEMENT>
<ELEMENT ID="CQFFGMO" SUB="PRODUCT" TYPE="READONLY" DATA="FLOW::PROD"></ELEMENT>
<ELEMENT ID="CQFFGMP" SUB="USERNAME" TYPE="READONLY" DATA="FLOW::USERNAME"></ELEMENT>
<ELEMENT ID="CQFFGMQ" SUB="MERCHANT" TYPE="READONLY" DATA="FLOW::USERNAME"></ELEMENT>
<ELEMENT ID="XXY" TYPE="TEXTAREA" TITLE="Custom HTML Description" OPTIONS="HTML" ROWS="25" DATA="product:zoovy:html" COLS="100"></ELEMENT>

</TEMPLATE>