<TEMPLATE ID="gen2-packaged" FORMAT="WIZARD">


<!-- ******* -->
<ELEMENT ID="CQGDPAC" TYPE="CONFIG" IMAGES="15" CREATED="20050418" TITLE="Packaged" PROPERTIES="2"></ELEMENT>
<ELEMENT ID="CQFJSMW" SUB="SKU" TYPE="READONLY" DATA="FLOW::SKU"></ELEMENT>
<ELEMENT ID="CQFJSMX" SUB="PRODUCT" TYPE="READONLY" DATA="FLOW::PROD"></ELEMENT>
<ELEMENT ID="CQFJSMY" SUB="USERNAME" TYPE="READONLY" DATA="FLOW::USERNAME"></ELEMENT>
<ELEMENT ID="CQFJSMZ" SUB="MERCHANT" TYPE="READONLY" DATA="FLOW::USERNAME"></ELEMENT>
<ELEMENT ID="CQFJSMH" SUB="PRODUCT_NAME" PROMPT="Product Name" TYPE="TEXTBOX" DATA="product:zoovy:prod_name" COLS="100"></ELEMENT>
<ELEMENT ID="CQFJSMI" SUB="PRODUCT_DESC" PROMPT="Product Description" TYPE="TEXTAREA" ROWS="5" DATA="product:zoovy:prod_desc" COLS="80"></ELEMENT>
<ELEMENT HEIGHT="150" ID="CQFJSMJ" WIDTH="150" SUB="IMAGE1" PROMPT="Image (150x150)" TYPE="IMAGE" BGCOLOR="FFFFFF" BORDER="0" ZOOM="1" DATA="product:zoovy:prod_image1"></ELEMENT>
<ELEMENT HEIGHT="150" ID="CQFJSMK" WIDTH="150" SUB="IMAGE2" PROMPT="Image2 (150x150)" TYPE="IMAGE" BGCOLOR="FFFFFF" BORDER="0" ZOOM="1" DATA="product:zoovy:prod_image2"></ELEMENT>
<ELEMENT HEIGHT="150" ID="CQFJSML" WIDTH="150" SUB="IMAGE3" PROMPT="Image3 (150x150)" TYPE="IMAGE" BGCOLOR="FFFFFF" BORDER="0" ZOOM="1" DATA="product:zoovy:prod_image3"></ELEMENT>
<ELEMENT HEIGHT="150" ID="CQFJSMM" WIDTH="150" SUB="IMAGE4" PROMPT="Image4 (150x150)" TYPE="IMAGE" BGCOLOR="FFFFFF" BORDER="0" ZOOM="1" DATA="product:zoovy:prod_image4"></ELEMENT>
<ELEMENT HEIGHT="90" ID="CQFJSMN" WIDTH="250" SUB="LOGO" PROMPT="Company Logo" TYPE="IMAGE" BORDER="0" DATA="merchant:zoovy:company_logo"></ELEMENT>
<ELEMENT ID="CQFJSMO" SUB="ABOUT" PROMPT="About Us" TYPE="TEXTAREA" ROWS="5" DATA="merchant:zoovy:about" COLS="80"></ELEMENT>
<ELEMENT ID="CQFJSMP" SUB="SHIPPING_POLICY" PROMPT="Shipping and Tax" TYPE="TEXTAREA" ROWS="5" DATA="merchant:zoovy:shipping_policy" COLS="80"></ELEMENT>
<ELEMENT ID="CQFJSMQ" SUB="RETURN_POLICY" PROMPT="Return Policy" TYPE="TEXTAREA" ROWS="5" DATA="merchant:zoovy:return_policy" COLS="80"></ELEMENT>
<ELEMENT ID="CQFJSMR" SUB="PAYMENT_POLICY" PROMPT="Payment Policy" TYPE="TEXTAREA" ROWS="5" DATA="merchant:zoovy:payment_policy" COLS="80"></ELEMENT>
<ELEMENT ID="CQFJSMS" SUB="TITLE1" OPERATION="NB" TYPE="IF" FALSE="" DATA="merchant:zoovy:about"><TRUE><![CDATA[ <a href="#about" class="menu">About Us</a>&nbsp;&nbsp;&nbsp;]]></TRUE>
</ELEMENT>
<ELEMENT ID="CQFJSMT" SUB="TITLE2" OPERATION="NB" TYPE="IF" FALSE="" DATA="merchant:zoovy:shipping_policy"><TRUE><![CDATA[ <a href="#shipping" class="menu">Shipping</a>&nbsp;&nbsp;&nbsp;]]></TRUE>
</ELEMENT>
<ELEMENT ID="CQFJSMU" SUB="TITLE3" OPERATION="NB" TYPE="IF" FALSE="" DATA="merchant:zoovy:return_policy"><TRUE><![CDATA[ <a href="#return" class="menu">Return</a>&nbsp;&nbsp;&nbsp;]]></TRUE>
</ELEMENT>
<ELEMENT ID="CQFJSMV" SUB="TITLE4" OPERATION="NB" TYPE="IF" FALSE="" DATA="merchant:zoovy:payment_policy"><TRUE><![CDATA[ <a href="#payment" class="menu">Payment Policy</a> ]]></TRUE>
</ELEMENT>
<ELEMENT ID="CQFJSMN" HEIGHT="90" PROMPT="Company Logo" SUB="LOGO_RAWURL" WIDTH="250" MINIMAL="0" TYPE="IMAGE" READONLY="1" BORDER="0" DATA="merchant:zoovy:company_logo" RAW="1"></ELEMENT>
<ELEMENT ID="CQFJSMN" HEIGHT="0" PROMPT="Company Logo" SUB="LOGO_URL" WIDTH="0" MINIMAL="0" TYPE="IMAGE" READONLY="1" BORDER="0" DATA="merchant:zoovy:company_logo" RAW="1"></ELEMENT>
<ELEMENT ID="CQFJSMM" HEIGHT="150" PROMPT="Image4 (150x150)" SUB="IMAGE4_RAWURL" WIDTH="150" MINIMAL="0" BGCOLOR="FFFFFF" TYPE="IMAGE" READONLY="1" BORDER="0" ZOOM="1" DATA="product:zoovy:prod_image4" RAW="1"></ELEMENT>
<ELEMENT ID="CQFJSMM" HEIGHT="0" PROMPT="Image4 (150x150)" SUB="IMAGE4_URL" WIDTH="0" MINIMAL="0" BGCOLOR="FFFFFF" TYPE="IMAGE" READONLY="1" BORDER="0" ZOOM="1" DATA="product:zoovy:prod_image4" RAW="1"></ELEMENT>
<ELEMENT ID="CQFJSML" HEIGHT="150" PROMPT="Image3 (150x150)" SUB="IMAGE3_RAWURL" WIDTH="150" MINIMAL="0" BGCOLOR="FFFFFF" TYPE="IMAGE" READONLY="1" BORDER="0" ZOOM="1" DATA="product:zoovy:prod_image3" RAW="1"></ELEMENT>
<ELEMENT ID="CQFJSML" HEIGHT="0" PROMPT="Image3 (150x150)" SUB="IMAGE3_URL" WIDTH="0" MINIMAL="0" BGCOLOR="FFFFFF" TYPE="IMAGE" READONLY="1" BORDER="0" ZOOM="1" DATA="product:zoovy:prod_image3" RAW="1"></ELEMENT>
<ELEMENT ID="CQFJSMK" HEIGHT="150" PROMPT="Image2 (150x150)" SUB="IMAGE2_RAWURL" WIDTH="150" MINIMAL="0" BGCOLOR="FFFFFF" TYPE="IMAGE" READONLY="1" BORDER="0" ZOOM="1" DATA="product:zoovy:prod_image2" RAW="1"></ELEMENT>
<ELEMENT ID="CQFJSMK" HEIGHT="0" PROMPT="Image2 (150x150)" SUB="IMAGE2_URL" WIDTH="0" MINIMAL="0" BGCOLOR="FFFFFF" TYPE="IMAGE" READONLY="1" BORDER="0" ZOOM="1" DATA="product:zoovy:prod_image2" RAW="1"></ELEMENT>
<ELEMENT ID="CQFJSMJ" HEIGHT="150" PROMPT="Image (150x150)" SUB="IMAGE1_RAWURL" WIDTH="150" MINIMAL="0" BGCOLOR="FFFFFF" TYPE="IMAGE" READONLY="1" BORDER="0" ZOOM="1" DATA="product:zoovy:prod_image1" RAW="1"></ELEMENT>
<ELEMENT ID="CQFJSMJ" HEIGHT="0" PROMPT="Image (150x150)" SUB="IMAGE1_URL" WIDTH="0" MINIMAL="0" BGCOLOR="FFFFFF" TYPE="IMAGE" READONLY="1" BORDER="0" ZOOM="1" DATA="product:zoovy:prod_image1" RAW="1"></ELEMENT>
<ELEMENT ID="CQFJSNA" TYPE="OUTPUT"><HTML><![CDATA[<style  rel="stylesheet" type="text/css">
.title	{font-family: arial, sans serif; color: #DB1C22; font-size: 16px; font-weight: bold;}
.menu	{font-family: arial, sans serif; color: #FFFFFF; font-size: 11px; font-weight: bold; text-decoration: none;}
.content	{font-family: arial, sans serif; color: #000000; font-size: 12px;}
</style>
<body>
<div align="center">
<table cellspacing=0 cellpadding=0 border=0 width=90%><tr>
<td>
	<table cellspacing=0 cellpadding=0 border=0 width=375><tr>
	<td width=15 rowspan=2><img src="http://www.zoovy.com/images/blank.gif" width="15" height="1" alt="" border="0"></td>
	<td width=13 height=13><img src="http://www.zoovy.com/images/htmlwiz/packaged/logo_left.gif" width="13" height="13" alt="" border="0"></td>
	<td background="http://www.zoovy.com/images/htmlwiz/packaged/logo_top.gif" width=334><img src="http://www.zoovy.com/images/blank.gif" width="1" height="1" alt="" border="0"></td>
	<td width=13><img src="http://www.zoovy.com/images/htmlwiz/packaged/logo_right.gif" width="13" height="13" alt="" border="0"></td>
	</tr><tr>
	<td colspan=3>
		<table cellspacing=0 cellpadding=0 width=360 border=0><tr>
		<td width=2 bgcolor="#921719" rowspan=2><img src="http://www.zoovy.com/images/blank.gif" width="2" height="1" alt="" border="0"></td>
		<td width=344 valign="middle" align="center">%LOGO%</td>
		<td width=2 bgcolor="#921719" rowspan=2><img src="http://www.zoovy.com/images/blank.gif" width="2" height="1" alt="" border="0"></td>
		</tr><tr>
		<td height=5></td></tr>
		</table>
	</td></tr>
	</table>
	<table cellspacing=0 cellpadding=0 width=100%><tr>
	<td width=15><img src="http://www.zoovy.com/images/htmlwiz/packaged/menu_left.gif" width="15" height="41" alt="" border="0"></td>
	<td background="http://www.zoovy.com/images/htmlwiz/packaged/menu_bg.gif" align="right" class="menu"><a href="#about" class="menu">Company Info</a>  |  <a href="#shipping" class="menu">Shipping Policy</a>  |  <a href="#return" class="menu">Return Policy</a>  |  <a href="#payment" class="menu">Payment Policy</a>&nbsp;</td>
	<td width=15 align="right"><img src="http://www.zoovy.com/images/htmlwiz/packaged/menu_right.gif" width="15" height="41" alt="" border="0"></td></tr>
	</table>
	<table cellspacing=0 cellpadding=0 border=0 width=100%><tr>
	<td width=15 rowspan=3><img src="http://www.zoovy.com/images/blank.gif" width="15" height="1" alt="" border="0"></td>
	<td width=12 valign="top"><img src="http://www.zoovy.com/images/htmlwiz/packaged/image_upperleft.gif" width="12" height="9" alt="" border="0"></td>
	<td background="http://www.zoovy.com/images/htmlwiz/packaged/image_upperleftbg.gif"><img src="http://www.zoovy.com/images/blank.gif" width="1" height="1" alt="" border="0"></td>
	<td width=11><img src="http://www.zoovy.com/images/htmlwiz/packaged/image_uppermiddle.gif" width="11" height="16" alt="" border="0"></td>
	<td width=350><img src="http://www.zoovy.com/images/blank.gif" width="1" height="1" alt="" border="0"></td>
	<td background="http://www.zoovy.com/images/htmlwiz/packaged/image_rightbg.gif" width=11><img src="image_rightbg.gif" width="11" height="1" alt="" border="0"></td>
	<td width=15 rowspan=3><img src="http://www.zoovy.com/images/blank.gif" width="15" height="1" alt="" border="0"></td>
	</tr><tr>
	<td></td>
	<td valign="top" class="content"><p class="title">%PRODUCT_NAME%</p><p>%PRODUCT_DESC%&nbsp;</p></td>
	<td background="http://www.zoovy.com/images/htmlwiz/packaged/image_middlebg.gif" valign="bottom"><img src="http://www.zoovy.com/images/htmlwiz/packaged/image_lowermiddle.gif" width="11" height="27" alt="" border="0"></td>
	<td valign="top" align="center">
		<table><tr>
		<td>%IMAGE1%</td>
		<td>%IMAGE2%</td>
		</tr><tr>
		<td>%IMAGE3%</td>
		<td>%IMAGE4%</td></tr>
		</table>
	</td>
	<td background="http://www.zoovy.com/images/htmlwiz/packaged/image_rightbg.gif" width=11 valign="bottom" align="right"><img src="http://www.zoovy.com/images/htmlwiz/packaged/image_rightmiddle.gif" width="3" height="44" alt="" border="0"></td>
	</tr><tr>
	<td colspan=2></td>
	<td valign="top" colspan=3>
		<table cellspacing=0 cellpadding=0 border=0 width=100%><tr>
		<td background="http://www.zoovy.com/images/htmlwiz/packaged/image_bottommiddlebg.gif"><img src="http://www.zoovy.com/images/htmlwiz/packaged/image_bottomleft.gif" width="18" height="11" alt="" border="0"></td>
		<td background="http://www.zoovy.com/images/htmlwiz/packaged/image_bottommiddlebg.gif" align="right"><img src="http://www.zoovy.com/images/htmlwiz/packaged/image_bottomright.gif" width="11" height="11" alt="" border="0"></td></tr>
		</table>
	</td>
	</tr>
	</table>		
	<table cellspacing=0 cellpadding=0 border=0 width=100%><tr>
	<td width=15><img src="http://www.zoovy.com/images/blank.gif" width="15" height="1" alt="" border="0"></td>
	<td><br>
		<table cellspacing=0 cellpadding=0 border=0 width=100%><tr>
		<td>
			<table cellspacing=0 cellpadding=0 border=0 width=100%><tr>
			<td width=7><img src="http://www.zoovy.com/images/htmlwiz/packaged/minimenu_leftcap.gif" width="7" height="24" alt="" border="0"></td>
			<td width=200 background="http://www.zoovy.com/images/htmlwiz/packaged/minimenu_textbg.gif" class="menu">Company&nbsp;Information<a name="about"></a></td>
			<td width=7><img src="http://www.zoovy.com/images/htmlwiz/packaged/minimenu_rightcap.gif" width="7" height="24" alt="" border="0"></td>
			<td background="http://www.zoovy.com/images/htmlwiz/packaged/minimenu_bg.gif"><img src="http://www.zoovy.com/images/htmlwiz/packaged/minimenu_bg.gif" width="1" height="24" alt="" border="0"></td>
			<td width=8 valign="bottom"><img src="http://www.zoovy.com/images/htmlwiz/packaged/minimenu_urcorner.gif" width="8" height="10" alt="" border="0"></td></tr>
			</table>
		</td>
		</tr><tr>
		<td>
			<table cellspacing=0 cellpadding=0 border=0 width=100%>
			<tr>
			<td colspan=5>
				<table cellspacing=0 cellpadding=0 border=0 width=100%><tr>
				<td width=15></td>
				<td width=2 bgcolor="#921719" valign="bottom"><img src="http://www.zoovy.com/images/htmlwiz/packaged/gradient.gif" width="2" height="29" alt="" border="0"></td>
				<td width=15 bgcolor="#EFEFEF"><img src="http://www.zoovy.com/images/blank.gif" width="15" height="1" alt="" border="0"></td>
				<td bgcolor="#EFEFEF" class="content">%ABOUT%&nbsp;</td>
				<td width=15 bgcolor="#EFEFEF"><img src="http://www.zoovy.com/images/blank.gif" width="15" height="1" alt="" border="0"></td>
				<td width=2 bgcolor="#921719" valign="bottom"><img src="http://www.zoovy.com/images/htmlwiz/packaged/gradient.gif" width="2" height="29" alt="" border="0"></td></tr>
				</table>
			</td>
			</tr><tr>
			<td colspan=5>
				<table cellspacing=0 cellpadding=0 border=0 width=100%><tr>
				<td width=15><img src="http://www.zoovy.com/images/blank.gif" width="15" height="1" alt="" border="0"></td>
				<td background="http://www.zoovy.com/images/htmlwiz/packaged/minimenu_lowerbg.gif"><img src="http://www.zoovy.com/images/htmlwiz/packaged/minimenu_llcorner.gif" width="8" height="8" alt="" border="0"></td>
				<td align="right" background="http://www.zoovy.com/images/htmlwiz/packaged/minimenu_lowerbg.gif"><img src="http://www.zoovy.com/images/htmlwiz/packaged/minimenu_lrcorner.gif" width="8" height="8" alt="" border="0"></td></tr>
				</table>
			</td></tr>
			</table>
		</td></tr>
		</table>	
<br>
<table cellspacing=0 cellpadding=0 border=0 width=100%><tr><td>
	<table cellspacing=0 cellpadding=0 border=0 width=100%><tr>
	<td width=7><img src="http://www.zoovy.com/images/htmlwiz/packaged/minimenu_leftcap.gif" width="7" height="24" alt="" border="0"></td>
	<td width=200 background="http://www.zoovy.com/images/htmlwiz/packaged/minimenu_textbg.gif" class="menu">Shipping Policy<a name="shipping"></a></td>
	<td width=7><img src="http://www.zoovy.com/images/htmlwiz/packaged/minimenu_rightcap.gif" width="7" height="24" alt="" border="0"></td>
	<td background="http://www.zoovy.com/images/htmlwiz/packaged/minimenu_bg.gif"><img src="http://www.zoovy.com/images/htmlwiz/packaged/minimenu_bg.gif" width="1" height="24" alt="" border="0"></td>
	<td width=8 valign="bottom"><img src="http://www.zoovy.com/images/htmlwiz/packaged/minimenu_urcorner.gif" width="8" height="10" alt="" border="0"></td>
	</tr></table>
</td></tr>
<tr><td><table cellspacing=0 cellpadding=0 border=0 width=100%>
<tr>
	<td colspan=5><table cellspacing=0 cellpadding=0 border=0 width=100%><tr>
<td width=15></td>
<td width=2 bgcolor="#921719" valign="bottom"><img src="http://www.zoovy.com/images/htmlwiz/packaged/gradient.gif" width="2" height="29" alt="" border="0"></td>
<td width=15 bgcolor="#EFEFEF"><img src="http://www.zoovy.com/images/blank.gif" width="15" height="1" alt="" border="0"></td>
<td bgcolor="#EFEFEF" class="content">%SHIPPING_POLICY%&nbsp;</td>
<td width=15 bgcolor="#EFEFEF"><img src="http://www.zoovy.com/images/blank.gif" width="15" height="1" alt="" border="0"></td>
<td width=2 bgcolor="#921719" valign="bottom"><img src="http://www.zoovy.com/images/htmlwiz/packaged/gradient.gif" width="2" height="29" alt="" border="0"></td>
</tr></table></td>
</tr><tr>
	<td colspan=5><table cellspacing=0 cellpadding=0 border=0 width=100%><tr>
	<td width=15><img src="http://www.zoovy.com/images/blank.gif" width="15" height="1" alt="" border="0"></td>
<td background="http://www.zoovy.com/images/htmlwiz/packaged/minimenu_lowerbg.gif"><img src="http://www.zoovy.com/images/htmlwiz/packaged/minimenu_llcorner.gif" width="8" height="8" alt="" border="0"></td>
<td align="right" background="http://www.zoovy.com/images/htmlwiz/packaged/minimenu_lowerbg.gif"><img src="http://www.zoovy.com/images/htmlwiz/packaged/minimenu_lrcorner.gif" width="8" height="8" alt="" border="0"></td>
</tr></table></td></tr></table></td></tr></table>
<br>
<table cellspacing=0 cellpadding=0 border=0 width=100%><tr><td>
	<table cellspacing=0 cellpadding=0 border=0 width=100%><tr>
	<td width=7><img src="http://www.zoovy.com/images/htmlwiz/packaged/minimenu_leftcap.gif" width="7" height="24" alt="" border="0"></td>
	<td width=200 background="http://www.zoovy.com/images/htmlwiz/packaged/minimenu_textbg.gif" class="menu">Return&nbsp;Policy<a name="return"></a></td>
	<td width=7><img src="http://www.zoovy.com/images/htmlwiz/packaged/minimenu_rightcap.gif" width="7" height="24" alt="" border="0"></td>
	<td background="http://www.zoovy.com/images/htmlwiz/packaged/minimenu_bg.gif"><img src="http://www.zoovy.com/images/htmlwiz/packaged/minimenu_bg.gif" width="1" height="24" alt="" border="0"></td>
	<td width=8 valign="bottom"><img src="http://www.zoovy.com/images/htmlwiz/packaged/minimenu_urcorner.gif" width="8" height="10" alt="" border="0"></td>
	</tr></table>
</td></tr>
<tr><td><table cellspacing=0 cellpadding=0 border=0 width=100%>
<tr>
	<td colspan=5><table cellspacing=0 cellpadding=0 border=0 width=100%><tr>
<td width=15></td>
<td width=2 bgcolor="#921719" valign="bottom"><img src="http://www.zoovy.com/images/htmlwiz/packaged/gradient.gif" width="2" height="29" alt="" border="0"></td>
<td width=15 bgcolor="#EFEFEF"><img src="http://www.zoovy.com/images/blank.gif" width="15" height="1" alt="" border="0"></td>
<td bgcolor="#EFEFEF" class="content">%RETURN_POLICY%&nbsp;</td>
<td width=15 bgcolor="#EFEFEF"><img src="http://www.zoovy.com/images/blank.gif" width="15" height="1" alt="" border="0"></td>
<td width=2 bgcolor="#921719" valign="bottom"><img src="http://www.zoovy.com/images/htmlwiz/packaged/gradient.gif" width="2" height="29" alt="" border="0"></td>
</tr></table></td>
</tr><tr>
	<td colspan=5><table cellspacing=0 cellpadding=0 border=0 width=100%><tr>
	<td width=15><img src="http://www.zoovy.com/images/blank.gif" width="15" height="1" alt="" border="0"></td>
<td background="http://www.zoovy.com/images/htmlwiz/packaged/minimenu_lowerbg.gif"><img src="http://www.zoovy.com/images/htmlwiz/packaged/minimenu_llcorner.gif" width="8" height="8" alt="" border="0"></td>
<td align="right" background="http://www.zoovy.com/images/htmlwiz/packaged/minimenu_lowerbg.gif"><img src="http://www.zoovy.com/images/htmlwiz/packaged/minimenu_lrcorner.gif" width="8" height="8" alt="" border="0"></td>
</tr></table></td></tr></table></td></tr></table>
<br>
<br>
<table cellspacing=0 cellpadding=0 border=0 width=100%><tr><td>
	<table cellspacing=0 cellpadding=0 border=0 width=100%><tr>
	<td width=7><img src="http://www.zoovy.com/images/htmlwiz/packaged/minimenu_leftcap.gif" width="7" height="24" alt="" border="0"></td>
	<td width=200 background="http://www.zoovy.com/images/htmlwiz/packaged/minimenu_textbg.gif" class="menu">Payment&nbsp;Policy<a name="payment"></a></td>
	<td width=7><img src="http://www.zoovy.com/images/htmlwiz/packaged/minimenu_rightcap.gif" width="7" height="24" alt="" border="0"></td>
	<td background="http://www.zoovy.com/images/htmlwiz/packaged/minimenu_bg.gif"><img src="http://www.zoovy.com/images/htmlwiz/packaged/minimenu_bg.gif" width="1" height="24" alt="" border="0"></td>
	<td width=8 valign="bottom"><img src="http://www.zoovy.com/images/htmlwiz/packaged/minimenu_urcorner.gif" width="8" height="10" alt="" border="0"></td>
	</tr></table>
</td></tr>
<tr><td><table cellspacing=0 cellpadding=0 border=0 width=100%>
<tr>
	<td colspan=5><table cellspacing=0 cellpadding=0 border=0 width=100%><tr>
<td width=15></td>
<td width=2 bgcolor="#921719" valign="bottom"><img src="http://www.zoovy.com/images/htmlwiz/packaged/gradient.gif" width="2" height="29" alt="" border="0"></td>
<td width=15 bgcolor="#EFEFEF"><img src="http://www.zoovy.com/images/blank.gif" width="15" height="1" alt="" border="0"></td>
<td bgcolor="#EFEFEF" class="content">%PAYMENT_POLICY%&nbsp;</td>
<td width=15 bgcolor="#EFEFEF"><img src="http://www.zoovy.com/images/blank.gif" width="15" height="1" alt="" border="0"></td>
<td width=2 bgcolor="#921719" valign="bottom"><img src="http://www.zoovy.com/images/htmlwiz/packaged/gradient.gif" width="2" height="29" alt="" border="0"></td>
</tr></table></td>
</tr><tr>
	<td colspan=5><table cellspacing=0 cellpadding=0 border=0 width=100%><tr>
	<td width=15><img src="http://www.zoovy.com/images/blank.gif" width="15" height="1" alt="" border="0"></td>
<td background="http://www.zoovy.com/images/htmlwiz/packaged/minimenu_lowerbg.gif"><img src="http://www.zoovy.com/images/htmlwiz/packaged/minimenu_llcorner.gif" width="8" height="8" alt="" border="0"></td>
<td align="right" background="http://www.zoovy.com/images/htmlwiz/packaged/minimenu_lowerbg.gif"><img src="http://www.zoovy.com/images/htmlwiz/packaged/minimenu_lrcorner.gif" width="8" height="8" alt="" border="0"></td>
</tr></table></td></tr></table></td></tr></table>
	
	</td>
	</tr>
</table>
</td></tr></table>
</div>

]]></HTML>
</ELEMENT>

</TEMPLATE>