<TEMPLATE ID="gen2-poweered" FORMAT="WIZARD">


<!-- ******* -->
<ELEMENT ID="CQGDPAA" TYPE="CONFIG" IMAGES="21" CREATED="20050418" TITLE="Poweered" PROPERTIES="10"></ELEMENT>
<ELEMENT ID="CQFJSNA" SUB="SKU" TYPE="READONLY" DATA="FLOW::SKU"></ELEMENT>
<ELEMENT ID="CQFJSNB" SUB="PRODUCT" TYPE="READONLY" DATA="FLOW::PROD"></ELEMENT>
<ELEMENT ID="CQFJSNC" SUB="USERNAME" TYPE="READONLY" DATA="FLOW::USERNAME"></ELEMENT>
<ELEMENT ID="CQFJSND" SUB="MERCHANT" TYPE="READONLY" DATA="FLOW::USERNAME"></ELEMENT>
<ELEMENT ID="CQFJSMH" SUB="TITLE" PROMPT="Product Name" TYPE="TEXTBOX" DATA="product:zoovy:prod_name" COLS="100"></ELEMENT>
<ELEMENT ID="CQFJSMI" SUB="DESCRIPTION" PROMPT="Product Description" TYPE="TEXTAREA" ROWS="5" DATA="product:zoovy:prod_desc" COLS="80"></ELEMENT>
<ELEMENT ID="CQFJSMJ" SUB="FLASHTEXT" PROMPT="Text for Flash (23 character max for optimum performance)" TYPE="TEXTBOX" DATA="product:zoovy:prod_flashtext" COLS="100"></ELEMENT>
<ELEMENT ID="CQFJSMK" SUB="FLASHIMAGE" TYPE="HIDDEN" DATA="product:zoovy:prod_flashimage"></ELEMENT>
<ELEMENT HEIGHT="200" ID="CQFJSML" WIDTH="200" SUB="NONE" PROMPT="Flash Image (200 x 200) can be logo or product image but must be a JPEG!" TYPE="IMAGE" BGCOLOR="FFFFFF" DATA="product:zoovy:prod_flashimage"></ELEMENT>
<ELEMENT HEIGHT="150" ID="CQFJSMM" WIDTH="150" SUB="IMAGE1" PROMPT="Image1 (150x150) and in flash (200x200)" TYPE="IMAGE" BGCOLOR="FFFFFF" BORDER="0" ZOOM="1" DATA="product:zoovy:prod_image1"><PRETEXT><![CDATA[<br>]]></PRETEXT>
</ELEMENT>
<ELEMENT HEIGHT="150" ID="CQFJSMN" WIDTH="150" SUB="IMAGE2" PROMPT="Image2 (150x150)" TYPE="IMAGE" BGCOLOR="FFFFFF" BORDER="0" ZOOM="1" DATA="product:zoovy:prod_image2"><PRETEXT><![CDATA[<br><br>]]></PRETEXT>
</ELEMENT>
<ELEMENT HEIGHT="150" ID="CQFJSMO" WIDTH="150" SUB="IMAGE3" PROMPT="Image3 (150x150)" TYPE="IMAGE" BGCOLOR="FFFFFF" BORDER="0" ZOOM="1" DATA="product:zoovy:prod_image3"><PRETEXT><![CDATA[<br><br>]]></PRETEXT>
</ELEMENT>
<ELEMENT HEIGHT="150" ID="CQFJSMP" WIDTH="150" SUB="IMAGE4" PROMPT="Image4 (150x150)" TYPE="IMAGE" BGCOLOR="FFFFFF" BORDER="0" ZOOM="1" DATA="product:zoovy:prod_image4"><PRETEXT><![CDATA[<br><br>]]></PRETEXT>
</ELEMENT>
<ELEMENT HEIGHT="150" ID="CQFJSMQ" WIDTH="150" SUB="IMAGE5" PROMPT="Image5 (150x150)" TYPE="IMAGE" BGCOLOR="FFFFFF" BORDER="0" ZOOM="1" DATA="product:zoovy:prod_image5"><PRETEXT><![CDATA[<br><br>]]></PRETEXT>
</ELEMENT>
<ELEMENT HEIGHT="52" ID="CQFJSMR" WIDTH="110" SUB="LOGO" PROMPT="Company Logo" BGCOLOR="FFFFFF" TYPE="IMAGE" BORDER="0" DATA="merchant:zoovy:company_logo"></ELEMENT>
<ELEMENT ID="CQFJSMS" SUB="TITLE1" OPERATION="NB" TYPE="IF" FALSE="" DATA="merchant:zoovy:about"><TRUE><![CDATA[ <a href="#shipping" class="menu">About Us</a>&nbsp;&nbsp;&nbsp;]]></TRUE>
</ELEMENT>
<ELEMENT ID="CQFJSMT" SUB="ABOUT" PROMPT="About Us" TYPE="TEXTAREA" ROWS="5" DATA="merchant:zoovy:about" COLS="80"><POSTTEXT><![CDATA[</P>]]></POSTTEXT>
<PRETEXT><![CDATA[<P><B><span class=title>About Us</B></span><br>]]></PRETEXT>
</ELEMENT>
<ELEMENT ID="CQFJSMU" SUB="TITLE2" OPERATION="NB" TYPE="IF" FALSE="" DATA="merchant:zoovy:shipping_policy"><TRUE><![CDATA[ <a href="#shipping" class="menu">Shipping</a>&nbsp;&nbsp;&nbsp;]]></TRUE>
</ELEMENT>
<ELEMENT ID="CQFJSMV" SUB="TITLE3" OPERATION="NB" TYPE="IF" FALSE="" DATA="merchant:zoovy:return_policy"><TRUE><![CDATA[ <a href="#return" class="menu">Return</a>&nbsp;&nbsp;&nbsp;]]></TRUE>
</ELEMENT>
<ELEMENT ID="CQFJSMW" SUB="TITLE4" OPERATION="NB" TYPE="IF" FALSE="" DATA="merchant:zoovy:payment_policy"><TRUE><![CDATA[ <a href="#payment" class="menu">Payment Policy</a> ]]></TRUE>
</ELEMENT>
<ELEMENT ID="CQFJSMX" SUB="SHIPPING_POLICY" PROMPT="Shipping Policy" TYPE="TEXTAREA" ROWS="5" DATA="merchant:zoovy:shipping_policy" COLS="80"><POSTTEXT><![CDATA[</P>]]></POSTTEXT>
<PRETEXT><![CDATA[<P><B><span class=title>Shipping policy</B></span><br>]]></PRETEXT>
</ELEMENT>
<ELEMENT ID="CQFJSMY" SUB="RETURN_POLICY" PROMPT="Return Policy" TYPE="TEXTAREA" ROWS="5" DATA="merchant:zoovy:return_policy" COLS="80"><POSTTEXT><![CDATA[</P>]]></POSTTEXT>
<PRETEXT><![CDATA[<P><B><span class=title>Return policy</B></span><br>]]></PRETEXT>
</ELEMENT>
<ELEMENT ID="CQFJSMZ" SUB="PAYMENT_POLICY" PROMPT="Payment Policy" TYPE="TEXTAREA" ROWS="5" DATA="merchant:zoovy:payment_policy" COLS="80"><POSTTEXT><![CDATA[</P>]]></POSTTEXT>
<PRETEXT><![CDATA[<P><B><span class=title>Payment policy</B></span><br>]]></PRETEXT>
</ELEMENT>
<ELEMENT ID="CQFJSMR" HEIGHT="52" PROMPT="Company Logo" SUB="LOGO_RAWURL" WIDTH="110" MINIMAL="0" TYPE="IMAGE" BGCOLOR="FFFFFF" READONLY="1" BORDER="0" DATA="merchant:zoovy:company_logo" RAW="1"></ELEMENT>
<ELEMENT ID="CQFJSMR" HEIGHT="0" PROMPT="Company Logo" SUB="LOGO_URL" WIDTH="0" MINIMAL="0" TYPE="IMAGE" BGCOLOR="FFFFFF" READONLY="1" BORDER="0" DATA="merchant:zoovy:company_logo" RAW="1"></ELEMENT>
<ELEMENT ID="CQFJSMQ" HEIGHT="150" PROMPT="Image5 (150x150)" SUB="IMAGE5_RAWURL" WIDTH="150" MINIMAL="0" BGCOLOR="FFFFFF" TYPE="IMAGE" READONLY="1" BORDER="0" ZOOM="1" DATA="product:zoovy:prod_image5" RAW="1"><PRETEXT><![CDATA[<br><br>]]></PRETEXT>
</ELEMENT>
<ELEMENT ID="CQFJSMQ" HEIGHT="0" PROMPT="Image5 (150x150)" SUB="IMAGE5_URL" WIDTH="0" MINIMAL="0" BGCOLOR="FFFFFF" TYPE="IMAGE" READONLY="1" BORDER="0" ZOOM="1" DATA="product:zoovy:prod_image5" RAW="1"><PRETEXT><![CDATA[<br><br>]]></PRETEXT>
</ELEMENT>
<ELEMENT ID="CQFJSMP" HEIGHT="150" PROMPT="Image4 (150x150)" SUB="IMAGE4_RAWURL" WIDTH="150" MINIMAL="0" BGCOLOR="FFFFFF" TYPE="IMAGE" READONLY="1" BORDER="0" ZOOM="1" DATA="product:zoovy:prod_image4" RAW="1"><PRETEXT><![CDATA[<br><br>]]></PRETEXT>
</ELEMENT>
<ELEMENT ID="CQFJSMP" HEIGHT="0" PROMPT="Image4 (150x150)" SUB="IMAGE4_URL" WIDTH="0" MINIMAL="0" BGCOLOR="FFFFFF" TYPE="IMAGE" READONLY="1" BORDER="0" ZOOM="1" DATA="product:zoovy:prod_image4" RAW="1"><PRETEXT><![CDATA[<br><br>]]></PRETEXT>
</ELEMENT>
<ELEMENT ID="CQFJSMO" HEIGHT="150" PROMPT="Image3 (150x150)" SUB="IMAGE3_RAWURL" WIDTH="150" MINIMAL="0" BGCOLOR="FFFFFF" TYPE="IMAGE" READONLY="1" BORDER="0" ZOOM="1" DATA="product:zoovy:prod_image3" RAW="1"><PRETEXT><![CDATA[<br><br>]]></PRETEXT>
</ELEMENT>
<ELEMENT ID="CQFJSMO" HEIGHT="0" PROMPT="Image3 (150x150)" SUB="IMAGE3_URL" WIDTH="0" MINIMAL="0" BGCOLOR="FFFFFF" TYPE="IMAGE" READONLY="1" BORDER="0" ZOOM="1" DATA="product:zoovy:prod_image3" RAW="1"><PRETEXT><![CDATA[<br><br>]]></PRETEXT>
</ELEMENT>
<ELEMENT ID="CQFJSMN" HEIGHT="150" PROMPT="Image2 (150x150)" SUB="IMAGE2_RAWURL" WIDTH="150" MINIMAL="0" BGCOLOR="FFFFFF" TYPE="IMAGE" READONLY="1" BORDER="0" ZOOM="1" DATA="product:zoovy:prod_image2" RAW="1"><PRETEXT><![CDATA[<br><br>]]></PRETEXT>
</ELEMENT>
<ELEMENT ID="CQFJSMN" HEIGHT="0" PROMPT="Image2 (150x150)" SUB="IMAGE2_URL" WIDTH="0" MINIMAL="0" BGCOLOR="FFFFFF" TYPE="IMAGE" READONLY="1" BORDER="0" ZOOM="1" DATA="product:zoovy:prod_image2" RAW="1"><PRETEXT><![CDATA[<br><br>]]></PRETEXT>
</ELEMENT>
<ELEMENT ID="CQFJSMM" HEIGHT="150" PROMPT="Image1 (150x150) and in flash (200x200)" SUB="IMAGE1_RAWURL" WIDTH="150" MINIMAL="0" BGCOLOR="FFFFFF" TYPE="IMAGE" READONLY="1" BORDER="0" ZOOM="1" DATA="product:zoovy:prod_image1" RAW="1"><PRETEXT><![CDATA[<br>]]></PRETEXT>
</ELEMENT>
<ELEMENT ID="CQFJSMM" HEIGHT="0" PROMPT="Image1 (150x150) and in flash (200x200)" SUB="IMAGE1_URL" WIDTH="0" MINIMAL="0" BGCOLOR="FFFFFF" TYPE="IMAGE" READONLY="1" BORDER="0" ZOOM="1" DATA="product:zoovy:prod_image1" RAW="1"><PRETEXT><![CDATA[<br>]]></PRETEXT>
</ELEMENT>
<ELEMENT ID="CQFJSML" HEIGHT="200" PROMPT="Flash Image (200 x 200) can be logo or product image but must be a JPEG!" SUB="NONE_RAWURL" WIDTH="200" MINIMAL="0" BGCOLOR="FFFFFF" TYPE="IMAGE" READONLY="1" DATA="product:zoovy:prod_flashimage" RAW="1"></ELEMENT>
<ELEMENT ID="CQFJSML" HEIGHT="0" PROMPT="Flash Image (200 x 200) can be logo or product image but must be a JPEG!" SUB="NONE_URL" WIDTH="0" MINIMAL="0" BGCOLOR="FFFFFF" TYPE="IMAGE" READONLY="1" DATA="product:zoovy:prod_flashimage" RAW="1"></ELEMENT>
<ELEMENT ID="CQFJSNE" TYPE="OUTPUT"><HTML><![CDATA[<style  rel="stylesheet" type="text/css">
.title	{color: #990000; font-size: 16px; font-weight: bold;}
.menu	{font-family: arial, sans serif; color: #FFFFFF; font-size: 11px; font-weight: bold; text-decoration: none;}
.p	{color: #000000; font-family: arial, sans serif; font-size: 12px;}
</style>
<table cellspacing=0 cellpadding=0 border=0 width=700>
<tr>
	<td valign="top" width=276 background="http://www.zoovy.com/images/htmlwiz/powee_red/left_bg.gif">
	<table cellspacing=0 cellpadding=0 border=0 width=276><tr>
		<td background="http://www.zoovy.com/images/htmlwiz/powee_red/logo_bg.gif" height=230 width=276 align="center"><img src="%LOGO_URL%"></td>
	</tr><tr>
		<td align="right"><table cellpadding=2 border=0 width=220 cellspacing=0><tr><td align="center">%IMAGE1%
		%IMAGE2%
		%IMAGE3%
		%IMAGE4%
		%IMAGE5%</td></tr></table></td>
	</tr></table>
	</td>
	<td width=424 valign="top">
	<table cellspacing=0 cellpadding=0 border=0 width=424>
	<tr>
		<td height=31></td>
	</tr><tr>
		<td width=383 height=12 background="http://www.zoovy.com/images/htmlwiz/powee_red/top.gif"><img src="http://www.zoovy.com/images/htmlwiz/powee_red/top.gif" width="1" height="12" alt="" border="0"></td>
		<td width=25 background="http://www.zoovy.com/images/htmlwiz/powee_red/top.gif"><img src="http://www.zoovy.com/images/htmlwiz/powee_red/top.gif" width="1" height="12" alt="" border="0"></td>
	</tr><tr>
		<td background="http://www.zoovy.com/images/htmlwiz/powee_red/menu_bg.gif" align="right"><!-- menu goes here -->%TITLE1%%TITLE2%%TITLE3%%TITLE4%</td>
		<td><img src="http://www.zoovy.com/images/htmlwiz/powee_red/right_cap.gif" width="25" height="28" alt="" border="0"></td>
	</tr><tr>
		<td colspan=2><table border=0 width=100%><tr><td><p><span class="title">%TITLE%</span></p>
<OBJECT classid="clsid:D27CDB6E-AE6D-11cf-96B8-444553540000"
 codebase="http://download.macromedia.com/pub/shockwave/cabs/flash/swflash.cab#version=6,0,0,0"
 WIDTH="400" HEIGHT="400" id="text_around_image" ALIGN="">
 <PARAM NAME=movie VALUE="http://www.zoovy.com/htmlwiz/swfs/text_around_image.swf"> <PARAM NAME=quality VALUE=high><PARAM NAME=FlashVars VALUE="txt=%FLASHTEXT%&merchant=%USERNAME%&img=%FLASHIMAGE%"> <PARAM NAME=bgcolor VALUE=#FFFFFF> <EMBED src="http://www.zoovy.com/htmlwiz/swfs/text_around_image.swf" quality=high bgcolor=#FFFFFF  WIDTH="400" HEIGHT="400" NAME="text_around_image" ALIGN=""
 TYPE="application/x-shockwave-flash" PLUGINSPAGE="http://www.macromedia.com/go/getflashplayer"></EMBED>
</OBJECT>		
<p>%DESCRIPTION%</p>
<a name="about">%ABOUT%
<a name="shipping">%SHIPPING_POLICY%
<a name="return">%RETURN_POLICY%
<a name="payment">%PAYMENT_POLICY%
<a name="about"><!-- OPTIONAL --></td></tr></table></td>
	</tr></table>
	</td>
	<td background="http://www.zoovy.com/images/htmlwiz/powee_red/right_bg.gif" valign="top"><img src="http://www.zoovy.com/images/htmlwiz/ffffff.gif" height=31 width=15><br><img src="http://www.zoovy.com/images/htmlwiz/powee_red/top_right.gif" width="15" height="21" alt="" border="0"></td>
</tr><tr>
	<td valign="top" background="http://www.zoovy.com/images/htmlwiz/powee_red/bottom_bg.gif"><img src="http://www.zoovy.com/images/htmlwiz/powee_red/bottom_left.gif" width="62" height="20" alt="" border="0"></td>
	<td background="http://www.zoovy.com/images/htmlwiz/powee_red/bottom_bg.gif">&nbsp;</td>
	<td align="right" background="http://www.zoovy.com/images/htmlwiz/powee_red/bottom_bg.gif"><img src="http://www.zoovy.com/images/htmlwiz/powee_red/bottom_right.gif" width="15" height="20" alt="" border="0"></td></tr>
</table>
]]></HTML>
</ELEMENT>

</TEMPLATE>