<TEMPLATE ID="gen2-wideblue" FORMAT="WIZARD">


<!-- ******* -->
<ELEMENT ID="CQGDPAB" TYPE="CONFIG" IMAGES="21" CREATED="20050418" TITLE="Wideblue" PROPERTIES="2"></ELEMENT>
<ELEMENT ID="CQFJSMY" SUB="SKU" TYPE="READONLY" DATA="FLOW::SKU"></ELEMENT>
<ELEMENT ID="CQFJSMZ" SUB="PRODUCT" TYPE="READONLY" DATA="FLOW::PROD"></ELEMENT>
<ELEMENT ID="CQFJSNA" SUB="USERNAME" TYPE="READONLY" DATA="FLOW::USERNAME"></ELEMENT>
<ELEMENT ID="CQFJSNB" SUB="MERCHANT" TYPE="READONLY" DATA="FLOW::USERNAME"></ELEMENT>
<ELEMENT ID="CQFJSMH" SUB="TITLE" PROMPT="Product Name" TYPE="TEXTBOX" DATA="product:zoovy:prod_name" COLS="100"></ELEMENT>
<ELEMENT ID="CQFJSMI" SUB="DESCRIPTION" PROMPT="Product Description" TYPE="TEXTAREA" ROWS="5" DATA="product:zoovy:prod_desc" COLS="80"></ELEMENT>
<ELEMENT HEIGHT="150" ID="CQFJSMJ" WIDTH="150" SUB="IMAGE1" PROMPT="Image (150x150)" TYPE="IMAGE" BGCOLOR="FFFFFF" BORDER="0" ZOOM="1" DATA="product:zoovy:prod_image1"></ELEMENT>
<ELEMENT HEIGHT="150" ID="CQFJSMK" WIDTH="150" SUB="IMAGE2" PROMPT="Image2 (150x150)" TYPE="IMAGE" BGCOLOR="FFFFFF" BORDER="0" ZOOM="1" DATA="product:zoovy:prod_image2"></ELEMENT>
<ELEMENT HEIGHT="150" ID="CQFJSML" WIDTH="150" SUB="IMAGE3" PROMPT="Image3 (150x150)" TYPE="IMAGE" BGCOLOR="FFFFFF" BORDER="0" ZOOM="1" DATA="product:zoovy:prod_image3"></ELEMENT>
<ELEMENT HEIGHT="150" ID="CQFJSMM" WIDTH="150" SUB="IMAGE4" PROMPT="Image4 (150x150)" TYPE="IMAGE" BGCOLOR="FFFFFF" BORDER="0" ZOOM="1" DATA="product:zoovy:prod_image4"></ELEMENT>
<ELEMENT HEIGHT="150" ID="CQFJSMN" WIDTH="150" SUB="IMAGE5" PROMPT="Image5 (150x150)" TYPE="IMAGE" BGCOLOR="FFFFFF" BORDER="0" ZOOM="1" DATA="product:zoovy:prod_image5"></ELEMENT>
<ELEMENT HEIGHT="150" ID="CQFJSMO" WIDTH="150" SUB="IMAGE6" PROMPT="Image6 (150x150)" TYPE="IMAGE" BGCOLOR="FFFFFF" BORDER="0" ZOOM="1" DATA="product:zoovy:prod_image6"></ELEMENT>
<ELEMENT HEIGHT="90" ID="CQFJSMP" WIDTH="350" SUB="LOGO" PROMPT="Company Logo" TYPE="IMAGE" BORDER="0" DATA="merchant:zoovy:company_logo"></ELEMENT>
<ELEMENT ID="CQFJSMQ" SUB="ABOUT" PROMPT="About Us" TYPE="TEXTAREA" ROWS="5" DATA="merchant:zoovy:about" COLS="80"><POSTTEXT><![CDATA[</P>]]></POSTTEXT>
<PRETEXT><![CDATA[<P><B><span class=header>About Us</B></span><br>]]></PRETEXT>
</ELEMENT>
<ELEMENT ID="CQFJSMR" SUB="SHIPPING_POLICY" PROMPT="Shipping and Tax" TYPE="TEXTAREA" ROWS="5" DATA="merchant:zoovy:shipping_policy" COLS="80"><POSTTEXT><![CDATA[</P>]]></POSTTEXT>
<PRETEXT><![CDATA[<P><B><span class=header>Shipping Policy</B></span><br>]]></PRETEXT>
</ELEMENT>
<ELEMENT ID="CQFJSMS" SUB="RETURN_POLICY" PROMPT="Return Policy" TYPE="TEXTAREA" ROWS="5" DATA="merchant:zoovy:return_policy" COLS="80"><POSTTEXT><![CDATA[</P>]]></POSTTEXT>
<PRETEXT><![CDATA[<P><B><span class=header>Return Policy</B></span><br>]]></PRETEXT>
</ELEMENT>
<ELEMENT ID="CQFJSMT" SUB="PAYMENT_POLICY" PROMPT="Payment Policy" TYPE="TEXTAREA" ROWS="5" DATA="merchant:zoovy:payment_policy" COLS="80"><POSTTEXT><![CDATA[</P>]]></POSTTEXT>
<PRETEXT><![CDATA[<P><B><span class=header>Payment Policy</B></span><br>]]></PRETEXT>
</ELEMENT>
<ELEMENT ID="CQFJSMU" SUB="TITLE1" OPERATION="NB" TYPE="IF" FALSE="" DATA="merchant:zoovy:about"><TRUE><![CDATA[-&nbsp;<a href="#about" class="menu">About Us</a>&nbsp;&nbsp;&nbsp;<br>]]></TRUE>
</ELEMENT>
<ELEMENT ID="CQFJSMV" SUB="TITLE2" OPERATION="NB" TYPE="IF" FALSE="" DATA="merchant:zoovy:shipping_policy"><TRUE><![CDATA[-&nbsp;<a href="#shipping" class="menu">Shipping</a>&nbsp;&nbsp;&nbsp;<br>]]></TRUE>
</ELEMENT>
<ELEMENT ID="CQFJSMW" SUB="TITLE3" OPERATION="NB" TYPE="IF" FALSE="" DATA="merchant:zoovy:return_policy"><TRUE><![CDATA[-&nbsp;<a href="#return" class="menu">Return</a>&nbsp;&nbsp;&nbsp;<br>]]></TRUE>
</ELEMENT>
<ELEMENT ID="CQFJSMX" SUB="TITLE4" OPERATION="NB" TYPE="IF" FALSE="" DATA="merchant:zoovy:payment_policy"><TRUE><![CDATA[-&nbsp;<a href="#payment" class="menu">Payment Policy</a><br>]]></TRUE>
</ELEMENT>
<ELEMENT ID="CQFJSMP" HEIGHT="90" PROMPT="Company Logo" SUB="LOGO_RAWURL" WIDTH="350" MINIMAL="0" TYPE="IMAGE" READONLY="1" BORDER="0" DATA="merchant:zoovy:company_logo" RAW="1"></ELEMENT>
<ELEMENT ID="CQFJSMP" HEIGHT="0" PROMPT="Company Logo" SUB="LOGO_URL" WIDTH="0" MINIMAL="0" TYPE="IMAGE" READONLY="1" BORDER="0" DATA="merchant:zoovy:company_logo" RAW="1"></ELEMENT>
<ELEMENT ID="CQFJSMO" HEIGHT="150" PROMPT="Image6 (150x150)" SUB="IMAGE6_RAWURL" WIDTH="150" MINIMAL="0" BGCOLOR="FFFFFF" TYPE="IMAGE" READONLY="1" BORDER="0" ZOOM="1" DATA="product:zoovy:prod_image6" RAW="1"></ELEMENT>
<ELEMENT ID="CQFJSMO" HEIGHT="0" PROMPT="Image6 (150x150)" SUB="IMAGE6_URL" WIDTH="0" MINIMAL="0" BGCOLOR="FFFFFF" TYPE="IMAGE" READONLY="1" BORDER="0" ZOOM="1" DATA="product:zoovy:prod_image6" RAW="1"></ELEMENT>
<ELEMENT ID="CQFJSMN" HEIGHT="150" PROMPT="Image5 (150x150)" SUB="IMAGE5_RAWURL" WIDTH="150" MINIMAL="0" BGCOLOR="FFFFFF" TYPE="IMAGE" READONLY="1" BORDER="0" ZOOM="1" DATA="product:zoovy:prod_image5" RAW="1"></ELEMENT>
<ELEMENT ID="CQFJSMN" HEIGHT="0" PROMPT="Image5 (150x150)" SUB="IMAGE5_URL" WIDTH="0" MINIMAL="0" BGCOLOR="FFFFFF" TYPE="IMAGE" READONLY="1" BORDER="0" ZOOM="1" DATA="product:zoovy:prod_image5" RAW="1"></ELEMENT>
<ELEMENT ID="CQFJSMM" HEIGHT="150" PROMPT="Image4 (150x150)" SUB="IMAGE4_RAWURL" WIDTH="150" MINIMAL="0" BGCOLOR="FFFFFF" TYPE="IMAGE" READONLY="1" BORDER="0" ZOOM="1" DATA="product:zoovy:prod_image4" RAW="1"></ELEMENT>
<ELEMENT ID="CQFJSMM" HEIGHT="0" PROMPT="Image4 (150x150)" SUB="IMAGE4_URL" WIDTH="0" MINIMAL="0" BGCOLOR="FFFFFF" TYPE="IMAGE" READONLY="1" BORDER="0" ZOOM="1" DATA="product:zoovy:prod_image4" RAW="1"></ELEMENT>
<ELEMENT ID="CQFJSML" HEIGHT="150" PROMPT="Image3 (150x150)" SUB="IMAGE3_RAWURL" WIDTH="150" MINIMAL="0" BGCOLOR="FFFFFF" TYPE="IMAGE" READONLY="1" BORDER="0" ZOOM="1" DATA="product:zoovy:prod_image3" RAW="1"></ELEMENT>
<ELEMENT ID="CQFJSML" HEIGHT="0" PROMPT="Image3 (150x150)" SUB="IMAGE3_URL" WIDTH="0" MINIMAL="0" BGCOLOR="FFFFFF" TYPE="IMAGE" READONLY="1" BORDER="0" ZOOM="1" DATA="product:zoovy:prod_image3" RAW="1"></ELEMENT>
<ELEMENT ID="CQFJSMK" HEIGHT="150" PROMPT="Image2 (150x150)" SUB="IMAGE2_RAWURL" WIDTH="150" MINIMAL="0" BGCOLOR="FFFFFF" TYPE="IMAGE" READONLY="1" BORDER="0" ZOOM="1" DATA="product:zoovy:prod_image2" RAW="1"></ELEMENT>
<ELEMENT ID="CQFJSMK" HEIGHT="0" PROMPT="Image2 (150x150)" SUB="IMAGE2_URL" WIDTH="0" MINIMAL="0" BGCOLOR="FFFFFF" TYPE="IMAGE" READONLY="1" BORDER="0" ZOOM="1" DATA="product:zoovy:prod_image2" RAW="1"></ELEMENT>
<ELEMENT ID="CQFJSMJ" HEIGHT="150" PROMPT="Image (150x150)" SUB="IMAGE1_RAWURL" WIDTH="150" MINIMAL="0" BGCOLOR="FFFFFF" TYPE="IMAGE" READONLY="1" BORDER="0" ZOOM="1" DATA="product:zoovy:prod_image1" RAW="1"></ELEMENT>
<ELEMENT ID="CQFJSMJ" HEIGHT="0" PROMPT="Image (150x150)" SUB="IMAGE1_URL" WIDTH="0" MINIMAL="0" BGCOLOR="FFFFFF" TYPE="IMAGE" READONLY="1" BORDER="0" ZOOM="1" DATA="product:zoovy:prod_image1" RAW="1"></ELEMENT>
<ELEMENT ID="CQFJSNC" TYPE="OUTPUT"><HTML><![CDATA[<style rel="STYLESHEET" type="text/css">
.outline	{background-color: #9999FF;}
p	{font-family: arial; font-size: 12px;}
.edgy	{background-color: #8989F5;}
.body	{background-color: #FFFFFF;}
.text	{background-color: #E5E5F5;}
.menu	{color: #333399; font-size: 12px; font-weight: bold;}
.title	{color: #333399; font-size: 16px; font-weight: bold;}
.header	{color: #333399; font-size: 14px; font-weight: bold;}
</style>
<div align="center">
<table cellspacing=0 cellpadding=0 border=0 width=90%>
	<tr>
		<td width=30 class="outline" height=30><img src="http://www.zoovy.com/images/blank.gif" height=1 width=30></td>
		<td class="outline"><img src="http://www.zoovy.com/images/blank.gif" height=30 width=1></td>
		<td width=30 class="outline"><img src="http://www.zoovy.com/images/blank.gif" height=1 width=30></td>
	</tr><tr>
		<td class="outline"><img src="http://www.zoovy.com/images/blank.gif" height=1 width=1></td>
		<td class="body" align="center"><table cellpadding=0 cellspacing=0 border=0 width=600><tr><td>%LOGO%</td><td width=130 class="menu">%TITLE1%%TITLE2%%TITLE3%%TITLE4%</td></tr></table></td>
		<td class="outline"><img src="http://www.zoovy.com/images/blank.gif" height=1 width=1></td>
	</tr><tr>
		<td class="edgy"><img src="http://www.zoovy.com/images/blank.gif" height=1 width=1></td>
		<td class="text" align="center"><table cellpadding=0 cellspacing=0 border=0 width=600><tr><td><p><span class="title">%TITLE%</span><br>%DESCRIPTION%</p></td></tr></table></td>
		<td class="edgy"><img src="http://www.zoovy.com/images/blank.gif" height=1 width=1></td>
	</tr><tr>
		<td class="outline"><img src="http://www.zoovy.com/images/blank.gif" height=1 width=1></td>
		<td clsas="body" align="center"><table cellpadding=4 cellspacing=0 border=0 width=600><tr><td width=150 valign="top">%IMAGE1%
		%IMAGE2%
		%IMAGE3%
		%IMAGE4%
		%IMAGE5%
		%IMAGE6%</td>
<td valign="top" width=450><table cellpadding=3 cellspacing=0 border=0 width=450><tr><td>
<a name="about"></a>%ABOUT%<a name="shipping"></a>%SHIPPING_POLICY%<a name="payment"></a>%PAYMENT_POLICY%<a name="return"></a>%RETURN_POLICY%</td></tr>
</table>
</td></tr></table></td>
		<td class="outline"><img src="http://www.zoovy.com/images/blank.gif" height=1 width=30></td>
	</tr><tr>
		<td colspan=3 class="outline"><img src="http://www.zoovy.com/images/blank.gif" height=30 width=1></td></tr>
</table>
</div>
]]></HTML>
</ELEMENT>

</TEMPLATE>