<TEMPLATE ID="gen2-arrowed" FORMAT="WIZARD">


<!-- ******* -->
<ELEMENT ID="CQGDPAD" TYPE="CONFIG" IMAGES="15" CREATED="20050418" TITLE="Arrowed" PROPERTIES="0"></ELEMENT>
<ELEMENT ID="CQFJSMT" SUB="SKU" TYPE="READONLY" DATA="FLOW::SKU"></ELEMENT>
<ELEMENT ID="CQFJSMU" SUB="PRODUCT" TYPE="READONLY" DATA="FLOW::PROD"></ELEMENT>
<ELEMENT ID="CQFJSMV" SUB="USERNAME" TYPE="READONLY" DATA="FLOW::USERNAME"></ELEMENT>
<ELEMENT ID="CQFJSMW" SUB="MERCHANT" TYPE="READONLY" DATA="FLOW::USERNAME"></ELEMENT>
<ELEMENT ID="CQFJSMI" SUB="PRODUCT_NAME" PROMPT="Product Name" TYPE="TEXTBOX" DATA="product:zoovy:prod_name" COLS="100"></ELEMENT>
<ELEMENT ID="CQFJSMJ" SUB="PROD_DESC" PROMPT="Product Description" TYPE="TEXTAREA" ROWS="5" DATA="product:zoovy:prod_desc" COLS="80"></ELEMENT>
<ELEMENT HEIGHT="150" ID="CQFJSMK" WIDTH="150" SUB="IMAGE1" PROMPT="Image (150x150)" TYPE="IMAGE" BGCOLOR="FFFFFF" BORDER="0" ZOOM="1" DATA="product:zoovy:prod_image1"></ELEMENT>
<ELEMENT HEIGHT="150" ID="CQFJSML" WIDTH="150" SUB="IMAGE2" PROMPT="Image2 (150x150)" TYPE="IMAGE" BGCOLOR="FFFFFF" BORDER="0" ZOOM="1" DATA="product:zoovy:prod_image2"></ELEMENT>
<ELEMENT HEIGHT="150" ID="CQFJSMM" WIDTH="150" SUB="IMAGE3" PROMPT="Image3 (150x150)" TYPE="IMAGE" BGCOLOR="FFFFFF" BORDER="0" ZOOM="1" DATA="product:zoovy:prod_image3"></ELEMENT>
<ELEMENT HEIGHT="150" ID="CQFJSMN" WIDTH="150" SUB="IMAGE4" PROMPT="Image4 (150x150)" TYPE="IMAGE" BGCOLOR="FFFFFF" BORDER="0" ZOOM="1" DATA="product:zoovy:prod_image4"></ELEMENT>
<ELEMENT HEIGHT="90" ID="CQFJSMO" WIDTH="250" SUB="LOGO" PROMPT="Company Logo" TYPE="IMAGE" BORDER="0" DATA="merchant:zoovy:company_logo"></ELEMENT>
<ELEMENT ID="CQFJSMP" SUB="ABOUT" PROMPT="About Us" TYPE="TEXTAREA" ROWS="5" DATA="merchant:zoovy:about" COLS="80"></ELEMENT>
<ELEMENT ID="CQFJSMQ" SUB="SHIPPING_POLICY" PROMPT="Shipping and Tax" TYPE="TEXTAREA" ROWS="5" DATA="merchant:zoovy:shipping_policy" COLS="80"></ELEMENT>
<ELEMENT ID="CQFJSMR" SUB="RETURN_POLICY" PROMPT="Return Policy" TYPE="TEXTAREA" ROWS="5" DATA="merchant:zoovy:return_policy" COLS="80"></ELEMENT>
<ELEMENT ID="CQFJSMS" SUB="PAYMENT_POLICY" PROMPT="Payment Policy" TYPE="TEXTAREA" ROWS="5" DATA="merchant:zoovy:payment_policy" COLS="80"></ELEMENT>
<ELEMENT ID="CQFJSMO" HEIGHT="90" PROMPT="Company Logo" SUB="LOGO_RAWURL" WIDTH="250" MINIMAL="0" TYPE="IMAGE" READONLY="1" BORDER="0" DATA="merchant:zoovy:company_logo" RAW="1"></ELEMENT>
<ELEMENT ID="CQFJSMO" HEIGHT="0" PROMPT="Company Logo" SUB="LOGO_URL" WIDTH="0" MINIMAL="0" TYPE="IMAGE" READONLY="1" BORDER="0" DATA="merchant:zoovy:company_logo" RAW="1"></ELEMENT>
<ELEMENT ID="CQFJSMN" HEIGHT="150" PROMPT="Image4 (150x150)" SUB="IMAGE4_RAWURL" WIDTH="150" MINIMAL="0" BGCOLOR="FFFFFF" TYPE="IMAGE" READONLY="1" BORDER="0" ZOOM="1" DATA="product:zoovy:prod_image4" RAW="1"></ELEMENT>
<ELEMENT ID="CQFJSMN" HEIGHT="0" PROMPT="Image4 (150x150)" SUB="IMAGE4_URL" WIDTH="0" MINIMAL="0" BGCOLOR="FFFFFF" TYPE="IMAGE" READONLY="1" BORDER="0" ZOOM="1" DATA="product:zoovy:prod_image4" RAW="1"></ELEMENT>
<ELEMENT ID="CQFJSMM" HEIGHT="150" PROMPT="Image3 (150x150)" SUB="IMAGE3_RAWURL" WIDTH="150" MINIMAL="0" BGCOLOR="FFFFFF" TYPE="IMAGE" READONLY="1" BORDER="0" ZOOM="1" DATA="product:zoovy:prod_image3" RAW="1"></ELEMENT>
<ELEMENT ID="CQFJSMM" HEIGHT="0" PROMPT="Image3 (150x150)" SUB="IMAGE3_URL" WIDTH="0" MINIMAL="0" BGCOLOR="FFFFFF" TYPE="IMAGE" READONLY="1" BORDER="0" ZOOM="1" DATA="product:zoovy:prod_image3" RAW="1"></ELEMENT>
<ELEMENT ID="CQFJSML" HEIGHT="150" PROMPT="Image2 (150x150)" SUB="IMAGE2_RAWURL" WIDTH="150" MINIMAL="0" BGCOLOR="FFFFFF" TYPE="IMAGE" READONLY="1" BORDER="0" ZOOM="1" DATA="product:zoovy:prod_image2" RAW="1"></ELEMENT>
<ELEMENT ID="CQFJSML" HEIGHT="0" PROMPT="Image2 (150x150)" SUB="IMAGE2_URL" WIDTH="0" MINIMAL="0" BGCOLOR="FFFFFF" TYPE="IMAGE" READONLY="1" BORDER="0" ZOOM="1" DATA="product:zoovy:prod_image2" RAW="1"></ELEMENT>
<ELEMENT ID="CQFJSMK" HEIGHT="150" PROMPT="Image (150x150)" SUB="IMAGE1_RAWURL" WIDTH="150" MINIMAL="0" BGCOLOR="FFFFFF" TYPE="IMAGE" READONLY="1" BORDER="0" ZOOM="1" DATA="product:zoovy:prod_image1" RAW="1"></ELEMENT>
<ELEMENT ID="CQFJSMK" HEIGHT="0" PROMPT="Image (150x150)" SUB="IMAGE1_URL" WIDTH="0" MINIMAL="0" BGCOLOR="FFFFFF" TYPE="IMAGE" READONLY="1" BORDER="0" ZOOM="1" DATA="product:zoovy:prod_image1" RAW="1"></ELEMENT>
<ELEMENT ID="CQFJSMX" TYPE="OUTPUT"><HTML><![CDATA[
<style  rel="stylesheet" type="text/css">
.title	{font-family: verdana, sans serif; color: #5F099B; font-size: 18px; font-weight: bold;}
.minimenu	{font-family: verdana, sans serif; color: #000000; font-size: 11px; font-weight: bold;background-color: #E69FFF;}
.content	{font-family: verdana, sans serif; color: #000000; font-size: 11px; margin: 5px;}
td.stroke	{background-color: #5F099B;}
td.stroke2	{background-color: #A370CD;}
td.fill	{background-color: #E6D7FF;}
td.fill2	{}
</style>
<MAP NAME="menumap">
<AREA SHAPE="rect" ALT="Shipping Policy" COORDS="305,0,402,20" HREF="#shipping">
<AREA SHAPE="rect" ALT="Return Policy" COORDS="209,0,291,20" HREF="#return">
<AREA SHAPE="rect" ALT="Payment Policy" COORDS="92,1,191,18" HREF="#payment">
<AREA SHAPE="rect" ALT="About Us" COORDS="15,0,88,17" HREF="#about">
</MAP>
<table cellspacing=0 cellpadding=0 border=0 width=100%><tr><td>
%LOGO%<br>
	<table cellspacing=0 cellpadding=0 border=0 width=100%><tr>
<td width=427><img src="http://www.zoovy.com/images/htmlwiz/arrowed/menu.jpg" width="427" height="53" alt="" border="0" USEMAP="#menumap"></td>
<td background="http://www.zoovy.com/images/htmlwiz/arrowed/upperright_bg.gif"><img src="http://www.zoovy.com/images/blank.gif" width="1" height="1" alt="" border="0"></td>
<td width=24 align="right" background="http://www.zoovy.com/images/htmlwiz/arrowed/upperright_bg.gif"><img src="http://www.zoovy.com/images/htmlwiz/arrowed/upperright.gif" width="24" height="53" alt="" border="0"></td>
</tr>
	</table>
	<table cellspacing=0 cellpadding=0 border=0 width=100%><tr>
<td width=200 valign="top"><table cellspacing=0 cellpadding=2><tr><td>%IMAGE1%</td></tr><tr><td>%IMAGE2%</td></tr><tr><td>%IMAGE3%</td></tr><tr><td>%IMAGE4%</td></tr></table></td><td align="right" valign="top">
		<table cellspacing=0 cellpadding=0 border=0 width=100%><tr>
<td width=7><img src="http://www.zoovy.com/images/blank.gif" width="1" height="1" alt="" border="0"></td>
<td width=1 class="stroke2"><img src="http://www.zoovy.com/images/blank.gif" width="1" height="1" alt="" border="0"></td>
<td width=2 class="stroke"><img src="http://www.zoovy.com/images/blank.gif" width="2" height="1" alt="" border="0"></td>
<td class="fill" valign="top"><table><tr><td><p class="title">%PRODUCT_NAME%</p><p class="content">%PROD_DESC%</p></td></tr></table></td>
<td width=1 class="stroke2"><img src="http://www.zoovy.com/images/blank.gif" width="1" height="1" alt="" border="0"></td>
<td width=2 class="stroke"><img src="http://www.zoovy.com/images/blank.gif" width="2" height="1" alt="" border="0"></td>
<td width=1><img src="http://www.zoovy.com/images/blank.gif" width="1" height="1" alt="" border="0"></td>
</td></tr><tr>
<td></td>
<td class="stroke2"><img src="http://www.zoovy.com/images/blank.gif" width="1" height="1" alt="" border="0"></td>
	<td height=3 class="stroke" colspan=4><img src="http://www.zoovy.com/images/blank.gif" width="1" height="1" alt="" border="0"></td></tr>
		</table><br>
<table cellspacing=0 cellpadding=0 border=0 width=100%><tr><td align="right">
<table cellspacing=0 cellpadding=0 border=0 width=100%><tr>
<td width=11 rowspan=2><img src="http://www.zoovy.com/images/blank.gif" width="11" height="1" alt="" border="0"></td>
<td width=5 background="http://www.zoovy.com/images/htmlwiz/arrowed/mini_r1_bg.gif"><img src="http://www.zoovy.com/images/htmlwiz/arrowed/mini_r1_c1.gif" width="5" height="3" alt="" border="0"></td>
<td background="http://www.zoovy.com/images/htmlwiz/arrowed/mini_r1_bg.gif"><img src="http://www.zoovy.com/images/blank.gif" width="1" height="1" alt="" border="0"></td>
<td background="http://www.zoovy.com/images/htmlwiz/arrowed/mini_r1_bg.gif" align="right" width=191><img src="http://www.zoovy.com/images/htmlwiz/arrowed/mini_r1_right.gif" width="191" height="3" alt="" border="0"></td>
</tr><tr>
	<td background="http://www.zoovy.com/images/htmlwiz/arrowed/mini_r2_c1bg.gif"><img src="http://www.zoovy.com/images/blank.gif" width="1" height="1" alt="" border="0"></td>
	<td class="minimenu"><a name="about"></a>&nbsp;About&nbsp;Us</td>
	<td align="right"><img src="http://www.zoovy.com/images/htmlwiz/arrowed/mini_r2_right.gif" width="191" height="15" alt="" border="0"></td>
</tr>
</table>
<table cellspacing=0 cellpadding=0 border=0 width=100%><tr>
	<td align="right" width=44><img src="http://www.zoovy.com/images/htmlwiz/arrowed/mini_r3_c1.gif" width="33" height="4" alt="" border="0"></td>
	<td background="http://www.zoovy.com/images/htmlwiz/arrowed/mini_r3_bg.gif"><img src="http://www.zoovy.com/images/blank.gif" width="1" height="1" alt="" border="0"></td>
	<td width=23 background="http://www.zoovy.com/images/htmlwiz/arrowed/mini_r3_bg.gif" align="right"><img src="http://www.zoovy.com/images/htmlwiz/arrowed/mini_r3_right.gif" width="23" height="4" alt="" border="0"></td>
</tr><tr>
<td background="http://www.zoovy.com/images/htmlwiz/arrowed/mini_r4_c1bg.gif" valign="top"><img src="http://www.zoovy.com/images/htmlwiz/arrowed/mini_r4_left.gif" width="44" height="30" alt="" border="0"></td>
<td class="fill"><p class="content">%ABOUT%&nbsp;</p><p>&nbsp;</p></td>
<td background="http://www.zoovy.com/images/htmlwiz/arrowed/mini_r4_c3bg.gif"><img src="http://www.zoovy.com/images/htmlwiz/arrowed/mini_r4_c3bg.gif" width="23" height="1" alt="" border="0"></td>
</tr></table>
<table cellpadding=0 cellspacing=0 border=0 width=100%><tr>
	<td width=19><img src="http://www.zoovy.com/images/blank.gif" width="19" height="1" alt="" border="0"></td>
	<td class="stroke"><img src="http://www.zoovy.com/images/blank.gif" width="1" height="3" alt="" border="0"></td></tr>
</table>
<br>
<table cellspacing=0 cellpadding=0 border=0 width=100%><tr>
<td width=11 rowspan=2><img src="http://www.zoovy.com/images/blank.gif" width="11" height="1" alt="" border="0"></td>
<td width=5 background="http://www.zoovy.com/images/htmlwiz/arrowed/mini_r1_bg.gif"><img src="http://www.zoovy.com/images/htmlwiz/arrowed/mini_r1_c1.gif" width="5" height="3" alt="" border="0"></td>
<td background="http://www.zoovy.com/images/htmlwiz/arrowed/mini_r1_bg.gif"><img src="http://www.zoovy.com/images/blank.gif" width="1" height="1" alt="" border="0"></td>
<td background="http://www.zoovy.com/images/htmlwiz/arrowed/mini_r1_bg.gif" align="right" width=191><img src="http://www.zoovy.com/images/htmlwiz/arrowed/mini_r1_right.gif" width="191" height="3" alt="" border="0"></td>
</tr><tr>
	<td background="http://www.zoovy.com/images/htmlwiz/arrowed/mini_r2_c1bg.gif"><img src="http://www.zoovy.com/images/blank.gif" width="1" height="1" alt="" border="0"></td>
	<td class="minimenu"><a name="payment"></a>&nbsp;Payment&nbsp;Policy</td>
	<td align="right"><img src="http://www.zoovy.com/images/htmlwiz/arrowed/mini_r2_right.gif" width="191" height="15" alt="" border="0"></td>
</tr>
</table>
<table cellspacing=0 cellpadding=0 border=0 width=100%><tr>
	<td align="right" width=44><img src="http://www.zoovy.com/images/htmlwiz/arrowed/mini_r3_c1.gif" width="33" height="4" alt="" border="0"></td>
	<td background="http://www.zoovy.com/images/htmlwiz/arrowed/mini_r3_bg.gif"><img src="http://www.zoovy.com/images/blank.gif" width="1" height="1" alt="" border="0"></td>
	<td width=23 background="http://www.zoovy.com/images/htmlwiz/arrowed/mini_r3_bg.gif" align="right"><img src="http://www.zoovy.com/images/htmlwiz/arrowed/mini_r3_right.gif" width="23" height="4" alt="" border="0"></td>
</tr><tr>
<td background="http://www.zoovy.com/images/htmlwiz/arrowed/mini_r4_c1bg.gif" valign="top"><img src="http://www.zoovy.com/images/htmlwiz/arrowed/mini_r4_left.gif" width="44" height="30" alt="" border="0"></td>
<td class="fill"><p class="content">%PAYMENT_POLICY%&nbsp;</p></td>
<td background="http://www.zoovy.com/images/htmlwiz/arrowed/mini_r4_c3bg.gif"><img src="http://www.zoovy.com/images/htmlwiz/arrowed/mini_r4_c3bg.gif" width="23" height="1" alt="" border="0"></td>
</tr></table>
<table cellpadding=0 cellspacing=0 border=0 width=100%><tr>
	<td width=19><img src="http://www.zoovy.com/images/blank.gif" width="19" height="1" alt="" border="0"></td>
	<td class="stroke"><img src="http://www.zoovy.com/images/blank.gif" width="1" height="3" alt="" border="0"></td></tr>
</table>
<br>
<table cellspacing=0 cellpadding=0 border=0 width=100%><tr>
<td width=11 rowspan=2><img src="http://www.zoovy.com/images/blank.gif" width="11" height="1" alt="" border="0"></td>
<td width=5 background="http://www.zoovy.com/images/htmlwiz/arrowed/mini_r1_bg.gif"><img src="http://www.zoovy.com/images/htmlwiz/arrowed/mini_r1_c1.gif" width="5" height="3" alt="" border="0"></td>
<td background="http://www.zoovy.com/images/htmlwiz/arrowed/mini_r1_bg.gif"></td>
<td background="http://www.zoovy.com/images/htmlwiz/arrowed/mini_r1_bg.gif" align="right" width=191><img src="http://www.zoovy.com/images/htmlwiz/arrowed/mini_r1_right.gif" width="191" height="3" alt="" border="0"></td>
</tr><tr>
	<td background="http://www.zoovy.com/images/htmlwiz/arrowed/mini_r2_c1bg.gif"></td>
	<td class="minimenu"><a name="return"></a>&nbsp;Return&nbsp;Policy</td>
	<td align="right"><img src="http://www.zoovy.com/images/htmlwiz/arrowed/mini_r2_right.gif" width="191" height="15" alt="" border="0"></td>
</tr>
</table>
<table cellspacing=0 cellpadding=0 border=0 width=100%><tr>
	<td align="right" width=44><img src="http://www.zoovy.com/images/htmlwiz/arrowed/mini_r3_c1.gif" width="33" height="4" alt="" border="0"></td>
	<td background="http://www.zoovy.com/images/htmlwiz/arrowed/mini_r3_bg.gif"><img src="http://www.zoovy.com/images/blank.gif" width="1" height="1" alt="" border="0"></td>
	<td width=23 background="http://www.zoovy.com/images/htmlwiz/arrowed/mini_r3_bg.gif" align="right"><img src="http://www.zoovy.com/images/htmlwiz/arrowed/mini_r3_right.gif" width="23" height="4" alt="" border="0"></td>
</tr><tr>
<td background="http://www.zoovy.com/images/htmlwiz/arrowed/mini_r4_c1bg.gif" valign="top"><img src="http://www.zoovy.com/images/htmlwiz/arrowed/mini_r4_left.gif" width="44" height="30" alt="" border="0"></td>
<td class="fill"><p class="content">%RETURN_POLICY%&nbsp;</p></td>
<td background="http://www.zoovy.com/images/htmlwiz/arrowed/mini_r4_c3bg.gif"><img src="http://www.zoovy.com/images/htmlwiz/arrowed/mini_r4_c3bg.gif" width="23" height="1" alt="" border="0"></td>
</tr></table>
<table cellpadding=0 cellspacing=0 border=0 width=100%><tr>
	<td width=19><img src="http://www.zoovy.com/images/blank.gif" width="19" height="1" alt="" border="0"></td>
	<td class="stroke"><img src="http://www.zoovy.com/images/blank.gif" width="1" height="3" alt="" border="0"></td></tr>
</table>
<br>
<table cellspacing=0 cellpadding=0 border=0 width=100%><tr>
<td width=11 rowspan=2><img src="http://www.zoovy.com/images/blank.gif" width="11" height="1" alt="" border="0"></td>
<td width=5 background="http://www.zoovy.com/images/htmlwiz/arrowed/mini_r1_bg.gif"><img src="http://www.zoovy.com/images/htmlwiz/arrowed/mini_r1_c1.gif" width="5" height="3" alt="" border="0"></td>
<td background="http://www.zoovy.com/images/htmlwiz/arrowed/mini_r1_bg.gif"></td>
<td background="http://www.zoovy.com/images/htmlwiz/arrowed/mini_r1_bg.gif" align="right" width=191><img src="http://www.zoovy.com/images/htmlwiz/arrowed/mini_r1_right.gif" width="191" height="3" alt="" border="0"></td>
</tr><tr>
	<td background="http://www.zoovy.com/images/htmlwiz/arrowed/mini_r2_c1bg.gif"></td>
	<td class="minimenu"><a name="shipping"></a>&nbsp;Shipping&nbsp;Policy</td>
	<td align="right"><img src="http://www.zoovy.com/images/htmlwiz/arrowed/mini_r2_right.gif" width="191" height="15" alt="" border="0"></td>
</tr>
</table>
<table cellspacing=0 cellpadding=0 border=0 width=100%><tr>
	<td align="right" width=44><img src="http://www.zoovy.com/images/htmlwiz/arrowed/mini_r3_c1.gif" width="33" height="4" alt="" border="0"></td>
	<td background="http://www.zoovy.com/images/htmlwiz/arrowed/mini_r3_bg.gif"><img src="http://www.zoovy.com/images/blank.gif" width="1" height="1" alt="" border="0"></td>
	<td width=23 background="http://www.zoovy.com/images/htmlwiz/arrowed/mini_r3_bg.gif" align="right"><img src="http://www.zoovy.com/images/htmlwiz/arrowed/mini_r3_right.gif" width="23" height="4" alt="" border="0"></td>
</tr><tr>
<td background="http://www.zoovy.com/images/htmlwiz/arrowed/mini_r4_c1bg.gif" valign="top"><img src="http://www.zoovy.com/images/htmlwiz/arrowed/mini_r4_left.gif" width="44" height="30" alt="" border="0"></td>
<td class="fill"><p class="content">%SHIPPING_POLICY%&nbsp;</p></td>
<td background="http://www.zoovy.com/images/htmlwiz/arrowed/mini_r4_c3bg.gif"><img src="http://www.zoovy.com/images/htmlwiz/arrowed/mini_r4_c3bg.gif" width="23" height="1" alt="" border="0"></td>
</tr></table>
<table cellpadding=0 cellspacing=0 border=0 width=100%><tr>
	<td width=19><img src="http://www.zoovy.com/images/blank.gif" width="19" height="1" alt="" border="0"></td>
	<td class="stroke"><img src="http://www.zoovy.com/images/blank.gif" width="1" height="3" alt="" border="0"></td></tr>
</table>
</td></tr>
	</table>	
</td></tr>
	</table>
</td></tr>
</table>

]]></HTML>
</ELEMENT>

</TEMPLATE>