<TEMPLATE ID="layout1-l1_cranberryagate" FORMAT="WIZARD">


<!-- ******* -->
<ELEMENT ID="CQGDPPG" TYPE="CONFIG" IMAGES="6" TITLE="Legacy: cranberryagate" CREATED="20030820" PROPERTIES="0"></ELEMENT>
<ELEMENT ID="CQFJSNE" SUB="SKU" TYPE="READONLY" DATA="FLOW::SKU"></ELEMENT>
<ELEMENT ID="CQFJSNF" SUB="PRODUCT" TYPE="READONLY" DATA="FLOW::PROD"></ELEMENT>
<ELEMENT ID="CQFJSNG" SUB="USERNAME" TYPE="READONLY" DATA="FLOW::USERNAME"></ELEMENT>
<ELEMENT ID="CQFJSNH" SUB="MERCHANT" TYPE="READONLY" DATA="FLOW::USERNAME"></ELEMENT>
<ELEMENT ID="CQFJSMX" SUB="COMPANY_NAME" PROMPT="Company Name" TYPE="TEXTBOX" DATA="merchant:zoovy:company_name" COLS="100"></ELEMENT>
<ELEMENT HEIGHT="250" ID="CQFJSMY" WIDTH="250" SUB="IMAGE1" PROMPT="Image (250x250)" TYPE="IMAGE" BGCOLOR="FFFFFF" DATA="product:zoovy:prod_image1"></ELEMENT>
<ELEMENT ID="CQFJSMZ" SUB="TITLE" PROMPT="Product Name" TYPE="TEXTBOX" DATA="product:zoovy:prod_name" COLS="100"></ELEMENT>
<ELEMENT ID="CQFJSNA" SUB="PRODUCT_DESCRIPTION" PROMPT="Product Description" TYPE="TEXTAREA" ROWS="5" DATA="product:zoovy:prod_desc" COLS="80"></ELEMENT>
<ELEMENT ID="CQFJSNB" SUB="PAYMENT_POLICY" PROMPT="Store Payment Policy" TYPE="TEXTAREA" ROWS="5" DATA="merchant:zoovy:payment_policy" COLS="80"></ELEMENT>
<ELEMENT ID="CQFJSNC" SUB="RETURN_POLICY" PROMPT="Store Return Policy" TYPE="TEXTAREA" ROWS="5" DATA="merchant:zoovy:return_policy" COLS="80"></ELEMENT>
<ELEMENT HEIGHT="88" ID="CQFJSND" WIDTH="300" SUB="COMPANY_LOGO" PROMPT="Company Logo" TYPE="IMAGE" BGCOLOR="ffffff" DATA="merchant:zoovy:company_logo"></ELEMENT>
<ELEMENT ID="CQFJSND" HEIGHT="88" PROMPT="Company Logo" SUB="COMPANY_LOGO_RAWURL" WIDTH="300" MINIMAL="0" BGCOLOR="ffffff" TYPE="IMAGE" READONLY="1" DATA="merchant:zoovy:company_logo" RAW="1"></ELEMENT>
<ELEMENT ID="CQFJSND" HEIGHT="0" PROMPT="Company Logo" SUB="COMPANY_LOGO_URL" WIDTH="0" MINIMAL="0" BGCOLOR="ffffff" TYPE="IMAGE" READONLY="1" DATA="merchant:zoovy:company_logo" RAW="1"></ELEMENT>
<ELEMENT ID="CQFJSMY" HEIGHT="250" PROMPT="Image (250x250)" SUB="IMAGE1_RAWURL" WIDTH="250" MINIMAL="0" BGCOLOR="FFFFFF" TYPE="IMAGE" READONLY="1" DATA="product:zoovy:prod_image1" RAW="1"></ELEMENT>
<ELEMENT ID="CQFJSMY" HEIGHT="0" PROMPT="Image (250x250)" SUB="IMAGE1_URL" WIDTH="0" MINIMAL="0" BGCOLOR="FFFFFF" TYPE="IMAGE" READONLY="1" DATA="product:zoovy:prod_image1" RAW="1"></ELEMENT>
<ELEMENT ID="CQFJSNI" TYPE="OUTPUT"><HTML><![CDATA[<!DOCTYPE HTML PUBLIC "-//W3C//DTD HTML 4.0 Transitional//EN">
<html>
 
<body bgcolor="#FFFFFF" text="#000000" link="#000066" alink="#000033" vlink="#000000">
<div align="center">
<center>
<table cellpadding="0" cellspacing="0" border="0" align="center" width="620" height="140" background="http://www.zoovy.com/htmlwiz/l1wrappers/l1_cranberryagate/top.jpg">
	<tr>
		<td>
			<table cellpadding="0" cellspacing="0" border="0" align="center" width="620" height="140" background="">
				<tr>
					<td width="320" height="10"><img src="http://www.zoovy.com/htmlwiz/blank.gif" width="320" height="10"></td>
					<td width="300" height="140" align="center" valign="middle" rowspan="4"><img src="http://www.zoovy.com/htmlwiz/l1wrappers/blank.gif" width="300" height="140" usemap="#menu" border="0"></td>
				</tr>
				<tr>
					<td width="300" height="88" align="center" valign="middle">%COMPANY_LOGO%</a></td>
				</tr>
				<tr>
					<td width="320" height="32" align="left" valign="bottom">
						<table cellpadding="0" cellspacing="0" border="0">
							<tr>
								<td width="20"><img src="http://www.zoovy.com/htmlwiz/blank.gif" width="20" height="1"></td>
								<td width="300" align="left" valign="middle"><img src="http://www.zoovy.com/htmlwiz/blank.gif" width="2" height="1"></td>
							</tr>
						</table>
					</td>
				</tr> 
				<tr>
					<td width="320" height="10"><img src="http://www.zoovy.com/htmlwiz/blank.gif" width="320" height="1"></td>
				</tr>
			</table>
		</td>
	</tr>
</table> 		
<table cellpadding="0" cellspacing="0" border="0" align="center" width="620">
	<tr>
		<td width="20" valign="top" background="http://www.zoovy.com/htmlwiz/l1wrappers/l1_cranberryagate/border1.jpg"><img src="http://www.zoovy.com/htmlwiz/blank.gif" width="16" height="200"></td>
		<td width="580" bgcolor="#FFFFFF" valign="top">
			<table width="580" cellpadding="3" cellspacing="3" border="0" bgcolor="#FFFFFF">
				<tr>
					<td align="left" valign="middle" bgcolor="#965148">
						<font color="#FFFFFF" face="Arial, Helvetica"  size="4">%TITLE%</font>
					</td>
				</tr>
				<tr>
					<td align="left" valign="top" bgcolor="#FFFFFF">

<center>%IMAGE1%</center><br>
%PRODUCT_DESCRIPTION%<br>
<br><b>Accepted Payments:</b><br>
%PAYMENT_POLICY%<br>
<br><b>Return Policy:</b><br>
%RETURN_POLICY%
<br>Another Auction By %COMPANY_NAME%<br>
<br>
					</td>
				</tr>
			</table>
		</td>
		<td width="20" valign="top" background="http://www.zoovy.com/htmlwiz/l1wrappers/l1_cranberryagate/border2.jpg"><img src="http://www.zoovy.com/htmlwiz/blank.gif" width="16" height="200"></td>
	</tr>
</table>
<table cellpadding="0" cellspacing="0" border="0" align="center" width="620" height="80" background="http://www.zoovy.com/htmlwiz/l1wrappers/l1_cranberryagate/bottom.jpg">
	<tr>
		<td width="620" height="80" align="center" valign="middle">
&nbsp;
		</td>
	</tr>
</table>
</center>
</div>
</body>
</html>

]]></HTML>
</ELEMENT>

</TEMPLATE>