<TEMPLATE ID="packaged-packaged_3pic" FORMAT="WIZARD">


<!-- ******* -->
<ELEMENT ID="CQGDPRO" TYPE="CONFIG" IMAGES="12" TITLE="Packaged packaged 3pic" CREATED="20050418" PROPERTIES="0"></ELEMENT>
<ELEMENT ID="CQFJSNZ" SUB="SKU" TYPE="READONLY" DATA="FLOW::SKU"></ELEMENT>
<ELEMENT ID="CQFJSOA" SUB="PRODUCT" TYPE="READONLY" DATA="FLOW::PROD"></ELEMENT>
<ELEMENT ID="CQFJSOB" SUB="USERNAME" TYPE="READONLY" DATA="FLOW::USERNAME"></ELEMENT>
<ELEMENT ID="CQFJSOC" SUB="MERCHANT" TYPE="READONLY" DATA="FLOW::USERNAME"></ELEMENT>
<ELEMENT HEIGHT="100" ID="CQFJSNN" WIDTH="300" SUB="COMPANY_LOGO" PROMPT="Company Logo (calls actual size)" BGCOLOR="ffffff" TYPE="IMAGE" BORDER="0" DATA="merchant:zoovy:company_logo"></ELEMENT>
<ELEMENT ID="CQFJSNO" SUB="COMPANY_NAME" PROMPT="Company Name" TYPE="TEXTBOX" DATA="merchant:zoovy:company_name" COLS="100"></ELEMENT>
<ELEMENT ID="CQFJSNP" SUB="SUPPORT_PHONE" PROMPT="Support Phone" TYPE="TEXTBOX" DATA="merchant:zoovy:support_phone" COLS="50"></ELEMENT>
<ELEMENT ID="CQFJSNQ" SUB="SUPPORT_EMAIL" PROMPT="Support Email" TYPE="TEXTBOX" VALIDATION="EMAIL" DATA="merchant:zoovy:support_email" COLS="50"></ELEMENT>
<ELEMENT ID="CQFJSNR" SUB="PRODUCT_NAME" PROMPT="Product Name" TYPE="TEXTBOX" DATA="product:zoovy:prod_name" COLS="100"></ELEMENT>
<ELEMENT HEIGHT="200" ID="CQFJSNS" WIDTH="200" SUB="IMAGE1" PROMPT="Image (200x200)" TYPE="IMAGE" BGCOLOR="f0f0f0" BORDER="0" ZOOM="1" DATA="product:zoovy:prod_image1"></ELEMENT>
<ELEMENT HEIGHT="200" ID="CQFJSNT" WIDTH="200" SUB="IMAGE2" PROMPT="Image (200x200)" TYPE="IMAGE" BGCOLOR="f0f0f0" BORDER="0" ZOOM="1" DATA="product:zoovy:prod_image2"></ELEMENT>
<ELEMENT HEIGHT="200" ID="CQFJSNU" WIDTH="200" SUB="IMAGE3" PROMPT="Image (200x200)" TYPE="IMAGE" BGCOLOR="f0f0f0" BORDER="0" ZOOM="1" DATA="product:zoovy:prod_image3"></ELEMENT>
<ELEMENT ID="CQFJSNV" SUB="PRODUCT_DESCRIPTION" PROMPT="Product Description" TYPE="TEXTAREA" ROWS="5" DATA="product:zoovy:prod_desc" COLS="80"></ELEMENT>
<ELEMENT ID="CQFJSNW" SUB="SHIPPING_POLICY" PROMPT="Shipping and Tax" TYPE="TEXTAREA" ROWS="5" DATA="merchant:zoovy:shipping_policy" COLS="80"></ELEMENT>
<ELEMENT ID="CQFJSNX" SUB="PAYMENT_POLICY" PROMPT="Payment Policy" TYPE="TEXTAREA" ROWS="5" DATA="merchant:zoovy:payment_policy" COLS="80"></ELEMENT>
<ELEMENT ID="CQFJSNY" SUB="RETURN_POLICY" PROMPT="Return Policy" TYPE="TEXTAREA" ROWS="5" DATA="merchant:zoovy:return_policy" COLS="80"></ELEMENT>
<ELEMENT ID="CQFJSNU" HEIGHT="200" PROMPT="Image (200x200)" SUB="IMAGE3_RAWURL" WIDTH="200" MINIMAL="0" BGCOLOR="f0f0f0" TYPE="IMAGE" READONLY="1" BORDER="0" ZOOM="1" DATA="product:zoovy:prod_image3" RAW="1"></ELEMENT>
<ELEMENT ID="CQFJSNU" HEIGHT="0" PROMPT="Image (200x200)" SUB="IMAGE3_URL" WIDTH="0" MINIMAL="0" BGCOLOR="f0f0f0" TYPE="IMAGE" READONLY="1" BORDER="0" ZOOM="1" DATA="product:zoovy:prod_image3" RAW="1"></ELEMENT>
<ELEMENT ID="CQFJSNT" HEIGHT="200" PROMPT="Image (200x200)" SUB="IMAGE2_RAWURL" WIDTH="200" MINIMAL="0" BGCOLOR="f0f0f0" TYPE="IMAGE" READONLY="1" BORDER="0" ZOOM="1" DATA="product:zoovy:prod_image2" RAW="1"></ELEMENT>
<ELEMENT ID="CQFJSNT" HEIGHT="0" PROMPT="Image (200x200)" SUB="IMAGE2_URL" WIDTH="0" MINIMAL="0" BGCOLOR="f0f0f0" TYPE="IMAGE" READONLY="1" BORDER="0" ZOOM="1" DATA="product:zoovy:prod_image2" RAW="1"></ELEMENT>
<ELEMENT ID="CQFJSNS" HEIGHT="200" PROMPT="Image (200x200)" SUB="IMAGE1_RAWURL" WIDTH="200" MINIMAL="0" BGCOLOR="f0f0f0" TYPE="IMAGE" READONLY="1" BORDER="0" ZOOM="1" DATA="product:zoovy:prod_image1" RAW="1"></ELEMENT>
<ELEMENT ID="CQFJSNS" HEIGHT="0" PROMPT="Image (200x200)" SUB="IMAGE1_URL" WIDTH="0" MINIMAL="0" BGCOLOR="f0f0f0" TYPE="IMAGE" READONLY="1" BORDER="0" ZOOM="1" DATA="product:zoovy:prod_image1" RAW="1"></ELEMENT>
<ELEMENT ID="CQFJSNN" HEIGHT="100" PROMPT="Company Logo (calls actual size)" SUB="COMPANY_LOGO_RAWURL" WIDTH="300" MINIMAL="0" TYPE="IMAGE" BGCOLOR="ffffff" READONLY="1" BORDER="0" DATA="merchant:zoovy:company_logo" RAW="1"></ELEMENT>
<ELEMENT ID="CQFJSNN" HEIGHT="0" PROMPT="Company Logo (calls actual size)" SUB="COMPANY_LOGO_URL" WIDTH="0" MINIMAL="0" TYPE="IMAGE" BGCOLOR="ffffff" READONLY="1" BORDER="0" DATA="merchant:zoovy:company_logo" RAW="1"></ELEMENT>
<ELEMENT ID="CQFJSOD" TYPE="OUTPUT"><HTML><![CDATA[<div align="center">
<table cellspacing=0 cellpadding=0 width=80% border=1 bordercolor="#666666">
<tr>
	<td bgcolor="#f0f0f0"><table cellspacing=0 cellpadding=0 border=0 width=100%>
		<tr>
			<td width=50% height=100 bgcolor="#ffffff">%COMPANY_LOGO%</td>
			<td width=50% bgcolor="#ffffff" align="right"><p><strong>%COMPANY_NAME%</strong>&nbsp;<br>
					%SUPPORT_PHONE%&nbsp;<br>
					%SUPPORT_EMAIL%&nbsp;</p></td>
		</tr><tr>
			<td colspan=2 background="greybar_top.gif"><img src="greybar_top.gif" width="1" height="5" alt="" border="0"></td>
		</tr><tr>
			<td colspan=2 bgcolor="#F0F0F0" height=20><img src="http://www.zoovy.com/images/blank.gif" height=20 width=1></td>
		</tr><tr>
			<td align="center" colspan=2 bgcolor="#990000" height=20><span style="font-family: arial; color:#FFFFFF;font-weight: bold; font-size: 16px;">%PRODUCT_NAME%</span></td>
		</tr>
		</table>
		<table cellspacing=0 cellpadding=4 border=0 width=100%>
			<tr>
				<td align="center" width=33%>%IMAGE1%</td>
				<td align="center" width=34%>%IMAGE2%</td>
				<td align="center" width=33%>%IMAGE3%</td>
			</tr>
		</table><br>
		<table cellspacing=0 cellpadding=4 border=0 width=100%>
			<tr>
				<td><p>%PRODUCT_DESCRIPTION%</p></td>
			</tr><tr>
				<td><p><strong>Shipping Policy:</strong><br>%SHIPPING_POLICY%</p></td>
			</tr><tr>
				<td><p><strong>Payment Policy:</strong><br>%PAYMENT_POLICY%</p></td>
			</tr><tr>
				<td><p><strong>Return Policy:</strong><br>%RETURN_POLICY%</p></td>
			</tr>
		</table>
	</td>
</tr>
</table>
</div>]]></HTML>
</ELEMENT>

</TEMPLATE>