<TEMPLATE ID="seasonal-choose1_wide" FORMAT="WIZARD">
<LIST ID="BGIMAGE1" TYPE="TEXT">
<OPT T="Bells" V="http://www.zoovy.com/htmlwiz/seasonal/bells.gif"></OPT>
<OPT T="Candy Canes" V="http://www.zoovy.com/htmlwiz/seasonal/candycanes.gif"></OPT>
<OPT T="Colored bells" V="http://www.zoovy.com/htmlwiz/seasonal/bells_colored.gif"></OPT>
<OPT T="Draidle" V="http://www.zoovy.com/htmlwiz/seasonal/draddle.gif"></OPT>
<OPT T="Holly" V="http://www.zoovy.com/htmlwiz/seasonal/holly.gif"></OPT>
<OPT T="Ornaments" V="http://www.zoovy.com/htmlwiz/seasonal/ornaments.gif"></OPT>
<OPT T="Santas" V="http://www.zoovy.com/htmlwiz/seasonal/santas.gif"></OPT>
<OPT T="Snowmen" V="http://www.zoovy.com/htmlwiz/seasonal/snowman.gif"></OPT>
<OPT T="Stars" V="http://www.zoovy.com/htmlwiz/seasonal/star.gif"></OPT>
<OPT T="Stockings" V="http://www.zoovy.com/htmlwiz/seasonal/stockings.gif"></OPT>
<OPT T="Wreath 1" V="http://www.zoovy.com/htmlwiz/seasonal/wreath1.gif"></OPT>
<OPT T="Wreath 2" V="http://www.zoovy.com/htmlwiz/seasonal/wreath2.gif"></OPT>
</LIST>


<!-- ******* -->
<ELEMENT ID="CQGDOZU" TYPE="CONFIG" IMAGES="6" CREATED="20030820" TITLE="Seasonal choose1 wide" PROPERTIES="0"></ELEMENT>
<ELEMENT ID="CQFJSMR" SUB="SKU" TYPE="READONLY" DATA="FLOW::SKU"></ELEMENT>
<ELEMENT ID="CQFJSMS" SUB="PRODUCT" TYPE="READONLY" DATA="FLOW::PROD"></ELEMENT>
<ELEMENT ID="CQFJSMT" SUB="USERNAME" TYPE="READONLY" DATA="FLOW::USERNAME"></ELEMENT>
<ELEMENT ID="CQFJSMU" SUB="MERCHANT" TYPE="READONLY" DATA="FLOW::USERNAME"></ELEMENT>
<ELEMENT ID="CQFJSMF" VALUE="1" SUB="BGIMAGE1" PROMPT="border image" TYPE="SELECT" LIST="BGIMAGE1" DATA="product:zoovy:bgimage1"></ELEMENT>
<ELEMENT ID="CQFJSMG" SUB="COLOR1" PROMPT="Highlight and footer text color (use hex with # or standard color" TYPE="TEXTBOX" DATA="product:zoovy:color1" COLS="100"></ELEMENT>
<ELEMENT ID="CQFJSMH" SUB="PRODUCT_NAME" PROMPT="Product Name" TYPE="TEXTBOX" DATA="product:zoovy:prod_name" COLS="100"></ELEMENT>
<ELEMENT HEIGHT="200" ID="CQFJSMI" WIDTH="600" SUB="IMAGE1" PROMPT="Image (600x200)" TYPE="IMAGE" BGCOLOR="ffffff" BORDER="0" DATA="product:zoovy:prod_image1"></ELEMENT>
<ELEMENT ID="CQFJSMJ" SUB="PRODUCT_DESCRIPTION" PROMPT="Product Description" TYPE="TEXTAREA" ROWS="5" DATA="product:zoovy:prod_desc" COLS="80"></ELEMENT>
<ELEMENT HEIGHT="100" ID="CQFJSMK" WIDTH="300" SUB="COMPANY_LOGO" PROMPT="Company Logo (calls actual size)" BGCOLOR="ffffff" TYPE="IMAGE" BORDER="0" DATA="merchant:zoovy:company_logo"></ELEMENT>
<ELEMENT ID="CQFJSML" SUB="COMPANY_NAME" PROMPT="Company Name" TYPE="TEXTBOX" DATA="merchant:zoovy:company_name" COLS="100"></ELEMENT>
<ELEMENT ID="CQFJSMM" SUB="SUPPORT_PHONE" PROMPT="Support Phone" TYPE="TEXTBOX" DATA="merchant:zoovy:support_phone" COLS="50"></ELEMENT>
<ELEMENT ID="CQFJSMN" SUB="SUPPORT_EMAIL" PROMPT="Support Email" TYPE="TEXTBOX" VALIDATION="EMAIL" DATA="merchant:zoovy:support_email" COLS="50"></ELEMENT>
<ELEMENT ID="CQFJSMO" SUB="SHIPPING_POLICY" PROMPT="Shipping and Tax" TYPE="TEXTAREA" ROWS="5" DATA="merchant:zoovy:shipping_policy" COLS="80"></ELEMENT>
<ELEMENT ID="CQFJSMP" SUB="PAYMENT_POLICY" PROMPT="Payment Policy" TYPE="TEXTAREA" ROWS="5" DATA="merchant:zoovy:payment_policy" COLS="80"></ELEMENT>
<ELEMENT ID="CQFJSMQ" SUB="FOOTER" PROMPT="Auction Footer (should be short, not required)" TYPE="TEXTBOX" ROWS="5" DATA="merchant:zoovy:auction_footer" COLS="80"></ELEMENT>
<ELEMENT ID="CQFJSMK" HEIGHT="100" PROMPT="Company Logo (calls actual size)" SUB="COMPANY_LOGO_RAWURL" WIDTH="300" MINIMAL="0" TYPE="IMAGE" BGCOLOR="ffffff" READONLY="1" BORDER="0" DATA="merchant:zoovy:company_logo" RAW="1"></ELEMENT>
<ELEMENT ID="CQFJSMK" HEIGHT="0" PROMPT="Company Logo (calls actual size)" SUB="COMPANY_LOGO_URL" WIDTH="0" MINIMAL="0" TYPE="IMAGE" BGCOLOR="ffffff" READONLY="1" BORDER="0" DATA="merchant:zoovy:company_logo" RAW="1"></ELEMENT>
<ELEMENT ID="CQFJSMI" HEIGHT="200" PROMPT="Image (600x200)" SUB="IMAGE1_RAWURL" WIDTH="600" MINIMAL="0" BGCOLOR="ffffff" TYPE="IMAGE" READONLY="1" BORDER="0" DATA="product:zoovy:prod_image1" RAW="1"></ELEMENT>
<ELEMENT ID="CQFJSMI" HEIGHT="0" PROMPT="Image (600x200)" SUB="IMAGE1_URL" WIDTH="0" MINIMAL="0" BGCOLOR="ffffff" TYPE="IMAGE" READONLY="1" BORDER="0" DATA="product:zoovy:prod_image1" RAW="1"></ELEMENT>
<ELEMENT ID="CQFJSMV" TYPE="OUTPUT"><HTML><![CDATA[<div align="center">
<table cellspacing=0 cellpadding=0 border=0 width=700>
	<tr>	
		<td background="%BGIMAGE1%" width=90><img src="http://www.zoovy.com/images/blank.gif" width=90 height=1></td>
		<td width=600 align="center">
			<table cellspacing=0 cellpadding=5 border=0 width=100%>
				<tr>
					<td width=300></td>
					<td width=300></td>
				</tr><tr>
					<td align="center" colspan=2>
<font size=4 face="verdana" color="%COLOR1%">&nbsp;<strong>%PRODUCT_NAME%</strong>&nbsp;</font></td>
				</tr><tr>
					<td colspan=2 align="center">%IMAGE1%</td>
				</tr><tr>
					<td colspan=2 align="center"><img src="http://www.zoovy.com/images/blank.gif" width=610 height=2></td>
				</tr><tr>
					<td colspan=2>
					<p><font size=2 face="verdana">%PRODUCT_DESCRIPTION%</p></td>
				</tr><tr>
					<td align="center" colspan=2>
					<div align="center">%COMPANY_LOGO%
					<font size=2 face="verdana"><p>
		<strong>%COMPANY_NAME%</strong><br>
					%SUPPORT_PHONE%<br>
					%SUPPORT_EMAIL%</p>
					</td>
				</tr>
			</table>
			<table cellspacing=0 cellpadding=5 border=0 width=100%>
				<tr>
					<td bgcolor="#FFFFFF" nowrap valign="top" align="right"><font size=3 face="verdana" color="%COLOR1%"><strong>&nbsp;Shipping and Tax:&nbsp;</strong></font></td>
					<td bgcolor="#FFFFFF" valign="top"><ul><font size=2 face="verdana">%SHIPPING_POLICY%</ul></td>
				</tr><tr>
					<td bgcolor="#FFFFFF" nowrap valign="top" align="right"><font size=3 face="verdana" color="%COLOR1%"><strong>&nbsp;Payment Policy:&nbsp;</strong></font></td>
					<td bgcolor="#FFFFFF" valign="top" width=99%><ul><font size=2 face="verdana">%PAYMENT_POLICY%</ul></td>
				</tr>
			</table>
			<table cellspacing=0 cellpadding=5 border=0 width=100%>
				<tr>
					<td align="center">	
					<font size=3 face="verdana" color="%COLOR1%"><strong>%FOOTER%</strong></font>
				</td></tr>
			</table>
		</td>
	</tr>
</table>
</div>]]></HTML>
</ELEMENT>

</TEMPLATE>