<TEMPLATE ID="series4-polygon" FORMAT="WIZARD">


<!-- ******* -->
<ELEMENT ID="CQGDPRK" TYPE="CONFIG" IMAGES="18" TITLE="Series4 polygon" CREATED="20050818" PROPERTIES="2"></ELEMENT>
<ELEMENT ID="CQFJSOG" SUB="SKU" TYPE="READONLY" DATA="FLOW::SKU"></ELEMENT>
<ELEMENT ID="CQFJSOH" SUB="PRODUCT" TYPE="READONLY" DATA="FLOW::PROD"></ELEMENT>
<ELEMENT ID="CQFJSOI" SUB="USERNAME" TYPE="READONLY" DATA="FLOW::USERNAME"></ELEMENT>
<ELEMENT ID="CQFJSOJ" SUB="MERCHANT" TYPE="READONLY" DATA="FLOW::USERNAME"></ELEMENT>
<ELEMENT ID="CQFJSNM" SUB="TITLE1" OPERATION="NB" TYPE="IF" FALSE="" DATA="merchant:zoovy:about"><TRUE><![CDATA[<a href="#about"><img src="http://gfx.zoovy.com/wizards/polygon/poly_tab_about.gif" width="35" height="110" border="0" alt="" style="margin-bottom:2px;"></a><br>]]></TRUE>
</ELEMENT>
<ELEMENT ID="CQFJSNN" SUB="TITLE2" OPERATION="NB" TYPE="IF" FALSE="" DATA="merchant:zoovy:contact"><TRUE><![CDATA[<a href="#contact"><img src="http://gfx.zoovy.com/wizards/polygon/poly_tab_contact.gif" width="35" height="110" border="0" alt="" style="margin-bottom:2px;"></a><br>]]></TRUE>
</ELEMENT>
<ELEMENT ID="CQFJSNO" SUB="TITLE3" OPERATION="NB" TYPE="IF" FALSE="" DATA="merchant:zoovy:shipping_policy"><TRUE><![CDATA[<a href="#shipping"><img src="http://gfx.zoovy.com/wizards/polygon/poly_tab_shipping.gif" width="35" height="110" border="0" alt="" style="margin-bottom:2px;"></a><br>]]></TRUE>
</ELEMENT>
<ELEMENT ID="CQFJSNP" SUB="TITLE4" OPERATION="NB" TYPE="IF" FALSE="" DATA="merchant:zoovy:payment_policy"><TRUE><![CDATA[<a href="#payment"><img src="http://gfx.zoovy.com/wizards/polygon/poly_tab_payment.gif" width="35" height="110" border="0" alt="" style="margin-bottom:2px;"></a><br>]]></TRUE>
</ELEMENT>
<ELEMENT ID="CQFJSNQ" SUB="TITLE5" OPERATION="NB" TYPE="IF" FALSE="" DATA="merchant:zoovy:return_policy"><TRUE><![CDATA[<a href="#returns"><img src="http://gfx.zoovy.com/wizards/polygon/poly_tab_returns.gif" width="35" height="110" border="0" alt="" style="margin-bottom:2px;"></a><br>]]></TRUE>
</ELEMENT>
<ELEMENT ID="CQFJSNR" TRUE="#checkout" SUB="TITLE6" OPERATION="NB" TYPE="IF" FALSE="http://ebayapi.zoovy.com/checkout.cgi" DATA="merchant:zoovy:checkout"></ELEMENT>
<ELEMENT ID="CQFJSNS" SUB="PROD_NAME" PROMPT="Product Name (shared)" TYPE="TEXTBOX" DATA="product:zoovy:prod_name" COLS="100"></ELEMENT>
<ELEMENT ID="CQFJSNT" SUB="PROD_DESC" PROMPT="Description (shared)" TYPE="TEXTAREA" ROWS="5" DATA="product:zoovy:prod_desc" COLS="80"></ELEMENT>
<ELEMENT HEIGHT="150" ID="CQFJSNU" WIDTH="150" SUB="IMAGE1" PROMPT="Image 1" TYPE="IMAGE" BGCOLOR="ffffff" BORDER="0" ZOOM="1" DATA="product:zoovy:prod_image1"></ELEMENT>
<ELEMENT HEIGHT="150" ID="CQFJSNV" WIDTH="150" SUB="IMAGE2" PROMPT="Image 2" TYPE="IMAGE" BGCOLOR="ffffff" BORDER="0" ZOOM="1" DATA="product:zoovy:prod_image2"></ELEMENT>
<ELEMENT HEIGHT="150" ID="CQFJSNW" WIDTH="150" SUB="IMAGE3" PROMPT="Image 3" TYPE="IMAGE" BGCOLOR="ffffff" BORDER="0" ZOOM="1" DATA="product:zoovy:prod_image3"></ELEMENT>
<ELEMENT HEIGHT="150" ID="CQFJSNX" WIDTH="150" SUB="IMAGE4" PROMPT="Image 4" TYPE="IMAGE" BGCOLOR="ffffff" BORDER="0" ZOOM="1" DATA="product:zoovy:prod_image4"></ELEMENT>
<ELEMENT HEIGHT="150" ID="CQFJSNY" WIDTH="150" SUB="IMAGE5" PROMPT="Image 5" TYPE="IMAGE" BGCOLOR="ffffff" BORDER="0" ZOOM="1" DATA="product:zoovy:prod_image5"></ELEMENT>
<ELEMENT HEIGHT="90" ID="CQFJSNZ" WIDTH="210" SUB="LOGO" PROMPT="Company Logo" BGCOLOR="ffffff" TYPE="IMAGE" BORDER="0" DATA="merchant:zoovy:company_logo"></ELEMENT>
<ELEMENT ID="CQFJSOA" SUB="ABOUT" PROMPT="Company Information" TYPE="TEXTAREA" ROWS="5" DATA="merchant:zoovy:about" COLS="80"><POSTTEXT><![CDATA[<br>]]></POSTTEXT>
<PRETEXT><![CDATA[<a name="about"></a><img src="http://gfx.zoovy.com/wizards/polygon/poly_header_about.gif" width="186" height="36" border="0" alt=""><br>]]></PRETEXT>
</ELEMENT>
<ELEMENT ID="CQFJSOB" SUB="CONTACT" PROMPT="Contact Information" TYPE="TEXTAREA" ROWS="5" DATA="merchant:zoovy:contact" COLS="80"><POSTTEXT><![CDATA[<br>]]></POSTTEXT>
<PRETEXT><![CDATA[<a name="contact"></a><img src="http://gfx.zoovy.com/wizards/polygon/poly_header_contact.gif" width="186" height="36" border="0" alt=""><br>]]></PRETEXT>
</ELEMENT>
<ELEMENT ID="CQFJSOC" SUB="SHIPPING" PROMPT="Shipping and Tax" TYPE="TEXTAREA" ROWS="5" DATA="merchant:zoovy:shipping_policy" COLS="80"><POSTTEXT><![CDATA[<br>]]></POSTTEXT>
<PRETEXT><![CDATA[<a name="shipping"></a><img src="http://gfx.zoovy.com/wizards/polygon/poly_header_shipping.gif" width="186" height="36" border="0" alt=""><br>]]></PRETEXT>
</ELEMENT>
<ELEMENT ID="CQFJSOD" SUB="PAYMENT" PROMPT="Payment Policy" TYPE="TEXTAREA" ROWS="5" DATA="merchant:zoovy:payment_policy" COLS="80"><POSTTEXT><![CDATA[<br>]]></POSTTEXT>
<PRETEXT><![CDATA[<a name="payment"></a><img src="http://gfx.zoovy.com/wizards/polygon/poly_header_payment.gif" width="186" height="36" border="0" alt=""><br>]]></PRETEXT>
</ELEMENT>
<ELEMENT ID="CQFJSOE" SUB="RETURNS" PROMPT="Return Policy" TYPE="TEXTAREA" ROWS="5" DATA="merchant:zoovy:return_policy" COLS="80"><POSTTEXT><![CDATA[<br>]]></POSTTEXT>
<PRETEXT><![CDATA[<a name="returns"></a><img src="http://gfx.zoovy.com/wizards/polygon/poly_header_returns.gif" width="186" height="36" border="0" alt=""><br>]]></PRETEXT>
</ELEMENT>
<ELEMENT ID="CQFJSOF" SUB="CHECKOUT" PROMPT="Checkout Instructions" TYPE="TEXTAREA" ROWS="5" DATA="merchant:zoovy:checkout" COLS="80"><POSTTEXT><![CDATA[<br>]]></POSTTEXT>
<PRETEXT><![CDATA[<a name="checkout"></a><img src="http://gfx.zoovy.com/wizards/polygon/poly_header_checkout.gif" width="186" height="36" border="0" alt=""><br>]]></PRETEXT>
</ELEMENT>
<ELEMENT ID="CQFJSNZ" HEIGHT="90" PROMPT="Company Logo" SUB="LOGO_RAWURL" WIDTH="210" MINIMAL="0" TYPE="IMAGE" BGCOLOR="ffffff" READONLY="1" BORDER="0" DATA="merchant:zoovy:company_logo" RAW="1"></ELEMENT>
<ELEMENT ID="CQFJSNZ" HEIGHT="0" PROMPT="Company Logo" SUB="LOGO_URL" WIDTH="0" MINIMAL="0" TYPE="IMAGE" BGCOLOR="ffffff" READONLY="1" BORDER="0" DATA="merchant:zoovy:company_logo" RAW="1"></ELEMENT>
<ELEMENT ID="CQFJSNY" HEIGHT="150" PROMPT="Image 5" SUB="IMAGE5_RAWURL" WIDTH="150" MINIMAL="0" BGCOLOR="ffffff" TYPE="IMAGE" READONLY="1" BORDER="0" ZOOM="1" DATA="product:zoovy:prod_image5" RAW="1"></ELEMENT>
<ELEMENT ID="CQFJSNY" HEIGHT="0" PROMPT="Image 5" SUB="IMAGE5_URL" WIDTH="0" MINIMAL="0" BGCOLOR="ffffff" TYPE="IMAGE" READONLY="1" BORDER="0" ZOOM="1" DATA="product:zoovy:prod_image5" RAW="1"></ELEMENT>
<ELEMENT ID="CQFJSNX" HEIGHT="150" PROMPT="Image 4" SUB="IMAGE4_RAWURL" WIDTH="150" MINIMAL="0" BGCOLOR="ffffff" TYPE="IMAGE" READONLY="1" BORDER="0" ZOOM="1" DATA="product:zoovy:prod_image4" RAW="1"></ELEMENT>
<ELEMENT ID="CQFJSNX" HEIGHT="0" PROMPT="Image 4" SUB="IMAGE4_URL" WIDTH="0" MINIMAL="0" BGCOLOR="ffffff" TYPE="IMAGE" READONLY="1" BORDER="0" ZOOM="1" DATA="product:zoovy:prod_image4" RAW="1"></ELEMENT>
<ELEMENT ID="CQFJSNW" HEIGHT="150" PROMPT="Image 3" SUB="IMAGE3_RAWURL" WIDTH="150" MINIMAL="0" BGCOLOR="ffffff" TYPE="IMAGE" READONLY="1" BORDER="0" ZOOM="1" DATA="product:zoovy:prod_image3" RAW="1"></ELEMENT>
<ELEMENT ID="CQFJSNW" HEIGHT="0" PROMPT="Image 3" SUB="IMAGE3_URL" WIDTH="0" MINIMAL="0" BGCOLOR="ffffff" TYPE="IMAGE" READONLY="1" BORDER="0" ZOOM="1" DATA="product:zoovy:prod_image3" RAW="1"></ELEMENT>
<ELEMENT ID="CQFJSNV" HEIGHT="150" PROMPT="Image 2" SUB="IMAGE2_RAWURL" WIDTH="150" MINIMAL="0" BGCOLOR="ffffff" TYPE="IMAGE" READONLY="1" BORDER="0" ZOOM="1" DATA="product:zoovy:prod_image2" RAW="1"></ELEMENT>
<ELEMENT ID="CQFJSNV" HEIGHT="0" PROMPT="Image 2" SUB="IMAGE2_URL" WIDTH="0" MINIMAL="0" BGCOLOR="ffffff" TYPE="IMAGE" READONLY="1" BORDER="0" ZOOM="1" DATA="product:zoovy:prod_image2" RAW="1"></ELEMENT>
<ELEMENT ID="CQFJSNU" HEIGHT="150" PROMPT="Image 1" SUB="IMAGE1_RAWURL" WIDTH="150" MINIMAL="0" BGCOLOR="ffffff" TYPE="IMAGE" READONLY="1" BORDER="0" ZOOM="1" DATA="product:zoovy:prod_image1" RAW="1"></ELEMENT>
<ELEMENT ID="CQFJSNU" HEIGHT="0" PROMPT="Image 1" SUB="IMAGE1_URL" WIDTH="0" MINIMAL="0" BGCOLOR="ffffff" TYPE="IMAGE" READONLY="1" BORDER="0" ZOOM="1" DATA="product:zoovy:prod_image1" RAW="1"></ELEMENT>
<ELEMENT ID="CQFJSOK" TYPE="OUTPUT"><HTML><![CDATA[<div align="center"><table width="700" style="border:2px solid #1A1171;" cellspacing="0" cellpadding="0"><tr><td>
<table cellspacing="0" cellpadding="0" border="0" width="100%"><tr style="background-image:url(http://gfx.zoovy.com/wizards/polygon/poly_logo_bg.gif); background-repeat:repeat-x;">
	<td align="left" width="1%"><img src="http://gfx.zoovy.com/wizards/polygon/poly_logo_left.gif" width="467" height="163"></td>
	<td align="right" width="99%" style="padding-right:4px; padding-bottom:10px;">%LOGO%</td>
</tr></table>
<table cellspacing="0" cellpadding="0" border="0" width="100%"><tr>
	<td align="left" width="1%" valign="top" style="background-image:url(http://gfx.zoovy.com/wizards/polygon/poly_left_bg.gif); background-repeat:repeat-y; background-position:left; "><img src="http://gfx.zoovy.com/wizards/polygon/poly_title_left.gif" width="152" height="49"></td>
	<td align="left" valign="middle" width="99%" style="padding-right:4px;"><span style="color:#FF9900; font-size:14pt; font-weight:bold;text-align:left; font-family:Arial, Helvetica, sans-serif;">%PROD_NAME%</span></td>
</tr></table>
<table cellspacing="0" cellpadding="0" border="0" width="100%"><tr>
	<td align="right" valign="top" style="background-image:url(http://gfx.zoovy.com/wizards/polygon/poly_left_bg.gif); background-repeat:repeat-y; background-position:left; width:98px; padding-right:2px;">
%TITLE1%
%TITLE2%
%TITLE3%
%TITLE4%
%TITLE5%
<a href="%TITLE6%"><img src="http://gfx.zoovy.com/wizards/polygon/poly_tab_checkout.gif" width="35" height="110" border="0" alt="" style="margin-bottom:2px;"></a></td>
	<td align="left" style="background-color:#FFFFFF;"><table width="100%" cellpadding="0" cellspacing="3"><tr>
		<td valign="top" rowspan="5" width="99%"><div style="text-align:left; font-family:Arial, Helvetica, sans-serif; font-size:11pt;">Content</div></td>
		<td>%IMAGE1%</td>
	</tr><tr>
		<td>%IMAGE2%</td>
	</tr><tr>
		<td>%IMAGE3%</td>
	</tr><tr>
		<td>%IMAGE4%</td>
	</tr><tr>
		<td>%IMAGE5%</td>
	</tr></table><table width="100%" cellpadding="0" cellspacing="3"><tr>
	<td><div style="text-align:left; font-family:Arial, Helvetica, sans-serif; font-size:11pt;">

%ABOUT%
%CONTACT%
%SHIPPING%
%PAYMENT%
%RETURNS%
%CHECKOUT%	
</div></td>
</tr></table></td>
</tr></table>
</td></tr></table>
  </div>
<!-- Created by JT on 2005-05-18 -->]]></HTML>
</ELEMENT>

</TEMPLATE>