<TEMPLATE ID="series4-celticforest" FORMAT="WIZARD">


<!-- ******* -->
<ELEMENT ID="CQGDPRF" TYPE="CONFIG" IMAGES="18" TITLE="Series4 celticforest" CREATED="20050818" PROPERTIES="2"></ELEMENT>
<ELEMENT ID="CQFJSOE" SUB="SKU" TYPE="READONLY" DATA="FLOW::SKU"></ELEMENT>
<ELEMENT ID="CQFJSOF" SUB="PRODUCT" TYPE="READONLY" DATA="FLOW::PROD"></ELEMENT>
<ELEMENT ID="CQFJSOG" SUB="USERNAME" TYPE="READONLY" DATA="FLOW::USERNAME"></ELEMENT>
<ELEMENT ID="CQFJSOH" SUB="MERCHANT" TYPE="READONLY" DATA="FLOW::USERNAME"></ELEMENT>
<ELEMENT ID="CQFJSNK" SUB="TITLE1" OPERATION="NB" TYPE="IF" FALSE="" DATA="merchant:zoovy:about"><TRUE><![CDATA[<a href="#about" style="color:#614A06;">About Us<br></a>]]></TRUE>
</ELEMENT>
<ELEMENT ID="CQFJSNL" SUB="TITLE2" OPERATION="NB" TYPE="IF" FALSE="" DATA="merchant:zoovy:contact"><TRUE><![CDATA[<a href="#contact" style="color:#614A06;">Contact Us</a>]]></TRUE>
</ELEMENT>
<ELEMENT ID="CQFJSNM" SUB="TITLE3" OPERATION="NB" TYPE="IF" FALSE="" DATA="merchant:zoovy:shipping_policy"><TRUE><![CDATA[<a href="#shipping" style="color:#614A06;">Shipping</a>]]></TRUE>
</ELEMENT>
<ELEMENT ID="CQFJSNN" SUB="TITLE4" OPERATION="NB" TYPE="IF" FALSE="" DATA="merchant:zoovy:payment_policy"><TRUE><![CDATA[<a href="#payment" style="color:#614A06;">Payment</a>]]></TRUE>
</ELEMENT>
<ELEMENT ID="CQFJSNO" SUB="TITLE5" OPERATION="NB" TYPE="IF" FALSE="" DATA="merchant:zoovy:return_policy"><TRUE><![CDATA[<a href="#returns" style="color:#614A06;">Returns</a>]]></TRUE>
</ELEMENT>
<ELEMENT ID="CQFJSNP" TRUE="#checkout" SUB="TITLE6" OPERATION="NB" TYPE="IF" FALSE="http://ebayapi.zoovy.net/checkout.cgi" DATA="merchant:zoovy:checkout"></ELEMENT>
<ELEMENT ID="CQFJSNQ" SUB="PROD_NAME" PROMPT="Product Name (shared)" TYPE="TEXTBOX" DATA="product:zoovy:prod_name" COLS="100"></ELEMENT>
<ELEMENT ID="CQFJSNR" SUB="PROD_DESC" PROMPT="Description (shared)" TYPE="TEXTAREA" ROWS="5" DATA="product:zoovy:prod_desc" COLS="80"></ELEMENT>
<ELEMENT HEIGHT="291" ID="CQFJSNS" WIDTH="426" SUB="IMAGE1" PROMPT="Image 1" TYPE="IMAGE" BGCOLOR="ffffff" BORDER="0" ZOOM="1" DATA="product:zoovy:prod_image1"></ELEMENT>
<ELEMENT ID="CQFJSNT" WIDTH="210" SUB="IMAGE2" PROMPT="Image 2" TYPE="IMAGE" BGCOLOR="ffffff" BORDER="0" ZOOM="1" DATA="product:zoovy:prod_image2"></ELEMENT>
<ELEMENT ID="CQFJSNU" WIDTH="210" SUB="IMAGE3" PROMPT="Image 3" TYPE="IMAGE" BGCOLOR="ffffff" BORDER="0" ZOOM="1" DATA="product:zoovy:prod_image3"></ELEMENT>
<ELEMENT ID="CQFJSNV" WIDTH="210" SUB="IMAGE4" PROMPT="Image 4" TYPE="IMAGE" BGCOLOR="ffffff" BORDER="0" ZOOM="1" DATA="product:zoovy:prod_image4"></ELEMENT>
<ELEMENT ID="CQFJSNW" WIDTH="210" SUB="IMAGE5" PROMPT="Image 5" TYPE="IMAGE" BGCOLOR="ffffff" BORDER="0" ZOOM="1" DATA="product:zoovy:prod_image5"></ELEMENT>
<ELEMENT HEIGHT="260" ID="CQFJSNX" WIDTH="260" SUB="LOGO" PROMPT="Company Logo" BGCOLOR="FFFFFF" TYPE="IMAGE" BORDER="0" DATA="merchant:zoovy:company_logo"></ELEMENT>
<ELEMENT ID="CQFJSNY" SUB="ABOUT" PROMPT="Company Information" TYPE="TEXTAREA" POSTTEXT="" ROWS="5" DATA="merchant:zoovy:about" COLS="80"><PRETEXT><![CDATA[<strong>About Us</strong><br>]]></PRETEXT>
</ELEMENT>
<ELEMENT ID="CQFJSNZ" SUB="CONTACT" PROMPT="Contact Information" TYPE="TEXTAREA" POSTTEXT="" ROWS="5" DATA="merchant:zoovy:contact" COLS="80"><PRETEXT><![CDATA[<strong>Contact Information</strong><br>]]></PRETEXT>
</ELEMENT>
<ELEMENT ID="CQFJSOA" SUB="SHIPPING" PROMPT="Shipping and Tax" TYPE="TEXTAREA" POSTTEXT="" ROWS="5" DATA="merchant:zoovy:shipping_policy" COLS="80"><PRETEXT><![CDATA[<strong>Shipping and Tax</strong><br>]]></PRETEXT>
</ELEMENT>
<ELEMENT ID="CQFJSOB" SUB="PAYMENT" PROMPT="Payment Policy" TYPE="TEXTAREA" POSTTEXT="" ROWS="5" DATA="merchant:zoovy:payment_policy" COLS="80"><PRETEXT><![CDATA[<strong>Payment Policy</strong><br>]]></PRETEXT>
</ELEMENT>
<ELEMENT ID="CQFJSOC" SUB="RETURNS" PROMPT="Return Policy" TYPE="TEXTAREA" POSTTEXT="" ROWS="5" DATA="merchant:zoovy:return_policy" COLS="80"><PRETEXT><![CDATA[<strong>Return Policy</strong><br>]]></PRETEXT>
</ELEMENT>
<ELEMENT ID="CQFJSOD" SUB="CHECKOUT" PROMPT="Checkout Instructions" TYPE="TEXTAREA" POSTTEXT="" ROWS="5" DATA="merchant:zoovy:checkout" COLS="80"><PRETEXT><![CDATA[<strong>Checkout Policy</strong><br>]]></PRETEXT>
</ELEMENT>
<ELEMENT ID="CQFJSNX" HEIGHT="260" PROMPT="Company Logo" SUB="LOGO_RAWURL" WIDTH="260" MINIMAL="0" TYPE="IMAGE" BGCOLOR="FFFFFF" READONLY="1" BORDER="0" DATA="merchant:zoovy:company_logo" RAW="1"></ELEMENT>
<ELEMENT ID="CQFJSNX" HEIGHT="0" PROMPT="Company Logo" SUB="LOGO_URL" WIDTH="0" MINIMAL="0" TYPE="IMAGE" BGCOLOR="FFFFFF" READONLY="1" BORDER="0" DATA="merchant:zoovy:company_logo" RAW="1"></ELEMENT>
<ELEMENT ID="CQFJSNW" PROMPT="Image 5" SUB="IMAGE5_RAWURL" WIDTH="210" MINIMAL="0" BGCOLOR="ffffff" TYPE="IMAGE" READONLY="1" BORDER="0" ZOOM="1" DATA="product:zoovy:prod_image5" RAW="1"></ELEMENT>
<ELEMENT ID="CQFJSNW" HEIGHT="0" PROMPT="Image 5" SUB="IMAGE5_URL" WIDTH="0" MINIMAL="0" BGCOLOR="ffffff" TYPE="IMAGE" READONLY="1" BORDER="0" ZOOM="1" DATA="product:zoovy:prod_image5" RAW="1"></ELEMENT>
<ELEMENT ID="CQFJSNV" PROMPT="Image 4" SUB="IMAGE4_RAWURL" WIDTH="210" MINIMAL="0" BGCOLOR="ffffff" TYPE="IMAGE" READONLY="1" BORDER="0" ZOOM="1" DATA="product:zoovy:prod_image4" RAW="1"></ELEMENT>
<ELEMENT ID="CQFJSNV" HEIGHT="0" PROMPT="Image 4" SUB="IMAGE4_URL" WIDTH="0" MINIMAL="0" BGCOLOR="ffffff" TYPE="IMAGE" READONLY="1" BORDER="0" ZOOM="1" DATA="product:zoovy:prod_image4" RAW="1"></ELEMENT>
<ELEMENT ID="CQFJSNU" PROMPT="Image 3" SUB="IMAGE3_RAWURL" WIDTH="210" MINIMAL="0" BGCOLOR="ffffff" TYPE="IMAGE" READONLY="1" BORDER="0" ZOOM="1" DATA="product:zoovy:prod_image3" RAW="1"></ELEMENT>
<ELEMENT ID="CQFJSNU" HEIGHT="0" PROMPT="Image 3" SUB="IMAGE3_URL" WIDTH="0" MINIMAL="0" BGCOLOR="ffffff" TYPE="IMAGE" READONLY="1" BORDER="0" ZOOM="1" DATA="product:zoovy:prod_image3" RAW="1"></ELEMENT>
<ELEMENT ID="CQFJSNT" PROMPT="Image 2" SUB="IMAGE2_RAWURL" WIDTH="210" MINIMAL="0" BGCOLOR="ffffff" TYPE="IMAGE" READONLY="1" BORDER="0" ZOOM="1" DATA="product:zoovy:prod_image2" RAW="1"></ELEMENT>
<ELEMENT ID="CQFJSNT" HEIGHT="0" PROMPT="Image 2" SUB="IMAGE2_URL" WIDTH="0" MINIMAL="0" BGCOLOR="ffffff" TYPE="IMAGE" READONLY="1" BORDER="0" ZOOM="1" DATA="product:zoovy:prod_image2" RAW="1"></ELEMENT>
<ELEMENT ID="CQFJSNS" HEIGHT="291" PROMPT="Image 1" SUB="IMAGE1_RAWURL" WIDTH="426" MINIMAL="0" BGCOLOR="ffffff" TYPE="IMAGE" READONLY="1" BORDER="0" ZOOM="1" DATA="product:zoovy:prod_image1" RAW="1"></ELEMENT>
<ELEMENT ID="CQFJSNS" HEIGHT="0" PROMPT="Image 1" SUB="IMAGE1_URL" WIDTH="0" MINIMAL="0" BGCOLOR="ffffff" TYPE="IMAGE" READONLY="1" BORDER="0" ZOOM="1" DATA="product:zoovy:prod_image1" RAW="1"></ELEMENT>
<ELEMENT ID="CQFJSOI" TYPE="OUTPUT"><HTML><![CDATA[<table align="center">
	<tr>
		<td>
			<table width="715px"  border="0" cellspacing="0" cellpadding="0">
				<tr>
					<td width="715px" style="vertical-align:top; padding-top:8px; padding-bottom:15px; padding-left:5px; font-family:Arial, Helvetica, sans-serif; font-size:20px; color:#156F2F;">%PROD_NAME%</td>
				</tr>
			</table>
			<table width="715px"  border="0" cellspacing="0" cellpadding="0">
			  <tr>
				<td width="273" valign="top" style="padding-left:5px; padding-right:5px;">%LOGO%</td>
				<td rowspan="2" width="426" valign="top" style="border:1px solid #156F2F; padding:8px;">%IMAGE1%</td>
			  </tr>
			  <tr>
				<td valign="bottom">
					<table border="0" cellpadding="0" cellspacing="0" width="273px">
						<tr>
							<td style="vertical-align:top; padding:5px; font-weight:bold; font-family:Arial, Helvetica, sans-serif; font-size:12px; color:#000000;">%TITLE4%<br>%TITLE1%</td>
							<td style="vertical-align:top; padding:5px; font-weight:bold; font-family:Arial, Helvetica, sans-serif; font-size:12px; color:#000000;">%TITLE2%<br>%TITLE3%</td>
							<td style="vertical-align:top; padding:5px; font-weight:bold; font-family:Arial, Helvetica, sans-serif; font-size:12px; color:#000000;">%TITLE5%<br><a href="%TITLE6%" style="color:#000000;">Checkout</a></td>
						</tr>
					</table>
				</td>
			  </tr>
			</table>
			<table width="715px"  border="0" cellspacing="0" cellpadding="0">
				<tr>
					<td width="715px"><img src="http://gfx.zoovy.com/wizards/celticforest/celticforest_08.gif" width="715" height="17"></td>
				</tr>
			</table>
			<table width="715px"  border="0" cellspacing="0" cellpadding="0">
				<tr>
					<td align="left" valign="top" width="265px" style="background-image:url(http://gfx.zoovy.com/wizards/celticforest/celticforest_09.gif); padding-left:5px; padding-right:5px; background-repeat:no-repeat;">
						<table border="1" bordercolor="#156F2F" cellpadding="0" cellspacing="0">
							<tr>
								<td valign="middle" align="center" style="padding:15px;">%IMAGE2%</td>
							</tr>
						</table><br>
						<table border="1" bordercolor="#156F2F" cellpadding="0" cellspacing="0">
							<tr>
								<td valign="middle" align="center" style="padding:15px;">%IMAGE3%</td>
							</tr>
						</table><br>
						<table border="1" bordercolor="#156F2F" cellpadding="0" cellspacing="0">
							<tr>
								<td valign="middle" align="center" style="padding:15px;">%IMAGE4%</td>
							</tr>
						</table><br>
						<table border="1" bordercolor="#156F2F" cellpadding="0" cellspacing="0">
							<tr>
								<td valign="middle" align="center" style="padding:15px;">%IMAGE5%</td>
							</tr>
						</table><br>
					</td>
					<td width="424px" style="background-image:url(http://gfx.zoovy.com/wizards/celticforest/celticforest_10.gif); background-repeat:no-repeat; background-color:#156F2F; vertical-align:top; align:left; padding:8px; font-family:Arial, Helvetica, sans-serif; font-size:15px; color:#FFFFFF;">%PROD_DESC%<br><br><a name="about"></a>%ABOUT%<br><br><a name="contact"></a>%CONTACT%<br><br><a name="shipping"></a>%SHIPPING%<br><br><a name="payment"></a>%PAYMENT%<br><br><a name="returns"></a>%RETURNS%<br><br><a name="checkout"></a>%CHECKOUT%</td>
				</tr>
			</table>
		</td>
	</tr>
</table>
<!-- Created by Joel on 2005-05-18 -->]]></HTML>
</ELEMENT>

</TEMPLATE>