<TEMPLATE ID="series3-yellow_rose" FORMAT="WIZARD">


<!-- ******* -->
<ELEMENT ID="CQGDPSG" TYPE="CONFIG" IMAGES="15" TITLE="Series3 yellow rose" CREATED="20050418" PROPERTIES="7"></ELEMENT>
<ELEMENT ID="CQFJSON" SUB="SKU" TYPE="READONLY" DATA="FLOW::SKU"></ELEMENT>
<ELEMENT ID="CQFJSOO" SUB="PRODUCT" TYPE="READONLY" DATA="FLOW::PROD"></ELEMENT>
<ELEMENT ID="CQFJSOP" SUB="USERNAME" TYPE="READONLY" DATA="FLOW::USERNAME"></ELEMENT>
<ELEMENT ID="CQFJSOQ" SUB="MERCHANT" TYPE="READONLY" DATA="FLOW::USERNAME"></ELEMENT>
<ELEMENT ID="CQFJSNS" SUB="TITLE1" OPERATION="NB" TYPE="IF" FALSE="" DATA="merchant:zoovy:about"><TRUE><![CDATA[ <a href="#about" class="menu">About Us</a> | ]]></TRUE>
</ELEMENT>
<ELEMENT ID="CQFJSNT" SUB="TITLE2" OPERATION="NB" TYPE="IF" FALSE="" DATA="merchant:zoovy:shipping_policy"><TRUE><![CDATA[ <a href="#shipping" class="menu">Shipping</a> | ]]></TRUE>
</ELEMENT>
<ELEMENT ID="CQFJSNU" SUB="TITLE3" OPERATION="NB" TYPE="IF" FALSE="" DATA="merchant:zoovy:payment_policy"><TRUE><![CDATA[ <a href="#payment" class="menu">Payment</a> | ]]></TRUE>
</ELEMENT>
<ELEMENT ID="CQFJSNV" SUB="TITLE4" OPERATION="NB" TYPE="IF" FALSE="" DATA="merchant:zoovy:return_policy"><TRUE><![CDATA[ <a href="#returns" class="menu">Returns</a> | ]]></TRUE>
</ELEMENT>
<ELEMENT ID="CQFJSNW" SUB="TITLE5" OPERATION="NB" TYPE="IF" FALSE="" DATA="merchant:zoovy:contact"><TRUE><![CDATA[ <a href="#contact" class="menu">Contact</a> | ]]></TRUE>
</ELEMENT>
<ELEMENT ID="CQFJSNX" TRUE="#checkout" SUB="TITLE6" OPERATION="NB" TYPE="IF" FALSE="http://ebayapi.zoovy.net/checkout.cgi" DATA="merchant:zoovy:checkout_instructions"></ELEMENT>
<ELEMENT ID="CQFJSNY" SUB="PROD_NAME" PROMPT="Product Name" TYPE="TEXTBOX" DATA="product:zoovy:prod_name" COLS="100"></ELEMENT>
<ELEMENT HEIGHT="200" ID="CQFJSNZ" WIDTH="610" SUB="IMAGE1" PROMPT="Image (610x200)" TYPE="IMAGE" BGCOLOR="ffffff" BORDER="0" ZOOM="1" DATA="product:zoovy:prod_image1"></ELEMENT>
<ELEMENT ID="CQFJSOA" SUB="PROD_DESC" PROMPT="Product Description (shared)" TYPE="TEXTAREA" ROWS="5" DATA="product:zoovy:prod_desc" COLS="80"></ELEMENT>
<ELEMENT ID="CQFJSOB" SUB="PROD_DETAIL" PROMPT="Detailed Description (optional, shared)" TYPE="TEXTAREA" ROWS="5" DATA="product:zoovy:prod_detail" COLS="80"></ELEMENT>
<ELEMENT HEIGHT="200" ID="CQFJSOC" WIDTH="200" SUB="IMAGE2" PROMPT="Image2 (200x200)" TYPE="IMAGE" BGCOLOR="ffffff" BORDER="0" ZOOM="1" DATA="product:zoovy:prod_image2"><POSTTEXT><![CDATA[</td>]]></POSTTEXT>
<PRETEXT><![CDATA[<td>]]></PRETEXT>
</ELEMENT>
<ELEMENT HEIGHT="200" ID="CQFJSOD" WIDTH="200" SUB="IMAGE3" PROMPT="Image3 (200x200)" TYPE="IMAGE" BGCOLOR="ffffff" BORDER="0" ZOOM="1" DATA="product:zoovy:prod_image3"><POSTTEXT><![CDATA[</td>]]></POSTTEXT>
<PRETEXT><![CDATA[<td>]]></PRETEXT>
</ELEMENT>
<ELEMENT HEIGHT="200" ID="CQFJSOE" WIDTH="200" SUB="IMAGE4" PROMPT="Image4 (200x200)" TYPE="IMAGE" BGCOLOR="ffffff" BORDER="0" ZOOM="1" DATA="product:zoovy:prod_image4"><POSTTEXT><![CDATA[</td>]]></POSTTEXT>
<PRETEXT><![CDATA[<td>]]></PRETEXT>
</ELEMENT>
<ELEMENT HEIGHT="85" ID="CQFJSOF" WIDTH="300" SUB="LOGO" PROMPT="Company Logo (300 x 85)" BGCOLOR="ffffff" TYPE="IMAGE" BORDER="0" DATA="merchant:zoovy:company_logo"></ELEMENT>
<ELEMENT ID="CQFJSOG" SUB="ABOUT" PROMPT="About Us (Optional)" TYPE="TEXTAREA" ROWS="5" DATA="merchant:zoovy:about" COLS="80"><POSTTEXT><![CDATA[</P>]]></POSTTEXT>
<PRETEXT><![CDATA[<P><B><span class=header>About Us</B></span><br>]]></PRETEXT>
</ELEMENT>
<ELEMENT ID="CQFJSOH" SUB="CONTACT" PROMPT="Contact Information (Optional)" TYPE="TEXTAREA" ROWS="5" DATA="merchant:zoovy:contact" COLS="80"><POSTTEXT><![CDATA[</P>]]></POSTTEXT>
<PRETEXT><![CDATA[<P><B><span class=header>Contact Information</B></span><br>]]></PRETEXT>
</ELEMENT>
<ELEMENT ID="CQFJSOI" SUB="RETURNS" PROMPT="Return Policy (optional)" TYPE="TEXTAREA" ROWS="5" DATA="merchant:zoovy:return_policy" COLS="80"><POSTTEXT><![CDATA[</P>]]></POSTTEXT>
<PRETEXT><![CDATA[<P><B><span class=header>Return Policy</B></span><br>]]></PRETEXT>
</ELEMENT>
<ELEMENT ID="CQFJSOJ" SUB="SHIPPING" PROMPT="Shipping Information (optional)" TYPE="TEXTAREA" ROWS="5" DATA="merchant:zoovy:shipping_policy" COLS="80"><POSTTEXT><![CDATA[</P>]]></POSTTEXT>
<PRETEXT><![CDATA[<P><B><span class=header>Shipping Information</B></span><br>]]></PRETEXT>
</ELEMENT>
<ELEMENT ID="CQFJSOK" SUB="PAYMENT" PROMPT="Payment Policy (optional)" TYPE="TEXTAREA" ROWS="5" DATA="merchant:zoovy:payment_policy" COLS="80"><POSTTEXT><![CDATA[</P>]]></POSTTEXT>
<PRETEXT><![CDATA[<P><B><span class=header>Payment Policy</B></span><br>]]></PRETEXT>
</ELEMENT>
<ELEMENT ID="CQFJSOL" SUB="CHECKOUT" PROMPT="Checkout Instructions (optional)" TYPE="TEXTAREA" ROWS="5" DATA="merchant:zoovy:checkout_instructions" COLS="80"><POSTTEXT><![CDATA[</P>]]></POSTTEXT>
<PRETEXT><![CDATA[<P><B><span class=header>Payment Policy</B></span><br>]]></PRETEXT>
</ELEMENT>
<ELEMENT ID="CQFJSOM" SUB="FOOTER" PROMPT="Auction Footer (should be short, not required)" TYPE="TEXTBOX" ROWS="5" DATA="merchant:zoovy:auction_footer" COLS="80"></ELEMENT>
<ELEMENT ID="CQFJSOF" HEIGHT="85" PROMPT="Company Logo (300 x 85)" SUB="LOGO_RAWURL" WIDTH="300" MINIMAL="0" TYPE="IMAGE" BGCOLOR="ffffff" READONLY="1" BORDER="0" DATA="merchant:zoovy:company_logo" RAW="1"></ELEMENT>
<ELEMENT ID="CQFJSOF" HEIGHT="0" PROMPT="Company Logo (300 x 85)" SUB="LOGO_URL" WIDTH="0" MINIMAL="0" TYPE="IMAGE" BGCOLOR="ffffff" READONLY="1" BORDER="0" DATA="merchant:zoovy:company_logo" RAW="1"></ELEMENT>
<ELEMENT ID="CQFJSOE" HEIGHT="200" PROMPT="Image4 (200x200)" SUB="IMAGE4_RAWURL" WIDTH="200" MINIMAL="0" BGCOLOR="ffffff" TYPE="IMAGE" READONLY="1" BORDER="0" ZOOM="1" DATA="product:zoovy:prod_image4" RAW="1"><POSTTEXT><![CDATA[</td>]]></POSTTEXT>
<PRETEXT><![CDATA[<td>]]></PRETEXT>
</ELEMENT>
<ELEMENT ID="CQFJSOE" HEIGHT="0" PROMPT="Image4 (200x200)" SUB="IMAGE4_URL" WIDTH="0" MINIMAL="0" BGCOLOR="ffffff" TYPE="IMAGE" READONLY="1" BORDER="0" ZOOM="1" DATA="product:zoovy:prod_image4" RAW="1"><POSTTEXT><![CDATA[</td>]]></POSTTEXT>
<PRETEXT><![CDATA[<td>]]></PRETEXT>
</ELEMENT>
<ELEMENT ID="CQFJSOD" HEIGHT="200" PROMPT="Image3 (200x200)" SUB="IMAGE3_RAWURL" WIDTH="200" MINIMAL="0" BGCOLOR="ffffff" TYPE="IMAGE" READONLY="1" BORDER="0" ZOOM="1" DATA="product:zoovy:prod_image3" RAW="1"><POSTTEXT><![CDATA[</td>]]></POSTTEXT>
<PRETEXT><![CDATA[<td>]]></PRETEXT>
</ELEMENT>
<ELEMENT ID="CQFJSOD" HEIGHT="0" PROMPT="Image3 (200x200)" SUB="IMAGE3_URL" WIDTH="0" MINIMAL="0" BGCOLOR="ffffff" TYPE="IMAGE" READONLY="1" BORDER="0" ZOOM="1" DATA="product:zoovy:prod_image3" RAW="1"><POSTTEXT><![CDATA[</td>]]></POSTTEXT>
<PRETEXT><![CDATA[<td>]]></PRETEXT>
</ELEMENT>
<ELEMENT ID="CQFJSOC" HEIGHT="200" PROMPT="Image2 (200x200)" SUB="IMAGE2_RAWURL" WIDTH="200" MINIMAL="0" BGCOLOR="ffffff" TYPE="IMAGE" READONLY="1" BORDER="0" ZOOM="1" DATA="product:zoovy:prod_image2" RAW="1"><POSTTEXT><![CDATA[</td>]]></POSTTEXT>
<PRETEXT><![CDATA[<td>]]></PRETEXT>
</ELEMENT>
<ELEMENT ID="CQFJSOC" HEIGHT="0" PROMPT="Image2 (200x200)" SUB="IMAGE2_URL" WIDTH="0" MINIMAL="0" BGCOLOR="ffffff" TYPE="IMAGE" READONLY="1" BORDER="0" ZOOM="1" DATA="product:zoovy:prod_image2" RAW="1"><POSTTEXT><![CDATA[</td>]]></POSTTEXT>
<PRETEXT><![CDATA[<td>]]></PRETEXT>
</ELEMENT>
<ELEMENT ID="CQFJSNZ" HEIGHT="200" PROMPT="Image (610x200)" SUB="IMAGE1_RAWURL" WIDTH="610" MINIMAL="0" BGCOLOR="ffffff" TYPE="IMAGE" READONLY="1" BORDER="0" ZOOM="1" DATA="product:zoovy:prod_image1" RAW="1"></ELEMENT>
<ELEMENT ID="CQFJSNZ" HEIGHT="0" PROMPT="Image (610x200)" SUB="IMAGE1_URL" WIDTH="0" MINIMAL="0" BGCOLOR="ffffff" TYPE="IMAGE" READONLY="1" BORDER="0" ZOOM="1" DATA="product:zoovy:prod_image1" RAW="1"></ELEMENT>
<ELEMENT ID="CQFJSOR" TYPE="OUTPUT"><HTML><![CDATA[<style type="text/css">
.text {font-family: tahoma, Helvetica, sans-serif; color: #776969; font-size: 9pt;}
.title	{font-size: 13pt; color: #993333; font-family: tahoma, Helvetica, sans-serif;}
.header	{font-size: 12pt; color: #D88B3D; font-family: tahoma, Helvetica, sans-serif;}
.menu	{font-size: 9pt; color: #C26405; font-family: tahoma, Helvetica, sans-serif;}
.cats	{font-size: 10pt; color: #993333; font-family: tahoma, Helvetica, sans-serif;}

.cat_bg	{background-color: #DAA59F;}
.cat_stroke	{background-color: #B48282;}

</style>
<table width="100%"><tr><td>
<table cellspacing=0 cellpadding=0 border=0 width="100%"><tr>
	<td background="http://%USERNAME%.zoovy.com/graphics/wrappers/yellowrose/menu_bg.gif" height=32 width="100%"><span class="menu">&nbsp;&nbsp;
%TITLE1%
%TITLE2%
%TITLE3%
%TITLE4%
%TITLE5%
<a href="%TITLE6%" class="menu">Checkout</a>&nbsp;&nbsp;
</span></td>
</tr><tr>
	<td height=1 class="cat_stroke"></td>
</tr></table>
<table cellspacing=0 cellpadding=0 border=0 width="100%"><tr>
	<td width="50%" align="left">%LOGO%</td>
	<td width="50%" align="right"><img src="http://%USERNAME%.zoovy.com/graphics/wrappers/yellowrose/graphic.jpg" width="482" height="93"></td>
</tr><tr>
	<td height=1 colspan=2 class="cat_stroke"></td>
</tr><tr>
	<td height=25 colspan=2 class="cat_bg"><span class="title"><strong>&nbsp;&nbsp;%PROD_NAME%</strong></span></td>
</tr><tr>
	<td height=1 colspan=2 class="cat_stroke"></td>
</tr><tr>
	<td colspan=2 background="http://%USERNAME%.zoovy.com/graphics/wrappers/yellowrose/cats_shadow.gif"><img src="http://%USERNAME%.zoovy.com/graphics/wrappers/yellowrose/cats_shadow.gif" width="1" height="9"></td>
</tr></table>

<table cellspacing=5 cellpadding=0 border=0 width="100%"><tr>
	<td align="left"><div class="text"><div align="center">%IMAGE1%</div>
%PROD_DESC%
<div align="center"><table cellpadding=0 cellspacing=6><tr>
	%IMAGE2%
	%IMAGE3%
	%IMAGE4%
</tr></table></div>
%PROD_DETAIL%
<hr>
<a name="about" />%ABOUT%
<a name="contact" />%CONTACT%
<a name="shipping" />%SHIPPING%
<a name="payment" />%PAYMENT%
<a name="returns" />%RETURNS%
<a name="checkout" />%CHECKOUT%	
</div>	</td>
</tr></table>



<table cellspacing=0 cellpadding=0 border=0 width="100%"><tr>
	<td background="http://%USERNAME%.zoovy.com/graphics/wrappers/yellowrose/menu_bg.gif" height=32 width="99%" NOWRAP align="left"><span class="menu">&nbsp;&nbsp;%TITLE1%
%TITLE2%
%TITLE3%
%TITLE4%
%TITLE5%
<a href="%TITLE6%" class="menu">Checkout</a>&nbsp;&nbsp;</span></td>
</tr><tr>
	<td height=1 colspan=2 class="cat_stroke"></td>
</tr><tr><td colspan=2 height=4></td></tr><tr>
	<td height=1 colspan=2 class="cat_stroke"></td>
</tr><tr>
	<td height=18 colspan=2 class="cat_bg"><div class="text">&nbsp;&nbsp;%FOOTER%</div></td>
</tr><tr>
	<td height=1 colspan=2 class="cat_stroke"></td>
</tr><tr>
	<td colspan=2 background="http://%USERNAME%.zoovy.com/graphics/wrappers/yellowrose/cats_shadow.gif"><img src="http://%USERNAME%.zoovy.com/graphics/wrappers/yellowrose/cats_shadow.gif" width="1" height="9"></td>
</tr></table>
</td></tr></table>
<!-- CREATED BY: JT -->]]></HTML>
</ELEMENT>

</TEMPLATE>