<TEMPLATE ID="series3-imagine" FORMAT="WIZARD">


<!-- ******* -->
<ELEMENT ID="CQGDPSB" TYPE="CONFIG" IMAGES="21" TITLE="Series3 imagine" CREATED="20050418" PROPERTIES="3"></ELEMENT>
<ELEMENT ID="CQFJSON" SUB="SKU" TYPE="READONLY" DATA="FLOW::SKU"></ELEMENT>
<ELEMENT ID="CQFJSOO" SUB="PRODUCT" TYPE="READONLY" DATA="FLOW::PROD"></ELEMENT>
<ELEMENT ID="CQFJSOP" SUB="USERNAME" TYPE="READONLY" DATA="FLOW::USERNAME"></ELEMENT>
<ELEMENT ID="CQFJSOQ" SUB="MERCHANT" TYPE="READONLY" DATA="FLOW::USERNAME"></ELEMENT>
<ELEMENT ID="CQFJSNQ" SUB="TITLE1" OPERATION="NB" TYPE="IF" FALSE="" DATA="merchant:zoovy:about"><TRUE><![CDATA[ <a href="#about" class="menu">About Us</a> | ]]></TRUE>
</ELEMENT>
<ELEMENT ID="CQFJSNR" SUB="TITLE2" OPERATION="NB" TYPE="IF" FALSE="" DATA="merchant:zoovy:shipping_policy"><TRUE><![CDATA[ <a href="#shipping" class="menu">Shipping</a> | ]]></TRUE>
</ELEMENT>
<ELEMENT ID="CQFJSNS" SUB="TITLE3" OPERATION="NB" TYPE="IF" FALSE="" DATA="merchant:zoovy:payment_policy"><TRUE><![CDATA[ <a href="#payment" class="menu">Payment</a> | ]]></TRUE>
</ELEMENT>
<ELEMENT ID="CQFJSNT" SUB="TITLE4" OPERATION="NB" TYPE="IF" FALSE="" DATA="merchant:zoovy:return_policy"><TRUE><![CDATA[ <a href="#returns" class="menu">Returns</a> | ]]></TRUE>
</ELEMENT>
<ELEMENT ID="CQFJSNU" SUB="TITLE5" OPERATION="NB" TYPE="IF" FALSE="" DATA="merchant:zoovy:contact"><TRUE><![CDATA[ <a href="#contact" class="menu">Contact</a> | ]]></TRUE>
</ELEMENT>
<ELEMENT ID="CQFJSNV" TRUE="#checkout" SUB="TITLE6" OPERATION="NB" TYPE="IF" FALSE="http://ebayapi.zoovy.net/checkout.cgi" DATA="merchant:zoovy:checkout_instructions"></ELEMENT>
<ELEMENT ID="CQFJSNW" SUB="STORE" PROMPT="If you want to link to your eBay store, enter your store name here" TYPE="TEXTBOX" DATA="merchant:zoovy:ebay_store_name" COLS="100"><PRETEXT><![CDATA[<a href="http://stores.ebay.com/]]></PRETEXT>
<POSTTEXT><![CDATA[" class="menu" target="store">eBay Store</a> | ]]></POSTTEXT>
</ELEMENT>
<ELEMENT ID="CQFJSNX" SUB="PROD_NAME" PROMPT="Product Name (Shared)" TYPE="TEXTBOX" DATA="product:zoovy:prod_name" COLS="100"></ELEMENT>
<ELEMENT ID="CQFJSNY" SUB="PROD_DESC" PROMPT="Product Description (shared)" TYPE="TEXTAREA" ROWS="5" DATA="product:zoovy:prod_desc" COLS="80"></ELEMENT>
<ELEMENT ID="CQFJSNZ" WIDTH="165" SUB="IMAGE1" PROMPT="Image1 (165 by X)" TYPE="IMAGE" BGCOLOR="FFFFFF" BORDER="0" ZOOM="1" DATA="product:zoovy:prod_image1"></ELEMENT>
<ELEMENT ID="CQFJSOA" WIDTH="165" SUB="IMAGE2" PROMPT="Image2 (165 by X)" TYPE="IMAGE" BGCOLOR="FFFFFF" BORDER="0" ZOOM="1" DATA="product:zoovy:prod_image2"></ELEMENT>
<ELEMENT ID="CQFJSOB" WIDTH="165" SUB="IMAGE3" PROMPT="Image3 (165 by X)" TYPE="IMAGE" BGCOLOR="FFFFFF" BORDER="0" ZOOM="1" DATA="product:zoovy:prod_image3"></ELEMENT>
<ELEMENT ID="CQFJSOC" WIDTH="165" SUB="IMAGE4" PROMPT="Image4 (165 by X)" TYPE="IMAGE" BGCOLOR="FFFFFF" BORDER="0" ZOOM="1" DATA="product:zoovy:prod_image4"></ELEMENT>
<ELEMENT ID="CQFJSOD" WIDTH="165" SUB="IMAGE5" PROMPT="Image5 (165 by X)" TYPE="IMAGE" BGCOLOR="FFFFFF" BORDER="0" ZOOM="1" DATA="product:zoovy:prod_image5"></ELEMENT>
<ELEMENT ID="CQFJSOE" WIDTH="165" SUB="IMAGE6" PROMPT="Image6 (165 by X)" TYPE="IMAGE" BGCOLOR="FFFFFF" BORDER="0" ZOOM="1" DATA="product:zoovy:prod_image6"></ELEMENT>
<ELEMENT HEIGHT="70" ID="CQFJSOF" WIDTH="450" SUB="LOGO" PROMPT="Company Logo (450 x 70)" BGCOLOR="FFFFFF" TYPE="IMAGE" BORDER="0" DATA="merchant:zoovy:company_logo"></ELEMENT>
<ELEMENT ID="CQFJSOG" SUB="ABOUT" PROMPT="About Us (Optional)" TYPE="TEXTAREA" ROWS="5" DATA="merchant:zoovy:about" COLS="80"><POSTTEXT><![CDATA[</P>]]></POSTTEXT>
<PRETEXT><![CDATA[<P><B><span class=header>About Us</B></span><br>]]></PRETEXT>
</ELEMENT>
<ELEMENT ID="CQFJSOH" SUB="CONTACT" PROMPT="Contact Information (Optional)" TYPE="TEXTAREA" ROWS="5" DATA="merchant:zoovy:contact" COLS="80"><POSTTEXT><![CDATA[</P>]]></POSTTEXT>
<PRETEXT><![CDATA[<P><B><span class=header>Contact Information</B></span><br>]]></PRETEXT>
</ELEMENT>
<ELEMENT ID="CQFJSOI" SUB="RETURNS" PROMPT="Return Policy (optional)" TYPE="TEXTAREA" ROWS="5" DATA="merchant:zoovy:return_policy" COLS="80"><POSTTEXT><![CDATA[</P>]]></POSTTEXT>
<PRETEXT><![CDATA[<P><B><span class=header>Return Policy</B></span><br>]]></PRETEXT>
</ELEMENT>
<ELEMENT ID="CQFJSOJ" SUB="SHIPPING" PROMPT="Shipping Information (optional)" TYPE="TEXTAREA" ROWS="5" DATA="merchant:zoovy:shipping_policy" COLS="80"><POSTTEXT><![CDATA[</P>]]></POSTTEXT>
<PRETEXT><![CDATA[<P><B><span class=header>Shipping Information</B></span><br>]]></PRETEXT>
</ELEMENT>
<ELEMENT ID="CQFJSOK" SUB="PAYMENT" PROMPT="Payment Policy (optional)" TYPE="TEXTAREA" ROWS="5" DATA="merchant:zoovy:payment_policy" COLS="80"><POSTTEXT><![CDATA[</P>]]></POSTTEXT>
<PRETEXT><![CDATA[<P><B><span class=header>Payment Policy</B></span><br>]]></PRETEXT>
</ELEMENT>
<ELEMENT ID="CQFJSOL" SUB="CHECKOUT" PROMPT="Checkout Instructions (optional)" TYPE="TEXTAREA" ROWS="5" DATA="merchant:zoovy:checkout_instructions" COLS="80"><POSTTEXT><![CDATA[</P>]]></POSTTEXT>
<PRETEXT><![CDATA[<P><B><span class=header>Checkout Instructions</B></span><br>]]></PRETEXT>
</ELEMENT>
<ELEMENT ID="CQFJSOM" SUB="FOOTER" PROMPT="Auction Footer (should be short, not required)" TYPE="TEXTBOX" DATA="merchant:zoovy:auction_footer"></ELEMENT>
<ELEMENT ID="CQFJSOF" HEIGHT="70" PROMPT="Company Logo (450 x 70)" SUB="LOGO_RAWURL" WIDTH="450" MINIMAL="0" TYPE="IMAGE" BGCOLOR="FFFFFF" READONLY="1" BORDER="0" DATA="merchant:zoovy:company_logo" RAW="1"></ELEMENT>
<ELEMENT ID="CQFJSOF" HEIGHT="0" PROMPT="Company Logo (450 x 70)" SUB="LOGO_URL" WIDTH="0" MINIMAL="0" TYPE="IMAGE" BGCOLOR="FFFFFF" READONLY="1" BORDER="0" DATA="merchant:zoovy:company_logo" RAW="1"></ELEMENT>
<ELEMENT ID="CQFJSOE" PROMPT="Image6 (165 by X)" SUB="IMAGE6_RAWURL" WIDTH="165" MINIMAL="0" BGCOLOR="FFFFFF" TYPE="IMAGE" READONLY="1" BORDER="0" ZOOM="1" DATA="product:zoovy:prod_image6" RAW="1"></ELEMENT>
<ELEMENT ID="CQFJSOE" HEIGHT="0" PROMPT="Image6 (165 by X)" SUB="IMAGE6_URL" WIDTH="0" MINIMAL="0" BGCOLOR="FFFFFF" TYPE="IMAGE" READONLY="1" BORDER="0" ZOOM="1" DATA="product:zoovy:prod_image6" RAW="1"></ELEMENT>
<ELEMENT ID="CQFJSOD" PROMPT="Image5 (165 by X)" SUB="IMAGE5_RAWURL" WIDTH="165" MINIMAL="0" BGCOLOR="FFFFFF" TYPE="IMAGE" READONLY="1" BORDER="0" ZOOM="1" DATA="product:zoovy:prod_image5" RAW="1"></ELEMENT>
<ELEMENT ID="CQFJSOD" HEIGHT="0" PROMPT="Image5 (165 by X)" SUB="IMAGE5_URL" WIDTH="0" MINIMAL="0" BGCOLOR="FFFFFF" TYPE="IMAGE" READONLY="1" BORDER="0" ZOOM="1" DATA="product:zoovy:prod_image5" RAW="1"></ELEMENT>
<ELEMENT ID="CQFJSOC" PROMPT="Image4 (165 by X)" SUB="IMAGE4_RAWURL" WIDTH="165" MINIMAL="0" BGCOLOR="FFFFFF" TYPE="IMAGE" READONLY="1" BORDER="0" ZOOM="1" DATA="product:zoovy:prod_image4" RAW="1"></ELEMENT>
<ELEMENT ID="CQFJSOC" HEIGHT="0" PROMPT="Image4 (165 by X)" SUB="IMAGE4_URL" WIDTH="0" MINIMAL="0" BGCOLOR="FFFFFF" TYPE="IMAGE" READONLY="1" BORDER="0" ZOOM="1" DATA="product:zoovy:prod_image4" RAW="1"></ELEMENT>
<ELEMENT ID="CQFJSOB" PROMPT="Image3 (165 by X)" SUB="IMAGE3_RAWURL" WIDTH="165" MINIMAL="0" BGCOLOR="FFFFFF" TYPE="IMAGE" READONLY="1" BORDER="0" ZOOM="1" DATA="product:zoovy:prod_image3" RAW="1"></ELEMENT>
<ELEMENT ID="CQFJSOB" HEIGHT="0" PROMPT="Image3 (165 by X)" SUB="IMAGE3_URL" WIDTH="0" MINIMAL="0" BGCOLOR="FFFFFF" TYPE="IMAGE" READONLY="1" BORDER="0" ZOOM="1" DATA="product:zoovy:prod_image3" RAW="1"></ELEMENT>
<ELEMENT ID="CQFJSOA" PROMPT="Image2 (165 by X)" SUB="IMAGE2_RAWURL" WIDTH="165" MINIMAL="0" BGCOLOR="FFFFFF" TYPE="IMAGE" READONLY="1" BORDER="0" ZOOM="1" DATA="product:zoovy:prod_image2" RAW="1"></ELEMENT>
<ELEMENT ID="CQFJSOA" HEIGHT="0" PROMPT="Image2 (165 by X)" SUB="IMAGE2_URL" WIDTH="0" MINIMAL="0" BGCOLOR="FFFFFF" TYPE="IMAGE" READONLY="1" BORDER="0" ZOOM="1" DATA="product:zoovy:prod_image2" RAW="1"></ELEMENT>
<ELEMENT ID="CQFJSNZ" PROMPT="Image1 (165 by X)" SUB="IMAGE1_RAWURL" WIDTH="165" MINIMAL="0" BGCOLOR="FFFFFF" TYPE="IMAGE" READONLY="1" BORDER="0" ZOOM="1" DATA="product:zoovy:prod_image1" RAW="1"></ELEMENT>
<ELEMENT ID="CQFJSNZ" HEIGHT="0" PROMPT="Image1 (165 by X)" SUB="IMAGE1_URL" WIDTH="0" MINIMAL="0" BGCOLOR="FFFFFF" TYPE="IMAGE" READONLY="1" BORDER="0" ZOOM="1" DATA="product:zoovy:prod_image1" RAW="1"></ELEMENT>
<ELEMENT ID="CQFJSOR" TYPE="OUTPUT"><HTML><![CDATA[<style type="text/css">

.text	{font-family: tahoma, arial, sans serif; font-size: 12px; color: #000000;}

h1	{margin: 0px; font-size: 14px; color: #ffffff; font-family: tahoma, arial, sans serif; }
 
.white	{color: #ffffff; font-family: tahoma, arial, sans serif; font-size: 11px;}
.menu	{color: #ffffff; font-family: tahoma, arial, sans serif; font-size: 11px;}

.stroke		{background-color: #956A6A;}
.outline	{border-color: #333333; background-color: #f0f0f0; border-style: solid; border-width: 1px;}
.gradient	{background-image:url(http://sporks.zoovy.com/graphics/wrappers/imagine/gradient.gif); background-repeat:repeat-x; background-position:top;}
.dark_bg	{background-color: #333333;}

</style>

<table style="background-color:#620807; background-image:url(http://sporks.zoovy.com/graphics/wrappers/imagine/background.gif); background-repeat:repeat-x; background-position:top;" width="100%" cellpadding="10"><tr><td>


<table cellspacing="0" cellpadding="0" border="0" width="100%"><tr>
	<td align="left"><a href="http://sporks.zoovy.com/"><img src="http://static.zoovy.com/img/sporks/W300-H75-B200302-P/your_logo_here1" border="0" width="300" height="75"></a></td>
	<td align="right" valign="middle"><span class="menu">&nbsp;%TITLE1%
%TITLE5%
%TITLE2%
%TITLE3%
%TITLE4%
%STORE%
<a href="%TITLE6%" class="menu">Checkout</a></span></td>
</tr></table>
<table bgcolor="#FFFFFF" cellspacing="4" cellpadding="0" border="0" width="100%"><tr>
	<td colspan="2"><table width="100%" cellspacing="0" cellpadding="3"><tr>
		<td class="dark_bg" height="18"><h1>%PROD_NAME%</h1></td>
	</tr></table></td>
</tr><tr>
	<td valign="top" width="5%"><table cellspacing="0" cellpadding="0" border="0" width="100%"><tr>
		<td align="center" bgcolor="#330000"><table cellspacing="5" cellpadding="0" width="100%">
		<tr><td>%IMAGE1%</td></tr>
		<tr><td>%IMAGE2%</td></tr>
		<tr><td>%IMAGE3%</td></tr>
		<tr><td>%IMAGE4%</td></tr>
		<tr><td>%IMAGE5%</td></tr>
		<tr><td>%IMAGE6%</td></tr>		
		</table></td>
	</tr></table></td>
	<td valign="top" width="95%"><table width="100%" cellspacing="0" cellpadding="3" ><tr>
		<td class="outline" height="15"><div class="text">%PROD_DESC%&nbsp;</div></td>
	</tr></table><table cellspacing="0" cellpadding="0" border="0" width="100%"><tr>
		<td style="padding-top:4px; padding-bottom:4px;" align="left">
<div class="text">
<a name="about" />%ABOUT%
<a name="contact" />%CONTACT%
<a name="shipping" />%SHIPPING%
<a name="payment" />%PAYMENT%
<a name="returns" />%RETURNS%
<a name="checkout" />%CHECKOUT%	
</div>		
		<br>
		
		</td>
	</tr></table>
	<table width="100%" cellspacing="0" cellpadding="3" ><tr>
		<td class="outline" height="15"><span class="text">&nbsp;%FOOTER%</span></td>
	</tr></table></td>
</tr></table>

</td></tr></table>
<!-- CREATED BY: JT -->]]></HTML>
</ELEMENT>

</TEMPLATE>