<TEMPLATE ID="series3-optimus_green" FORMAT="WIZARD">


<!-- ******* -->
<ELEMENT ID="CQGDPSE" TYPE="CONFIG" IMAGES="24" TITLE="Series3 optimus green" CREATED="20050418" PROPERTIES="3"></ELEMENT>
<ELEMENT ID="CQFJSOP" SUB="SKU" TYPE="READONLY" DATA="FLOW::SKU"></ELEMENT>
<ELEMENT ID="CQFJSOQ" SUB="PRODUCT" TYPE="READONLY" DATA="FLOW::PROD"></ELEMENT>
<ELEMENT ID="CQFJSOR" SUB="USERNAME" TYPE="READONLY" DATA="FLOW::USERNAME"></ELEMENT>
<ELEMENT ID="CQFJSOS" SUB="MERCHANT" TYPE="READONLY" DATA="FLOW::USERNAME"></ELEMENT>
<ELEMENT ID="CQFJSNR" SUB="TITLE1" OPERATION="NB" TYPE="IF" FALSE="" DATA="merchant:zoovy:about"><TRUE><![CDATA[ <a href="#about" class="menu">About Us</a> | ]]></TRUE>
</ELEMENT>
<ELEMENT ID="CQFJSNS" SUB="TITLE2" OPERATION="NB" TYPE="IF" FALSE="" DATA="merchant:zoovy:shipping_policy"><TRUE><![CDATA[ <a href="#shipping" class="menu">Shipping</a> | ]]></TRUE>
</ELEMENT>
<ELEMENT ID="CQFJSNT" SUB="TITLE3" OPERATION="NB" TYPE="IF" FALSE="" DATA="merchant:zoovy:payment_policy"><TRUE><![CDATA[ <a href="#payment" class="menu">Payment</a> | ]]></TRUE>
</ELEMENT>
<ELEMENT ID="CQFJSNU" SUB="TITLE4" OPERATION="NB" TYPE="IF" FALSE="" DATA="merchant:zoovy:return_policy"><TRUE><![CDATA[ <a href="#returns" class="menu">Returns</a> | ]]></TRUE>
</ELEMENT>
<ELEMENT ID="CQFJSNV" SUB="TITLE5" OPERATION="NB" TYPE="IF" FALSE="" DATA="merchant:zoovy:contact"><TRUE><![CDATA[ <a href="#contact" class="menu">Contact</a> | ]]></TRUE>
</ELEMENT>
<ELEMENT ID="CQFJSNW" TRUE="#checkout" SUB="TITLE6" OPERATION="NB" TYPE="IF" FALSE="http://ebayapi.zoovy.net/checkout.cgi" DATA="merchant:zoovy:checkout_instructions"></ELEMENT>
<ELEMENT ID="CQFJSNX" SUB="COMPANY_NAME" PROMPT="Comapny Name (Shared)" TYPE="TEXTBOX" DATA="merchant:zoovy:company_name" COLS="100"></ELEMENT>
<ELEMENT ID="CQFJSNY" SUB="PROD_NAME" PROMPT="Product Name (Shared)" TYPE="TEXTBOX" DATA="product:zoovy:prod_name" COLS="100"></ELEMENT>
<ELEMENT ID="CQFJSNZ" SUB="PROD_DESC" PROMPT="Product Description (shared)" TYPE="TEXTAREA" ROWS="5" DATA="product:zoovy:prod_desc" COLS="80"></ELEMENT>
<ELEMENT HEIGHT="250" ID="CQFJSOA" WIDTH="500" SUB="IMAGE1" PROMPT="Image1 (500 by 250)" TYPE="IMAGE" BGCOLOR="FFFFFF" BORDER="0" ZOOM="1" DATA="product:zoovy:prod_image1"></ELEMENT>
<ELEMENT ID="CQFJSOB" WIDTH="150" SUB="IMAGE2" PROMPT="Image2 (150 by X)" TYPE="IMAGE" BGCOLOR="FFFFFF" BORDER="0" ZOOM="1" DATA="product:zoovy:prod_image2"></ELEMENT>
<ELEMENT ID="CQFJSOC" WIDTH="150" SUB="IMAGE3" PROMPT="Image3 (150 by X)" TYPE="IMAGE" BGCOLOR="FFFFFF" BORDER="0" ZOOM="1" DATA="product:zoovy:prod_image3"></ELEMENT>
<ELEMENT ID="CQFJSOD" WIDTH="150" SUB="IMAGE4" PROMPT="Image4 (150 by X)" TYPE="IMAGE" BGCOLOR="FFFFFF" BORDER="0" ZOOM="1" DATA="product:zoovy:prod_image4"></ELEMENT>
<ELEMENT ID="CQFJSOE" WIDTH="150" SUB="IMAGE5" PROMPT="Image5 (150 by X)" TYPE="IMAGE" BGCOLOR="FFFFFF" BORDER="0" ZOOM="1" DATA="product:zoovy:prod_image5"></ELEMENT>
<ELEMENT ID="CQFJSOF" WIDTH="150" SUB="IMAGE6" PROMPT="Image6 (150 by X)" TYPE="IMAGE" BGCOLOR="FFFFFF" BORDER="0" ZOOM="1" DATA="product:zoovy:prod_image6"></ELEMENT>
<ELEMENT ID="CQFJSOG" WIDTH="150" SUB="IMAGE7" PROMPT="Image7 (150 by X)" TYPE="IMAGE" BGCOLOR="FFFFFF" BORDER="0" ZOOM="1" DATA="product:zoovy:prod_image7"></ELEMENT>
<ELEMENT HEIGHT="60" ID="CQFJSOH" WIDTH="300" SUB="LOGO" PROMPT="Company Logo (300 x 60)" BGCOLOR="FFFFFF" TYPE="IMAGE" BORDER="0" DATA="merchant:zoovy:company_logo"></ELEMENT>
<ELEMENT ID="CQFJSOI" SUB="ABOUT" PROMPT="About Us (Optional)" TYPE="TEXTAREA" ROWS="5" DATA="merchant:zoovy:about" COLS="80"><POSTTEXT><![CDATA[</P>]]></POSTTEXT>
<PRETEXT><![CDATA[<P><B><span class=header>About Us</B></span><br>]]></PRETEXT>
</ELEMENT>
<ELEMENT ID="CQFJSOJ" SUB="CONTACT" PROMPT="Contact Information (Optional)" TYPE="TEXTAREA" ROWS="5" DATA="merchant:zoovy:contact" COLS="80"><POSTTEXT><![CDATA[</P>]]></POSTTEXT>
<PRETEXT><![CDATA[<P><B><span class=header>Contact Information</B></span><br>]]></PRETEXT>
</ELEMENT>
<ELEMENT ID="CQFJSOK" SUB="RETURNS" PROMPT="Return Policy (optional)" TYPE="TEXTAREA" ROWS="5" DATA="merchant:zoovy:return_policy" COLS="80"><POSTTEXT><![CDATA[</P>]]></POSTTEXT>
<PRETEXT><![CDATA[<P><B><span class=header>Return Policy</B></span><br>]]></PRETEXT>
</ELEMENT>
<ELEMENT ID="CQFJSOL" SUB="SHIPPING" PROMPT="Shipping Information (optional)" TYPE="TEXTAREA" ROWS="5" DATA="merchant:zoovy:shipping_policy" COLS="80"><POSTTEXT><![CDATA[</P>]]></POSTTEXT>
<PRETEXT><![CDATA[<P><B><span class=header>Shipping Information</B></span><br>]]></PRETEXT>
</ELEMENT>
<ELEMENT ID="CQFJSOM" SUB="PAYMENT" PROMPT="Payment Policy (optional)" TYPE="TEXTAREA" ROWS="5" DATA="merchant:zoovy:payment_policy" COLS="80"><POSTTEXT><![CDATA[</P>]]></POSTTEXT>
<PRETEXT><![CDATA[<P><B><span class=header>Payment Policy</B></span><br>]]></PRETEXT>
</ELEMENT>
<ELEMENT ID="CQFJSON" SUB="CHECKOUT" PROMPT="Checkout Instructions (optional)" TYPE="TEXTAREA" ROWS="5" DATA="merchant:zoovy:checkout_instructions" COLS="80"><POSTTEXT><![CDATA[</P>]]></POSTTEXT>
<PRETEXT><![CDATA[<P><B><span class=header>Checkout Instructions</B></span><br>]]></PRETEXT>
</ELEMENT>
<ELEMENT ID="CQFJSOO" SUB="FOOTER" PROMPT="Auction Footer (should be short, not required)" TYPE="TEXTBOX" ROWS="5" DATA="merchant:zoovy:auction_footer" COLS="80"></ELEMENT>
<ELEMENT ID="CQFJSOH" HEIGHT="60" PROMPT="Company Logo (300 x 60)" SUB="LOGO_RAWURL" WIDTH="300" MINIMAL="0" TYPE="IMAGE" BGCOLOR="FFFFFF" READONLY="1" BORDER="0" DATA="merchant:zoovy:company_logo" RAW="1"></ELEMENT>
<ELEMENT ID="CQFJSOH" HEIGHT="0" PROMPT="Company Logo (300 x 60)" SUB="LOGO_URL" WIDTH="0" MINIMAL="0" TYPE="IMAGE" BGCOLOR="FFFFFF" READONLY="1" BORDER="0" DATA="merchant:zoovy:company_logo" RAW="1"></ELEMENT>
<ELEMENT ID="CQFJSOG" PROMPT="Image7 (150 by X)" SUB="IMAGE7_RAWURL" WIDTH="150" MINIMAL="0" BGCOLOR="FFFFFF" TYPE="IMAGE" READONLY="1" BORDER="0" ZOOM="1" DATA="product:zoovy:prod_image7" RAW="1"></ELEMENT>
<ELEMENT ID="CQFJSOG" HEIGHT="0" PROMPT="Image7 (150 by X)" SUB="IMAGE7_URL" WIDTH="0" MINIMAL="0" BGCOLOR="FFFFFF" TYPE="IMAGE" READONLY="1" BORDER="0" ZOOM="1" DATA="product:zoovy:prod_image7" RAW="1"></ELEMENT>
<ELEMENT ID="CQFJSOF" PROMPT="Image6 (150 by X)" SUB="IMAGE6_RAWURL" WIDTH="150" MINIMAL="0" BGCOLOR="FFFFFF" TYPE="IMAGE" READONLY="1" BORDER="0" ZOOM="1" DATA="product:zoovy:prod_image6" RAW="1"></ELEMENT>
<ELEMENT ID="CQFJSOF" HEIGHT="0" PROMPT="Image6 (150 by X)" SUB="IMAGE6_URL" WIDTH="0" MINIMAL="0" BGCOLOR="FFFFFF" TYPE="IMAGE" READONLY="1" BORDER="0" ZOOM="1" DATA="product:zoovy:prod_image6" RAW="1"></ELEMENT>
<ELEMENT ID="CQFJSOE" PROMPT="Image5 (150 by X)" SUB="IMAGE5_RAWURL" WIDTH="150" MINIMAL="0" BGCOLOR="FFFFFF" TYPE="IMAGE" READONLY="1" BORDER="0" ZOOM="1" DATA="product:zoovy:prod_image5" RAW="1"></ELEMENT>
<ELEMENT ID="CQFJSOE" HEIGHT="0" PROMPT="Image5 (150 by X)" SUB="IMAGE5_URL" WIDTH="0" MINIMAL="0" BGCOLOR="FFFFFF" TYPE="IMAGE" READONLY="1" BORDER="0" ZOOM="1" DATA="product:zoovy:prod_image5" RAW="1"></ELEMENT>
<ELEMENT ID="CQFJSOD" PROMPT="Image4 (150 by X)" SUB="IMAGE4_RAWURL" WIDTH="150" MINIMAL="0" BGCOLOR="FFFFFF" TYPE="IMAGE" READONLY="1" BORDER="0" ZOOM="1" DATA="product:zoovy:prod_image4" RAW="1"></ELEMENT>
<ELEMENT ID="CQFJSOD" HEIGHT="0" PROMPT="Image4 (150 by X)" SUB="IMAGE4_URL" WIDTH="0" MINIMAL="0" BGCOLOR="FFFFFF" TYPE="IMAGE" READONLY="1" BORDER="0" ZOOM="1" DATA="product:zoovy:prod_image4" RAW="1"></ELEMENT>
<ELEMENT ID="CQFJSOC" PROMPT="Image3 (150 by X)" SUB="IMAGE3_RAWURL" WIDTH="150" MINIMAL="0" BGCOLOR="FFFFFF" TYPE="IMAGE" READONLY="1" BORDER="0" ZOOM="1" DATA="product:zoovy:prod_image3" RAW="1"></ELEMENT>
<ELEMENT ID="CQFJSOC" HEIGHT="0" PROMPT="Image3 (150 by X)" SUB="IMAGE3_URL" WIDTH="0" MINIMAL="0" BGCOLOR="FFFFFF" TYPE="IMAGE" READONLY="1" BORDER="0" ZOOM="1" DATA="product:zoovy:prod_image3" RAW="1"></ELEMENT>
<ELEMENT ID="CQFJSOB" PROMPT="Image2 (150 by X)" SUB="IMAGE2_RAWURL" WIDTH="150" MINIMAL="0" BGCOLOR="FFFFFF" TYPE="IMAGE" READONLY="1" BORDER="0" ZOOM="1" DATA="product:zoovy:prod_image2" RAW="1"></ELEMENT>
<ELEMENT ID="CQFJSOB" HEIGHT="0" PROMPT="Image2 (150 by X)" SUB="IMAGE2_URL" WIDTH="0" MINIMAL="0" BGCOLOR="FFFFFF" TYPE="IMAGE" READONLY="1" BORDER="0" ZOOM="1" DATA="product:zoovy:prod_image2" RAW="1"></ELEMENT>
<ELEMENT ID="CQFJSOA" HEIGHT="250" PROMPT="Image1 (500 by 250)" SUB="IMAGE1_RAWURL" WIDTH="500" MINIMAL="0" BGCOLOR="FFFFFF" TYPE="IMAGE" READONLY="1" BORDER="0" ZOOM="1" DATA="product:zoovy:prod_image1" RAW="1"></ELEMENT>
<ELEMENT ID="CQFJSOA" HEIGHT="0" PROMPT="Image1 (500 by 250)" SUB="IMAGE1_URL" WIDTH="0" MINIMAL="0" BGCOLOR="FFFFFF" TYPE="IMAGE" READONLY="1" BORDER="0" ZOOM="1" DATA="product:zoovy:prod_image1" RAW="1"></ELEMENT>
<ELEMENT ID="CQFJSOT" TYPE="OUTPUT"><HTML><![CDATA[<style type="text/css">
.text	{font-family: Arial, Helvetica, sans-serif; color: #000000;}
.title		{margin: 0px; font-size: 18px; color: #339900; font-family:Arial, Helvetica, sans-serif; font-weight: bold;}
.header		{margin: 0px; font-size: 14px; color: #666666; font-family:Arial, Helvetica, sans-serif; font-weight: bold;}
.menu	{color: #ffffff; text-decoration: none; font-size: 12px; font-family:Arial, Helvetica, sans-serif; font-weight: bold;}
.light	{background-color: #666666;}
.medium	{background-color: #666666;}
.dark	{background-color: #339900;}
.stroke	{background-color: #339900;}
.outline	{border-style: solid; border-width: 1px; border-color: #006600;}
</style>

<table cellspacing="0" cellpadding="0" border="0"><tr>
	<td width="8" rowspan="2"></td>
	<td colspan="3" class="stroke" height="1"></td>
</tr><tr>
	<td width="1" class="stroke"></td>
	<td><span class="header">&nbsp;%COMPANY_NAME%&nbsp;</span></td>
	<td width="1" class="stroke"></td>
</tr></table>
<table cellspacing="0" cellpadding="0" border="0" width="100%" class="outline"><tr>
	<td height="60">%LOGO%</td>
	<td></td>
</tr><tr>
	<td colspan="2" class="stroke" height="1"></td>
</tr><tr>
	<td colspan="2" class="dark" height="20"><span class="menu">&nbsp;
%TITLE1%
%TITLE2%
%TITLE3%
%TITLE4%
%TITLE5%
<a href="%TITLE6%" class="menu">Checkout</a>&nbsp;&nbsp;</span></td>
</tr></table>
<table cellspacing=0 cellpadding=0 border=0 width="100%"><tr>
	<td valign="top" width="10%"><table cellspacing="0" cellpadding="0" border="0" width="100%"><tr>
		<td width="1" class="stroke"><img src="http://%USERNAME%.zoovy.com/graphics/general/blank.gif" height="1" width="1"></td>
		<td><table cellspacing="2" cellpadding="0" width="100%">
		<tr><td>%IMAGE2%</td></tr>
		<tr><td>%IMAGE3%</td></tr>
		<tr><td>%IMAGE4%</td></tr>
		<tr><td>%IMAGE5%</td></tr>
		<tr><td>%IMAGE6%</td></tr>
		<tr><td>%IMAGE7%</td></tr>		
		</table></td>
		<td width="1" class="stroke"><img src="http://%USERNAME%.zoovy.com/graphics/general/blank.gif" height="1" width="1"></td>
	</tr><tr><td height="1" colspan=3 class="stroke"><img src="http://%USERNAME%.zoovy.com/graphics/general/blank.gif" height="1" width="1"></td></tr>
	</table></td>
	<td valign="top" width="90%" align="left"><table cellspacing=0 cellpadding=0><tr>
		<td NOWRAP align="left"><span class="title">&nbsp;%PROD_NAME%&nbsp;</span></td>
		<td width="25">
		<td width="1" class="stroke"></td>
	</tr><tr>
		<td colspan="3" class="stroke" height="1"></td>
	</tr></table><br><div align="center">%IMAGE1%</div><table width="100%"><tr><td>
<div class="text">
%PROD_DESC%
<hr color="#006600" style="height: 1px;">
<a name="about" />%ABOUT%
<a name="contact" />%CONTACT%
<a name="shipping" />%SHIPPING%
<a name="payment" />%PAYMENT%
<a name="returns" />%RETURNS%
<a name="checkout" />%CHECKOUT%	
</div>			
	</td></tr></table>
	</td>
</tr></table><br>
<table cellspacing="0" cellpadding="0" border="0" width="100%" class="outline"><tr>
	<td colspan="2" class="dark" height="20"><span class="menu">&nbsp;
%TITLE1%
%TITLE2%
%TITLE3%
%TITLE4%
%TITLE5%
<a href="%TITLE6%" class="menu">Checkout</a>&nbsp;&nbsp;</span></td></tr><tr>
	<td colspan="2" class="stroke" height="1"></td>
</tr><tr>
	<td><table border="0" cellpadding="1"><tr><td  background=""><font color="666666" size="1" face="Arial, Helvetica">&nbsp;%FOOTER%</font></td></tr></table></td>
	<td align="right">%LOGO%</td>
	
</tr></table>
<!-- CREATED BY: JT -->]]></HTML>
</ELEMENT>

</TEMPLATE>