<TEMPLATE ID="series4-simply_blue" FORMAT="WIZARD">


<!-- ******* -->
<ELEMENT ID="CQGDPRL" TYPE="CONFIG" IMAGES="18" TITLE="Series4 simply blue" CREATED="20050818" PROPERTIES="2"></ELEMENT>
<ELEMENT ID="CQFJSOH" SUB="SKU" TYPE="READONLY" DATA="FLOW::SKU"></ELEMENT>
<ELEMENT ID="CQFJSOI" SUB="PRODUCT" TYPE="READONLY" DATA="FLOW::PROD"></ELEMENT>
<ELEMENT ID="CQFJSOJ" SUB="USERNAME" TYPE="READONLY" DATA="FLOW::USERNAME"></ELEMENT>
<ELEMENT ID="CQFJSOK" SUB="MERCHANT" TYPE="READONLY" DATA="FLOW::USERNAME"></ELEMENT>
<ELEMENT ID="CQFJSNM" SUB="TITLE1" OPERATION="NB" TYPE="IF" FALSE="" DATA="merchant:zoovy:about"><TRUE><![CDATA[<a href="#about" style="color:#FFFFFF;">About Us<br></a>]]></TRUE>
</ELEMENT>
<ELEMENT ID="CQFJSNN" SUB="TITLE2" OPERATION="NB" TYPE="IF" FALSE="" DATA="merchant:zoovy:contact"><TRUE><![CDATA[<a href="#contact" style="color:#FFFFFF;">Contact Us</a>]]></TRUE>
</ELEMENT>
<ELEMENT ID="CQFJSNO" SUB="TITLE3" OPERATION="NB" TYPE="IF" FALSE="" DATA="merchant:zoovy:shipping_policy"><TRUE><![CDATA[<a href="#shipping" style="color:#FFFFFF;">Shipping</a>]]></TRUE>
</ELEMENT>
<ELEMENT ID="CQFJSNP" SUB="TITLE4" OPERATION="NB" TYPE="IF" FALSE="" DATA="merchant:zoovy:payment_policy"><TRUE><![CDATA[<a href="#payment" style="color:#FFFFFF;">Payment</a>]]></TRUE>
</ELEMENT>
<ELEMENT ID="CQFJSNQ" SUB="TITLE5" OPERATION="NB" TYPE="IF" FALSE="" DATA="merchant:zoovy:return_policy"><TRUE><![CDATA[<a href="#returns" style="color:#FFFFFF;">Returns</a>]]></TRUE>
</ELEMENT>
<ELEMENT ID="CQFJSNR" SUB="TITLE6" OPERATION="NB" TYPE="IF" FALSE="" DATA="merchant:zoovy:checkout"><TRUE><![CDATA[<a href="#checkout" style="color:#FFFFFF;">Checkout</a>]]></TRUE>
</ELEMENT>
<ELEMENT ID="CQFJSNS" SUB="PROD_NAME" PROMPT="Product Name (shared)" TYPE="TEXTBOX" DATA="product:zoovy:prod_name" COLS="100"></ELEMENT>
<ELEMENT ID="CQFJSNT" SUB="PROD_DESC" PROMPT="Description (shared)" TYPE="TEXTAREA" ROWS="5" DATA="product:zoovy:prod_desc" COLS="80"></ELEMENT>
<ELEMENT ID="CQFJSNU" WIDTH="452" SUB="IMAGE1" PROMPT="Image 1" TYPE="IMAGE" BGCOLOR="ffffff" BORDER="0" ZOOM="1" DATA="product:zoovy:prod_image1"></ELEMENT>
<ELEMENT ID="CQFJSNV" WIDTH="210" SUB="IMAGE2" PROMPT="Image 2" TYPE="IMAGE" BGCOLOR="ffffff" BORDER="0" ZOOM="1" DATA="product:zoovy:prod_image2"></ELEMENT>
<ELEMENT ID="CQFJSNW" WIDTH="210" SUB="IMAGE3" PROMPT="Image 3" TYPE="IMAGE" BGCOLOR="ffffff" BORDER="0" ZOOM="1" DATA="product:zoovy:prod_image3"></ELEMENT>
<ELEMENT ID="CQFJSNX" WIDTH="210" SUB="IMAGE4" PROMPT="Image 4" TYPE="IMAGE" BGCOLOR="ffffff" BORDER="0" ZOOM="1" DATA="product:zoovy:prod_image4"></ELEMENT>
<ELEMENT ID="CQFJSNY" WIDTH="210" SUB="IMAGE5" PROMPT="Image 5" TYPE="IMAGE" BGCOLOR="ffffff" BORDER="0" ZOOM="1" DATA="product:zoovy:prod_image5"></ELEMENT>
<ELEMENT HEIGHT="265" ID="CQFJSNZ" WIDTH="265" SUB="LOGO" PROMPT="Company Logo" BGCOLOR="0B4A77" TYPE="IMAGE" BORDER="0" DATA="merchant:zoovy:company_logo"></ELEMENT>
<ELEMENT ID="CQFJSOA" SUB="ABOUT" PROMPT="Company Information" TYPE="TEXTAREA" POSTTEXT="" ROWS="5" DATA="merchant:zoovy:about" COLS="80"><PRETEXT><![CDATA[<strong>About Us</strong><br>]]></PRETEXT>
</ELEMENT>
<ELEMENT ID="CQFJSOB" SUB="CONTACT" PROMPT="Contact Information" TYPE="TEXTAREA" POSTTEXT="" ROWS="5" DATA="merchant:zoovy:contact" COLS="80"><PRETEXT><![CDATA[<strong>Contact Information</strong><br>]]></PRETEXT>
</ELEMENT>
<ELEMENT ID="CQFJSOC" SUB="SHIPPING" PROMPT="Shipping and Tax" TYPE="TEXTAREA" POSTTEXT="" ROWS="5" DATA="merchant:zoovy:shipping_policy" COLS="80"><PRETEXT><![CDATA[<strong>Shipping and Tax</strong><br>]]></PRETEXT>
</ELEMENT>
<ELEMENT ID="CQFJSOD" SUB="PAYMENT" PROMPT="Payment Policy" TYPE="TEXTAREA" POSTTEXT="" ROWS="5" DATA="merchant:zoovy:payment_policy" COLS="80"><PRETEXT><![CDATA[<strong>Payment Policy</strong><br>]]></PRETEXT>
</ELEMENT>
<ELEMENT ID="CQFJSOE" SUB="RETURNS" PROMPT="Return Policy" TYPE="TEXTAREA" POSTTEXT="" ROWS="5" DATA="merchant:zoovy:return_policy" COLS="80"><PRETEXT><![CDATA[<strong>Return Policy</strong><br>]]></PRETEXT>
</ELEMENT>
<ELEMENT ID="CQFJSOF" SUB="CHECKOUT" PROMPT="Checkout Instructions" TYPE="TEXTAREA" POSTTEXT="" ROWS="5" DATA="merchant:zoovy:checkout" COLS="80"><PRETEXT><![CDATA[<strong>Checkout Policy</strong><br>]]></PRETEXT>
</ELEMENT>
<ELEMENT ID="CQFJSOG" SUB="FOOTER" PROMPT="Footer" TYPE="TEXTBOX" ROWS="5" DATA="merchant:zoovy:wiz_footer" COLS="80"></ELEMENT>
<ELEMENT ID="CQFJSNZ" HEIGHT="265" PROMPT="Company Logo" SUB="LOGO_RAWURL" WIDTH="265" MINIMAL="0" TYPE="IMAGE" BGCOLOR="0B4A77" READONLY="1" BORDER="0" DATA="merchant:zoovy:company_logo" RAW="1"></ELEMENT>
<ELEMENT ID="CQFJSNZ" HEIGHT="0" PROMPT="Company Logo" SUB="LOGO_URL" WIDTH="0" MINIMAL="0" TYPE="IMAGE" BGCOLOR="0B4A77" READONLY="1" BORDER="0" DATA="merchant:zoovy:company_logo" RAW="1"></ELEMENT>
<ELEMENT ID="CQFJSNY" PROMPT="Image 5" SUB="IMAGE5_RAWURL" WIDTH="210" MINIMAL="0" BGCOLOR="ffffff" TYPE="IMAGE" READONLY="1" BORDER="0" ZOOM="1" DATA="product:zoovy:prod_image5" RAW="1"></ELEMENT>
<ELEMENT ID="CQFJSNY" HEIGHT="0" PROMPT="Image 5" SUB="IMAGE5_URL" WIDTH="0" MINIMAL="0" BGCOLOR="ffffff" TYPE="IMAGE" READONLY="1" BORDER="0" ZOOM="1" DATA="product:zoovy:prod_image5" RAW="1"></ELEMENT>
<ELEMENT ID="CQFJSNX" PROMPT="Image 4" SUB="IMAGE4_RAWURL" WIDTH="210" MINIMAL="0" BGCOLOR="ffffff" TYPE="IMAGE" READONLY="1" BORDER="0" ZOOM="1" DATA="product:zoovy:prod_image4" RAW="1"></ELEMENT>
<ELEMENT ID="CQFJSNX" HEIGHT="0" PROMPT="Image 4" SUB="IMAGE4_URL" WIDTH="0" MINIMAL="0" BGCOLOR="ffffff" TYPE="IMAGE" READONLY="1" BORDER="0" ZOOM="1" DATA="product:zoovy:prod_image4" RAW="1"></ELEMENT>
<ELEMENT ID="CQFJSNW" PROMPT="Image 3" SUB="IMAGE3_RAWURL" WIDTH="210" MINIMAL="0" BGCOLOR="ffffff" TYPE="IMAGE" READONLY="1" BORDER="0" ZOOM="1" DATA="product:zoovy:prod_image3" RAW="1"></ELEMENT>
<ELEMENT ID="CQFJSNW" HEIGHT="0" PROMPT="Image 3" SUB="IMAGE3_URL" WIDTH="0" MINIMAL="0" BGCOLOR="ffffff" TYPE="IMAGE" READONLY="1" BORDER="0" ZOOM="1" DATA="product:zoovy:prod_image3" RAW="1"></ELEMENT>
<ELEMENT ID="CQFJSNV" PROMPT="Image 2" SUB="IMAGE2_RAWURL" WIDTH="210" MINIMAL="0" BGCOLOR="ffffff" TYPE="IMAGE" READONLY="1" BORDER="0" ZOOM="1" DATA="product:zoovy:prod_image2" RAW="1"></ELEMENT>
<ELEMENT ID="CQFJSNV" HEIGHT="0" PROMPT="Image 2" SUB="IMAGE2_URL" WIDTH="0" MINIMAL="0" BGCOLOR="ffffff" TYPE="IMAGE" READONLY="1" BORDER="0" ZOOM="1" DATA="product:zoovy:prod_image2" RAW="1"></ELEMENT>
<ELEMENT ID="CQFJSNU" PROMPT="Image 1" SUB="IMAGE1_RAWURL" WIDTH="452" MINIMAL="0" BGCOLOR="ffffff" TYPE="IMAGE" READONLY="1" BORDER="0" ZOOM="1" DATA="product:zoovy:prod_image1" RAW="1"></ELEMENT>
<ELEMENT ID="CQFJSNU" HEIGHT="0" PROMPT="Image 1" SUB="IMAGE1_URL" WIDTH="0" MINIMAL="0" BGCOLOR="ffffff" TYPE="IMAGE" READONLY="1" BORDER="0" ZOOM="1" DATA="product:zoovy:prod_image1" RAW="1"></ELEMENT>
<ELEMENT ID="CQFJSOL" TYPE="OUTPUT"><HTML><![CDATA[<table bgcolor="#0B4A77" width="100%"><tr><td>
<table align="center">
	<tr>
		<td>
			<table width="743px"  border="0" cellspacing="0" cellpadding="0">
			  <tr>
				<td width="275" valign="top" style="padding-left:5px; padding-right:5px;">%LOGO%</td>
				<td rowspan="2" width="468" valign="top" style=" border:1px solid #ffffff; padding:8px;">%IMAGE1%</td>
			  </tr>
			  <tr>
				<td valign="bottom">
					<table border="0" cellpadding="0" cellspacing="0" width="275px">
						<tr>
						  <td style="vertical-align:top; padding:5px; font-weight:bold; font-family:Arial, Helvetica, sans-serif; font-size:12px; color:#FFFFFF;">%TITLE4%<br>%TITLE3%<br></td>
						  <td style="vertical-align:top; padding:5px; font-weight:bold; font-family:Arial, Helvetica, sans-serif; font-size:12px; color:#FFFFFF;">%TITLE2%<br><a href="%TITLE6%" style="color:#ffffff;">Checkout</a><br></td>
						  <td style="vertical-align:top; padding:5px; font-weight:bold; font-family:Arial, Helvetica, sans-serif; font-size:12px; color:#FFFFFF;">%TITLE5%</td>
						</tr>
					</table>
				</td>
			  </tr>
			</table>
			<table width="743px"  border="0" cellspacing="0" cellpadding="0">
				<tr>
					<td width="743px" style="vertical-align:top; padding-top:8px; padding-bottom:15px; padding-left:5px; font-family:Arial, Helvetica, sans-serif; font-size:20px; color:#FFFFFF;">%PROD_NAME%
					</td>
				</tr>
			</table>
			<table width="743px"  border="0" cellspacing="0" cellpadding="0">
				<tr>
					<td align="left" valign="top" width="268px" style="background-image:url(http://gfx.zoovy.com/wizards/simplyblue/simply_blue_08.gif); padding-left:5px; padding-right:5px; background-repeat:no-repeat;">
						<table border="1" bordercolor="#FFFFFF" cellpadding="0" cellspacing="0">
							<tr>
								<td valign="middle" align="center" style="padding:15px;">%IMAGE2%</td>
							</tr>
						</table><br>
						<table border="1" bordercolor="#FFFFFF" cellpadding="0" cellspacing="0">
							<tr>
								<td valign="middle" align="center" style="padding:15px;">%IMAGE3%</td>
							</tr>
						</table><br>
												<table border="1" bordercolor="#FFFFFF" cellpadding="0" cellspacing="0">
							<tr>
								<td valign="middle" align="center" style="padding:15px;">%IMAGE2%</td>
							</tr>
						</table><br>
						<table border="1" bordercolor="#FFFFFF" cellpadding="0" cellspacing="0">
							<tr>
								<td valign="middle" align="center" style="padding:15px;">%IMAGE3%</td>
							</tr>
						</table><br>
												<table border="1" bordercolor="#FFFFFF" cellpadding="0" cellspacing="0">
							<tr>
								<td valign="middle" align="center" style="padding:15px;">%IMAGE4%</td>
							</tr>
						</table><br>
						<table border="1" bordercolor="#FFFFFF" cellpadding="0" cellspacing="0">
							<tr>
								<td valign="middle" align="center" style="padding:15px;">%IMAGE5%</td>
							</tr>
						</table><br>
					</td>
				  <td width="449px" style="background-image:url(http://gfx.zoovy.com/wizards/simplyblue/simply_blue_09.gif); background-repeat:no-repeat; background-color:#315E9A; vertical-align:top; align:left; padding:8px; font-family:Arial, Helvetica, sans-serif; font-size:12px; color:#FFFFFF;  border:1px solid #ffffff">%PROD_DESC%<br><br><a name="contact"></a>%CONTACT%<br><br><a name="shipping"></a>%SHIPPING%<br><br><a name="payment"></a>%PAYMENT%<br><br><a name="returns"></a>%RETURNS%<br><br><a name="checkout"></a>%CHECKOUT%<br><br></td>
				</tr>
			</table>
		</td>
	</tr>
</table>
</td></tr></table>
<!-- Created by Joel on 2005-05-18 -->
]]></HTML>
</ELEMENT>

</TEMPLATE>