<TEMPLATE ID="series3-fashioned" FORMAT="WIZARD">


<!-- ******* -->
<ELEMENT ID="CQGDPSJ" TYPE="CONFIG" IMAGES="18" TITLE="Series3 fashioned" CREATED="20050418" PROPERTIES="3"></ELEMENT>
<ELEMENT ID="CQFJSOO" SUB="SKU" TYPE="READONLY" DATA="FLOW::SKU"></ELEMENT>
<ELEMENT ID="CQFJSOP" SUB="PRODUCT" TYPE="READONLY" DATA="FLOW::PROD"></ELEMENT>
<ELEMENT ID="CQFJSOQ" SUB="USERNAME" TYPE="READONLY" DATA="FLOW::USERNAME"></ELEMENT>
<ELEMENT ID="CQFJSOR" SUB="MERCHANT" TYPE="READONLY" DATA="FLOW::USERNAME"></ELEMENT>
<ELEMENT ID="CQFJSNT" SUB="TITLE1" OPERATION="NB" TYPE="IF" FALSE="" DATA="merchant:zoovy:about"><TRUE><![CDATA[ <a href="#about" class="menu">About Us</a> | ]]></TRUE>
</ELEMENT>
<ELEMENT ID="CQFJSNU" SUB="TITLE2" OPERATION="NB" TYPE="IF" FALSE="" DATA="merchant:zoovy:shipping_policy"><TRUE><![CDATA[ <a href="#shipping" class="menu">Shipping</a> | ]]></TRUE>
</ELEMENT>
<ELEMENT ID="CQFJSNV" SUB="TITLE3" OPERATION="NB" TYPE="IF" FALSE="" DATA="merchant:zoovy:payment_policy"><TRUE><![CDATA[ <a href="#payment" class="menu">Payment</a> | ]]></TRUE>
</ELEMENT>
<ELEMENT ID="CQFJSNW" SUB="TITLE4" OPERATION="NB" TYPE="IF" FALSE="" DATA="merchant:zoovy:return_policy"><TRUE><![CDATA[ <a href="#returns" class="menu">Returns</a> | ]]></TRUE>
</ELEMENT>
<ELEMENT ID="CQFJSNX" SUB="TITLE5" OPERATION="NB" TYPE="IF" FALSE="" DATA="merchant:zoovy:contact"><TRUE><![CDATA[ <a href="#contact" class="menu">Contact</a> | ]]></TRUE>
</ELEMENT>
<ELEMENT ID="CQFJSNY" TRUE="#checkout" SUB="TITLE6" OPERATION="NB" TYPE="IF" FALSE="http://ebayapi.zoovy.net/checkout.cgi" DATA="merchant:zoovy:checkout_instructions"></ELEMENT>
<ELEMENT ID="CQFJSNZ" SUB="PROD_NAME" PROMPT="Product Name" TYPE="TEXTBOX" DATA="product:zoovy:prod_name" COLS="100"></ELEMENT>
<ELEMENT ID="CQFJSOA" SUB="PROD_DESC" PROMPT="Product Description (shared)" TYPE="TEXTAREA" ROWS="5" DATA="product:zoovy:prod_desc" COLS="80"></ELEMENT>
<ELEMENT ID="CQFJSOB" WIDTH="200" SUB="IMAGE1" PROMPT="Image (200 by X)" TYPE="IMAGE" BGCOLOR="ffffff" BORDER="0" ZOOM="1" DATA="product:zoovy:prod_image1"></ELEMENT>
<ELEMENT ID="CQFJSOC" WIDTH="200" SUB="IMAGE2" PROMPT="Image2 (200 by X)" TYPE="IMAGE" BGCOLOR="ffffff" BORDER="0" ZOOM="1" DATA="product:zoovy:prod_image2"></ELEMENT>
<ELEMENT ID="CQFJSOD" WIDTH="200" SUB="IMAGE3" PROMPT="Image3 (200 by X)" TYPE="IMAGE" BGCOLOR="ffffff" BORDER="0" ZOOM="1" DATA="product:zoovy:prod_image3"></ELEMENT>
<ELEMENT ID="CQFJSOE" WIDTH="200" SUB="IMAGE4" PROMPT="Image4 (200 by X)" TYPE="IMAGE" BGCOLOR="ffffff" BORDER="0" ZOOM="1" DATA="product:zoovy:prod_image4"></ELEMENT>
<ELEMENT ID="CQFJSOF" WIDTH="200" SUB="IMAGE5" PROMPT="Image5 (200 by X)" TYPE="IMAGE" BGCOLOR="ffffff" BORDER="0" ZOOM="1" DATA="product:zoovy:prod_image5"></ELEMENT>
<ELEMENT HEIGHT="85" ID="CQFJSOG" WIDTH="300" SUB="LOGO" PROMPT="Company Logo (200 x 150)" BGCOLOR="ffffff" TYPE="IMAGE" BORDER="0" DATA="merchant:zoovy:company_logo"></ELEMENT>
<ELEMENT ID="CQFJSOH" SUB="ABOUT" PROMPT="About Us (Optional)" TYPE="TEXTAREA" ROWS="5" DATA="merchant:zoovy:about" COLS="80"><POSTTEXT><![CDATA[</P>]]></POSTTEXT>
<PRETEXT><![CDATA[<P><B><span class=header>About Us</B></span><br>]]></PRETEXT>
</ELEMENT>
<ELEMENT ID="CQFJSOI" SUB="CONTACT" PROMPT="Contact Information (Optional)" TYPE="TEXTAREA" ROWS="5" DATA="merchant:zoovy:contact" COLS="80"><POSTTEXT><![CDATA[</P>]]></POSTTEXT>
<PRETEXT><![CDATA[<P><B><span class=header>Contact Information</B></span><br>]]></PRETEXT>
</ELEMENT>
<ELEMENT ID="CQFJSOJ" SUB="RETURNS" PROMPT="Return Policy (optional)" TYPE="TEXTAREA" ROWS="5" DATA="merchant:zoovy:return_policy" COLS="80"><POSTTEXT><![CDATA[</P>]]></POSTTEXT>
<PRETEXT><![CDATA[<P><B><span class=header>Return Policy</B></span><br>]]></PRETEXT>
</ELEMENT>
<ELEMENT ID="CQFJSOK" SUB="SHIPPING" PROMPT="Shipping Information (optional)" TYPE="TEXTAREA" ROWS="5" DATA="merchant:zoovy:shipping_policy" COLS="80"><POSTTEXT><![CDATA[</P>]]></POSTTEXT>
<PRETEXT><![CDATA[<P><B><span class=header>Shipping Information</B></span><br>]]></PRETEXT>
</ELEMENT>
<ELEMENT ID="CQFJSOL" SUB="PAYMENT" PROMPT="Payment Policy (optional)" TYPE="TEXTAREA" ROWS="5" DATA="merchant:zoovy:payment_policy" COLS="80"><POSTTEXT><![CDATA[</P>]]></POSTTEXT>
<PRETEXT><![CDATA[<P><B><span class=header>Payment Policy</B></span><br>]]></PRETEXT>
</ELEMENT>
<ELEMENT ID="CQFJSOM" SUB="CHECKOUT" PROMPT="Checkout Instructions (optional)" TYPE="TEXTAREA" ROWS="5" DATA="merchant:zoovy:checkout_instructions" COLS="80"><POSTTEXT><![CDATA[</P>]]></POSTTEXT>
<PRETEXT><![CDATA[<P><B><span class=header>Payment Policy</B></span><br>]]></PRETEXT>
</ELEMENT>
<ELEMENT ID="CQFJSON" SUB="FOOTER" PROMPT="Auction Footer (should be short, not required)" TYPE="TEXTBOX" ROWS="5" DATA="merchant:zoovy:auction_footer" COLS="80"></ELEMENT>
<ELEMENT ID="CQFJSOG" HEIGHT="85" PROMPT="Company Logo (200 x 150)" SUB="LOGO_RAWURL" WIDTH="300" MINIMAL="0" TYPE="IMAGE" BGCOLOR="ffffff" READONLY="1" BORDER="0" DATA="merchant:zoovy:company_logo" RAW="1"></ELEMENT>
<ELEMENT ID="CQFJSOG" HEIGHT="0" PROMPT="Company Logo (200 x 150)" SUB="LOGO_URL" WIDTH="0" MINIMAL="0" TYPE="IMAGE" BGCOLOR="ffffff" READONLY="1" BORDER="0" DATA="merchant:zoovy:company_logo" RAW="1"></ELEMENT>
<ELEMENT ID="CQFJSOF" PROMPT="Image5 (200 by X)" SUB="IMAGE5_RAWURL" WIDTH="200" MINIMAL="0" BGCOLOR="ffffff" TYPE="IMAGE" READONLY="1" BORDER="0" ZOOM="1" DATA="product:zoovy:prod_image5" RAW="1"></ELEMENT>
<ELEMENT ID="CQFJSOF" HEIGHT="0" PROMPT="Image5 (200 by X)" SUB="IMAGE5_URL" WIDTH="0" MINIMAL="0" BGCOLOR="ffffff" TYPE="IMAGE" READONLY="1" BORDER="0" ZOOM="1" DATA="product:zoovy:prod_image5" RAW="1"></ELEMENT>
<ELEMENT ID="CQFJSOE" PROMPT="Image4 (200 by X)" SUB="IMAGE4_RAWURL" WIDTH="200" MINIMAL="0" BGCOLOR="ffffff" TYPE="IMAGE" READONLY="1" BORDER="0" ZOOM="1" DATA="product:zoovy:prod_image4" RAW="1"></ELEMENT>
<ELEMENT ID="CQFJSOE" HEIGHT="0" PROMPT="Image4 (200 by X)" SUB="IMAGE4_URL" WIDTH="0" MINIMAL="0" BGCOLOR="ffffff" TYPE="IMAGE" READONLY="1" BORDER="0" ZOOM="1" DATA="product:zoovy:prod_image4" RAW="1"></ELEMENT>
<ELEMENT ID="CQFJSOD" PROMPT="Image3 (200 by X)" SUB="IMAGE3_RAWURL" WIDTH="200" MINIMAL="0" BGCOLOR="ffffff" TYPE="IMAGE" READONLY="1" BORDER="0" ZOOM="1" DATA="product:zoovy:prod_image3" RAW="1"></ELEMENT>
<ELEMENT ID="CQFJSOD" HEIGHT="0" PROMPT="Image3 (200 by X)" SUB="IMAGE3_URL" WIDTH="0" MINIMAL="0" BGCOLOR="ffffff" TYPE="IMAGE" READONLY="1" BORDER="0" ZOOM="1" DATA="product:zoovy:prod_image3" RAW="1"></ELEMENT>
<ELEMENT ID="CQFJSOC" PROMPT="Image2 (200 by X)" SUB="IMAGE2_RAWURL" WIDTH="200" MINIMAL="0" BGCOLOR="ffffff" TYPE="IMAGE" READONLY="1" BORDER="0" ZOOM="1" DATA="product:zoovy:prod_image2" RAW="1"></ELEMENT>
<ELEMENT ID="CQFJSOC" HEIGHT="0" PROMPT="Image2 (200 by X)" SUB="IMAGE2_URL" WIDTH="0" MINIMAL="0" BGCOLOR="ffffff" TYPE="IMAGE" READONLY="1" BORDER="0" ZOOM="1" DATA="product:zoovy:prod_image2" RAW="1"></ELEMENT>
<ELEMENT ID="CQFJSOB" PROMPT="Image (200 by X)" SUB="IMAGE1_RAWURL" WIDTH="200" MINIMAL="0" BGCOLOR="ffffff" TYPE="IMAGE" READONLY="1" BORDER="0" ZOOM="1" DATA="product:zoovy:prod_image1" RAW="1"></ELEMENT>
<ELEMENT ID="CQFJSOB" HEIGHT="0" PROMPT="Image (200 by X)" SUB="IMAGE1_URL" WIDTH="0" MINIMAL="0" BGCOLOR="ffffff" TYPE="IMAGE" READONLY="1" BORDER="0" ZOOM="1" DATA="product:zoovy:prod_image1" RAW="1"></ELEMENT>
<ELEMENT ID="CQFJSOS" TYPE="OUTPUT"><HTML><![CDATA[<style type="text/css">
.text	{font-family: tahoma, Arial, Helvetica, sans-serif;  font-size: 13px; color: #333333;}
.gradient	{background-image:url(http://%USERNAME%.zoovy.com/graphics/wrappers/fashioned/top_gradient.gif)}
.logo_bg	{background-image:url(http://%USERNAME%.zoovy.com/graphics/wrappers/fashioned/logo_bg.gif)}
.body_top	{background-image:url(http://%USERNAME%.zoovy.com/graphics/wrappers/fashioned/body_bg_top.gif); background-repeat:repeat-x;}
.body_bottom	{background-image:url(http://%USERNAME%.zoovy.com/graphics/wrappers/fashioned/body_bg_bottom.gif); background-repeat:repeat-x;}
.body_left	{background-image:url(http://%USERNAME%.zoovy.com/graphics/wrappers/fashioned/body_bg_left.gif); background-repeat:repeat-y;}
.body_right	{background-image:url(http://%USERNAME%.zoovy.com/graphics/wrappers/fashioned/body_bg_right.gif); background-repeat:repeat-y;}

.title {font-size: 18px; color: #674B67; margin: 2px; font-family: tahoma, Arial, Helvetica, sans-serif; font-weight: bold;}
.menu	{font-size: 11px; color: #ffffff; font-weight: bold; font-family: tahoma, Arial, Helvetica, sans-serif;}
.header	{color: #CC0033; font-size: 14px;}

.med_purple_bg	{background-color: #C091BB}
.lt_purple_bg	{background-color: #DBB9E0}

</style>
</head>
<body>

<table cellspacing=0 cellpadding=0 border=0 width="100%"><tr>
	<td width="1%" class="gradient"><img src="http://%USERNAME%.zoovy.com/graphics/wrappers/fashioned/top_gradient.gif" width="1" height="167"></td>
	<td width="1%" class="logo_bg" valign="bottom" align="left"><img src="http://%USERNAME%.zoovy.com/graphics/wrappers/fashioned/logo_left.gif" width="12" height="116"></td>
	<td width="1%" valign="middle" class="logo_bg">%LOGO%</td>
	<td width="1%" class="logo_bg" valign="bottom" align="right"><img src="http://%USERNAME%.zoovy.com/graphics/wrappers/fashioned/logo_right.gif" width="12" height="116"></td>
	<td width="90%" valign="top" class="gradient"></td>
	<td width="6%" align="right" class="gradient" rowspan=3><img src="http://%USERNAME%.zoovy.com/graphics/wrappers/fashioned/face.jpg" width="241" height="213"></td>
</tr><tr class="med_purple_bg">
	<td height="24"></td>
	<td colspan=4><span class="menu">&nbsp;&nbsp;
%TITLE1%
%TITLE2%
%TITLE3%
%TITLE4%
%TITLE5%
<a href="%TITLE6%" class="menu">Checkout</a>&nbsp;&nbsp;
</span></td>
</tr><tr class="lt_purple_bg">
	<td colspan=5 height="22"><img src="http://%USERNAME%.zoovy.com/graphics/general/blank.gif" height="22" width="1"></td>
</tr></table>
<table cellspacing=0 cellpadding=0 border=0 width="100%"><tr>
	<td valign="top" width="1%" style="background-image:url(http://%USERNAME%.zoovy.com/graphics/wrappers/fashioned/column_bg.gif); background-repeat:repeat-y;"><img src="http://%USERNAME%.zoovy.com/graphics/wrappers/fashioned/corner.gif" width="79" height="10"></td>

	<td background="http://%USERNAME%.zoovy.com/graphics/wrappers/fashioned/title_bg.gif" width="99%"><span class="title">%PROD_NAME%</span></td>
</tr></table>

<table width="100%" cellspacing=0 cellpadding=0><tr><td style="background-image:url(http://%USERNAME%.zoovy.com/graphics/wrappers/fashioned/column_bg.gif); background-repeat:repeat-y; background-color: #FFF7FB;"><div align="center">
<table cellspacing=0 cellpadding=0 width="95%"><tr>
	<td valign="top" align="left" class="body_left"><img src="http://%USERNAME%.zoovy.com/graphics/wrappers/fashioned/body_corner_ul.gif" width="12" height="13"></td>
	<td width="99%" class="body_top"><img src="http://%USERNAME%.zoovy.com/graphics/wrappers/fashioned/body_bg_top.gif" width="1" height="13"></td>
	<td valign="top" align="left" class="body_right"><img src="http://%USERNAME%.zoovy.com/graphics/wrappers/fashioned/body_corner_ur.gif" width="14" height="13"></td>
</tr><tr>
	<td class="body_left"></td>
	<td bgcolor="#ffffff"><table width="100%" cellspacing=0 cellpadding=0><tr>

		<td valign="top" width="15%" align="left"><table>
		<tr><td>%IMAGE1%</td></tr>
		<tr><td>%IMAGE2%</td></tr>
		<tr><td>%IMAGE3%</td></tr>
		<tr><td>%IMAGE4%</td></tr>
		<tr><td>%IMAGE5%</td></tr>
		</table></td>
		<td valign="top" align="left"><div class="text">
%PROD_DESC%
<hr color="#CC0033" style="height: 1px;">
<a name="about" />%ABOUT%
<a name="contact" />%CONTACT%
<a name="shipping" />%SHIPPING%
<a name="payment" />%PAYMENT%
<a name="returns" />%RETURNS%
<a name="checkout" />%CHECKOUT%	
</div>		
		
		</div></td>
	</tr></table></td>
	<td class="body_right"></td>
</tr><tr>
	<td valign="top" align="left" class="body_left"><img src="http://%USERNAME%.zoovy.com/graphics/wrappers/fashioned/body_corner_ll.gif" width="12" height="13"></td>
	<td width="99%" class="body_bottom"><img src="http://%USERNAME%.zoovy.com/graphics/wrappers/fashioned/body_bg_bottom.gif" width="1" height="13"></td>
	<td valign="top" align="left" class="body_right"><img src="http://%USERNAME%.zoovy.com/graphics/wrappers/fashioned/body_corner_lr.gif" width="14" height="13"></td>
</tr></table><br><div class="text">%FOOTER%</div>
</div></td></tr></table>
<!-- CREATED BY: JT -->]]></HTML>
</ELEMENT>

</TEMPLATE>