<TEMPLATE ID="series3-gradiate" FORMAT="WIZARD">


<!-- ******* -->
<ELEMENT ID="CQGDPSA" TYPE="CONFIG" IMAGES="18" TITLE="Series3 gradiate" CREATED="20050418" PROPERTIES="3"></ELEMENT>
<ELEMENT ID="CQFJSOO" SUB="SKU" TYPE="READONLY" DATA="FLOW::SKU"></ELEMENT>
<ELEMENT ID="CQFJSOP" SUB="PRODUCT" TYPE="READONLY" DATA="FLOW::PROD"></ELEMENT>
<ELEMENT ID="CQFJSOQ" SUB="USERNAME" TYPE="READONLY" DATA="FLOW::USERNAME"></ELEMENT>
<ELEMENT ID="CQFJSOR" SUB="MERCHANT" TYPE="READONLY" DATA="FLOW::USERNAME"></ELEMENT>
<ELEMENT ID="CQFJSNP" SUB="TITLE1" OPERATION="NB" TYPE="IF" FALSE="" DATA="merchant:zoovy:about"><TRUE><![CDATA[<td align="center" valign="bottom"><a href="#about"><img src="http://<!-- USERNAME -->.zoovy.com/graphics/wrappers/gradiate/clb_menu_about.gif" width="39" height="45" alt="about" border="0"></a></td><td><img src="http://<!-- USERNAME -->.zoovy.com/graphics/wrappers/gradiate/clb_menu_splitter.gif" width="15" height="41"></td>]]></TRUE>
</ELEMENT>
<ELEMENT ID="CQFJSNQ" SUB="TITLE2" OPERATION="NB" TYPE="IF" FALSE="" DATA="merchant:zoovy:shipping_policy"><TRUE><![CDATA[<td align="center" valign="bottom"><a href="#shipping"><img src="http://<!-- USERNAME -->.zoovy.com/graphics/wrappers/gradiate/clb_menu_shipping.gif" width="39" height="45" alt="shipping" border="0"></a></td><td><img src="http://<!-- USERNAME -->.zoovy.com/graphics/wrappers/gradiate/clb_menu_splitter.gif" width="15" height="41"></td>]]></TRUE>
</ELEMENT>
<ELEMENT ID="CQFJSNR" SUB="TITLE3" OPERATION="NB" TYPE="IF" FALSE="" DATA="merchant:zoovy:payment_policy"><TRUE><![CDATA[<td align="center" valign="bottom"><a href="#payment"><img src="http://<!-- USERNAME -->.zoovy.com/graphics/wrappers/gradiate/clb_menu_payment.gif" width="39" height="45" alt="payment" border="0"></a></td><td><img src="http://<!-- USERNAME -->.zoovy.com/graphics/wrappers/gradiate/clb_menu_splitter.gif" width="15" height="41"></td>]]></TRUE>
</ELEMENT>
<ELEMENT ID="CQFJSNS" SUB="TITLE4" OPERATION="NB" TYPE="IF" FALSE="" DATA="merchant:zoovy:return_policy"><TRUE><![CDATA[<td align="center" valign="bottom"><a href="#returns"><img src="http://<!-- USERNAME -->.zoovy.com/graphics/wrappers/gradiate/clb_menu_returns.gif" width="39" height="45" alt="returns" border="0"></a></td><td><img src="http://<!-- USERNAME -->.zoovy.com/graphics/wrappers/gradiate/clb_menu_splitter.gif" width="15" height="41"></td>]]></TRUE>
</ELEMENT>
<ELEMENT ID="CQFJSNT" SUB="TITLE5" OPERATION="NB" TYPE="IF" FALSE="" DATA="merchant:zoovy:contact"><TRUE><![CDATA[<td align="center" valign="bottom"><a href="#contact"><img src="http://<!-- USERNAME -->.zoovy.com/graphics/wrappers/gradiate/clb_menu_contact.gif" width="39" height="45" alt="contact" border="0"></a></td><td><img src="http://<!-- USERNAME -->.zoovy.com/graphics/wrappers/gradiate/clb_menu_splitter.gif" width="15" height="41"></td>]]></TRUE>
</ELEMENT>
<ELEMENT ID="CQFJSNU" SUB="TITLE6" OPERATION="NB" TYPE="IF" FALSE="" DATA="merchant:zoovy:guarantee"><TRUE><![CDATA[<td align="center" valign="bottom"><a href="#guarantee"><img src="http://<!-- USERNAME -->.zoovy.com/graphics/wrappers/gradiate/clb_menu_guarantee.gif" width="43" height="45" alt="guarantee" border="0"></a></td><td><img src="http://<!-- USERNAME -->.zoovy.com/graphics/wrappers/gradiate/clb_menu_splitter.gif" width="15" height="41"></td>]]></TRUE>
</ELEMENT>
<ELEMENT ID="CQFJSNV" SUB="TITLE10" OPERATION="NB" TYPE="IF" DATA="merchant:zoovy:checkout_instructions"><TRUE><![CDATA[<a href="#checkout">]]></TRUE>
<FALSE><![CDATA[<a href="http://ebayapi.zoovy.net/checkout.cgi" target="_store">]]></FALSE>
</ELEMENT>
<ELEMENT ID="CQFJSNW" SUB="STORE" PROMPT="If you want to link to your eBay store, enter your store name here" TYPE="TEXTBOX" DATA="merchant:zoovy:ebay_store_name" COLS="100"><PRETEXT><![CDATA[<td align="center" valign="bottom"><a href="http://stores.ebay.com/]]></PRETEXT>
<POSTTEXT><![CDATA[" target="store"><img src="http://<!-- USERNAME -->.zoovy.com/graphics/wrappers/gradiate/clb_menu_store.gif" width="39" height="45" alt="store" border="0"></a></td><td><img src="http://<!-- USERNAME -->.zoovy.com/graphics/wrappers/gradiate/clb_menu_splitter.gif" width="15" height="41"></td>]]></POSTTEXT>
</ELEMENT>
<ELEMENT ID="CQFJSNX" SUB="PROD_NAME" PROMPT="Product Name" TYPE="TEXTBOX" DATA="product:zoovy:prod_name" COLS="100"></ELEMENT>
<ELEMENT ID="CQFJSNY" SUB="PROD_MANF" PROMPT="Product Manufacturer (Optional)" TYPE="TEXTBOX" DATA="product:zoovy:prod_golf_manufacturer" COLS="100"><PRETEXT><![CDATA[<b>Manufacturer: </b>]]></PRETEXT>
<POSTTEXT><![CDATA[<br>]]></POSTTEXT>
</ELEMENT>
<ELEMENT ID="CQFJSNZ" SUB="PROD_DESC" PROMPT="Product Description" TYPE="TEXTAREA" ROWS="5" DATA="product:zoovy:prod_desc" COLS="80"></ELEMENT>
<ELEMENT HEIGHT="" ID="CQFJSOA" WIDTH="202" SUB="IMAGE1" PROMPT="Image1 (155 x 155)" TYPE="IMAGE" BGCOLOR="E1E1FF" BORDER="0" ZOOM="1" DATA="product:zoovy:prod_image1"></ELEMENT>
<ELEMENT HEIGHT="100" ID="CQFJSOB" WIDTH="100" SUB="IMAGE2" PROMPT="Image2 (155 x 155)" TYPE="IMAGE" BGCOLOR="E1E1FF" BORDER="0" ZOOM="1" DATA="product:zoovy:prod_image2"></ELEMENT>
<ELEMENT HEIGHT="100" ID="CQFJSOC" WIDTH="100" SUB="IMAGE3" PROMPT="Image3 (155 x 155)" TYPE="IMAGE" BGCOLOR="E1E1FF" BORDER="0" ZOOM="1" DATA="product:zoovy:prod_image3"></ELEMENT>
<ELEMENT HEIGHT="100" ID="CQFJSOD" WIDTH="100" SUB="IMAGE4" PROMPT="Image4 (155 x 155)" TYPE="IMAGE" BGCOLOR="E1E1FF" BORDER="0" ZOOM="1" DATA="product:zoovy:prod_image4"></ELEMENT>
<ELEMENT HEIGHT="100" ID="CQFJSOE" WIDTH="100" SUB="IMAGE5" PROMPT="Image5 (155 x 155)" TYPE="IMAGE" BGCOLOR="E1E1FF" BORDER="0" ZOOM="1" DATA="product:zoovy:prod_image5"></ELEMENT>
<ELEMENT HEIGHT="60" ID="CQFJSOF" WIDTH="350" SUB="LOGO" PROMPT="Company Logo" BGCOLOR="ffffff" TYPE="IMAGE" BORDER="0" DATA="merchant:zoovy:company_logo"></ELEMENT>
<ELEMENT ID="CQFJSOG" SUB="ABOUT" PROMPT="About Us (Optional)" TYPE="TEXTAREA" ROWS="5" DATA="merchant:zoovy:about" COLS="80"><POSTTEXT><![CDATA[</div></p></td></tr>]]></POSTTEXT>
<PRETEXT><![CDATA[<tr><td colspan="2"><a name="about"></a><img src="http://<!-- USERNAME -->.zoovy.com/graphics/wrappers/gradiate/clb_header_about.gif" width="190" height="29" alt="" border="0"></td></tr><tr><td colspan="2"><p><div class="text" style="margin-left: 36px;">]]></PRETEXT>
</ELEMENT>
<ELEMENT ID="CQFJSOH" SUB="SHIPPING" PROMPT="Shipping and Tax (Optional)" TYPE="TEXTAREA" ROWS="5" DATA="merchant:zoovy:shipping_policy" COLS="80"><POSTTEXT><![CDATA[</div></p></td></tr>]]></POSTTEXT>
<PRETEXT><![CDATA[<tr><td colspan="2"><a name="shipping"></a><img src="http://<!-- USERNAME -->.zoovy.com/graphics/wrappers/gradiate/clb_header_shipping.gif" width="190" height="29" alt="Shipping" border="0"></td></tr><tr><td colspan="2"><p><div class="text" style="margin-left: 36px;">]]></PRETEXT>
</ELEMENT>
<ELEMENT ID="CQFJSOI" SUB="GUARANTEE" PROMPT="Guarantee (Optional - Put Warranty info here)" TYPE="TEXTAREA" ROWS="5" DATA="merchant:zoovy:guarantee" COLS="80"><POSTTEXT><![CDATA[</div></p></td></tr>]]></POSTTEXT>
<PRETEXT><![CDATA[<tr><td colspan="2"><a name="guarantee"></a><img src="http://<!-- USERNAME -->.zoovy.com/graphics/wrappers/gradiate/clb_header_guarantee.gif" width="190" height="29" alt="Our Guarantee" border="0"></td></tr><tr><td colspan="2"><p><div class="text" style="margin-left: 36px;">]]></PRETEXT>
</ELEMENT>
<ELEMENT ID="CQFJSOJ" SUB="PAYMENT" PROMPT="Payment Policy (Optional)" TYPE="TEXTAREA" ROWS="5" DATA="merchant:zoovy:payment_policy" COLS="80"><POSTTEXT><![CDATA[</div></p></td></tr>]]></POSTTEXT>
<PRETEXT><![CDATA[<tr><td colspan="2"><a name="payment"></a><img src="http://<!-- USERNAME -->.zoovy.com/graphics/wrappers/gradiate/clb_header_payment.gif" width="190" height="29" alt="Payment Policy" border="0"></td></tr><tr><td colspan="2"><p><div class="text" style="margin-left: 36px;">]]></PRETEXT>
</ELEMENT>
<ELEMENT ID="CQFJSOK" SUB="RETURNS" PROMPT="Return Policy (Optional)" TYPE="TEXTAREA" ROWS="5" DATA="merchant:zoovy:return_policy" COLS="80"><POSTTEXT><![CDATA[</div></p></td></tr>]]></POSTTEXT>
<PRETEXT><![CDATA[<tr><td colspan="2"><a name="returns"></a><img src="http://<!-- USERNAME -->.zoovy.com/graphics/wrappers/gradiate/clb_header_returns.gif" width="190" height="29" alt="Return Policy" border="0"></td></tr><tr><td colspan="2"><p><div class="text" style="margin-left: 36px;">]]></PRETEXT>
</ELEMENT>
<ELEMENT ID="CQFJSOL" SUB="CONTACT" PROMPT="Contact Information (Optional)" TYPE="TEXTAREA" ROWS="5" DATA="merchant:zoovy:contact" COLS="80"><POSTTEXT><![CDATA[</div></p></td></tr>]]></POSTTEXT>
<PRETEXT><![CDATA[<tr><td colspan="2"><a name="contact"></a><img src="http://<!-- USERNAME -->.zoovy.com/graphics/wrappers/gradiate/clb_header_contact.gif" width="190" height="29" alt="Contact Information" border="0"></td></tr><tr><td colspan="2"><p><div class="text" style="margin-left: 36px;">]]></PRETEXT>
</ELEMENT>
<ELEMENT ID="CQFJSOM" SUB="CHECKOUT" PROMPT="Checkout Instructions (Optional)" TYPE="TEXTAREA" DATA="merchant:zoovy:checkout_instructions" COLS="100"><PRETEXT><![CDATA[<tr><td colspan="2"><a name="checkout"></a><img src="http://<!-- USERNAME -->.zoovy.com/graphics/wrappers/gradiate/clb_header_checkout.gif" width="190" height="29" alt="Checkout Instructions" border="0"></td></tr><tr><td colspan="2"><p><div class="text" style="margin-left: 36px;">]]></PRETEXT>
<POSTTEXT><![CDATA[</div></p></td></tr>]]></POSTTEXT>
</ELEMENT>
<ELEMENT ID="CQFJSON" SUB="FOOTER" PROMPT="Footer (optional)" TYPE="TEXTBOX" DATA="merchant:zoovy:wizard_footer" COLS="50"></ELEMENT>
<ELEMENT ID="CQFJSOF" HEIGHT="60" PROMPT="Company Logo" SUB="LOGO_RAWURL" WIDTH="350" MINIMAL="0" TYPE="IMAGE" BGCOLOR="ffffff" READONLY="1" BORDER="0" DATA="merchant:zoovy:company_logo" RAW="1"></ELEMENT>
<ELEMENT ID="CQFJSOF" HEIGHT="0" PROMPT="Company Logo" SUB="LOGO_URL" WIDTH="0" MINIMAL="0" TYPE="IMAGE" BGCOLOR="ffffff" READONLY="1" BORDER="0" DATA="merchant:zoovy:company_logo" RAW="1"></ELEMENT>
<ELEMENT ID="CQFJSOE" HEIGHT="100" PROMPT="Image5 (155 x 155)" SUB="IMAGE5_RAWURL" WIDTH="100" MINIMAL="0" BGCOLOR="E1E1FF" TYPE="IMAGE" READONLY="1" BORDER="0" ZOOM="1" DATA="product:zoovy:prod_image5" RAW="1"></ELEMENT>
<ELEMENT ID="CQFJSOE" HEIGHT="0" PROMPT="Image5 (155 x 155)" SUB="IMAGE5_URL" WIDTH="0" MINIMAL="0" BGCOLOR="E1E1FF" TYPE="IMAGE" READONLY="1" BORDER="0" ZOOM="1" DATA="product:zoovy:prod_image5" RAW="1"></ELEMENT>
<ELEMENT ID="CQFJSOD" HEIGHT="100" PROMPT="Image4 (155 x 155)" SUB="IMAGE4_RAWURL" WIDTH="100" MINIMAL="0" BGCOLOR="E1E1FF" TYPE="IMAGE" READONLY="1" BORDER="0" ZOOM="1" DATA="product:zoovy:prod_image4" RAW="1"></ELEMENT>
<ELEMENT ID="CQFJSOD" HEIGHT="0" PROMPT="Image4 (155 x 155)" SUB="IMAGE4_URL" WIDTH="0" MINIMAL="0" BGCOLOR="E1E1FF" TYPE="IMAGE" READONLY="1" BORDER="0" ZOOM="1" DATA="product:zoovy:prod_image4" RAW="1"></ELEMENT>
<ELEMENT ID="CQFJSOC" HEIGHT="100" PROMPT="Image3 (155 x 155)" SUB="IMAGE3_RAWURL" WIDTH="100" MINIMAL="0" BGCOLOR="E1E1FF" TYPE="IMAGE" READONLY="1" BORDER="0" ZOOM="1" DATA="product:zoovy:prod_image3" RAW="1"></ELEMENT>
<ELEMENT ID="CQFJSOC" HEIGHT="0" PROMPT="Image3 (155 x 155)" SUB="IMAGE3_URL" WIDTH="0" MINIMAL="0" BGCOLOR="E1E1FF" TYPE="IMAGE" READONLY="1" BORDER="0" ZOOM="1" DATA="product:zoovy:prod_image3" RAW="1"></ELEMENT>
<ELEMENT ID="CQFJSOB" HEIGHT="100" PROMPT="Image2 (155 x 155)" SUB="IMAGE2_RAWURL" WIDTH="100" MINIMAL="0" BGCOLOR="E1E1FF" TYPE="IMAGE" READONLY="1" BORDER="0" ZOOM="1" DATA="product:zoovy:prod_image2" RAW="1"></ELEMENT>
<ELEMENT ID="CQFJSOB" HEIGHT="0" PROMPT="Image2 (155 x 155)" SUB="IMAGE2_URL" WIDTH="0" MINIMAL="0" BGCOLOR="E1E1FF" TYPE="IMAGE" READONLY="1" BORDER="0" ZOOM="1" DATA="product:zoovy:prod_image2" RAW="1"></ELEMENT>
<ELEMENT ID="CQFJSOA" HEIGHT="" PROMPT="Image1 (155 x 155)" SUB="IMAGE1_RAWURL" WIDTH="202" MINIMAL="0" BGCOLOR="E1E1FF" TYPE="IMAGE" READONLY="1" BORDER="0" ZOOM="1" DATA="product:zoovy:prod_image1" RAW="1"></ELEMENT>
<ELEMENT ID="CQFJSOA" HEIGHT="0" PROMPT="Image1 (155 x 155)" SUB="IMAGE1_URL" WIDTH="0" MINIMAL="0" BGCOLOR="E1E1FF" TYPE="IMAGE" READONLY="1" BORDER="0" ZOOM="1" DATA="product:zoovy:prod_image1" RAW="1"></ELEMENT>
<ELEMENT ID="CQFJSOS" TYPE="OUTPUT"><HTML><![CDATA[<style type="text/css">
.prod_name	{font-family: tahoma, arial, sans-serif; font-size: 16px; font-weight: bold; color: #666666;}
.text		{font-family: tahoma, arial, sans-serif; font-size: 12px; color: #666666; letter-spacing: 1px;}

.prompt	{font-weight: bold; font-size: 14px;}
.value	{font-size: 14px;}
.image_text	{font-size: 10px;}

.image_bg1	{background-color: #C9E2FF;}
.image_bg2	{background-color: #FFFFD7;}
.imagery	{border-style: dashed; border-width: 2px; border-color: #000099;}

.cb_checked		{background-image: url(http://%USERNAME%.zoovy.com/graphics/wrappers/gradiate/clb_checked.gif); background-repeat:no-repeat; background-position:center; width: 35px; height: 35px;}
.cb_unchecked		{background-image: url(http://%USERNAME%.zoovy.com/graphics/wrappers/gradiate/clb_unchecked.gif); background-repeat:no-repeat; background-position:center; width: 35px; height: 35px;}
.cb_bg1 {background-color: #C9E2FF;}
.cb_bg2 {background-color: #FFFFD7;}

.rs_bg1 {background-color: #C9E2FF;}
.rs_bg2 {background-color: #FFFFD7;}

.text_bg1 {background-color: #C9E2FF;}
.text_bg2 {background-color: #FFFFD7;}

.calendar		{background-image: url(http://%USERNAME%.zoovy.com/graphics/wrappers/gradiate/clb_calendar.gif); background-repeat:no-repeat; background-position:center; width: 40px; height:40px;}
.calendar_bg1	{background-color: #C9E2FF;}
.calendar_bg2	{background-color: #FFFFD7;}

</style>
<div align="center">
<!-- BEGin sizing table -->
<table cellspacing="4" cellpadding="0" width="770"><tr><td align="left">

<table cellspacing="0" cellpadding="0" border="0" width="100%"><tr>
	<td valign="bottom" style="padding: 2px; height: 66px;">%LOGO%</td>
	<td valign="bottom" width="1%" rowspan="2" align="right" style="background-image:url(http://%USERNAME%.zoovy.com/graphics/wrappers/gradiate/clb_logo_bottom_bg.gif); background-repeat:repeat-x; background-position:bottom;"><img src="http://%USERNAME%.zoovy.com/graphics/wrappers/gradiate/clb_logo_right.jpg" width="111" height="68"></td>
	<td width="1%" rowspan="4"><img src="http://%USERNAME%.zoovy.com/graphics/wrappers/gradiate/clb_clubs.jpg" width="330" height="176"></td>
</tr><tr>
	<td style="height: 18px; background-image:url(http://%USERNAME%.zoovy.com/graphics/wrappers/gradiate/clb_logo_bottom_bg.gif); background-repeat:repeat-x;"><img src="clb_logo_bottom_bg.gif" width="1" height="18"></td>
</tr><tr>
	<td colspan="2" width="98%"><table cellspacing="0" cellpadding="0" width="100%"><tr style="background-image:url(http://%USERNAME%.zoovy.com/graphics/wrappers/gradiate/clb_menu_bg.gif); background-repeat:repeat-x;">
		<td width="1%" align="left"><img src="http://%USERNAME%.zoovy.com/graphics/wrappers/gradiate/clb_menu_left.gif" width="35" height="59"></td>
%TITLE1%
%TITLE5%
%TITLE6%
%TITLE2%
%TITLE3%
%TITLE4%
%STORE%


		<td align="center" valign="bottom">%TITLE10%<img src="http://%USERNAME%.zoovy.com/graphics/wrappers/gradiate/clb_menu_checkout.gif" width="39" height="45" alt="Checkout" border="0"></a></td>
		<td width="90%"></td>
	</tr></table></td>
</tr><tr>
	<td colspan="2" NOWRAP style="background-image:url(http://%USERNAME%.zoovy.com/graphics/wrappers/gradiate/clb_title_bg.gif); background-repeat:repeat-x; height: 33px;"><span class="prod_name">%PROD_NAME%</span></td>
</tr></table>

<table cellspacing="4" cellpadding="0" width="100%"><tr>
	<td width="1%"><table cellpadding="0" cellspacing="2"><tr>
		<td colspan="2">%IMAGE1%</td>
	</tr><tr>
		<td colspan="2" align="center"><span style="font-size: 10px; font-family: tahoma, Arial, Helvetica, sans-serif; color: #666666;">Click Image(s) to Enlarge</span></td>
	</tr><tr>
		<td valign="top" width="150">%IMAGE2%</td>
		<td valign="top" width="150">%IMAGE3%</td>
	</tr><tr>
		<td valign="top">%IMAGE4%</td>
		<td valign="top">%IMAGE5%</td>
	</tr></table></td>
	<td valign="top" align="left"><div class="text">%PROD_MANF%
<!-- LIST OPTIONS HERE IF APPLICABLE -->

%PROD_DESC%</div>

</td>
</tr>
<tr><td colspan="2"><br></td></tr>
%ABOUT%
%CONTACT%
%GUARANTEE%
%SHIPPING%
%PAYMENT%
%RETURNS%
%CHECKOUT%
<tr><td colspan="2" valign="middle" style="background-image:url(http://%USERNAME%.zoovy.com/graphics/wrappers/gradiate/clb_title_bg.gif); background-repeat:repeat-x; height:33px;" NOWRAP><span style="font-size: 11px; color: #333333; font-family: tahoma, Arial, Helvetica, sans-serif;">&nbsp;%FOOTER%</span></td></tr>
</table>


<!-- End sizing table -->
</td></tr></table>
</div>
<!-- CREATED BY: JT -->]]></HTML>
</ELEMENT>

</TEMPLATE>