<TEMPLATE ID="series4-flavoricious" FORMAT="WIZARD">


<!-- ******* -->
<ELEMENT ID="CQGDPRH" TYPE="CONFIG" IMAGES="21" TITLE="Series4 flavoricious" CREATED="20050818" PROPERTIES="2"></ELEMENT>
<ELEMENT ID="CQFJSOG" SUB="SKU" TYPE="READONLY" DATA="FLOW::SKU"></ELEMENT>
<ELEMENT ID="CQFJSOH" SUB="PRODUCT" TYPE="READONLY" DATA="FLOW::PROD"></ELEMENT>
<ELEMENT ID="CQFJSOI" SUB="USERNAME" TYPE="READONLY" DATA="FLOW::USERNAME"></ELEMENT>
<ELEMENT ID="CQFJSOJ" SUB="MERCHANT" TYPE="READONLY" DATA="FLOW::USERNAME"></ELEMENT>
<ELEMENT ID="CQFJSNK" SUB="TITLE1" OPERATION="NB" TYPE="IF" FALSE="" DATA="merchant:zoovy:about"><TRUE><![CDATA[<td><a href="#about"><img src="http://gfx.zoovy.com/wizards/flavoricious/flav_btn_about.gif" width="91" height="61" border="0" alt=""></a></td>]]></TRUE>
</ELEMENT>
<ELEMENT ID="CQFJSNL" SUB="TITLE2" OPERATION="NB" TYPE="IF" FALSE="" DATA="merchant:zoovy:contact"><TRUE><![CDATA[<td><a href="#contact"><img src="http://gfx.zoovy.com/wizards/flavoricious/flav_btn_contact.gif" width="92" height="61" border="0" alt=""></a></td>]]></TRUE>
</ELEMENT>
<ELEMENT ID="CQFJSNM" SUB="TITLE4" OPERATION="NB" TYPE="IF" FALSE="" DATA="merchant:zoovy:shipping_policy"><TRUE><![CDATA[<td><a href="#shipping"><img src="http://gfx.zoovy.com/wizards/flavoricious/flav_btn_shipping.gif" width="91" height="61" border="0" alt=""></a></td>]]></TRUE>
</ELEMENT>
<ELEMENT ID="CQFJSNN" SUB="TITLE3" OPERATION="NB" TYPE="IF" FALSE="" DATA="merchant:zoovy:payment_policy"><TRUE><![CDATA[<td><a href="#payment"><img src="http://gfx.zoovy.com/wizards/flavoricious/flav_btn_payment.gif" width="92" height="61" border="0" alt=""></a></td>]]></TRUE>
</ELEMENT>
<ELEMENT ID="CQFJSNO" SUB="TITLE5" OPERATION="NB" TYPE="IF" FALSE="" DATA="merchant:zoovy:return_policy"><TRUE><![CDATA[<td><a href="#returns"><img src="http://gfx.zoovy.com/wizards/flavoricious/flav_btn_returns.gif" width="91" height="61" border="0" alt=""></a></td>]]></TRUE>
</ELEMENT>
<ELEMENT ID="CQFJSNP" TRUE="#returns" SUB="TITLE6" OPERATION="NB" TYPE="IF" FALSE="http://ebayapi.zoovy.net/checkout.cgi" DATA="merchant:zoovy:checkout"></ELEMENT>
<ELEMENT ID="CQFJSNQ" SUB="PROD_NAME" PROMPT="Product Name (shared)" TYPE="TEXTBOX" DATA="product:zoovy:prod_name" COLS="100"></ELEMENT>
<ELEMENT ID="CQFJSNR" SUB="PROD_DESC" PROMPT="Description (shared)" TYPE="TEXTAREA" ROWS="5" DATA="product:zoovy:prod_desc" COLS="80"></ELEMENT>
<ELEMENT HEIGHT="200" ID="CQFJSNS" WIDTH="180" SUB="IMAGE1" PROMPT="Image 1" TYPE="IMAGE" BGCOLOR="ffffff" BORDER="0" ZOOM="1" DATA="product:zoovy:prod_image1"><POSTTEXT><![CDATA[</td></tr></table></td></tr></table>]]></POSTTEXT>
<PRETEXT><![CDATA[<table style="width:224px;" cellspacing="0" cellpadding="0"><tr><td style="background-image:url(http://gfx.zoovy.com/wizards/flavoricious/flav_pic_shadow.gif); background-position:bottom; background-repeat:no-repeat; padding-bottom:26px;" align="center"><table cellspacing="0" cellpadding="1"><tr><td style="background-color:#666666;">]]></PRETEXT>
</ELEMENT>
<ELEMENT HEIGHT="130" ID="CQFJSNT" WIDTH="130" SUB="IMAGE2" PROMPT="Image 2" TYPE="IMAGE" BGCOLOR="ffffff" BORDER="0" ZOOM="1" DATA="product:zoovy:prod_image2"><POSTTEXT><![CDATA[</td></tr></table></td>]]></POSTTEXT>
<PRETEXT><![CDATA[<td><table cellspacing="0" cellpadding="1"><tr><td style="background-color:#666666;">]]></PRETEXT>
</ELEMENT>
<ELEMENT HEIGHT="130" ID="CQFJSNU" WIDTH="130" SUB="IMAGE3" PROMPT="Image 3" TYPE="IMAGE" BGCOLOR="ffffff" BORDER="0" ZOOM="1" DATA="product:zoovy:prod_image3"><POSTTEXT><![CDATA[</td></tr></table></td>]]></POSTTEXT>
<PRETEXT><![CDATA[<td><table cellspacing="0" cellpadding="1"><tr><td style="background-color:#666666;">]]></PRETEXT>
</ELEMENT>
<ELEMENT HEIGHT="130" ID="CQFJSNV" WIDTH="130" SUB="IMAGE4" PROMPT="Image 4" TYPE="IMAGE" BGCOLOR="ffffff" BORDER="0" ZOOM="1" DATA="product:zoovy:prod_image4"><POSTTEXT><![CDATA[</td></tr></table></td>]]></POSTTEXT>
<PRETEXT><![CDATA[<td><table cellspacing="0" cellpadding="1"><tr><td style="background-color:#666666;">]]></PRETEXT>
</ELEMENT>
<ELEMENT HEIGHT="130" ID="CQFJSNW" WIDTH="130" SUB="IMAGE5" PROMPT="Image 5" TYPE="IMAGE" BGCOLOR="ffffff" BORDER="0" ZOOM="1" DATA="product:zoovy:prod_image5"><POSTTEXT><![CDATA[</td></tr></table></td>]]></POSTTEXT>
<PRETEXT><![CDATA[<td><table cellspacing="0" cellpadding="1"><tr><td style="background-color:#666666;">]]></PRETEXT>
</ELEMENT>
<ELEMENT HEIGHT="130" ID="CQFJSNX" WIDTH="130" SUB="IMAGE6" PROMPT="Image 6" TYPE="IMAGE" BGCOLOR="ffffff" BORDER="0" ZOOM="1" DATA="product:zoovy:prod_image6"><POSTTEXT><![CDATA[</td></tr></table></td>]]></POSTTEXT>
<PRETEXT><![CDATA[<td><table cellspacing="0" cellpadding="1"><tr><td style="background-color:#666666;">]]></PRETEXT>
</ELEMENT>
<ELEMENT HEIGHT="56" ID="CQFJSNY" WIDTH="200" SUB="LOGO" PROMPT="Company Logo" BGCOLOR="ffffff" TYPE="IMAGE" BORDER="0" DATA="merchant:zoovy:company_logo"></ELEMENT>
<ELEMENT ID="CQFJSNZ" SUB="ABOUT" PROMPT="Company Information" TYPE="TEXTAREA" ROWS="5" DATA="merchant:zoovy:about" COLS="80"><POSTTEXT><![CDATA[</div><br>]]></POSTTEXT>
<PRETEXT><![CDATA[<img src="http://gfx.zoovy.com/wizards/flavoricious/flav_head_about.gif" width="170" height="31"><br><div class="wiz_texties">]]></PRETEXT>
</ELEMENT>
<ELEMENT ID="CQFJSOA" SUB="CONTACT" PROMPT="Contact Information" TYPE="TEXTAREA" ROWS="5" DATA="merchant:zoovy:contact" COLS="80"><POSTTEXT><![CDATA[</div><br>]]></POSTTEXT>
<PRETEXT><![CDATA[<img src="http://gfx.zoovy.com/wizards/flavoricious/flav_head_contact.gif" width="410" height="31"><br><div class="wiz_texties">]]></PRETEXT>
</ELEMENT>
<ELEMENT ID="CQFJSOB" SUB="SHIPPING" PROMPT="Shipping and Tax" TYPE="TEXTAREA" ROWS="5" DATA="merchant:zoovy:shipping_policy" COLS="80"><POSTTEXT><![CDATA[</div><br>]]></POSTTEXT>
<PRETEXT><![CDATA[<img src="http://gfx.zoovy.com/wizards/flavoricious/flav_head_shipping.gif" width="261" height="31"><br><div class="wiz_texties">]]></PRETEXT>
</ELEMENT>
<ELEMENT ID="CQFJSOC" SUB="PAYMENT" PROMPT="Payment Policy" TYPE="TEXTAREA" ROWS="5" DATA="merchant:zoovy:payment_policy" COLS="80"><POSTTEXT><![CDATA[</div><br>]]></POSTTEXT>
<PRETEXT><![CDATA[<img src="http://gfx.zoovy.com/wizards/flavoricious/flav_head_payment.gif" width="272" height="31"><br><div class="wiz_texties">]]></PRETEXT>
</ELEMENT>
<ELEMENT ID="CQFJSOD" SUB="RETURNS" PROMPT="Return Policy" TYPE="TEXTAREA" ROWS="5" DATA="merchant:zoovy:return_policy" COLS="80"><POSTTEXT><![CDATA[</div><br>]]></POSTTEXT>
<PRETEXT><![CDATA[<img src="http://gfx.zoovy.com/wizards/flavoricious/flav_head_returns.gif" width="252" height="31"><br><div class="wiz_texties">]]></PRETEXT>
</ELEMENT>
<ELEMENT ID="CQFJSOE" SUB="CHECKOUT" PROMPT="Checkout Instructions" TYPE="TEXTAREA" ROWS="5" DATA="merchant:zoovy:checkout" COLS="80"><POSTTEXT><![CDATA[</div><br>]]></POSTTEXT>
<PRETEXT><![CDATA[<img src="http://gfx.zoovy.com/wizards/flavoricious/flav_head_checkout.gif" width="410" height="31"><br><div class="wiz_texties">]]></PRETEXT>
</ELEMENT>
<ELEMENT ID="CQFJSOF" SUB="FOOTER" PROMPT="Footer" TYPE="TEXTBOX" ROWS="5" DATA="merchant:zoovy:wiz_footer" COLS="80"></ELEMENT>
<ELEMENT ID="CQFJSNY" HEIGHT="56" PROMPT="Company Logo" SUB="LOGO_RAWURL" WIDTH="200" MINIMAL="0" TYPE="IMAGE" BGCOLOR="ffffff" READONLY="1" BORDER="0" DATA="merchant:zoovy:company_logo" RAW="1"></ELEMENT>
<ELEMENT ID="CQFJSNY" HEIGHT="0" PROMPT="Company Logo" SUB="LOGO_URL" WIDTH="0" MINIMAL="0" TYPE="IMAGE" BGCOLOR="ffffff" READONLY="1" BORDER="0" DATA="merchant:zoovy:company_logo" RAW="1"></ELEMENT>
<ELEMENT ID="CQFJSNX" HEIGHT="130" PROMPT="Image 6" SUB="IMAGE6_RAWURL" WIDTH="130" MINIMAL="0" BGCOLOR="ffffff" TYPE="IMAGE" READONLY="1" BORDER="0" ZOOM="1" DATA="product:zoovy:prod_image6" RAW="1"><POSTTEXT><![CDATA[</td></tr></table></td>]]></POSTTEXT>
<PRETEXT><![CDATA[<td><table cellspacing="0" cellpadding="1"><tr><td style="background-color:#666666;">]]></PRETEXT>
</ELEMENT>
<ELEMENT ID="CQFJSNX" HEIGHT="0" PROMPT="Image 6" SUB="IMAGE6_URL" WIDTH="0" MINIMAL="0" BGCOLOR="ffffff" TYPE="IMAGE" READONLY="1" BORDER="0" ZOOM="1" DATA="product:zoovy:prod_image6" RAW="1"><POSTTEXT><![CDATA[</td></tr></table></td>]]></POSTTEXT>
<PRETEXT><![CDATA[<td><table cellspacing="0" cellpadding="1"><tr><td style="background-color:#666666;">]]></PRETEXT>
</ELEMENT>
<ELEMENT ID="CQFJSNW" HEIGHT="130" PROMPT="Image 5" SUB="IMAGE5_RAWURL" WIDTH="130" MINIMAL="0" BGCOLOR="ffffff" TYPE="IMAGE" READONLY="1" BORDER="0" ZOOM="1" DATA="product:zoovy:prod_image5" RAW="1"><POSTTEXT><![CDATA[</td></tr></table></td>]]></POSTTEXT>
<PRETEXT><![CDATA[<td><table cellspacing="0" cellpadding="1"><tr><td style="background-color:#666666;">]]></PRETEXT>
</ELEMENT>
<ELEMENT ID="CQFJSNW" HEIGHT="0" PROMPT="Image 5" SUB="IMAGE5_URL" WIDTH="0" MINIMAL="0" BGCOLOR="ffffff" TYPE="IMAGE" READONLY="1" BORDER="0" ZOOM="1" DATA="product:zoovy:prod_image5" RAW="1"><POSTTEXT><![CDATA[</td></tr></table></td>]]></POSTTEXT>
<PRETEXT><![CDATA[<td><table cellspacing="0" cellpadding="1"><tr><td style="background-color:#666666;">]]></PRETEXT>
</ELEMENT>
<ELEMENT ID="CQFJSNV" HEIGHT="130" PROMPT="Image 4" SUB="IMAGE4_RAWURL" WIDTH="130" MINIMAL="0" BGCOLOR="ffffff" TYPE="IMAGE" READONLY="1" BORDER="0" ZOOM="1" DATA="product:zoovy:prod_image4" RAW="1"><POSTTEXT><![CDATA[</td></tr></table></td>]]></POSTTEXT>
<PRETEXT><![CDATA[<td><table cellspacing="0" cellpadding="1"><tr><td style="background-color:#666666;">]]></PRETEXT>
</ELEMENT>
<ELEMENT ID="CQFJSNV" HEIGHT="0" PROMPT="Image 4" SUB="IMAGE4_URL" WIDTH="0" MINIMAL="0" BGCOLOR="ffffff" TYPE="IMAGE" READONLY="1" BORDER="0" ZOOM="1" DATA="product:zoovy:prod_image4" RAW="1"><POSTTEXT><![CDATA[</td></tr></table></td>]]></POSTTEXT>
<PRETEXT><![CDATA[<td><table cellspacing="0" cellpadding="1"><tr><td style="background-color:#666666;">]]></PRETEXT>
</ELEMENT>
<ELEMENT ID="CQFJSNU" HEIGHT="130" PROMPT="Image 3" SUB="IMAGE3_RAWURL" WIDTH="130" MINIMAL="0" BGCOLOR="ffffff" TYPE="IMAGE" READONLY="1" BORDER="0" ZOOM="1" DATA="product:zoovy:prod_image3" RAW="1"><POSTTEXT><![CDATA[</td></tr></table></td>]]></POSTTEXT>
<PRETEXT><![CDATA[<td><table cellspacing="0" cellpadding="1"><tr><td style="background-color:#666666;">]]></PRETEXT>
</ELEMENT>
<ELEMENT ID="CQFJSNU" HEIGHT="0" PROMPT="Image 3" SUB="IMAGE3_URL" WIDTH="0" MINIMAL="0" BGCOLOR="ffffff" TYPE="IMAGE" READONLY="1" BORDER="0" ZOOM="1" DATA="product:zoovy:prod_image3" RAW="1"><POSTTEXT><![CDATA[</td></tr></table></td>]]></POSTTEXT>
<PRETEXT><![CDATA[<td><table cellspacing="0" cellpadding="1"><tr><td style="background-color:#666666;">]]></PRETEXT>
</ELEMENT>
<ELEMENT ID="CQFJSNT" HEIGHT="130" PROMPT="Image 2" SUB="IMAGE2_RAWURL" WIDTH="130" MINIMAL="0" BGCOLOR="ffffff" TYPE="IMAGE" READONLY="1" BORDER="0" ZOOM="1" DATA="product:zoovy:prod_image2" RAW="1"><POSTTEXT><![CDATA[</td></tr></table></td>]]></POSTTEXT>
<PRETEXT><![CDATA[<td><table cellspacing="0" cellpadding="1"><tr><td style="background-color:#666666;">]]></PRETEXT>
</ELEMENT>
<ELEMENT ID="CQFJSNT" HEIGHT="0" PROMPT="Image 2" SUB="IMAGE2_URL" WIDTH="0" MINIMAL="0" BGCOLOR="ffffff" TYPE="IMAGE" READONLY="1" BORDER="0" ZOOM="1" DATA="product:zoovy:prod_image2" RAW="1"><POSTTEXT><![CDATA[</td></tr></table></td>]]></POSTTEXT>
<PRETEXT><![CDATA[<td><table cellspacing="0" cellpadding="1"><tr><td style="background-color:#666666;">]]></PRETEXT>
</ELEMENT>
<ELEMENT ID="CQFJSNS" HEIGHT="200" PROMPT="Image 1" SUB="IMAGE1_RAWURL" WIDTH="180" MINIMAL="0" BGCOLOR="ffffff" TYPE="IMAGE" READONLY="1" BORDER="0" ZOOM="1" DATA="product:zoovy:prod_image1" RAW="1"><POSTTEXT><![CDATA[</td></tr></table></td></tr></table>]]></POSTTEXT>
<PRETEXT><![CDATA[<table style="width:224px;" cellspacing="0" cellpadding="0"><tr><td style="background-image:url(http://gfx.zoovy.com/wizards/flavoricious/flav_pic_shadow.gif); background-position:bottom; background-repeat:no-repeat; padding-bottom:26px;" align="center"><table cellspacing="0" cellpadding="1"><tr><td style="background-color:#666666;">]]></PRETEXT>
</ELEMENT>
<ELEMENT ID="CQFJSNS" HEIGHT="0" PROMPT="Image 1" SUB="IMAGE1_URL" WIDTH="0" MINIMAL="0" BGCOLOR="ffffff" TYPE="IMAGE" READONLY="1" BORDER="0" ZOOM="1" DATA="product:zoovy:prod_image1" RAW="1"><POSTTEXT><![CDATA[</td></tr></table></td></tr></table>]]></POSTTEXT>
<PRETEXT><![CDATA[<table style="width:224px;" cellspacing="0" cellpadding="0"><tr><td style="background-image:url(http://gfx.zoovy.com/wizards/flavoricious/flav_pic_shadow.gif); background-position:bottom; background-repeat:no-repeat; padding-bottom:26px;" align="center"><table cellspacing="0" cellpadding="1"><tr><td style="background-color:#666666;">]]></PRETEXT>
</ELEMENT>
<ELEMENT ID="CQFJSOK" TYPE="OUTPUT"><HTML><![CDATA[<style type="text/css">
.wiz_texties	{font-family:"Comic Sans MS", "Comic Book", sans-serif; font-size:15px; color:#333333; padding-left:10px; line-height:135%;}
</style>
<table cellspacing="1" cellpadding="0" border="0" width="100%"><tr><td width="100%" bgcolor="#ffffff">
<table cellspacing="1" cellpadding="0" border="0" width="100%"><tr>
	<td width="94%" align="left">%LOGO%</td>
	<td>%TITLE1%</td>
	<td>%TITLE2%</td>
	<td>%TITLE3%</td>
	<td>%TITLE4%</td>
	<td>%TITLE5%</td>
	<td><a href="%TITLE6%"><img src="http://gfx.zoovy.com/wizards/flavoricious/flav_checkout.gif" width="91" height="61" border="0" alt=""></a></td>
</tr></table>
<table cellspacing="0" cellpadding="0" border="0" width="100%"><tr>
	<td style="background-color:#999999; height:4px;"></td>
</tr><tr>
	<td style="background-color:#FFFFFF; height:1px;"></td>
</tr><tr>
	<td style="background-image:url(http://gfx.zoovy.com/wizards/flavoricious/flav_gradient.gif); background-position:top; background-repeat:repeat-x;"><table cellspacing="10" cellpadding="0" width="100%"><tr>		
		<td width="1%" valign="top">
		
		%IMAGE1%
		
		
		</td>
		<td width="99%" valign="top"><P style="font-family: 'Comic Sans MS', 'Comic Book', sans-serif; font-size:18px; font-weight: bold; color:#666666;">%PROD_NAME%</P>
		<div class="wiz_texties">%PROD_DESC%</div></td>
	</tr></table><div align="center">
	<table cellspacing="10" cellpadding="0"><tr>		
%IMAGE2%
%IMAGE3%
%IMAGE4%
%IMAGE5%
%IMAGE6%
</tr></table></div><br>

<a name="about"></a>%ABOUT%
<a name="contact"></a>%CONTACT%
<a name="payment"></a>%PAYMENT%
<a name="shipping"></a>%SHIPPING%
<a name="returns"></a>%RETURNS%
<a name="checkout"></a>%CHECKOUT%
<div align="center"><a href="http://ebayapi.zoovy.net/checkout.cgi"><img src="http://gfx.zoovy.com/wizards/flavoricious/flav_checkout.gif" border="0" alt="checkout now"></a></div><br>
	</td>
</tr><tr>
	<td style="background-color:#999999; height:4px; color:#ffffff; font-size:14px; text-align:right; padding-right:4px; font-family:'Comic Sans MS', 'Comic Book', sans-serif;">%FOOTER%</td>
</tr></table>

</td></tr></table>
<!-- Created by JT on 2005-05-18 -->]]></HTML>
</ELEMENT>

</TEMPLATE>