<TEMPLATE ID="series4-omega" FORMAT="WIZARD">


<!-- ******* -->
<ELEMENT ID="CQGDPRJ" TYPE="CONFIG" IMAGES="18" TITLE="Series4 omega" CREATED="20050818" PROPERTIES="2"></ELEMENT>
<ELEMENT ID="CQFJSOG" SUB="SKU" TYPE="READONLY" DATA="FLOW::SKU"></ELEMENT>
<ELEMENT ID="CQFJSOH" SUB="PRODUCT" TYPE="READONLY" DATA="FLOW::PROD"></ELEMENT>
<ELEMENT ID="CQFJSOI" SUB="USERNAME" TYPE="READONLY" DATA="FLOW::USERNAME"></ELEMENT>
<ELEMENT ID="CQFJSOJ" SUB="MERCHANT" TYPE="READONLY" DATA="FLOW::USERNAME"></ELEMENT>
<ELEMENT ID="CQFJSNL" SUB="TITLE1" OPERATION="NB" TYPE="IF" FALSE="" DATA="merchant:zoovy:about"><TRUE><![CDATA[<td width="98"><div align="center"><span class="my_wiz_1_style2">About Us</span><a href="#about"><img src="http://gfx.zoovy.com/wizards/omega/1_au.jpg" width="64" height="64" border="0"></a></div></td>]]></TRUE>
</ELEMENT>
<ELEMENT ID="CQFJSNM" SUB="TITLE2" OPERATION="NB" TYPE="IF" FALSE="" DATA="merchant:zoovy:contact"><TRUE><![CDATA[<td width="98"><div align="center"><span class="my_wiz_1_style2">Contact Us</span><a href="#contact"><img src="http://gfx.zoovy.com/wizards/omega/1_cu.jpg" width="64" height="64" border="0"></a></div></td>]]></TRUE>
</ELEMENT>
<ELEMENT ID="CQFJSNN" SUB="TITLE3" OPERATION="NB" TYPE="IF" FALSE="" DATA="merchant:zoovy:shipping_policy"><TRUE><![CDATA[<td width="98" nowrap><div align="center"><span class="my_wiz_1_style2">Shipping</span><a href="#shipping"><img src="http://gfx.zoovy.com/wizards/omega/1_sp.jpg" width="64" height="64" border="0"></a></div></td>]]></TRUE>
</ELEMENT>
<ELEMENT ID="CQFJSNO" SUB="TITLE4" OPERATION="NB" TYPE="IF" FALSE="" DATA="merchant:zoovy:payment_policy"><TRUE><![CDATA[<td width="98"><div align="center"><span class="my_wiz_1_style2">Payment</span><a href="#payment"><img src="http://gfx.zoovy.com/wizards/omega/1_p.jpg" width="64" height="64" border="0"></a></div></td>]]></TRUE>
</ELEMENT>
<ELEMENT ID="CQFJSNP" SUB="TITLE5" OPERATION="NB" TYPE="IF" FALSE="" DATA="merchant:zoovy:return_policy"><TRUE><![CDATA[<td width="98"><div align="center"><span class="my_wiz_1_style2">Returns</span><a href="#returns"><img src="http://gfx.zoovy.com/wizards/omega/1_r.jpg" width="64" height="64" border="0"></a></div></td>]]></TRUE>
</ELEMENT>
<ELEMENT ID="CQFJSNQ" SUB="TITLE6" OPERATION="NB" TYPE="IF" FALSE="" DATA="merchant:zoovy:checkout"><TRUE><![CDATA[<td width="98"><div align="center"><span class="my_wiz_1_style2">Checkout</span><a href="#checkout"><img src="http://gfx.zoovy.com/wizards/omega/1_c.jpg" width="64" height="64" border="0"></a></div></td>]]></TRUE>
</ELEMENT>
<ELEMENT ID="CQFJSNR" SUB="PROD_NAME" PROMPT="Product Name (shared)" TYPE="TEXTBOX" DATA="product:zoovy:prod_name" COLS="100"></ELEMENT>
<ELEMENT ID="CQFJSNS" SUB="PROD_DESC" PROMPT="Description (shared)" TYPE="TEXTAREA" ROWS="5" DATA="product:zoovy:prod_desc" COLS="80"></ELEMENT>
<ELEMENT ID="CQFJSNT" SUB="EBAY_STORE" PROMPT="Enter your eBay Store name for your eBay Store Button to link to" TYPE="TEXTBOX" DATA="merchant:zoovy:ebay_store" COLS="100"><PRETEXT><![CDATA[<td width="98"><div align="center"><span class="my_wiz_1_style2">eBay Store</span><a href="http://stores.ebay.com/]]></PRETEXT>
<POSTTEXT><![CDATA["><img src="http://gfx.zoovy.com/wizards/omega/1_es.jpg" width="64" height="64" border="0"></a></div></td>]]></POSTTEXT>
</ELEMENT>
<ELEMENT ID="CQFJSNU" WIDTH="250" SUB="IMAGE1" PROMPT="Image" TYPE="IMAGE" BGCOLOR="FFFFFF" BORDER="0" ZOOM="1" DATA="product:zoovy:prod_image1"><POSTTEXT><![CDATA[</tr><tr><td colspan="2" align="center"><span style="font-size:11px; font-family:arial;">Click image(s) to Enlarge</span></td>]]></POSTTEXT>
</ELEMENT>
<ELEMENT ID="CQFJSNV" WIDTH="124" SUB="IMAGE2" PROMPT="Image2" TYPE="IMAGE" BGCOLOR="FFFFFF" BORDER="0" ZOOM="1" DATA="product:zoovy:prod_image2"></ELEMENT>
<ELEMENT ID="CQFJSNW" WIDTH="124" SUB="IMAGE3" PROMPT="Image3" TYPE="IMAGE" BGCOLOR="FFFFFF" BORDER="0" ZOOM="1" DATA="product:zoovy:prod_image3"></ELEMENT>
<ELEMENT ID="CQFJSNX" WIDTH="124" SUB="IMAGE4" PROMPT="Image4" TYPE="IMAGE" BGCOLOR="FFFFFF" BORDER="0" ZOOM="1" DATA="product:zoovy:prod_image4"></ELEMENT>
<ELEMENT ID="CQFJSNY" WIDTH="124" SUB="IMAGE5" PROMPT="Image5" TYPE="IMAGE" BGCOLOR="FFFFFF" BORDER="0" ZOOM="1" DATA="product:zoovy:prod_image5"></ELEMENT>
<ELEMENT HEIGHT="120" ID="CQFJSNZ" WIDTH="187" SUB="LOGO" PROMPT="Company Logo" BGCOLOR="DBD6B4" TYPE="IMAGE" BORDER="0" DATA="merchant:zoovy:company_logo"></ELEMENT>
<ELEMENT ID="CQFJSOA" SUB="ABOUT" PROMPT="Company Information" TYPE="TEXTAREA" ROWS="5" DATA="merchant:zoovy:about" COLS="80"><POSTTEXT><![CDATA[<br></td></tr>]]></POSTTEXT>
<PRETEXT><![CDATA[<td height="37" colspan="2" background="http://gfx.zoovy.com/wizards/omega/1_blue_fade.jpg" class="my_wiz_1_style4" style="padding-left:10px;"><a name="about"></a>About Us</td></tr><tr><td height="37" colspan="2" bgcolor="#C6D5E7"style="padding-left:10px;">]]></PRETEXT>
</ELEMENT>
<ELEMENT ID="CQFJSOB" SUB="CONTACT" PROMPT="Contact Information" TYPE="TEXTAREA" ROWS="5" DATA="merchant:zoovy:contact" COLS="80"><POSTTEXT><![CDATA[<br></td></tr>]]></POSTTEXT>
<PRETEXT><![CDATA[<tr><td height="37" colspan="2" background="http://gfx.zoovy.com/wizards/omega/1_blue_fade.jpg" class="my_wiz_1_style4" style="padding-left:10px;"><a name="contact"></a>Contact Us</td></tr><tr><td height="37" colspan="2" bgcolor="#C6D5E7"style="padding-left:10px;">]]></PRETEXT>
</ELEMENT>
<ELEMENT ID="CQFJSOC" SUB="SHIPPING" PROMPT="Shipping and Tax" TYPE="TEXTAREA" ROWS="5" DATA="merchant:zoovy:shipping_policy" COLS="80"><POSTTEXT><![CDATA[<br></td></tr>]]></POSTTEXT>
<PRETEXT><![CDATA[<tr><td height="37" colspan="2" background="http://gfx.zoovy.com/wizards/omega/1_blue_fade.jpg" class="my_wiz_1_style4" style="padding-left:10px;"><a name="shipping"></a>Shipping Policies</td></tr><tr><td height="37" colspan="2" bgcolor="#C6D5E7"style="padding-left:10px;">]]></PRETEXT>
</ELEMENT>
<ELEMENT ID="CQFJSOD" SUB="PAYMENT" PROMPT="Payment Policy" TYPE="TEXTAREA" ROWS="5" DATA="merchant:zoovy:payment_policy" COLS="80"><POSTTEXT><![CDATA[<br></td></tr><tr>]]></POSTTEXT>
<PRETEXT><![CDATA[<tr><td height="37" colspan="2" background="http://gfx.zoovy.com/wizards/omega/1_blue_fade.jpg" class="my_wiz_1_style4" style="padding-left:10px;"><a name="payment"></a>Payment</td></tr><tr><td height="37" colspan="2" bgcolor="#C6D5E7"style="padding-left:10px;">]]></PRETEXT>
</ELEMENT>
<ELEMENT ID="CQFJSOE" SUB="RETURNS" PROMPT="Return Policy" TYPE="TEXTAREA" ROWS="5" DATA="merchant:zoovy:return_policy" COLS="80"><POSTTEXT><![CDATA[<br></td></tr>]]></POSTTEXT>
<PRETEXT><![CDATA[<tr><td height="37" colspan="2" background="http://gfx.zoovy.com/wizards/omega/1_blue_fade.jpg" class="my_wiz_1_style4" style="padding-left:10px;"><a name="returns"></a>Returns</td></tr><tr><td height="37" colspan="2" bgcolor="#C6D5E7"style="padding-left:10px;">]]></PRETEXT>
</ELEMENT>
<ELEMENT ID="CQFJSOF" SUB="CHECKOUT" PROMPT="Checkout Instructions" TYPE="TEXTAREA" ROWS="5" DATA="merchant:zoovy:checkout" COLS="80"><POSTTEXT><![CDATA[<br></td></tr>]]></POSTTEXT>
<PRETEXT><![CDATA[<tr><td height="37" colspan="2" background="http://gfx.zoovy.com/wizards/omega/1_blue_fade.jpg" class="my_wiz_1_style4" style="padding-left:10px;"><a name="checkout"></a>Checkout</td></tr><tr><td height="37" colspan="2" bgcolor="#C6D5E7"style="padding-left:10px;">]]></PRETEXT>
</ELEMENT>
<ELEMENT ID="CQFJSNZ" HEIGHT="120" PROMPT="Company Logo" SUB="LOGO_RAWURL" WIDTH="187" MINIMAL="0" TYPE="IMAGE" BGCOLOR="DBD6B4" READONLY="1" BORDER="0" DATA="merchant:zoovy:company_logo" RAW="1"></ELEMENT>
<ELEMENT ID="CQFJSNZ" HEIGHT="0" PROMPT="Company Logo" SUB="LOGO_URL" WIDTH="0" MINIMAL="0" TYPE="IMAGE" BGCOLOR="DBD6B4" READONLY="1" BORDER="0" DATA="merchant:zoovy:company_logo" RAW="1"></ELEMENT>
<ELEMENT ID="CQFJSNY" PROMPT="Image5" SUB="IMAGE5_RAWURL" WIDTH="124" MINIMAL="0" BGCOLOR="FFFFFF" TYPE="IMAGE" READONLY="1" BORDER="0" ZOOM="1" DATA="product:zoovy:prod_image5" RAW="1"></ELEMENT>
<ELEMENT ID="CQFJSNY" HEIGHT="0" PROMPT="Image5" SUB="IMAGE5_URL" WIDTH="0" MINIMAL="0" BGCOLOR="FFFFFF" TYPE="IMAGE" READONLY="1" BORDER="0" ZOOM="1" DATA="product:zoovy:prod_image5" RAW="1"></ELEMENT>
<ELEMENT ID="CQFJSNX" PROMPT="Image4" SUB="IMAGE4_RAWURL" WIDTH="124" MINIMAL="0" BGCOLOR="FFFFFF" TYPE="IMAGE" READONLY="1" BORDER="0" ZOOM="1" DATA="product:zoovy:prod_image4" RAW="1"></ELEMENT>
<ELEMENT ID="CQFJSNX" HEIGHT="0" PROMPT="Image4" SUB="IMAGE4_URL" WIDTH="0" MINIMAL="0" BGCOLOR="FFFFFF" TYPE="IMAGE" READONLY="1" BORDER="0" ZOOM="1" DATA="product:zoovy:prod_image4" RAW="1"></ELEMENT>
<ELEMENT ID="CQFJSNW" PROMPT="Image3" SUB="IMAGE3_RAWURL" WIDTH="124" MINIMAL="0" BGCOLOR="FFFFFF" TYPE="IMAGE" READONLY="1" BORDER="0" ZOOM="1" DATA="product:zoovy:prod_image3" RAW="1"></ELEMENT>
<ELEMENT ID="CQFJSNW" HEIGHT="0" PROMPT="Image3" SUB="IMAGE3_URL" WIDTH="0" MINIMAL="0" BGCOLOR="FFFFFF" TYPE="IMAGE" READONLY="1" BORDER="0" ZOOM="1" DATA="product:zoovy:prod_image3" RAW="1"></ELEMENT>
<ELEMENT ID="CQFJSNV" PROMPT="Image2" SUB="IMAGE2_RAWURL" WIDTH="124" MINIMAL="0" BGCOLOR="FFFFFF" TYPE="IMAGE" READONLY="1" BORDER="0" ZOOM="1" DATA="product:zoovy:prod_image2" RAW="1"></ELEMENT>
<ELEMENT ID="CQFJSNV" HEIGHT="0" PROMPT="Image2" SUB="IMAGE2_URL" WIDTH="0" MINIMAL="0" BGCOLOR="FFFFFF" TYPE="IMAGE" READONLY="1" BORDER="0" ZOOM="1" DATA="product:zoovy:prod_image2" RAW="1"></ELEMENT>
<ELEMENT ID="CQFJSNU" PROMPT="Image" SUB="IMAGE1_RAWURL" WIDTH="250" MINIMAL="0" BGCOLOR="FFFFFF" TYPE="IMAGE" READONLY="1" BORDER="0" ZOOM="1" DATA="product:zoovy:prod_image1" RAW="1"><POSTTEXT><![CDATA[</tr><tr><td colspan="2" align="center"><span style="font-size:11px; font-family:arial;">Click image(s) to Enlarge</span></td>]]></POSTTEXT>
</ELEMENT>
<ELEMENT ID="CQFJSNU" HEIGHT="0" PROMPT="Image" SUB="IMAGE1_URL" WIDTH="0" MINIMAL="0" BGCOLOR="FFFFFF" TYPE="IMAGE" READONLY="1" BORDER="0" ZOOM="1" DATA="product:zoovy:prod_image1" RAW="1"><POSTTEXT><![CDATA[</tr><tr><td colspan="2" align="center"><span style="font-size:11px; font-family:arial;">Click image(s) to Enlarge</span></td>]]></POSTTEXT>
</ELEMENT>
<ELEMENT ID="CQFJSOK" TYPE="OUTPUT"><HTML><![CDATA[<style type="text/css">
<!--
.my_wiz_1_style2 {
	font-family: Arial, Helvetica, sans-serif;
	font-size: 11px;
	font-weight: bold;
}
.my_wiz_1_style4 {font-family: Arial, Helvetica, sans-serif; font-size: 24px; color: #FFFFFF;}
body {
	margin-left: 0px;
	margin-top: 0px;
	margin-right: 0px;
	margin-bottom: 0px;
}
.my_wiz_1_style5 {
	font-family: Arial, Helvetica, sans-serif;
	font-size: 12px;
}
-->
</style>
<table cellpadding="0" cellspacing="0">
	<tr>
		<td width="250" height="148" valign="middle" bgcolor="#DBD6B4" nowrap align="center"><div align="center">%LOGO%</div></td>
		<td background="http://gfx.zoovy.com/wizards/omega/1_tan_fade.jpg" width="1369" height="148">
			<table align="center">
				<tr>
				%TITLE3%
				%TITLE5%
				%TITLE4%
				%TITLE1%
				%TITLE2%
				%EBAY_STORE%
				%TITLE6%
					
		  		</tr>
			</table>
		</td>
	</tr>
	<tr>
		<td colspan="2" background="http://gfx.zoovy.com/wizards/omega/1-tan_stretch.jpg" height="4"></td>
	</tr>
	<tr>
		<td height="37" colspan="2" background="http://gfx.zoovy.com/wizards/omega/1_blue_fade.jpg" class="my_wiz_1_style4" style="padding-left:10px;">%PROD_NAME%</td>
	</tr>
	
	<tr bgcolor="#C6D5E7">
  	  	<td>
			<table cellspacing="2" cellpadding="0">
				<tr>
 					<td colspan="2">%IMAGE1%</td>
				</tr>
				<tr>
 					<td>%IMAGE2%</td>
 					<td>%IMAGE3%</td>
				</tr>
				<tr>
 					<td>%IMAGE4%</td>
 					<td>%IMAGE5%</td>
				</tr>
			</table>
		</td>
		<td align="left" valign="top" style="padding:10px;"><span class="my_wiz_1_style5">%PROD_DESC%</span></td>
	</tr>
	
%SHIPPING%
	
	
%RETURNS%
	
	
%PAYMENT%
	
	
%ABOUT%
	
	
%CONTACT%
	
	
%CHECKOUT%
</table>
<!-- Created by Jordan on 2005-05-18 -->]]></HTML>
</ELEMENT>

</TEMPLATE>