<TEMPLATE ID="series3-baggy" FORMAT="WIZARD">


<!-- ******* -->
<ELEMENT ID="CQGDPSH" TYPE="CONFIG" IMAGES="21" TITLE="Series3 baggy" CREATED="20050418" PROPERTIES="3"></ELEMENT>
<ELEMENT ID="CQFJSOO" SUB="SKU" TYPE="READONLY" DATA="FLOW::SKU"></ELEMENT>
<ELEMENT ID="CQFJSOP" SUB="PRODUCT" TYPE="READONLY" DATA="FLOW::PROD"></ELEMENT>
<ELEMENT ID="CQFJSOQ" SUB="USERNAME" TYPE="READONLY" DATA="FLOW::USERNAME"></ELEMENT>
<ELEMENT ID="CQFJSOR" SUB="MERCHANT" TYPE="READONLY" DATA="FLOW::USERNAME"></ELEMENT>
<ELEMENT ID="CQFJSNS" SUB="TITLE1" OPERATION="NB" TYPE="IF" FALSE="" DATA="merchant:zoovy:about"><TRUE><![CDATA[ <a href="#about" class="menu">About Us</a> | ]]></TRUE>
</ELEMENT>
<ELEMENT ID="CQFJSNT" SUB="TITLE2" OPERATION="NB" TYPE="IF" FALSE="" DATA="merchant:zoovy:shipping_policy"><TRUE><![CDATA[ <a href="#shipping" class="menu">Shipping</a> | ]]></TRUE>
</ELEMENT>
<ELEMENT ID="CQFJSNU" SUB="TITLE3" OPERATION="NB" TYPE="IF" FALSE="" DATA="merchant:zoovy:payment_policy"><TRUE><![CDATA[ <a href="#payment" class="menu">Payment</a> | ]]></TRUE>
</ELEMENT>
<ELEMENT ID="CQFJSNV" SUB="TITLE4" OPERATION="NB" TYPE="IF" FALSE="" DATA="merchant:zoovy:return_policy"><TRUE><![CDATA[ <a href="#returns" class="menu">Returns</a> | ]]></TRUE>
</ELEMENT>
<ELEMENT ID="CQFJSNW" SUB="TITLE5" OPERATION="NB" TYPE="IF" FALSE="" DATA="merchant:zoovy:contact"><TRUE><![CDATA[ <a href="#contact" class="menu">Contact</a> | ]]></TRUE>
</ELEMENT>
<ELEMENT ID="CQFJSNX" TRUE="#checkout" SUB="TITLE6" OPERATION="NB" TYPE="IF" FALSE="http://ebayapi.zoovy.net/checkout.cgi" DATA="merchant:zoovy:checkout_instructions"></ELEMENT>
<ELEMENT ID="CQFJSNY" SUB="STORE" PROMPT="If you want to link to your eBay store, enter your store name here" TYPE="TEXTBOX" DATA="merchant:zoovy:ebay_store_name" COLS="100"><PRETEXT><![CDATA[<a href="http://stores.ebay.com/]]></PRETEXT>
<POSTTEXT><![CDATA[" class="menu" target="store">eBay Store</a> | ]]></POSTTEXT>
</ELEMENT>
<ELEMENT ID="CQFJSNZ" SUB="PROD_NAME" PROMPT="Product Name (Shared)" TYPE="TEXTBOX" DATA="product:zoovy:prod_name" COLS="100"></ELEMENT>
<ELEMENT ID="CQFJSOA" SUB="PROD_DESC" PROMPT="Product Description (shared)" TYPE="TEXTAREA" ROWS="5" DATA="product:zoovy:prod_desc" COLS="80"></ELEMENT>
<ELEMENT ID="CQFJSOB" WIDTH="165" SUB="IMAGE1" PROMPT="Image1 (165 by X)" TYPE="IMAGE" BGCOLOR="FFFFFF" BORDER="0" ZOOM="1" DATA="product:zoovy:prod_image1"></ELEMENT>
<ELEMENT ID="CQFJSOC" WIDTH="165" SUB="IMAGE2" PROMPT="Image2 (165 by X)" TYPE="IMAGE" BGCOLOR="FFFFFF" BORDER="0" ZOOM="1" DATA="product:zoovy:prod_image2"></ELEMENT>
<ELEMENT ID="CQFJSOD" WIDTH="165" SUB="IMAGE3" PROMPT="Image3 (165 by X)" TYPE="IMAGE" BGCOLOR="FFFFFF" BORDER="0" ZOOM="1" DATA="product:zoovy:prod_image3"></ELEMENT>
<ELEMENT ID="CQFJSOE" WIDTH="165" SUB="IMAGE4" PROMPT="Image4 (165 by X)" TYPE="IMAGE" BGCOLOR="FFFFFF" BORDER="0" ZOOM="1" DATA="product:zoovy:prod_image4"></ELEMENT>
<ELEMENT ID="CQFJSOF" WIDTH="165" SUB="IMAGE5" PROMPT="Image5 (165 by X)" TYPE="IMAGE" BGCOLOR="FFFFFF" BORDER="0" ZOOM="1" DATA="product:zoovy:prod_image5"></ELEMENT>
<ELEMENT ID="CQFJSOG" WIDTH="165" SUB="IMAGE6" PROMPT="Image6 (165 by X)" TYPE="IMAGE" BGCOLOR="FFFFFF" BORDER="0" ZOOM="1" DATA="product:zoovy:prod_image6"></ELEMENT>
<ELEMENT HEIGHT="70" ID="CQFJSOH" WIDTH="450" SUB="LOGO" PROMPT="Company Logo (450 x 70)" BGCOLOR="FFFFFF" TYPE="IMAGE" BORDER="0" DATA="merchant:zoovy:company_logo"></ELEMENT>
<ELEMENT ID="CQFJSOI" SUB="ABOUT" PROMPT="About Us (Optional)" TYPE="TEXTAREA" ROWS="5" DATA="merchant:zoovy:about" COLS="80"><POSTTEXT><![CDATA[</P>]]></POSTTEXT>
<PRETEXT><![CDATA[<P><B><span class=header>About Us</B></span><br>]]></PRETEXT>
</ELEMENT>
<ELEMENT ID="CQFJSOJ" SUB="CONTACT" PROMPT="Contact Information (Optional)" TYPE="TEXTAREA" ROWS="5" DATA="merchant:zoovy:contact" COLS="80"><POSTTEXT><![CDATA[</P>]]></POSTTEXT>
<PRETEXT><![CDATA[<P><B><span class=header>Contact Information</B></span><br>]]></PRETEXT>
</ELEMENT>
<ELEMENT ID="CQFJSOK" SUB="RETURNS" PROMPT="Return Policy (optional)" TYPE="TEXTAREA" ROWS="5" DATA="merchant:zoovy:return_policy" COLS="80"><POSTTEXT><![CDATA[</P>]]></POSTTEXT>
<PRETEXT><![CDATA[<P><B><span class=header>Return Policy</B></span><br>]]></PRETEXT>
</ELEMENT>
<ELEMENT ID="CQFJSOL" SUB="SHIPPING" PROMPT="Shipping Information (optional)" TYPE="TEXTAREA" ROWS="5" DATA="merchant:zoovy:shipping_policy" COLS="80"><POSTTEXT><![CDATA[</P>]]></POSTTEXT>
<PRETEXT><![CDATA[<P><B><span class=header>Shipping Information</B></span><br>]]></PRETEXT>
</ELEMENT>
<ELEMENT ID="CQFJSOM" SUB="PAYMENT" PROMPT="Payment Policy (optional)" TYPE="TEXTAREA" ROWS="5" DATA="merchant:zoovy:payment_policy" COLS="80"><POSTTEXT><![CDATA[</P>]]></POSTTEXT>
<PRETEXT><![CDATA[<P><B><span class=header>Payment Policy</B></span><br>]]></PRETEXT>
</ELEMENT>
<ELEMENT ID="CQFJSON" SUB="CHECKOUT" PROMPT="Checkout Instructions (optional)" TYPE="TEXTAREA" ROWS="5" DATA="merchant:zoovy:checkout_instructions" COLS="80"><POSTTEXT><![CDATA[</P>]]></POSTTEXT>
<PRETEXT><![CDATA[<P><B><span class=header>Checkout Instructions</B></span><br>]]></PRETEXT>
</ELEMENT>
<ELEMENT ID="CQFJSOH" HEIGHT="70" PROMPT="Company Logo (450 x 70)" SUB="LOGO_RAWURL" WIDTH="450" MINIMAL="0" TYPE="IMAGE" BGCOLOR="FFFFFF" READONLY="1" BORDER="0" DATA="merchant:zoovy:company_logo" RAW="1"></ELEMENT>
<ELEMENT ID="CQFJSOH" HEIGHT="0" PROMPT="Company Logo (450 x 70)" SUB="LOGO_URL" WIDTH="0" MINIMAL="0" TYPE="IMAGE" BGCOLOR="FFFFFF" READONLY="1" BORDER="0" DATA="merchant:zoovy:company_logo" RAW="1"></ELEMENT>
<ELEMENT ID="CQFJSOG" PROMPT="Image6 (165 by X)" SUB="IMAGE6_RAWURL" WIDTH="165" MINIMAL="0" BGCOLOR="FFFFFF" TYPE="IMAGE" READONLY="1" BORDER="0" ZOOM="1" DATA="product:zoovy:prod_image6" RAW="1"></ELEMENT>
<ELEMENT ID="CQFJSOG" HEIGHT="0" PROMPT="Image6 (165 by X)" SUB="IMAGE6_URL" WIDTH="0" MINIMAL="0" BGCOLOR="FFFFFF" TYPE="IMAGE" READONLY="1" BORDER="0" ZOOM="1" DATA="product:zoovy:prod_image6" RAW="1"></ELEMENT>
<ELEMENT ID="CQFJSOF" PROMPT="Image5 (165 by X)" SUB="IMAGE5_RAWURL" WIDTH="165" MINIMAL="0" BGCOLOR="FFFFFF" TYPE="IMAGE" READONLY="1" BORDER="0" ZOOM="1" DATA="product:zoovy:prod_image5" RAW="1"></ELEMENT>
<ELEMENT ID="CQFJSOF" HEIGHT="0" PROMPT="Image5 (165 by X)" SUB="IMAGE5_URL" WIDTH="0" MINIMAL="0" BGCOLOR="FFFFFF" TYPE="IMAGE" READONLY="1" BORDER="0" ZOOM="1" DATA="product:zoovy:prod_image5" RAW="1"></ELEMENT>
<ELEMENT ID="CQFJSOE" PROMPT="Image4 (165 by X)" SUB="IMAGE4_RAWURL" WIDTH="165" MINIMAL="0" BGCOLOR="FFFFFF" TYPE="IMAGE" READONLY="1" BORDER="0" ZOOM="1" DATA="product:zoovy:prod_image4" RAW="1"></ELEMENT>
<ELEMENT ID="CQFJSOE" HEIGHT="0" PROMPT="Image4 (165 by X)" SUB="IMAGE4_URL" WIDTH="0" MINIMAL="0" BGCOLOR="FFFFFF" TYPE="IMAGE" READONLY="1" BORDER="0" ZOOM="1" DATA="product:zoovy:prod_image4" RAW="1"></ELEMENT>
<ELEMENT ID="CQFJSOD" PROMPT="Image3 (165 by X)" SUB="IMAGE3_RAWURL" WIDTH="165" MINIMAL="0" BGCOLOR="FFFFFF" TYPE="IMAGE" READONLY="1" BORDER="0" ZOOM="1" DATA="product:zoovy:prod_image3" RAW="1"></ELEMENT>
<ELEMENT ID="CQFJSOD" HEIGHT="0" PROMPT="Image3 (165 by X)" SUB="IMAGE3_URL" WIDTH="0" MINIMAL="0" BGCOLOR="FFFFFF" TYPE="IMAGE" READONLY="1" BORDER="0" ZOOM="1" DATA="product:zoovy:prod_image3" RAW="1"></ELEMENT>
<ELEMENT ID="CQFJSOC" PROMPT="Image2 (165 by X)" SUB="IMAGE2_RAWURL" WIDTH="165" MINIMAL="0" BGCOLOR="FFFFFF" TYPE="IMAGE" READONLY="1" BORDER="0" ZOOM="1" DATA="product:zoovy:prod_image2" RAW="1"></ELEMENT>
<ELEMENT ID="CQFJSOC" HEIGHT="0" PROMPT="Image2 (165 by X)" SUB="IMAGE2_URL" WIDTH="0" MINIMAL="0" BGCOLOR="FFFFFF" TYPE="IMAGE" READONLY="1" BORDER="0" ZOOM="1" DATA="product:zoovy:prod_image2" RAW="1"></ELEMENT>
<ELEMENT ID="CQFJSOB" PROMPT="Image1 (165 by X)" SUB="IMAGE1_RAWURL" WIDTH="165" MINIMAL="0" BGCOLOR="FFFFFF" TYPE="IMAGE" READONLY="1" BORDER="0" ZOOM="1" DATA="product:zoovy:prod_image1" RAW="1"></ELEMENT>
<ELEMENT ID="CQFJSOB" HEIGHT="0" PROMPT="Image1 (165 by X)" SUB="IMAGE1_URL" WIDTH="0" MINIMAL="0" BGCOLOR="FFFFFF" TYPE="IMAGE" READONLY="1" BORDER="0" ZOOM="1" DATA="product:zoovy:prod_image1" RAW="1"></ELEMENT>
<ELEMENT ID="CQFJSOS" TYPE="OUTPUT"><HTML><![CDATA[<style type="text/css">

.text	{font-family: tahoma, arial, sans-serif; font-size: 12px; color: #333333;}
h1			{font-size: 16px; margin: 0px; color: #666666; font-weight: bold; font-family: tahoma, arial, sans-serif;}
.instant			{color: #833B80; font-size: 11px; font-family: tahoma, arial, sans-serif;}
.instant:hover		{color: #333333;}

.minicart	{font-size: 11px; color: #333333; font-family: tahoma, arial, sans-serif;}
.menu		{font-size: 11px; font-family: tahoma, arial, sans-serif; color: #833B80;}
.cats		{font-size: 11px; color: #ffffff; font-family: tahoma, arial, sans-serif;}


.menu_bg	{background-color: #FFF2AD;}
.dark_bg	{background-color: #833B80;}
.title_bg	{background-color: #F1E3FF;}
.cats_bg	{background-color: #CFA9DD;}

.left_bg	{background-image:url(http://%USERNAME%.zoovy.com/graphics/wrappers/baggy/body_left_bg.gif); background-repeat:repeat-y; background-position:right;}
.top_bg		{background-image:url(http://%USERNAME%.zoovy.com/graphics/wrappers/baggy/body_top_bg.gif); background-repeat:repeat-x; background-position:top;}
.right_bg	{background-image:url(http://%USERNAME%.zoovy.com/graphics/wrappers/baggy/body_right_bg.gif); background-repeat:repeat-y; background-position:left;}
.bottom_bg	{background-image:url(http://%USERNAME%.zoovy.com/graphics/wrappers/baggy/body_bottom_bg.gif); background-repeat:repeat-x; background-position:top;}
</style>
<table width="100%" style="background-color: #F1E3FF;"><tr><td align="center"><br>

<table cellspacing=0 cellpadding=0 border=0 width="90%"><tr>
	<td align="right"><img src="http://%USERNAME%.zoovy.com/graphics/wrappers/baggy/body_corner_ul.gif" width="8" height="14"></td>
	<td align="left" class="top_bg"><img src="http://%USERNAME%.zoovy.com/graphics/wrappers/baggy/body_top_left.gif" width="8" height="14"></td>
	<td align="right" class="top_bg"><img src="http://%USERNAME%.zoovy.com/graphics/wrappers/baggy/body_top_right.gif" width="8" height="14"></td>
	<td align="left"><img src="http://%USERNAME%.zoovy.com/graphics/wrappers/baggy/body_corner_ur.gif" width="8" height="14"></td>
</tr><tr>
	<td class="left_bg"></td>
	<td colspan="2" width="99%" bgcolor="#ffffff"><table width="100%" cellspacing="0" cellpadding="0"><tr>
		<td align="left" valign="bottom" width="95%"><table><tr><td>%LOGO%</td></tr></table><table cellspacing="0" cellpadding="0" border="0" width="100%"><tr>
			<td height="3" class="dark_bg"></td>
		</tr></table></td>
		<td align="right" valign="bottom" style="padding-right: 4px;"><!-- BEGIN MINICART TABLE -->
<table cellspacing="0" cellpadding="0" width="172"><tr>
	<td width="87" colspan="2" class="dark_bg"><a href="http://%USERNAME%.zoovy.com/c=Y6DTtnxbz539tErrr5PYeA0jt/cart.cgis"><img src="http://%USERNAME%.zoovy.com/graphics/wrappers/baggy/mc_header.gif" width="87" height="20" border="0"></a></td>
	<td><img src="http://%USERNAME%.zoovy.com/graphics/wrappers/baggy/mc_corner_ur.gif" width="11" height="20"></td>
</tr><tr>
	<td width="61" class="menu_bg" align="left"><a href="http://%USERNAME%.zoovy.com/c=Y6DTtnxbz539tErrr5PYeA0jt/cart.cgis"><img src="http://%USERNAME%.zoovy.com/graphics/wrappers/baggy/mc_bag.gif" width="61" height="49" border="0"></a></td>
	<td class="menu_bg" align="center" width="100"><a href="http://ebayapi.zoovy.net/checkout.cgi" class="instant"><strong>Auction Winners<br>Click Here</strong></a></td>
	<td style="background-image:url(http://%USERNAME%.zoovy.com/graphics/wrappers/baggy/mc_right_bg.gif);" valign="top"><img src="http://%USERNAME%.zoovy.com/graphics/wrappers/baggy/mc_right.gif" width="11" height="6"></td>
</tr></table>
<!-- END MINICART TABLE -->
</td>
	</tr></table><table cellspacing="0" cellpadding="0" border="0" width="100%"><tr>
		<td class="menu_bg" height="18" colspan="3"><span class="menu">&nbsp;%TITLE1%
%TITLE5%
%TITLE2%
%TITLE3%
%TITLE4%
%STORE%
<a href="%TITLE6%" class="menu">Checkout</a>&nbsp;&nbsp;</span></td>
		<td rowspan="2" class="dark_bg"></td>
	</tr><tr>
		<td height="2" class="cats_bg" colspan="3"></td>
	</tr><tr>
		<td><img src="http://%USERNAME%.zoovy.com/graphics/general/blank.gif" height="1" width="12"></td>
		<td align="left" valign="top" width="5%"><table cellspacing="0" cellpadding="0" width="100%"><tr>
			<td class="cats_bg"><!-- BEGIN images -->
<table cellspacing="5" cellpadding="0" width="100%">
		<tr><td>%IMAGE1%</td></tr>
		<tr><td>%IMAGE2%</td></tr>
		<tr><td>%IMAGE3%</td></tr>
		<tr><td>%IMAGE4%</td></tr>
		<tr><td>%IMAGE5%</td></tr>
		<tr><td>%IMAGE6%</td></tr>		
		</table>
			
			<!-- END images --></td>
		</tr><tr>
			<td class="cats_bg" align="right" valign="bottom"><img src="http://%USERNAME%.zoovy.com/graphics/wrappers/baggy/cats_corner_lr.gif" width="5" height="5"></td>
		</tr></table><br></td>
		<td align="left" valign="top" width="95%"><table width="100%" cellspacing="0" cellpadding="4"><tr><td height="20" class="title_bg"><h1>&nbsp;%PROD_NAME%</h1></td></tr></table><table width="100%" cellspacing="2"><tr><td align="left">
		
<div class="text">
%PROD_DESC%
<a name="about" />%ABOUT%
<a name="contact" />%CONTACT%
<a name="shipping" />%SHIPPING%
<a name="payment" />%PAYMENT%
<a name="returns" />%RETURNS%
<a name="checkout" />%CHECKOUT%	
</div>
<br>
</td></tr></table></td>
		<td class="dark_bg"><img src="http://%USERNAME%.zoovy.com/graphics/general/blank.gif" height="1" width="4"></td>
		<td><img src="http://%USERNAME%.zoovy.com/graphics/general/blank.gif" height="1" width="4"></td>
	</tr><tr>
		<td rowspan="2"></td>
		<td class="dark_bg" colspan="3"><table cellspacing="0" cellpadding="0" width="100%"><tr>
			<td valign="top" align="left" width="1%"><img src="http://%USERNAME%.zoovy.com/graphics/wrappers/baggy/lowmenu_corner_ul.gif" width="5" height="5"></td>
			<td align="left" width="98%" height="19"><span style="color: #ffffff; font-family: Arial, Helvetica, sans-serif; font-size: 11px;"><!-- FOOTER --></span></td>
			<td valign="bottom" align="right" width="1%"><img src="http://%USERNAME%.zoovy.com/graphics/wrappers/baggy/lowmenu_corner_lr.gif" width="5" height="5"></td>
		</tr></table></td>
		<td rowspan="2"></td>
	</tr><tr>
		<td colspan="3">&nbsp;</td>
	</tr></table></td>
	<td class="right_bg"></td>
</tr><tr>
	<td class="bottom_bg" colspan="2" valign="top" align="left"><img src="http://%USERNAME%.zoovy.com/graphics/wrappers/baggy/body_corner_ll.gif" width="16" height="14"></td>
	<td class="bottom_bg" colspan="2" valign="top" align="right"><img src="http://%USERNAME%.zoovy.com/graphics/wrappers/baggy/body_corner_lr2.gif" width="16" height="14"></td>
</tr></table>

<br>
</td></tr></table>
<!-- CREATED BY: JT -->]]></HTML>
</ELEMENT>

</TEMPLATE>