<TEMPLATE ID="series4-goldenage" FORMAT="WIZARD">


<!-- ******* -->
<ELEMENT ID="CQGDPRI" TYPE="CONFIG" IMAGES="18" TITLE="Series4 goldenage" CREATED="20050818" PROPERTIES="2"></ELEMENT>
<ELEMENT ID="CQFJSOF" SUB="SKU" TYPE="READONLY" DATA="FLOW::SKU"></ELEMENT>
<ELEMENT ID="CQFJSOG" SUB="PRODUCT" TYPE="READONLY" DATA="FLOW::PROD"></ELEMENT>
<ELEMENT ID="CQFJSOH" SUB="USERNAME" TYPE="READONLY" DATA="FLOW::USERNAME"></ELEMENT>
<ELEMENT ID="CQFJSOI" SUB="MERCHANT" TYPE="READONLY" DATA="FLOW::USERNAME"></ELEMENT>
<ELEMENT ID="CQFJSNL" SUB="TITLE1" OPERATION="NB" TYPE="IF" FALSE="" DATA="merchant:zoovy:about"><TRUE><![CDATA[<a href="#about" style="color:#000000;">About Us<br></a>]]></TRUE>
</ELEMENT>
<ELEMENT ID="CQFJSNM" SUB="TITLE2" OPERATION="NB" TYPE="IF" FALSE="" DATA="merchant:zoovy:contact"><TRUE><![CDATA[<a href="#contact" style="color:#000000;">Contact Us</a>]]></TRUE>
</ELEMENT>
<ELEMENT ID="CQFJSNN" SUB="TITLE3" OPERATION="NB" TYPE="IF" FALSE="" DATA="merchant:zoovy:shipping_policy"><TRUE><![CDATA[<a href="#shipping" style="color:#000000;">Shipping</a>]]></TRUE>
</ELEMENT>
<ELEMENT ID="CQFJSNO" SUB="TITLE4" OPERATION="NB" TYPE="IF" FALSE="" DATA="merchant:zoovy:payment_policy"><TRUE><![CDATA[<a href="#payment" style="color:#000000;">Payment</a>]]></TRUE>
</ELEMENT>
<ELEMENT ID="CQFJSNP" SUB="TITLE5" OPERATION="NB" TYPE="IF" FALSE="" DATA="merchant:zoovy:return_policy"><TRUE><![CDATA[<a href="#returns" style="color:#000000;">Returns</a>]]></TRUE>
</ELEMENT>
<ELEMENT ID="CQFJSNQ" TRUE="#checkout" SUB="TITLE6" OPERATION="NB" TYPE="IF" FALSE="http://ebayapi.zoovy.net/checkout.cgi" DATA="merchant:zoovy:checkout"></ELEMENT>
<ELEMENT ID="CQFJSNR" SUB="PROD_NAME" PROMPT="Product Name (shared)" TYPE="TEXTBOX" DATA="product:zoovy:prod_name" COLS="100"></ELEMENT>
<ELEMENT ID="CQFJSNS" SUB="PROD_DESC" PROMPT="Description (shared)" TYPE="TEXTAREA" ROWS="5" DATA="product:zoovy:prod_desc" COLS="80"></ELEMENT>
<ELEMENT HEIGHT="250" ID="CQFJSNT" WIDTH="390" SUB="IMAGE1" PROMPT="Image 1" TYPE="IMAGE" BGCOLOR="D0B86E" BORDER="0" ZOOM="1" DATA="product:zoovy:prod_image1"></ELEMENT>
<ELEMENT ID="CQFJSNU" WIDTH="150" SUB="IMAGE2" PROMPT="Image 2" TYPE="IMAGE" BGCOLOR="BA9F48" BORDER="0" ZOOM="1" DATA="product:zoovy:prod_image2"></ELEMENT>
<ELEMENT ID="CQFJSNV" WIDTH="150" SUB="IMAGE3" PROMPT="Image 3" TYPE="IMAGE" BGCOLOR="BA9F48" BORDER="0" ZOOM="1" DATA="product:zoovy:prod_image3"></ELEMENT>
<ELEMENT ID="CQFJSNW" WIDTH="150" SUB="IMAGE4" PROMPT="Image 4" TYPE="IMAGE" BGCOLOR="BA9F48" BORDER="0" ZOOM="1" DATA="product:zoovy:prod_image4"></ELEMENT>
<ELEMENT ID="CQFJSNX" WIDTH="150" SUB="IMAGE5" PROMPT="Image 5" TYPE="IMAGE" BGCOLOR="BA9F48" BORDER="0" ZOOM="1" DATA="product:zoovy:prod_image5"></ELEMENT>
<ELEMENT ID="CQFJSNY" WIDTH="194" SUB="LOGO" PROMPT="Company Logo" BGCOLOR="FCF9D2" TYPE="IMAGE" BORDER="0" DATA="merchant:zoovy:company_logo"></ELEMENT>
<ELEMENT ID="CQFJSNZ" SUB="ABOUT" PROMPT="Company Information" TYPE="TEXTAREA" POSTTEXT="" ROWS="5" DATA="merchant:zoovy:about" COLS="80"><PRETEXT><![CDATA[<strong>About Us</strong><br>]]></PRETEXT>
</ELEMENT>
<ELEMENT ID="CQFJSOA" SUB="CONTACT" PROMPT="Contact Information" TYPE="TEXTAREA" POSTTEXT="" ROWS="5" DATA="merchant:zoovy:contact" COLS="80"><PRETEXT><![CDATA[<strong>Contact Information</strong><br>]]></PRETEXT>
</ELEMENT>
<ELEMENT ID="CQFJSOB" SUB="SHIPPING" PROMPT="Shipping and Tax" TYPE="TEXTAREA" POSTTEXT="" ROWS="5" DATA="merchant:zoovy:shipping_policy" COLS="80"><PRETEXT><![CDATA[<strong>Shipping and Tax</strong><br>]]></PRETEXT>
</ELEMENT>
<ELEMENT ID="CQFJSOC" SUB="PAYMENT" PROMPT="Payment Policy" TYPE="TEXTAREA" POSTTEXT="" ROWS="5" DATA="merchant:zoovy:payment_policy" COLS="80"><PRETEXT><![CDATA[<strong>Payment Policy</strong><br>]]></PRETEXT>
</ELEMENT>
<ELEMENT ID="CQFJSOD" SUB="RETURNS" PROMPT="Return Policy" TYPE="TEXTAREA" POSTTEXT="" ROWS="5" DATA="merchant:zoovy:return_policy" COLS="80"><PRETEXT><![CDATA[<strong>Return Policy</strong><br>]]></PRETEXT>
</ELEMENT>
<ELEMENT ID="CQFJSOE" SUB="CHECKOUT" PROMPT="Checkout Instructions" TYPE="TEXTAREA" POSTTEXT="" ROWS="5" DATA="merchant:zoovy:checkout" COLS="80"><PRETEXT><![CDATA[<strong>Checkout Policy</strong><br>]]></PRETEXT>
</ELEMENT>
<ELEMENT ID="CQFJSNY" PROMPT="Company Logo" SUB="LOGO_RAWURL" WIDTH="194" MINIMAL="0" TYPE="IMAGE" BGCOLOR="FCF9D2" READONLY="1" BORDER="0" DATA="merchant:zoovy:company_logo" RAW="1"></ELEMENT>
<ELEMENT ID="CQFJSNY" HEIGHT="0" PROMPT="Company Logo" SUB="LOGO_URL" WIDTH="0" MINIMAL="0" TYPE="IMAGE" BGCOLOR="FCF9D2" READONLY="1" BORDER="0" DATA="merchant:zoovy:company_logo" RAW="1"></ELEMENT>
<ELEMENT ID="CQFJSNX" PROMPT="Image 5" SUB="IMAGE5_RAWURL" WIDTH="150" MINIMAL="0" BGCOLOR="BA9F48" TYPE="IMAGE" READONLY="1" BORDER="0" ZOOM="1" DATA="product:zoovy:prod_image5" RAW="1"></ELEMENT>
<ELEMENT ID="CQFJSNX" HEIGHT="0" PROMPT="Image 5" SUB="IMAGE5_URL" WIDTH="0" MINIMAL="0" BGCOLOR="BA9F48" TYPE="IMAGE" READONLY="1" BORDER="0" ZOOM="1" DATA="product:zoovy:prod_image5" RAW="1"></ELEMENT>
<ELEMENT ID="CQFJSNW" PROMPT="Image 4" SUB="IMAGE4_RAWURL" WIDTH="150" MINIMAL="0" BGCOLOR="BA9F48" TYPE="IMAGE" READONLY="1" BORDER="0" ZOOM="1" DATA="product:zoovy:prod_image4" RAW="1"></ELEMENT>
<ELEMENT ID="CQFJSNW" HEIGHT="0" PROMPT="Image 4" SUB="IMAGE4_URL" WIDTH="0" MINIMAL="0" BGCOLOR="BA9F48" TYPE="IMAGE" READONLY="1" BORDER="0" ZOOM="1" DATA="product:zoovy:prod_image4" RAW="1"></ELEMENT>
<ELEMENT ID="CQFJSNV" PROMPT="Image 3" SUB="IMAGE3_RAWURL" WIDTH="150" MINIMAL="0" BGCOLOR="BA9F48" TYPE="IMAGE" READONLY="1" BORDER="0" ZOOM="1" DATA="product:zoovy:prod_image3" RAW="1"></ELEMENT>
<ELEMENT ID="CQFJSNV" HEIGHT="0" PROMPT="Image 3" SUB="IMAGE3_URL" WIDTH="0" MINIMAL="0" BGCOLOR="BA9F48" TYPE="IMAGE" READONLY="1" BORDER="0" ZOOM="1" DATA="product:zoovy:prod_image3" RAW="1"></ELEMENT>
<ELEMENT ID="CQFJSNU" PROMPT="Image 2" SUB="IMAGE2_RAWURL" WIDTH="150" MINIMAL="0" BGCOLOR="BA9F48" TYPE="IMAGE" READONLY="1" BORDER="0" ZOOM="1" DATA="product:zoovy:prod_image2" RAW="1"></ELEMENT>
<ELEMENT ID="CQFJSNU" HEIGHT="0" PROMPT="Image 2" SUB="IMAGE2_URL" WIDTH="0" MINIMAL="0" BGCOLOR="BA9F48" TYPE="IMAGE" READONLY="1" BORDER="0" ZOOM="1" DATA="product:zoovy:prod_image2" RAW="1"></ELEMENT>
<ELEMENT ID="CQFJSNT" HEIGHT="250" PROMPT="Image 1" SUB="IMAGE1_RAWURL" WIDTH="390" MINIMAL="0" BGCOLOR="D0B86E" TYPE="IMAGE" READONLY="1" BORDER="0" ZOOM="1" DATA="product:zoovy:prod_image1" RAW="1"></ELEMENT>
<ELEMENT ID="CQFJSNT" HEIGHT="0" PROMPT="Image 1" SUB="IMAGE1_URL" WIDTH="0" MINIMAL="0" BGCOLOR="D0B86E" TYPE="IMAGE" READONLY="1" BORDER="0" ZOOM="1" DATA="product:zoovy:prod_image1" RAW="1"></ELEMENT>
<ELEMENT ID="CQFJSOJ" TYPE="OUTPUT"><HTML><![CDATA[<table width="100%" bgcolor="#FCF9D2"><tr><td>
<table width="750" border="0" cellpadding="0" cellspacing="0" align="center">
	<tr>
		<td>
			<table width="750" border="0" cellpadding="0" cellspacing="0">
				<tr>
					<td colspan="4" width="750px" style="vertical-align:top; padding-top:8px; padding-bottom:15px; padding-left:10px; font-family:Arial, Helvetica, sans-serif; font-size:25px; color:#614A06;">%PROD_NAME%</td>
				</tr>
  				<tr>
					<td width="194" valign="top" style="padding:10px;"> %LOGO%</td>
					<td valign="bottom"><img src="http://gfx.zoovy.com/wizards/goldenage/exoticeast_03.gif" width="75" height="216"></td>
					<td width="394" valign="bottom" style="padding:8px; border:1px solid #614A06" bgcolor="#D0B86E">%IMAGE1%</td>
					<td valign="bottom"><img src="http://gfx.zoovy.com/wizards/goldenage/exoticeast_05.gif" width="51" height="216"></td>
  				</tr>
			</table>
		
			<table width="750" border="0" cellpadding="0" cellspacing="0">
			  <tr>
				<td valign="top" bgcolor="#FCF9D2"> <img src="http://gfx.zoovy.com/wizards/goldenage/exoticeast_06.gif" width="50" height="643" alt=""></td>
				<td width="65" bgcolor="#FCF9D2" valign="top" style="background-image:url(http://gfx.zoovy.com/wizards/goldenage/exoticeast_07.gif); background-repeat:no-repeat; vertical-align:top; align:left; padding-top:8px; padding-left:8px; padding-right:8px; padding-bottom:8px; font-family:Arial, Helvetica, sans-serif; font-size:12px; color:#000000; line-height:19px;">%TITLE1%%TITLE2%<br>%TITLE4%<br>%TITLE3%<br>%TITLE5%<br>%TITLE6%</td>
				<td valign="top" bgcolor="#FCF9D2"> <img src="http://gfx.zoovy.com/wizards/goldenage/exoticeast_08.gif" width="25" height="643" alt=""></td>
				<td width="360" bgcolor="#FFFFFF" valign="top" style="background-image:url(http://gfx.zoovy.com/wizards/goldenage/exoticeast_09.gif); background-repeat:no-repeat; vertical-align:top; align:left; padding-top:49px; padding-left:8px; padding-right:8px; padding-bottom:8px; font-family:Arial, Helvetica, sans-serif; font-size:13px; color:#000000;">%PROD_DESC%<br><br><a name="about"></a>%ABOUT%<br><br><a name="contact"></a>%CONTACT%<br><br><a name="shipping"></a>%SHIPPING%<br><br><a name="payment"></a>%PAYMENT%<br><br><a name="returns"></a>%RETURNS%<br><br><a name="checkout"></a>%CHECKOUT%<br></td>
				<td valign="top" bgcolor="#FCF9D2"> <img src="http://gfx.zoovy.com/wizards/goldenage/exoticeast_10.gif" width="10" height="643" alt=""></td>
				<td align="center" width="208" bgcolor="#BA9F48" valign="top" style="background-image:url(http://gfx.zoovy.com/wizards/goldenage/exoticeast_11.gif); background-repeat:no-repeat; padding-top: 52px;">
					<table border="1" bordercolor="#614A06" cellpadding="0" cellspacing="0">
						<tr>
							<td valign="middle" align="center" style="padding:15px;">%IMAGE2%</td>
						</tr>
				  </table><br>
				  <table border="1" bordercolor="#614A06" cellpadding="0" cellspacing="0">
						<tr>
							<td valign="middle" align="center" style="padding:15px;">%IMAGE3%</td>
						</tr>
				  </table><br>
				  <table border="1" bordercolor="#614A06" cellpadding="0" cellspacing="0">
						<tr>
							<td valign="middle" align="center" style="padding:15px;">%IMAGE4%</td>
						</tr>
				  </table><br>
				  <table border="1" bordercolor="#614A06" cellpadding="0" cellspacing="0">
						<tr>
							<td valign="middle" align="center" style="padding:15px;">%IMAGE5%</td>
						</tr>
				  </table>
				</td>
			  </tr>
			</table>
		</td>
	</tr>
</table>
</td></tr></table>
<!-- Created by Joel on 2005-05-18 -->]]></HTML>
</ELEMENT>

</TEMPLATE>