<TEMPLATE ID="series3-gelflex" FORMAT="WIZARD">


<!-- ******* -->
<ELEMENT ID="CQGDPSK" TYPE="CONFIG" IMAGES="21" TITLE="Series3 gelflex" CREATED="20050418" PROPERTIES="3"></ELEMENT>
<ELEMENT ID="CQFJSOP" SUB="SKU" TYPE="READONLY" DATA="FLOW::SKU"></ELEMENT>
<ELEMENT ID="CQFJSOQ" SUB="PRODUCT" TYPE="READONLY" DATA="FLOW::PROD"></ELEMENT>
<ELEMENT ID="CQFJSOR" SUB="USERNAME" TYPE="READONLY" DATA="FLOW::USERNAME"></ELEMENT>
<ELEMENT ID="CQFJSOS" SUB="MERCHANT" TYPE="READONLY" DATA="FLOW::USERNAME"></ELEMENT>
<ELEMENT ID="CQFJSNT" SUB="TITLE1" OPERATION="NB" TYPE="IF" FALSE="" DATA="merchant:zoovy:about"><TRUE><![CDATA[ <a href="#about" class="menu">About Us</a> | ]]></TRUE>
</ELEMENT>
<ELEMENT ID="CQFJSNU" SUB="TITLE2" OPERATION="NB" TYPE="IF" FALSE="" DATA="merchant:zoovy:shipping_policy"><TRUE><![CDATA[ <a href="#shipping" class="menu">Shipping</a> | ]]></TRUE>
</ELEMENT>
<ELEMENT ID="CQFJSNV" SUB="TITLE3" OPERATION="NB" TYPE="IF" FALSE="" DATA="merchant:zoovy:payment_policy"><TRUE><![CDATA[ <a href="#payment" class="menu">Payment</a> | ]]></TRUE>
</ELEMENT>
<ELEMENT ID="CQFJSNW" SUB="TITLE4" OPERATION="NB" TYPE="IF" FALSE="" DATA="merchant:zoovy:return_policy"><TRUE><![CDATA[ <a href="#returns" class="menu">Returns</a> | ]]></TRUE>
</ELEMENT>
<ELEMENT ID="CQFJSNX" SUB="TITLE5" OPERATION="NB" TYPE="IF" FALSE="" DATA="merchant:zoovy:contact"><TRUE><![CDATA[ <a href="#contact" class="menu">Contact</a> | ]]></TRUE>
</ELEMENT>
<ELEMENT ID="CQFJSNY" TRUE="#checkout" SUB="TITLE6" OPERATION="NB" TYPE="IF" FALSE="http://ebayapi.zoovy.net/checkout.cgi" DATA="merchant:zoovy:checkout_instructions"></ELEMENT>
<ELEMENT ID="CQFJSNZ" SUB="STORE" PROMPT="If you want to link to your eBay store, enter your store name here" TYPE="TEXTBOX" DATA="merchant:zoovy:ebay_store_name" COLS="100"><PRETEXT><![CDATA[<a href="http://stores.ebay.com/]]></PRETEXT>
<POSTTEXT><![CDATA[" class="menu" target="store">eBay Store</a> | ]]></POSTTEXT>
</ELEMENT>
<ELEMENT ID="CQFJSOA" SUB="PROD_NAME" PROMPT="Product Name (Shared)" TYPE="TEXTBOX" DATA="product:zoovy:prod_name" COLS="100"></ELEMENT>
<ELEMENT ID="CQFJSOB" SUB="PROD_DESC" PROMPT="Product Description (shared)" TYPE="TEXTAREA" ROWS="5" DATA="product:zoovy:prod_desc" COLS="80"></ELEMENT>
<ELEMENT ID="CQFJSOC" WIDTH="165" SUB="IMAGE1" PROMPT="Image1 (165 by X)" TYPE="IMAGE" BGCOLOR="FFFFFF" BORDER="0" ZOOM="1" DATA="product:zoovy:prod_image1"></ELEMENT>
<ELEMENT ID="CQFJSOD" WIDTH="165" SUB="IMAGE2" PROMPT="Image2 (165 by X)" TYPE="IMAGE" BGCOLOR="FFFFFF" BORDER="0" ZOOM="1" DATA="product:zoovy:prod_image2"></ELEMENT>
<ELEMENT ID="CQFJSOE" WIDTH="165" SUB="IMAGE3" PROMPT="Image3 (165 by X)" TYPE="IMAGE" BGCOLOR="FFFFFF" BORDER="0" ZOOM="1" DATA="product:zoovy:prod_image3"></ELEMENT>
<ELEMENT ID="CQFJSOF" WIDTH="165" SUB="IMAGE4" PROMPT="Image4 (165 by X)" TYPE="IMAGE" BGCOLOR="FFFFFF" BORDER="0" ZOOM="1" DATA="product:zoovy:prod_image4"></ELEMENT>
<ELEMENT ID="CQFJSOG" WIDTH="165" SUB="IMAGE5" PROMPT="Image5 (165 by X)" TYPE="IMAGE" BGCOLOR="FFFFFF" BORDER="0" ZOOM="1" DATA="product:zoovy:prod_image5"></ELEMENT>
<ELEMENT ID="CQFJSOH" WIDTH="165" SUB="IMAGE6" PROMPT="Image6 (165 by X)" TYPE="IMAGE" BGCOLOR="FFFFFF" BORDER="0" ZOOM="1" DATA="product:zoovy:prod_image6"></ELEMENT>
<ELEMENT HEIGHT="70" ID="CQFJSOI" WIDTH="400" SUB="LOGO" PROMPT="Company Logo (400 x 70)" BGCOLOR="" TYPE="IMAGE" BORDER="0" DATA="merchant:zoovy:company_logo"></ELEMENT>
<ELEMENT ID="CQFJSOJ" SUB="ABOUT" PROMPT="About Us (Optional)" TYPE="TEXTAREA" ROWS="5" DATA="merchant:zoovy:about" COLS="80"><POSTTEXT><![CDATA[</P>]]></POSTTEXT>
<PRETEXT><![CDATA[<P><B><span class=header>About Us</B></span><br>]]></PRETEXT>
</ELEMENT>
<ELEMENT ID="CQFJSOK" SUB="CONTACT" PROMPT="Contact Information (Optional)" TYPE="TEXTAREA" ROWS="5" DATA="merchant:zoovy:contact" COLS="80"><POSTTEXT><![CDATA[</P>]]></POSTTEXT>
<PRETEXT><![CDATA[<P><B><span class=header>Contact Information</B></span><br>]]></PRETEXT>
</ELEMENT>
<ELEMENT ID="CQFJSOL" SUB="RETURNS" PROMPT="Return Policy (optional)" TYPE="TEXTAREA" ROWS="5" DATA="merchant:zoovy:return_policy" COLS="80"><POSTTEXT><![CDATA[</P>]]></POSTTEXT>
<PRETEXT><![CDATA[<P><B><span class=header>Return Policy</B></span><br>]]></PRETEXT>
</ELEMENT>
<ELEMENT ID="CQFJSOM" SUB="SHIPPING" PROMPT="Shipping Information (optional)" TYPE="TEXTAREA" ROWS="5" DATA="merchant:zoovy:shipping_policy" COLS="80"><POSTTEXT><![CDATA[</P>]]></POSTTEXT>
<PRETEXT><![CDATA[<P><B><span class=header>Shipping Information</B></span><br>]]></PRETEXT>
</ELEMENT>
<ELEMENT ID="CQFJSON" SUB="PAYMENT" PROMPT="Payment Policy (optional)" TYPE="TEXTAREA" ROWS="5" DATA="merchant:zoovy:payment_policy" COLS="80"><POSTTEXT><![CDATA[</P>]]></POSTTEXT>
<PRETEXT><![CDATA[<P><B><span class=header>Payment Policy</B></span><br>]]></PRETEXT>
</ELEMENT>
<ELEMENT ID="CQFJSOO" SUB="CHECKOUT" PROMPT="Checkout Instructions (optional)" TYPE="TEXTAREA" ROWS="5" DATA="merchant:zoovy:checkout_instructions" COLS="80"><POSTTEXT><![CDATA[</P>]]></POSTTEXT>
<PRETEXT><![CDATA[<P><B><span class=header>Checkout Instructions</B></span><br>]]></PRETEXT>
</ELEMENT>
<ELEMENT ID="CQFJSOI" HEIGHT="70" PROMPT="Company Logo (400 x 70)" SUB="LOGO_RAWURL" WIDTH="400" MINIMAL="0" TYPE="IMAGE" BGCOLOR="" READONLY="1" BORDER="0" DATA="merchant:zoovy:company_logo" RAW="1"></ELEMENT>
<ELEMENT ID="CQFJSOI" HEIGHT="0" PROMPT="Company Logo (400 x 70)" SUB="LOGO_URL" WIDTH="0" MINIMAL="0" TYPE="IMAGE" BGCOLOR="" READONLY="1" BORDER="0" DATA="merchant:zoovy:company_logo" RAW="1"></ELEMENT>
<ELEMENT ID="CQFJSOH" PROMPT="Image6 (165 by X)" SUB="IMAGE6_RAWURL" WIDTH="165" MINIMAL="0" BGCOLOR="FFFFFF" TYPE="IMAGE" READONLY="1" BORDER="0" ZOOM="1" DATA="product:zoovy:prod_image6" RAW="1"></ELEMENT>
<ELEMENT ID="CQFJSOH" HEIGHT="0" PROMPT="Image6 (165 by X)" SUB="IMAGE6_URL" WIDTH="0" MINIMAL="0" BGCOLOR="FFFFFF" TYPE="IMAGE" READONLY="1" BORDER="0" ZOOM="1" DATA="product:zoovy:prod_image6" RAW="1"></ELEMENT>
<ELEMENT ID="CQFJSOG" PROMPT="Image5 (165 by X)" SUB="IMAGE5_RAWURL" WIDTH="165" MINIMAL="0" BGCOLOR="FFFFFF" TYPE="IMAGE" READONLY="1" BORDER="0" ZOOM="1" DATA="product:zoovy:prod_image5" RAW="1"></ELEMENT>
<ELEMENT ID="CQFJSOG" HEIGHT="0" PROMPT="Image5 (165 by X)" SUB="IMAGE5_URL" WIDTH="0" MINIMAL="0" BGCOLOR="FFFFFF" TYPE="IMAGE" READONLY="1" BORDER="0" ZOOM="1" DATA="product:zoovy:prod_image5" RAW="1"></ELEMENT>
<ELEMENT ID="CQFJSOF" PROMPT="Image4 (165 by X)" SUB="IMAGE4_RAWURL" WIDTH="165" MINIMAL="0" BGCOLOR="FFFFFF" TYPE="IMAGE" READONLY="1" BORDER="0" ZOOM="1" DATA="product:zoovy:prod_image4" RAW="1"></ELEMENT>
<ELEMENT ID="CQFJSOF" HEIGHT="0" PROMPT="Image4 (165 by X)" SUB="IMAGE4_URL" WIDTH="0" MINIMAL="0" BGCOLOR="FFFFFF" TYPE="IMAGE" READONLY="1" BORDER="0" ZOOM="1" DATA="product:zoovy:prod_image4" RAW="1"></ELEMENT>
<ELEMENT ID="CQFJSOE" PROMPT="Image3 (165 by X)" SUB="IMAGE3_RAWURL" WIDTH="165" MINIMAL="0" BGCOLOR="FFFFFF" TYPE="IMAGE" READONLY="1" BORDER="0" ZOOM="1" DATA="product:zoovy:prod_image3" RAW="1"></ELEMENT>
<ELEMENT ID="CQFJSOE" HEIGHT="0" PROMPT="Image3 (165 by X)" SUB="IMAGE3_URL" WIDTH="0" MINIMAL="0" BGCOLOR="FFFFFF" TYPE="IMAGE" READONLY="1" BORDER="0" ZOOM="1" DATA="product:zoovy:prod_image3" RAW="1"></ELEMENT>
<ELEMENT ID="CQFJSOD" PROMPT="Image2 (165 by X)" SUB="IMAGE2_RAWURL" WIDTH="165" MINIMAL="0" BGCOLOR="FFFFFF" TYPE="IMAGE" READONLY="1" BORDER="0" ZOOM="1" DATA="product:zoovy:prod_image2" RAW="1"></ELEMENT>
<ELEMENT ID="CQFJSOD" HEIGHT="0" PROMPT="Image2 (165 by X)" SUB="IMAGE2_URL" WIDTH="0" MINIMAL="0" BGCOLOR="FFFFFF" TYPE="IMAGE" READONLY="1" BORDER="0" ZOOM="1" DATA="product:zoovy:prod_image2" RAW="1"></ELEMENT>
<ELEMENT ID="CQFJSOC" PROMPT="Image1 (165 by X)" SUB="IMAGE1_RAWURL" WIDTH="165" MINIMAL="0" BGCOLOR="FFFFFF" TYPE="IMAGE" READONLY="1" BORDER="0" ZOOM="1" DATA="product:zoovy:prod_image1" RAW="1"></ELEMENT>
<ELEMENT ID="CQFJSOC" HEIGHT="0" PROMPT="Image1 (165 by X)" SUB="IMAGE1_URL" WIDTH="0" MINIMAL="0" BGCOLOR="FFFFFF" TYPE="IMAGE" READONLY="1" BORDER="0" ZOOM="1" DATA="product:zoovy:prod_image1" RAW="1"></ELEMENT>
<ELEMENT ID="CQFJSOT" TYPE="OUTPUT"><HTML><![CDATA[<style type="text/css">
.text	{font-family: Arial, Helvetica, sans-serif; font-size: 12px; color: #333333;}

.small	{font-size: 11px; color: #666666; font-family: Arial, Helvetica, sans-serif;}
.imagery	{font-size: 13px; color: #828282; font-weight: bold; font-family: Arial, Helvetica, sans-serif;}
.header	{font-size: 14px; color: #666666; font-weight: bold; font-family: Arial, Helvetica, sans-serif;}
.menu	{color: #6583F8; font-family: Arial, Helvetica, sans-serif;}
.menu:hover	{color: #FF3300;}

.top_bg	{background-image:url(http://%USERNAME%.zoovy.com/graphics/wrappers/gelflex/logo_bg.gif); background-position:bottom; background-repeat:repeat-x}
.left_bg	{background-image:url(http://%USERNAME%.zoovy.com/graphics/wrappers/gelflex/grey.gif); background-position:left; background-repeat:repeat-y}
.right_bg	{background-image:url(http://%USERNAME%.zoovy.com/graphics/wrappers/gelflex/right_bg.gif); background-position:right; background-repeat:repeat-y}
.shadow	{background-image:url(http://%USERNAME%.zoovy.com/graphics/wrappers/gelflex/bottom_bg.gif); background-position:bottom; background-repeat:repeat-x}

</style>
<div align="center">

<table cellspacing="0" cellpadding="0" border="0" width="780"><tr class="top_bg">
	<td width="10" valign="bottom" align="left"><img src="http://%USERNAME%.zoovy.com/graphics/wrappers/gelflex/logo_left.gif" width="10" height="74"></td>
	<td style="padding-bottom: 3px;" width="599" valign="bottom" align="left">%LOGO%</td>
	<td width="155" align="center" style="padding-bottom: 3px; padding-top: 3px;">
	
<table cellspacing=0 border=0 width=155 cellpadding=1 style="background-image: url(http://%USERNAME%.zoovy.com/graphics/wrappers/gelflex/mc_bg.gif); background-repeat:no-repeat; background-position:middle;"><tr>
	<td width="10"><img src="http://%USERNAME%.zoovy.com/graphics/general/blank.gif" height="88" width="10"></td>
	<td align="center"><a href="http://ebayapi.zoovy.net/checkout.cgi" class="menu" style="font-size:16px;"><strong>Instant Checkout</strong></a></td>
	<td width="10"><img src="http://%USERNAME%.zoovy.com/graphics/general/blank.gif" height="1" width="10"></td>
</table></td>
	<td align="right" width="16" valign="bottom" style="height: 38px;"><img src="http://%USERNAME%.zoovy.com/graphics/wrappers/gelflex/mc_right.gif" width="16" height="74"></td>
</tr><tr>
	<td class="left_bg"></td>
	<td align="left"><span style="font-size: 13px;" class="text">%TITLE1%
%TITLE5%
%TITLE2%
%TITLE3%
%TITLE4%
%STORE%
<a href="%TITLE6%" class="menu">Checkout</a>&nbsp;&nbsp;</span></td>

	<td align="right"><!-- BEGIN SEARCH TABLE -->&nbsp;<!-- END SEARCH TABLE --></td>
	<td class="right_bg"></td>
</tr><tr>
	<td colspan="2" align="left" class="shadow"><img src="http://%USERNAME%.zoovy.com/graphics/wrappers/gelflex/bottom_left.gif" width="10" height="8"></td>
	<td colspan="2" align="right" class="shadow"><img src="http://%USERNAME%.zoovy.com/graphics/wrappers/gelflex/bottom_right.gif" width="16" height="8"></td>
</tr></table>
<table cellspacing="0" cellpadding="0" border="0" width="780"><tr>

	<td align="left" valign="top" width="25%"><table cellspacing="0" cellpadding="0" border="0" width="100%"><tr>
		<td width="10"><img src="http://%USERNAME%.zoovy.com/graphics/wrappers/gelflex/header_left.gif" width="10" height="28"></td>
		<td style="background-image:url(http://%USERNAME%.zoovy.com/graphics/wrappers/gelflex/header_bg.gif);"><span class="imagery">Click Image(s) to Enlarge</span></td>
		<td width="16"><img src="http://%USERNAME%.zoovy.com/graphics/wrappers/gelflex/header_right.gif" width="16" height="28"></td>
	</tr><tr>
		<td class="left_bg"></td>
		<td><table cellspacing="3" cellpadding="0" width="100%">
		<tr><td>%IMAGE1%</td></tr>
		<tr><td>%IMAGE2%</td></tr>
		<tr><td>%IMAGE3%</td></tr>
		<tr><td>%IMAGE4%</td></tr>
		<tr><td>%IMAGE5%</td></tr>
		<tr><td>%IMAGE6%</td></tr>		
		</table></td>
		<td class="right_bg"></td>
	</tr><tr>
		<td align="left" class="shadow"><img src="http://%USERNAME%.zoovy.com/graphics/wrappers/gelflex/bottom_left.gif" width="10" height="8"></td>
		<td colspan="2" align="right" class="shadow"><img src="http://%USERNAME%.zoovy.com/graphics/wrappers/gelflex/bottom_right.gif" width="16" height="8"></td>
	</tr></table>
</td>
	<td width="5"><img src="http://%USERNAME%.zoovy.com/graphics/general/blank.gif" height="1" width="5"></td>
	<td align="left" valign="top" width="75%"><P style="font-size: 16px; color: #828282; font-weight: bold; font-family: Arial, Helvetica, sans-serif;">%PROD_NAME%</P>
<div class="text">
%PROD_DESC%
<a name="about" />%ABOUT%
<a name="contact" />%CONTACT%
<a name="shipping" />%SHIPPING%
<a name="payment" />%PAYMENT%
<a name="returns" />%RETURNS%
<a name="checkout" />%CHECKOUT%	
</div></td>
</tr></table>
</div>
</body>
</html>
<!-- CREATED BY: JT -->]]></HTML>
</ELEMENT>

</TEMPLATE>