<TEMPLATE ID="series3-industry" FORMAT="WIZARD">


<!-- ******* -->
<ELEMENT ID="CQGDPSC" TYPE="CONFIG" IMAGES="15" TITLE="Series3 industry" CREATED="20050418" PROPERTIES="3"></ELEMENT>
<ELEMENT ID="CQFJSOK" SUB="SKU" TYPE="READONLY" DATA="FLOW::SKU"></ELEMENT>
<ELEMENT ID="CQFJSOL" SUB="PRODUCT" TYPE="READONLY" DATA="FLOW::PROD"></ELEMENT>
<ELEMENT ID="CQFJSOM" SUB="USERNAME" TYPE="READONLY" DATA="FLOW::USERNAME"></ELEMENT>
<ELEMENT ID="CQFJSON" SUB="MERCHANT" TYPE="READONLY" DATA="FLOW::USERNAME"></ELEMENT>
<ELEMENT ID="CQFJSNQ" SUB="TITLE1" OPERATION="NB" TYPE="IF" FALSE="" DATA="merchant:zoovy:about"><TRUE><![CDATA[ <a href="#about" class="menu">About Us</a> | ]]></TRUE>
</ELEMENT>
<ELEMENT ID="CQFJSNR" SUB="TITLE2" OPERATION="NB" TYPE="IF" FALSE="" DATA="merchant:zoovy:shipping_policy"><TRUE><![CDATA[ <a href="#shipping" class="menu">Shipping</a> | ]]></TRUE>
</ELEMENT>
<ELEMENT ID="CQFJSNS" SUB="TITLE3" OPERATION="NB" TYPE="IF" FALSE="" DATA="merchant:zoovy:payment_policy"><TRUE><![CDATA[ <a href="#payment" class="menu">Payment</a> | ]]></TRUE>
</ELEMENT>
<ELEMENT ID="CQFJSNT" SUB="TITLE4" OPERATION="NB" TYPE="IF" FALSE="" DATA="merchant:zoovy:return_policy"><TRUE><![CDATA[ <a href="#returns" class="menu">Returns</a> | ]]></TRUE>
</ELEMENT>
<ELEMENT ID="CQFJSNU" SUB="TITLE5" OPERATION="NB" TYPE="IF" FALSE="" DATA="merchant:zoovy:contact"><TRUE><![CDATA[ <a href="#contact" class="menu">Contact</a> | ]]></TRUE>
</ELEMENT>
<ELEMENT ID="CQFJSNV" TRUE="#checkout" SUB="TITLE6" OPERATION="NB" TYPE="IF" FALSE="http://ebayapi.zoovy.net/checkout.cgi" DATA="merchant:zoovy:checkout_instructions"></ELEMENT>
<ELEMENT ID="CQFJSNW" SUB="PROD_NAME" PROMPT="Product Name" TYPE="TEXTBOX" DATA="product:zoovy:prod_name" COLS="100"></ELEMENT>
<ELEMENT ID="CQFJSNX" SUB="PROD_DESC" PROMPT="Product Description (shared)" TYPE="TEXTAREA" ROWS="5" DATA="product:zoovy:prod_desc" COLS="80"></ELEMENT>
<ELEMENT ID="CQFJSNY" WIDTH="150" SUB="IMAGE1" PROMPT="Image1 (150 by X)" TYPE="IMAGE" BGCOLOR="E46F02" BORDER="0" ZOOM="1" DATA="product:zoovy:prod_image1"></ELEMENT>
<ELEMENT ID="CQFJSNZ" WIDTH="150" SUB="IMAGE2" PROMPT="Image2 (150 by X)" TYPE="IMAGE" BGCOLOR="E46F02" BORDER="0" ZOOM="1" DATA="product:zoovy:prod_image2"></ELEMENT>
<ELEMENT ID="CQFJSOA" WIDTH="150" SUB="IMAGE3" PROMPT="Image3 (150 by X)" TYPE="IMAGE" BGCOLOR="E46F02" BORDER="0" ZOOM="1" DATA="product:zoovy:prod_image3"></ELEMENT>
<ELEMENT ID="CQFJSOB" WIDTH="150" SUB="IMAGE4" PROMPT="Image4 (150 by X)" TYPE="IMAGE" BGCOLOR="E46F02" BORDER="0" ZOOM="1" DATA="product:zoovy:prod_image4"></ELEMENT>
<ELEMENT HEIGHT="76" ID="CQFJSOC" WIDTH="300" SUB="LOGO" PROMPT="Company Logo (300 x 76)" BGCOLOR="" TYPE="IMAGE" BORDER="0" DATA="merchant:zoovy:company_logo"></ELEMENT>
<ELEMENT ID="CQFJSOD" SUB="ABOUT" PROMPT="About Us (Optional)" TYPE="TEXTAREA" ROWS="5" DATA="merchant:zoovy:about" COLS="80"><POSTTEXT><![CDATA[</P>]]></POSTTEXT>
<PRETEXT><![CDATA[<P><B><span class=header>About Us</B></span><br>]]></PRETEXT>
</ELEMENT>
<ELEMENT ID="CQFJSOE" SUB="CONTACT" PROMPT="Contact Information (Optional)" TYPE="TEXTAREA" ROWS="5" DATA="merchant:zoovy:contact" COLS="80"><POSTTEXT><![CDATA[</P>]]></POSTTEXT>
<PRETEXT><![CDATA[<P><B><span class=header>Contact Information</B></span><br>]]></PRETEXT>
</ELEMENT>
<ELEMENT ID="CQFJSOF" SUB="RETURNS" PROMPT="Return Policy (optional)" TYPE="TEXTAREA" ROWS="5" DATA="merchant:zoovy:return_policy" COLS="80"><POSTTEXT><![CDATA[</P>]]></POSTTEXT>
<PRETEXT><![CDATA[<P><B><span class=header>Return Policy</B></span><br>]]></PRETEXT>
</ELEMENT>
<ELEMENT ID="CQFJSOG" SUB="SHIPPING" PROMPT="Shipping Information (optional)" TYPE="TEXTAREA" ROWS="5" DATA="merchant:zoovy:shipping_policy" COLS="80"><POSTTEXT><![CDATA[</P>]]></POSTTEXT>
<PRETEXT><![CDATA[<P><B><span class=header>Shipping Information</B></span><br>]]></PRETEXT>
</ELEMENT>
<ELEMENT ID="CQFJSOH" SUB="PAYMENT" PROMPT="Payment Policy (optional)" TYPE="TEXTAREA" ROWS="5" DATA="merchant:zoovy:payment_policy" COLS="80"><POSTTEXT><![CDATA[</P>]]></POSTTEXT>
<PRETEXT><![CDATA[<P><B><span class=header>Payment Policy</B></span><br>]]></PRETEXT>
</ELEMENT>
<ELEMENT ID="CQFJSOI" SUB="CHECKOUT" PROMPT="Checkout Instructions (optional)" TYPE="TEXTAREA" ROWS="5" DATA="merchant:zoovy:checkout_instructions" COLS="80"><POSTTEXT><![CDATA[</P>]]></POSTTEXT>
<PRETEXT><![CDATA[<P><B><span class=header>Checkout Instructions</B></span><br>]]></PRETEXT>
</ELEMENT>
<ELEMENT ID="CQFJSOJ" SUB="FOOTER" PROMPT="Auction Footer (should be short, not required)" TYPE="TEXTBOX" ROWS="5" DATA="merchant:zoovy:auction_footer" COLS="80"></ELEMENT>
<ELEMENT ID="CQFJSOC" HEIGHT="76" PROMPT="Company Logo (300 x 76)" SUB="LOGO_RAWURL" WIDTH="300" MINIMAL="0" TYPE="IMAGE" BGCOLOR="" READONLY="1" BORDER="0" DATA="merchant:zoovy:company_logo" RAW="1"></ELEMENT>
<ELEMENT ID="CQFJSOC" HEIGHT="0" PROMPT="Company Logo (300 x 76)" SUB="LOGO_URL" WIDTH="0" MINIMAL="0" TYPE="IMAGE" BGCOLOR="" READONLY="1" BORDER="0" DATA="merchant:zoovy:company_logo" RAW="1"></ELEMENT>
<ELEMENT ID="CQFJSOB" PROMPT="Image4 (150 by X)" SUB="IMAGE4_RAWURL" WIDTH="150" MINIMAL="0" BGCOLOR="E46F02" TYPE="IMAGE" READONLY="1" BORDER="0" ZOOM="1" DATA="product:zoovy:prod_image4" RAW="1"></ELEMENT>
<ELEMENT ID="CQFJSOB" HEIGHT="0" PROMPT="Image4 (150 by X)" SUB="IMAGE4_URL" WIDTH="0" MINIMAL="0" BGCOLOR="E46F02" TYPE="IMAGE" READONLY="1" BORDER="0" ZOOM="1" DATA="product:zoovy:prod_image4" RAW="1"></ELEMENT>
<ELEMENT ID="CQFJSOA" PROMPT="Image3 (150 by X)" SUB="IMAGE3_RAWURL" WIDTH="150" MINIMAL="0" BGCOLOR="E46F02" TYPE="IMAGE" READONLY="1" BORDER="0" ZOOM="1" DATA="product:zoovy:prod_image3" RAW="1"></ELEMENT>
<ELEMENT ID="CQFJSOA" HEIGHT="0" PROMPT="Image3 (150 by X)" SUB="IMAGE3_URL" WIDTH="0" MINIMAL="0" BGCOLOR="E46F02" TYPE="IMAGE" READONLY="1" BORDER="0" ZOOM="1" DATA="product:zoovy:prod_image3" RAW="1"></ELEMENT>
<ELEMENT ID="CQFJSNZ" PROMPT="Image2 (150 by X)" SUB="IMAGE2_RAWURL" WIDTH="150" MINIMAL="0" BGCOLOR="E46F02" TYPE="IMAGE" READONLY="1" BORDER="0" ZOOM="1" DATA="product:zoovy:prod_image2" RAW="1"></ELEMENT>
<ELEMENT ID="CQFJSNZ" HEIGHT="0" PROMPT="Image2 (150 by X)" SUB="IMAGE2_URL" WIDTH="0" MINIMAL="0" BGCOLOR="E46F02" TYPE="IMAGE" READONLY="1" BORDER="0" ZOOM="1" DATA="product:zoovy:prod_image2" RAW="1"></ELEMENT>
<ELEMENT ID="CQFJSNY" PROMPT="Image1 (150 by X)" SUB="IMAGE1_RAWURL" WIDTH="150" MINIMAL="0" BGCOLOR="E46F02" TYPE="IMAGE" READONLY="1" BORDER="0" ZOOM="1" DATA="product:zoovy:prod_image1" RAW="1"></ELEMENT>
<ELEMENT ID="CQFJSNY" HEIGHT="0" PROMPT="Image1 (150 by X)" SUB="IMAGE1_URL" WIDTH="0" MINIMAL="0" BGCOLOR="E46F02" TYPE="IMAGE" READONLY="1" BORDER="0" ZOOM="1" DATA="product:zoovy:prod_image1" RAW="1"></ELEMENT>
<ELEMENT ID="CQFJSOO" TYPE="OUTPUT"><HTML><![CDATA[<STYLE TYPE="text/css">
.orange	{background-color: #E46F02;}
.black	{background-color: #000000;}
.beige	{background-color: #75705E;}
.title	{font-family: arial, sans serif; color: #ffffff; font-size: 18px; font-weight: bold;}
.header	{font-family: arial, sans serif; color: #e46F02; font-size: 14px; font-weight: bold;}
.menu	{font-family: arial, sans serif; color: #ffffff; font-size: 12px; font-weight: bold; text-decoration: none;}
.menu:hover	{color: #E46F02; text-decoration: underline;}
</style>
<table cellspacing=0 cellpadding=0 border=0 width=100%><tr>
	<td class="black" height=20><table cellspacing=0 cellpadding=0 width=100%><tr>
		<td width="50%"><table cellspacing=0 cellpadding=0 border=0><tr><td>
<span class="menu">&nbsp;&nbsp;
%TITLE1%
%TITLE2%
%TITLE3%
%TITLE4%
%TITLE5%
<a href="%TITLE6%" class="menu">Checkout</a>&nbsp;&nbsp;
</span>		
		
		</td>

		</tr></table></td>
		<td width="50%" align="right">&nbsp;</td>
	</tr></table>
	</td>
</tr><tr>
	<td background="http://%USERNAME%.zoovy.com/graphics/wrappers/industry/logo_bg.gif" height="76"><table cellspacing=0 cellpadding=0 border=0 width="100%"><tr>
		<td width="10%"><img src="http://%USERNAME%.zoovy.com/graphics/wrappers/industry/truck.jpg" width="158" height="76" alt="" border="0"></td>
		<td width="80%">%LOGO%</td>
		<td width="10%" align="right"><img src="http://%USERNAME%.zoovy.com/graphics/wrappers/industry/tractor.jpg" width="135" height="76" alt="" border="0"></td>
	</tr></table></td>
</tr></table>
<table cellspacing=0 cellpadding=0 border=0 width=100%><tr>
	<td width="5%" background="http://%USERNAME%.zoovy.com/graphics/wrappers/industry/left_bg.gif" valign="top"><table cellspacing=0 cellpadding=0><tr>
		<td colspan=2 class="orange"><img src="http://%USERNAME%.zoovy.com/graphics/wrappers/industry/cats_ul.gif" width="19" height="15" alt="" border="0"></td>
	</tr><tr>
		<td class="black" width=4><img src="http://%USERNAME%.zoovy.com/graphics/general/blank.gif" height=1 width=4></td>
		<td class="orange" width=187 align="center"><table>
	<tr><td>%IMAGE1%</td></tr>
	<tr><td>%IMAGE2%</td></tr>
	<tr><td>%IMAGE3%</td></tr>
	<tr><td>%IMAGE4%</td></tr>
	<tr><td><!-- IMAGE5 --></td></tr>
	</tr></table>
		
		</td>
	</tr><tr>
		<td class="orange" colspan=2><img src="http://%USERNAME%.zoovy.com/graphics/wrappers/industry/cats_bottom.gif" width="191" height="31" alt="" border="0"></td>
	</tr><tr><td colspan=2></td></tr></table></td>
	<td width="95%" valign="top"><table cellspacing=0 cellpadding=0 border=0 width="100%"><tr>
		<td width="1%" rowspan=2 class="beige" valign="top"><img src="http://%USERNAME%.zoovy.com/graphics/wrappers/industry/corner.gif" width="19" height="28" alt="" border="0"></td>
		<td height=5 class="orange"><img src="http://%USERNAME%.zoovy.com/graphics/general/blank.gif" height=5 width=1></td>
	</tr><tr>
		<td width="99%" class="beige" height=23 NOWRAP><span class="title">%PROD_NAME%</span></td>
	</tr><tr>
		<td colspan=2 valign="top"><table width="100%"><tr><Td><div style="font-family: Arial, Helvetica, sans-serif; font-size: 13px;">
		
<!-- BEGIN CONTENT -->

%PROD_DESC%
<hr>
<a name="about" />%ABOUT%
<a name="contact" />%CONTACT%
<a name="shipping" />%SHIPPING%
<a name="payment" />%PAYMENT%
<a name="returns" />%RETURNS%
<a name="checkout" />%CHECKOUT%	
</div>


<!-- BEGIN CONTENT -->		
		
		</td></tr></table></td>
	</tr></table></td>
</tr><tr>
	<td class="black"><img src="http://%USERNAME%.zoovy.com/graphics/general/blank.gif" height=2 width=1></td>
	<td class="black"></td></tr><tr>
	<td colspan=2 class="beige" height=4><img src="http://%USERNAME%.zoovy.com/graphics/general/blank.gif" height=4 width=1></td>
</tr></table>
<table border="0" cellpadding="1"><tr><td><font color="922618" size="2" face="Arial">%FOOTER%</font></td></tr></table>
</body>
</html>
<!-- CREATED BY: JT -->]]></HTML>
</ELEMENT>

</TEMPLATE>