<TEMPLATE ID="simple-index" FORMAT="WIZARD">


<!-- ******* -->
<ELEMENT ID="CQGDPAO" TYPE="CONFIG" IMAGES="0" CREATED="19691231" TITLE="Index" PROPERTIES="0"></ELEMENT>
<ELEMENT ID="CQFJSML" SUB="SKU" TYPE="READONLY" DATA="FLOW::SKU"></ELEMENT>
<ELEMENT ID="CQFJSMM" SUB="PRODUCT" TYPE="READONLY" DATA="FLOW::PROD"></ELEMENT>
<ELEMENT ID="CQFJSMN" SUB="USERNAME" TYPE="READONLY" DATA="FLOW::USERNAME"></ELEMENT>
<ELEMENT ID="CQFJSMO" SUB="MERCHANT" TYPE="READONLY" DATA="FLOW::USERNAME"></ELEMENT>
<ELEMENT ID="CQFJSMP" HTML="" TYPE="OUTPUT"></ELEMENT>

</TEMPLATE>