<TEMPLATE ID="simple-smallrightblue2" FORMAT="WIZARD">


<!-- ******* -->
<ELEMENT ID="CQGDPAX" TYPE="CONFIG" IMAGES="12" CREATED="20050418" TITLE="Smallrightblue2" PROPERTIES="0"></ELEMENT>
<ELEMENT ID="CQFJSMX" SUB="SKU" TYPE="READONLY" DATA="FLOW::SKU"></ELEMENT>
<ELEMENT ID="CQFJSMY" SUB="PRODUCT" TYPE="READONLY" DATA="FLOW::PROD"></ELEMENT>
<ELEMENT ID="CQFJSMZ" SUB="USERNAME" TYPE="READONLY" DATA="FLOW::USERNAME"></ELEMENT>
<ELEMENT ID="CQFJSNA" SUB="MERCHANT" TYPE="READONLY" DATA="FLOW::USERNAME"></ELEMENT>
<ELEMENT ID="CQFJSMN" SUB="PRODUCT_NAME" PROMPT="Product Name" TYPE="TEXTBOX" DATA="product:zoovy:prod_name" COLS="100"></ELEMENT>
<ELEMENT ID="CQFJSMO" SUB="PRODUCT_DESC" PROMPT="Product Description" TYPE="TEXTAREA" ROWS="5" DATA="product:zoovy:prod_desc" COLS="80"></ELEMENT>
<ELEMENT HEIGHT="180" ID="CQFJSMP" WIDTH="180" SUB="IMAGE1" PROMPT="Upper Image" TYPE="IMAGE" BGCOLOR="336699" DATA="product:zoovy:prod_image1"></ELEMENT>
<ELEMENT HEIGHT="180" ID="CQFJSMQ" WIDTH="180" SUB="IMAGE2" PROMPT="Middle Image" TYPE="IMAGE" BGCOLOR="336699" DATA="product:zoovy:prod_image2"></ELEMENT>
<ELEMENT HEIGHT="180" ID="CQFJSMR" WIDTH="180" SUB="IMAGE3" PROMPT="Lower Image" TYPE="IMAGE" BGCOLOR="336699" DATA="product:zoovy:prod_image3"></ELEMENT>
<ELEMENT ID="CQFJSMS" SUB="COMPANY_NAME" PROMPT="Company Name" TYPE="TEXTBOX" DATA="merchant:zoovy:company_name" COLS="100"></ELEMENT>
<ELEMENT HEIGHT="80" ID="CQFJSMT" WIDTH="250" SUB="COMPANY_LOGO" PROMPT="Company Logo" TYPE="IMAGE" BGCOLOR="3399CC" DATA="merchant:zoovy:company_logo"></ELEMENT>
<ELEMENT ID="CQFJSMU" SUB="SUPPORT_EMAIL" PROMPT="Support Email" TYPE="TEXTBOX" VALIDATION="EMAIL" DATA="merchant:zoovy:support_email" COLS="50"></ELEMENT>
<ELEMENT ID="CQFJSMV" SUB="PAYMENT_POLICY" PROMPT="Store Payment Policy" TYPE="TEXTAREA" ROWS="5" DATA="merchant:zoovy:payment_policy" COLS="80"></ELEMENT>
<ELEMENT ID="CQFJSMW" SUB="RETURN_POLICY" PROMPT="Store Return Policy" TYPE="TEXTAREA" ROWS="5" DATA="merchant:zoovy:return_policy" COLS="80"></ELEMENT>
<ELEMENT ID="CQFJSMT" HEIGHT="80" PROMPT="Company Logo" SUB="COMPANY_LOGO_RAWURL" WIDTH="250" MINIMAL="0" BGCOLOR="3399CC" TYPE="IMAGE" READONLY="1" DATA="merchant:zoovy:company_logo" RAW="1"></ELEMENT>
<ELEMENT ID="CQFJSMT" HEIGHT="0" PROMPT="Company Logo" SUB="COMPANY_LOGO_URL" WIDTH="0" MINIMAL="0" BGCOLOR="3399CC" TYPE="IMAGE" READONLY="1" DATA="merchant:zoovy:company_logo" RAW="1"></ELEMENT>
<ELEMENT ID="CQFJSMR" HEIGHT="180" PROMPT="Lower Image" SUB="IMAGE3_RAWURL" WIDTH="180" MINIMAL="0" BGCOLOR="336699" TYPE="IMAGE" READONLY="1" DATA="product:zoovy:prod_image3" RAW="1"></ELEMENT>
<ELEMENT ID="CQFJSMR" HEIGHT="0" PROMPT="Lower Image" SUB="IMAGE3_URL" WIDTH="0" MINIMAL="0" BGCOLOR="336699" TYPE="IMAGE" READONLY="1" DATA="product:zoovy:prod_image3" RAW="1"></ELEMENT>
<ELEMENT ID="CQFJSMQ" HEIGHT="180" PROMPT="Middle Image" SUB="IMAGE2_RAWURL" WIDTH="180" MINIMAL="0" BGCOLOR="336699" TYPE="IMAGE" READONLY="1" DATA="product:zoovy:prod_image2" RAW="1"></ELEMENT>
<ELEMENT ID="CQFJSMQ" HEIGHT="0" PROMPT="Middle Image" SUB="IMAGE2_URL" WIDTH="0" MINIMAL="0" BGCOLOR="336699" TYPE="IMAGE" READONLY="1" DATA="product:zoovy:prod_image2" RAW="1"></ELEMENT>
<ELEMENT ID="CQFJSMP" HEIGHT="180" PROMPT="Upper Image" SUB="IMAGE1_RAWURL" WIDTH="180" MINIMAL="0" BGCOLOR="336699" TYPE="IMAGE" READONLY="1" DATA="product:zoovy:prod_image1" RAW="1"></ELEMENT>
<ELEMENT ID="CQFJSMP" HEIGHT="0" PROMPT="Upper Image" SUB="IMAGE1_URL" WIDTH="0" MINIMAL="0" BGCOLOR="336699" TYPE="IMAGE" READONLY="1" DATA="product:zoovy:prod_image1" RAW="1"></ELEMENT>
<ELEMENT ID="CQFJSNB" TYPE="OUTPUT"><HTML><![CDATA[<center>
<body bgcolor="#ffffff">
<table width="100%" bgcolor="#336699" border="0" cellspacing="0" cellpadding="0">
<tr><td colspan="2" width="100%" height="27" bgcolor="#3399CC" valign="top">
	<table width="100%" border="0" cellspacing="0" cellpadding="0" height="27">
	<Tr><td width="19" height="27">
	<img src="http://www.zoovy.com/htmlwiz/smallrightred/topleft.gif" width="19" height="27" border="0">
	</td><td width="100%" height="27">
	<img src="http://www.zoovy.com/htmlwiz/smallrightred/middle.gif" width="100%" height="27" border="0">
	</td><td width="19" height="27">
	<img src="http://www.zoovy.com/htmlwiz/smallrightred/topright.gif" width="19" height="27" border="0">
	</td></tr>
	</table>
</td></tr>
<tr><td valign="top" bgcolor="#3399CC">
	<table width="100%" border="0" bgcolor="#3399CC" cellspacing="0" cellpadding="5"><Tr><td valign="top">
<font color="#ffffff">
<h2>%PRODUCT_NAME%</h2><br>
%PRODUCT_DESC%
</font>
	</td></tr></table>
<br><center>
	<table width="60%" border="0" cellspacing="0" cellpadding="5">
	<Tr><td>
%COMPANY_LOGO%
	</td><td>
<font color="#ffffff">
%COMPANY_NAME%
<P>
%SUPPORT_EMAIL%
</font>
	</td></tr></table>
<br></center>
	<table width="100%" border="0" bgcolor="#3399CC" cellspacing="0" cellpadding="5"><Tr><td>
<font color="#ffffff">
Payment Policy:<br>
%PAYMENT_POLICY%
<P>
Return Policy:<br>
%RETURN_POLICY%
</font>
	</td></tr></table>
</td>
<td width="200" valign="top" bgcolor="#336699" align="center">
	<table width="180" height="180" border="0">
	<Tr><td valign="top">
%IMAGE1%
	</td></tr></table>
<P>
	<table width="180" height="180" border="0">
	<Tr><td valign="top">
%IMAGE2%
	</td></tr></table>
<P>
	<table width="180" height="180" border="0">
	<Tr><td valign="top">
%IMAGE3%
	</td></tr></table>
<tr><td colspan="2" width="100%" height="27" bgcolor="#ffffff">
	<table width="100%" border="0" cellspacing="0" cellpadding="0" height="27">
	<Tr><td width="19">
	<img src="http://www.zoovy.com/htmlwiz/smallrightred/botleft.gif" width="19" height="27" border="0">
	</td><td width="100%">
	<img src="http://www.zoovy.com/htmlwiz/smallrightred/middle.gif" width="100%" height="27" border="0">
	</td><td width="19">
	<img src="http://www.zoovy.com/htmlwiz/smallrightred/botright.gif" width="19" height="27" border="0">
	</td></tr>
	</table>
</td></tr></table>
</center>
</body>
]]></HTML>
</ELEMENT>

</TEMPLATE>