<TEMPLATE ID="simple-holly1" FORMAT="WIZARD">


<!-- ******* -->
<ELEMENT ID="CQGDPAS" TYPE="CONFIG" IMAGES="6" CREATED="20050418" TITLE="Holly1" PROPERTIES="0"></ELEMENT>
<ELEMENT ID="CQFJSMU" SUB="SKU" TYPE="READONLY" DATA="FLOW::SKU"></ELEMENT>
<ELEMENT ID="CQFJSMV" SUB="PRODUCT" TYPE="READONLY" DATA="FLOW::PROD"></ELEMENT>
<ELEMENT ID="CQFJSMW" SUB="USERNAME" TYPE="READONLY" DATA="FLOW::USERNAME"></ELEMENT>
<ELEMENT ID="CQFJSMX" SUB="MERCHANT" TYPE="READONLY" DATA="FLOW::USERNAME"></ELEMENT>
<ELEMENT ID="CQFJSMM" SUB="PRODUCT_NAME" PROMPT="Product Name" TYPE="TEXTBOX" DATA="product:zoovy:prod_name" COLS="100"></ELEMENT>
<ELEMENT ID="CQFJSMN" SUB="PRODUCT_DESC" PROMPT="Product Description" TYPE="TEXTAREA" ROWS="5" DATA="product:zoovy:prod_desc" COLS="80"></ELEMENT>
<ELEMENT HEIGHT="200" ID="CQFJSMO" WIDTH="400" SUB="IMAGE1" PROMPT="Right Image" TYPE="IMAGE" BGCOLOR="ffffff" DATA="product:zoovy:prod_image1"></ELEMENT>
<ELEMENT ID="CQFJSMP" SUB="COMPANY_NAME" PROMPT="Company Name" TYPE="TEXTBOX" DATA="merchant:zoovy:company_name" COLS="100"></ELEMENT>
<ELEMENT HEIGHT="100" ID="CQFJSMQ" WIDTH="100" SUB="COMPANY_LOGO" PROMPT="Company Logo" TYPE="IMAGE" BGCOLOR="ffffff" DATA="merchant:zoovy:company_logo"></ELEMENT>
<ELEMENT ID="CQFJSMR" SUB="SUPPORT_EMAIL" PROMPT="Support Email" TYPE="TEXTBOX" VALIDATION="EMAIL" DATA="merchant:zoovy:support_email" COLS="50"></ELEMENT>
<ELEMENT ID="CQFJSMS" SUB="PAYMENT_POLICY" PROMPT="Store Payment Policy" TYPE="TEXTAREA" ROWS="5" DATA="merchant:zoovy:payment_policy" COLS="80"></ELEMENT>
<ELEMENT ID="CQFJSMT" SUB="RETURN_POLICY" PROMPT="Store Return Policy" TYPE="TEXTAREA" ROWS="5" DATA="merchant:zoovy:return_policy" COLS="80"></ELEMENT>
<ELEMENT ID="CQFJSMQ" HEIGHT="100" PROMPT="Company Logo" SUB="COMPANY_LOGO_RAWURL" WIDTH="100" MINIMAL="0" BGCOLOR="ffffff" TYPE="IMAGE" READONLY="1" DATA="merchant:zoovy:company_logo" RAW="1"></ELEMENT>
<ELEMENT ID="CQFJSMQ" HEIGHT="0" PROMPT="Company Logo" SUB="COMPANY_LOGO_URL" WIDTH="0" MINIMAL="0" BGCOLOR="ffffff" TYPE="IMAGE" READONLY="1" DATA="merchant:zoovy:company_logo" RAW="1"></ELEMENT>
<ELEMENT ID="CQFJSMO" HEIGHT="200" PROMPT="Right Image" SUB="IMAGE1_RAWURL" WIDTH="400" MINIMAL="0" BGCOLOR="ffffff" TYPE="IMAGE" READONLY="1" DATA="product:zoovy:prod_image1" RAW="1"></ELEMENT>
<ELEMENT ID="CQFJSMO" HEIGHT="0" PROMPT="Right Image" SUB="IMAGE1_URL" WIDTH="0" MINIMAL="0" BGCOLOR="ffffff" TYPE="IMAGE" READONLY="1" DATA="product:zoovy:prod_image1" RAW="1"></ELEMENT>
<ELEMENT ID="CQFJSMY" TYPE="OUTPUT"><HTML><![CDATA[<table bgcolor="#339900" border="0" cellspacing="0" cellpadding="0" width="100%" background="http://www.zoovy.com/htmlwiz/holly1/background.gif">
<tr><td align="center" valign="top">
<table bgcolor="#339900" border="0" cellspacing="0" cellpadding="0" width="666" background='http://www.zoovy.com/htmlwiz/whitedot.gif'>
	<tr>
		<td valign="bottom" width="83" height="95"><img src="http://www.zoovy.com/htmlwiz/holly1/leftholly.gif" width="83" height="95" border="0"></td>
		<td valign="bottom" width="500"><img src="http://www.zoovy.com/htmlwiz/holly1/top.gif" width="500" height="95" border="0"></td>
		<td valign="bottom" width="83" height="95"><img src="http://www.zoovy.com/htmlwiz/holly1/rightholly.gif" width="83" height="95" border="0"></td>
	</tr>
	<tr>
		<td valign="top" width="83" height="100%" background="http://www.zoovy.com/htmlwiz/holly1/left.gif"><img src="http://www.zoovy.com/htmlwiz/holly1/left.gif" width="83" height="100%" border="0"></td>
		<td valign="top" bgcolor="#ffffff" width="500">
		
		<table width="500" border="0" bgcolor="#ffffff" cellspacing="0" cellpadding="5" background="http://www.zoovy.com/htmlwiz/whitedot.gif">
		<Tr><td valign="top">
		<font face='arial'>
		<center>
		%IMAGE1%
		<P>
		<B>%PRODUCT_NAME%</B><br>
		</center>
		%PRODUCT_DESC%
		<P>
		</td></tr></table>
		<p>

		<table width="100%" background='http://www.zoovy.com/htmlwiz/whitedot.gif' border="0" cellspacing="0" cellpadding="5">
		<Tr>
		<td width="100">%COMPANY_LOGO%</td>
		<td>%COMPANY_NAME%<P>%SUPPORT_EMAIL%</td>
		</tr></table>

		<p>
		<table bgcolor='FFFFFF' background='http://www.zoovy.com/htmlwiz/whitedot.gif' width="100%" border="0" cellspacing="0" cellpadding="5">
		<Tr><td>

<table width='100%' cellspacing='1' cellpadding='0' bgcolor="#339900"><tr><td>
<table width='100%' cellspacing='1' cellpadding='0' bgcolor="#FFFFFF"><tr><td>
<font face='helvetica,arial' color="#339900"><b>Payment Policy:</b><br></font>
</td></tr></table>
</td></tr></table>
<font size='2'>
		%PAYMENT_POLICY%
</font>
		<P>
<table width='100%' cellspacing='1' cellpadding='0' bgcolor="#339900"><tr><td>
<table width='100%' cellspacing='1' cellpadding='0' bgcolor="#FFFFFF"><tr><td>
<font face='helvetica,arial' color="#339900"><b>Return Policy:</b><br></font>
</td></tr></table>
</td></tr></table>
		</font>
		</td></tr></table>
<font size='2'>
                %RETURN_POLICY%
</font>

		</td>
 		<td valign="top" width="83" height="100%" background="http://www.zoovy.com/htmlwiz/holly1/right.gif"><img src="http://www.zoovy.com/htmlwiz/holly1/right.gif" width="83" height="100%" border="0"></td>
	</tr>
</table>
<BR>&nbsp;<BR>
</td></tr></table>

]]></HTML>
</ELEMENT>

</TEMPLATE>