<TEMPLATE ID="simple-bigleft" FORMAT="WIZARD">


<!-- ******* -->
<ELEMENT ID="CQGDPBH" TYPE="CONFIG" IMAGES="12" CREATED="20050418" TITLE="Bigleft" PROPERTIES="0"></ELEMENT>
<ELEMENT ID="CQFJSMY" SUB="SKU" TYPE="READONLY" DATA="FLOW::SKU"></ELEMENT>
<ELEMENT ID="CQFJSMZ" SUB="PRODUCT" TYPE="READONLY" DATA="FLOW::PROD"></ELEMENT>
<ELEMENT ID="CQFJSNA" SUB="USERNAME" TYPE="READONLY" DATA="FLOW::USERNAME"></ELEMENT>
<ELEMENT ID="CQFJSNB" SUB="MERCHANT" TYPE="READONLY" DATA="FLOW::USERNAME"></ELEMENT>
<ELEMENT ID="CQFJSMP" SUB="PRODUCT_NAME" PROMPT="Product Name" TYPE="TEXTBOX" DATA="product:zoovy:prod_name" COLS="100"></ELEMENT>
<ELEMENT ID="CQFJSMQ" SUB="PRODUCT_DESCRIPTION" PROMPT="Product Description" TYPE="TEXTAREA" ROWS="5" DATA="product:zoovy:prod_desc" COLS="80"></ELEMENT>
<ELEMENT HEIGHT="300" ID="CQFJSMR" WIDTH="300" SUB="IMAGE1" PROMPT="Big Picture" TYPE="IMAGE" DATA="product:zoovy:prod_image1"></ELEMENT>
<ELEMENT HEIGHT="100" ID="CQFJSMS" WIDTH="100" SUB="IMAGE2" PROMPT="Bottom Left Image" TYPE="IMAGE" DATA="product:zoovy:prod_image2"></ELEMENT>
<ELEMENT HEIGHT="100" ID="CQFJSMT" WIDTH="100" SUB="IMAGE3" PROMPT="Bottom Center Image" TYPE="IMAGE" DATA="product:zoovy:prod_image3"></ELEMENT>
<ELEMENT HEIGHT="100" ID="CQFJSMU" WIDTH="100" SUB="IMAGE4" PROMPT="Bottom Right Image" TYPE="IMAGE" DATA="product:zoovy:prod_image4"></ELEMENT>
<ELEMENT ID="CQFJSMV" SUB="PAYMENT_POLICY" PROMPT="Store Payment Policy" TYPE="TEXTAREA" ROWS="5" DATA="merchant:zoovy:payment_policy" COLS="80"></ELEMENT>
<ELEMENT ID="CQFJSMW" SUB="SHIPPING_POLICY" PROMPT="Shipping Policy" TYPE="TEXTAREA" ROWS="5" DATA="merchant:zoovy:shipping_policy" COLS="80"></ELEMENT>
<ELEMENT ID="CQFJSMX" SUB="RETURN_POLICY" PROMPT="Store Return Policy" TYPE="TEXTAREA" ROWS="5" DATA="merchant:zoovy:return_policy" COLS="80"></ELEMENT>
<ELEMENT ID="CQFJSMU" HEIGHT="100" PROMPT="Bottom Right Image" SUB="IMAGE4_RAWURL" WIDTH="100" MINIMAL="0" TYPE="IMAGE" READONLY="1" DATA="product:zoovy:prod_image4" RAW="1"></ELEMENT>
<ELEMENT ID="CQFJSMU" HEIGHT="0" PROMPT="Bottom Right Image" SUB="IMAGE4_URL" WIDTH="0" MINIMAL="0" TYPE="IMAGE" READONLY="1" DATA="product:zoovy:prod_image4" RAW="1"></ELEMENT>
<ELEMENT ID="CQFJSMT" HEIGHT="100" PROMPT="Bottom Center Image" SUB="IMAGE3_RAWURL" WIDTH="100" MINIMAL="0" TYPE="IMAGE" READONLY="1" DATA="product:zoovy:prod_image3" RAW="1"></ELEMENT>
<ELEMENT ID="CQFJSMT" HEIGHT="0" PROMPT="Bottom Center Image" SUB="IMAGE3_URL" WIDTH="0" MINIMAL="0" TYPE="IMAGE" READONLY="1" DATA="product:zoovy:prod_image3" RAW="1"></ELEMENT>
<ELEMENT ID="CQFJSMS" HEIGHT="100" PROMPT="Bottom Left Image" SUB="IMAGE2_RAWURL" WIDTH="100" MINIMAL="0" TYPE="IMAGE" READONLY="1" DATA="product:zoovy:prod_image2" RAW="1"></ELEMENT>
<ELEMENT ID="CQFJSMS" HEIGHT="0" PROMPT="Bottom Left Image" SUB="IMAGE2_URL" WIDTH="0" MINIMAL="0" TYPE="IMAGE" READONLY="1" DATA="product:zoovy:prod_image2" RAW="1"></ELEMENT>
<ELEMENT ID="CQFJSMR" HEIGHT="300" PROMPT="Big Picture" SUB="IMAGE1_RAWURL" WIDTH="300" MINIMAL="0" TYPE="IMAGE" READONLY="1" DATA="product:zoovy:prod_image1" RAW="1"></ELEMENT>
<ELEMENT ID="CQFJSMR" HEIGHT="0" PROMPT="Big Picture" SUB="IMAGE1_URL" WIDTH="0" MINIMAL="0" TYPE="IMAGE" READONLY="1" DATA="product:zoovy:prod_image1" RAW="1"></ELEMENT>
<ELEMENT ID="CQFJSNC" TYPE="OUTPUT"><HTML><![CDATA[<center>
<table width='640' cellpadding='5' cellspacing='5'>
<tr bgcolor='#330066'>
	<td colspan='2'><font color='white' face='arial'><b><center>%PRODUCT_NAME%</center></b></font></td>
</tr>
<tr>
	<td width='330'>

	<table>
	<tr><td colspan='3'>%IMAGE1%</td></tr>
	<tr>
		<td width='110'>%IMAGE2%</td>
		<td width='110'>%IMAGE3%</td>
		<td width='110'>%IMAGE4%</td>
	</tr>
	</table>

        </td>
        <td width='240' valign='top'>

<font face='arial'>
%PRODUCT_DESCRIPTION%<br>
<br>
%SHIPPING_POLICY%<br>
<br>
%PAYMENT_POLICY%<br>
<br>
%RETURN_POLICY%<br>
<br>
</font>
<br>

        </td>
</tr>
</table>
</center>

]]></HTML>
</ELEMENT>

</TEMPLATE>