<TEMPLATE ID="simple-bigtopblue" FORMAT="WIZARD">


<!-- ******* -->
<ELEMENT ID="CQGDPAQ" TYPE="CONFIG" IMAGES="6" CREATED="20050418" TITLE="Bigtopblue" PROPERTIES="0"></ELEMENT>
<ELEMENT ID="CQFJSMU" SUB="SKU" TYPE="READONLY" DATA="FLOW::SKU"></ELEMENT>
<ELEMENT ID="CQFJSMV" SUB="PRODUCT" TYPE="READONLY" DATA="FLOW::PROD"></ELEMENT>
<ELEMENT ID="CQFJSMW" SUB="USERNAME" TYPE="READONLY" DATA="FLOW::USERNAME"></ELEMENT>
<ELEMENT ID="CQFJSMX" SUB="MERCHANT" TYPE="READONLY" DATA="FLOW::USERNAME"></ELEMENT>
<ELEMENT ID="CQFJSMM" SUB="PRODUCT_NAME" PROMPT="Product Name" TYPE="TEXTBOX" DATA="product:zoovy:prod_name" COLS="100"></ELEMENT>
<ELEMENT ID="CQFJSMN" SUB="PRODUCT_DESC" PROMPT="Product Description" TYPE="TEXTAREA" ROWS="5" DATA="product:zoovy:prod_desc" COLS="80"></ELEMENT>
<ELEMENT HEIGHT="200" ID="CQFJSMO" WIDTH="400" SUB="IMAGE1" PROMPT="Primary Image" TYPE="IMAGE" BGCOLOR="ffffff" DATA="product:zoovy:prod_image1"></ELEMENT>
<ELEMENT ID="CQFJSMP" SUB="COMPANY_NAME" PROMPT="Company Name" TYPE="TEXTBOX" DATA="merchant:zoovy:company_name" COLS="100"></ELEMENT>
<ELEMENT HEIGHT="100" ID="CQFJSMQ" WIDTH="100" SUB="COMPANY_LOGO" PROMPT="Company Logo" TYPE="IMAGE" BGCOLOR="ffffff" DATA="merchant:zoovy:company_logo"></ELEMENT>
<ELEMENT ID="CQFJSMR" SUB="SUPPORT_EMAIL" PROMPT="Support Email" TYPE="TEXTBOX" VALIDATION="EMAIL" DATA="merchant:zoovy:support_email" COLS="50"></ELEMENT>
<ELEMENT ID="CQFJSMS" SUB="PAYMENT_POLICY" PROMPT="Store Payment Policy" TYPE="TEXTAREA" ROWS="5" DATA="merchant:zoovy:payment_policy" COLS="80"></ELEMENT>
<ELEMENT ID="CQFJSMT" SUB="RETURN_POLICY" PROMPT="Store Return Policy" TYPE="TEXTAREA" ROWS="5" DATA="merchant:zoovy:return_policy" COLS="80"></ELEMENT>
<ELEMENT ID="CQFJSMQ" HEIGHT="100" PROMPT="Company Logo" SUB="COMPANY_LOGO_RAWURL" WIDTH="100" MINIMAL="0" BGCOLOR="ffffff" TYPE="IMAGE" READONLY="1" DATA="merchant:zoovy:company_logo" RAW="1"></ELEMENT>
<ELEMENT ID="CQFJSMQ" HEIGHT="0" PROMPT="Company Logo" SUB="COMPANY_LOGO_URL" WIDTH="0" MINIMAL="0" BGCOLOR="ffffff" TYPE="IMAGE" READONLY="1" DATA="merchant:zoovy:company_logo" RAW="1"></ELEMENT>
<ELEMENT ID="CQFJSMO" HEIGHT="200" PROMPT="Primary Image" SUB="IMAGE1_RAWURL" WIDTH="400" MINIMAL="0" BGCOLOR="ffffff" TYPE="IMAGE" READONLY="1" DATA="product:zoovy:prod_image1" RAW="1"></ELEMENT>
<ELEMENT ID="CQFJSMO" HEIGHT="0" PROMPT="Primary Image" SUB="IMAGE1_URL" WIDTH="0" MINIMAL="0" BGCOLOR="ffffff" TYPE="IMAGE" READONLY="1" DATA="product:zoovy:prod_image1" RAW="1"></ELEMENT>
<ELEMENT ID="CQFJSMY" TYPE="OUTPUT"><HTML><![CDATA[<center>
<body bgcolor="#000099">
<table width="100%" bgcolor="#99CCFF" border="0" cellspacing="4" cellpadding="4">
<tr><td valign="top" bgcolor="#99CCFF">
	<table width="100%" border="1" bgcolor="#ffffff" cellspacing="0" cellpadding="5"><Tr><td valign="top">
<center>
%IMAGE1%
<P>
%PRODUCT_NAME%<br>
</center>
%PRODUCT_DESC%
<P>
	</td></tr></table>
<br>
	<table width="100%" border="1" bgcolor="#ffffff" cellspacing="0" cellpadding="5">
	<Tr><td width="100">
%COMPANY_LOGO%
	</td><td>
%COMPANY_NAME%
<P>
%SUPPORT_EMAIL%
	</td></tr></table>
<br>
	<table width="100%" border="1" bgcolor="#ffffff" cellspacing="0" cellpadding="5"><Tr><td>
Payment Policy:<br>
%PAYMENT_POLICY%
<P>
Return Policy:<br>
%RETURN_POLICY%
	</td></tr></table>
</td></tr></table>
</center>
</body>
]]></HTML>
</ELEMENT>

</TEMPLATE>