<TEMPLATE ID="simple-smalltopblue" FORMAT="WIZARD">


<!-- ******* -->
<ELEMENT ID="CQGDPBA" TYPE="CONFIG" IMAGES="12" CREATED="20050418" TITLE="Smalltopblue" PROPERTIES="0"></ELEMENT>
<ELEMENT ID="CQFJSMX" SUB="SKU" TYPE="READONLY" DATA="FLOW::SKU"></ELEMENT>
<ELEMENT ID="CQFJSMY" SUB="PRODUCT" TYPE="READONLY" DATA="FLOW::PROD"></ELEMENT>
<ELEMENT ID="CQFJSMZ" SUB="USERNAME" TYPE="READONLY" DATA="FLOW::USERNAME"></ELEMENT>
<ELEMENT ID="CQFJSNA" SUB="MERCHANT" TYPE="READONLY" DATA="FLOW::USERNAME"></ELEMENT>
<ELEMENT ID="CQFJSMN" SUB="PRODUCT_NAME" PROMPT="Product Name" TYPE="TEXTBOX" DATA="product:zoovy:prod_name" COLS="100"></ELEMENT>
<ELEMENT ID="CQFJSMO" SUB="PRODUCT_DESC" PROMPT="Product Description" TYPE="TEXTAREA" ROWS="5" DATA="product:zoovy:prod_desc" COLS="80"></ELEMENT>
<ELEMENT HEIGHT="180" ID="CQFJSMP" WIDTH="180" SUB="IMAGE1" PROMPT="Upper Image" TYPE="IMAGE" BGCOLOR="ffffff" DATA="product:zoovy:prod_image1"></ELEMENT>
<ELEMENT HEIGHT="180" ID="CQFJSMQ" WIDTH="180" SUB="IMAGE2" PROMPT="Middle Image" TYPE="IMAGE" BGCOLOR="ffffff" DATA="product:zoovy:prod_image2"></ELEMENT>
<ELEMENT HEIGHT="180" ID="CQFJSMR" WIDTH="180" SUB="IMAGE3" PROMPT="Lower Image" TYPE="IMAGE" BGCOLOR="ffffff" DATA="product:zoovy:prod_image3"></ELEMENT>
<ELEMENT ID="CQFJSMS" SUB="COMPANY_NAME" PROMPT="Company Name" TYPE="TEXTBOX" DATA="merchant:zoovy:company_name" COLS="100"></ELEMENT>
<ELEMENT HEIGHT="180" ID="CQFJSMT" WIDTH="180" SUB="COMPANY_LOGO" PROMPT="Company Logo" TYPE="IMAGE" BGCOLOR="ffffff" DATA="merchant:zoovy:company_logo"></ELEMENT>
<ELEMENT ID="CQFJSMU" SUB="SUPPORT_EMAIL" PROMPT="Support Email" TYPE="TEXTBOX" VALIDATION="EMAIL" ROWS="5" DATA="merchant:zoovy:support_email" COLS="80"></ELEMENT>
<ELEMENT ID="CQFJSMV" SUB="PAYMENT_POLICY" PROMPT="Store Payment Policy" TYPE="TEXTAREA" ROWS="5" DATA="merchant:zoovy:payment_policy" COLS="80"></ELEMENT>
<ELEMENT ID="CQFJSMW" SUB="RETURN_POLICY" PROMPT="Store Return Policy" TYPE="TEXTAREA" ROWS="5" DATA="merchant:zoovy:return_policy" COLS="80"></ELEMENT>
<ELEMENT ID="CQFJSMT" HEIGHT="180" PROMPT="Company Logo" SUB="COMPANY_LOGO_RAWURL" WIDTH="180" MINIMAL="0" BGCOLOR="ffffff" TYPE="IMAGE" READONLY="1" DATA="merchant:zoovy:company_logo" RAW="1"></ELEMENT>
<ELEMENT ID="CQFJSMT" HEIGHT="0" PROMPT="Company Logo" SUB="COMPANY_LOGO_URL" WIDTH="0" MINIMAL="0" BGCOLOR="ffffff" TYPE="IMAGE" READONLY="1" DATA="merchant:zoovy:company_logo" RAW="1"></ELEMENT>
<ELEMENT ID="CQFJSMR" HEIGHT="180" PROMPT="Lower Image" SUB="IMAGE3_RAWURL" WIDTH="180" MINIMAL="0" BGCOLOR="ffffff" TYPE="IMAGE" READONLY="1" DATA="product:zoovy:prod_image3" RAW="1"></ELEMENT>
<ELEMENT ID="CQFJSMR" HEIGHT="0" PROMPT="Lower Image" SUB="IMAGE3_URL" WIDTH="0" MINIMAL="0" BGCOLOR="ffffff" TYPE="IMAGE" READONLY="1" DATA="product:zoovy:prod_image3" RAW="1"></ELEMENT>
<ELEMENT ID="CQFJSMQ" HEIGHT="180" PROMPT="Middle Image" SUB="IMAGE2_RAWURL" WIDTH="180" MINIMAL="0" BGCOLOR="ffffff" TYPE="IMAGE" READONLY="1" DATA="product:zoovy:prod_image2" RAW="1"></ELEMENT>
<ELEMENT ID="CQFJSMQ" HEIGHT="0" PROMPT="Middle Image" SUB="IMAGE2_URL" WIDTH="0" MINIMAL="0" BGCOLOR="ffffff" TYPE="IMAGE" READONLY="1" DATA="product:zoovy:prod_image2" RAW="1"></ELEMENT>
<ELEMENT ID="CQFJSMP" HEIGHT="180" PROMPT="Upper Image" SUB="IMAGE1_RAWURL" WIDTH="180" MINIMAL="0" BGCOLOR="ffffff" TYPE="IMAGE" READONLY="1" DATA="product:zoovy:prod_image1" RAW="1"></ELEMENT>
<ELEMENT ID="CQFJSMP" HEIGHT="0" PROMPT="Upper Image" SUB="IMAGE1_URL" WIDTH="0" MINIMAL="0" BGCOLOR="ffffff" TYPE="IMAGE" READONLY="1" DATA="product:zoovy:prod_image1" RAW="1"></ELEMENT>
<ELEMENT ID="CQFJSNB" TYPE="OUTPUT"><HTML><![CDATA[<center>
<body bgcolor="#003399">
	<table height="180" border="0" cellspacing="10" cellpadding="10">
	<Tr><td valign="top">
%IMAGE1%
	</td><td valign="top">
%IMAGE2%
	</td><td valign="top">
%IMAGE3%
	</td></tr></table>
	<P>
	<table width="100%" border="0" bgcolor="#ffffff" cellspacing="0" cellpadding="5">
	<Tr><td valign="top">
%PRODUCT_NAME%<br>
%PRODUCT_DESC%
<P>
	</td></tr></table>
<br>
	<table width="100%" border="0" bgcolor="#ffffff" cellspacing="0" cellpadding="5"><Tr><td>
%COMPANY_LOGO%
	</td><td>
%COMPANY_NAME%
<P>
%SUPPORT_EMAIL%
	</td></tr></table>
<br>
	<table width="100%" border="0" bgcolor="#ffffff" cellspacing="0" cellpadding="5"><Tr><td>
Payment Policy:<br>
%PAYMENT_POLICY%
<P>
Return Policy:<br>
%RETURN_POLICY%
	</td></tr></table>
</body>
]]></HTML>
</ELEMENT>

</TEMPLATE>