<TEMPLATE ID="simple-ornament2" FORMAT="WIZARD">


<!-- ******* -->
<ELEMENT ID="CQGDPAU" TYPE="CONFIG" IMAGES="9" CREATED="20050418" TITLE="Ornament2" PROPERTIES="0"></ELEMENT>
<ELEMENT ID="CQFJSMX" SUB="SKU" TYPE="READONLY" DATA="FLOW::SKU"></ELEMENT>
<ELEMENT ID="CQFJSMY" SUB="PRODUCT" TYPE="READONLY" DATA="FLOW::PROD"></ELEMENT>
<ELEMENT ID="CQFJSMZ" SUB="USERNAME" TYPE="READONLY" DATA="FLOW::USERNAME"></ELEMENT>
<ELEMENT ID="CQFJSNA" SUB="MERCHANT" TYPE="READONLY" DATA="FLOW::USERNAME"></ELEMENT>
<ELEMENT ID="CQFJSMM" SUB="PRODUCT_NAME" PROMPT="Product Name" TYPE="TEXTBOX" DATA="product:zoovy:prod_name" COLS="100"></ELEMENT>
<ELEMENT HEIGHT="150" ID="CQFJSMN" WIDTH="150" SUB="IMAGE1" PROMPT="Top Image (150x150)" TYPE="IMAGE" BGCOLOR="CCCCFF" DATA="product:zoovy:prod_image1"></ELEMENT>
<ELEMENT HEIGHT="150" ID="CQFJSMO" WIDTH="150" SUB="IMAGE2" PROMPT="Middle Image (150x150)" TYPE="IMAGE" BGCOLOR="CCCCFF" DATA="product:zoovy:prod_image2"></ELEMENT>
<ELEMENT HEIGHT="150" ID="CQFJSMP" WIDTH="150" SUB="IMAGE3" PROMPT="Bottom Image (150x150)" TYPE="IMAGE" BGCOLOR="CCCCFF" DATA="product:zoovy:prod_image3"></ELEMENT>
<ELEMENT ID="CQFJSMQ" SUB="PRODUCT_DESCRIPTION" PROMPT="Product Description" TYPE="TEXTAREA" ROWS="5" DATA="product:zoovy:prod_desc" COLS="80"></ELEMENT>
<ELEMENT ID="CQFJSMR" SUB="COMPANY_NAME" PROMPT="Company Name" TYPE="TEXTBOX" DATA="merchant:zoovy:company_name" COLS="100"></ELEMENT>
<ELEMENT ID="CQFJSMS" SUB="SUPPORT_PHONE" PROMPT="Support Phone" TYPE="TEXTBOX" DATA="merchant:zoovy:support_phone" COLS="50"></ELEMENT>
<ELEMENT ID="CQFJSMT" SUB="SUPPORT_EMAIL" PROMPT="Support Email" TYPE="TEXTBOX" VALIDATION="EMAIL" DATA="merchant:zoovy:support_email" COLS="50"></ELEMENT>
<ELEMENT ID="CQFJSMU" SUB="ABOUT_US" PROMPT="Short Company Description" TYPE="TEXTAREA" ROWS="5" DATA="merchant:zoovy:about_us" COLS="80"></ELEMENT>
<ELEMENT ID="CQFJSMV" SUB="PAYMENT_POLICY" PROMPT="Store Payment Policy" TYPE="TEXTAREA" ROWS="5" DATA="merchant:zoovy:payment_policy" COLS="80"></ELEMENT>
<ELEMENT ID="CQFJSMW" SUB="RETURN_POLICY" PROMPT="Store Return Policy" TYPE="TEXTAREA" ROWS="5" DATA="merchant:zoovy:return_policy" COLS="80"></ELEMENT>
<ELEMENT ID="CQFJSMP" HEIGHT="150" PROMPT="Bottom Image (150x150)" SUB="IMAGE3_RAWURL" WIDTH="150" MINIMAL="0" BGCOLOR="CCCCFF" TYPE="IMAGE" READONLY="1" DATA="product:zoovy:prod_image3" RAW="1"></ELEMENT>
<ELEMENT ID="CQFJSMP" HEIGHT="0" PROMPT="Bottom Image (150x150)" SUB="IMAGE3_URL" WIDTH="0" MINIMAL="0" BGCOLOR="CCCCFF" TYPE="IMAGE" READONLY="1" DATA="product:zoovy:prod_image3" RAW="1"></ELEMENT>
<ELEMENT ID="CQFJSMO" HEIGHT="150" PROMPT="Middle Image (150x150)" SUB="IMAGE2_RAWURL" WIDTH="150" MINIMAL="0" BGCOLOR="CCCCFF" TYPE="IMAGE" READONLY="1" DATA="product:zoovy:prod_image2" RAW="1"></ELEMENT>
<ELEMENT ID="CQFJSMO" HEIGHT="0" PROMPT="Middle Image (150x150)" SUB="IMAGE2_URL" WIDTH="0" MINIMAL="0" BGCOLOR="CCCCFF" TYPE="IMAGE" READONLY="1" DATA="product:zoovy:prod_image2" RAW="1"></ELEMENT>
<ELEMENT ID="CQFJSMN" HEIGHT="150" PROMPT="Top Image (150x150)" SUB="IMAGE1_RAWURL" WIDTH="150" MINIMAL="0" BGCOLOR="CCCCFF" TYPE="IMAGE" READONLY="1" DATA="product:zoovy:prod_image1" RAW="1"></ELEMENT>
<ELEMENT ID="CQFJSMN" HEIGHT="0" PROMPT="Top Image (150x150)" SUB="IMAGE1_URL" WIDTH="0" MINIMAL="0" BGCOLOR="CCCCFF" TYPE="IMAGE" READONLY="1" DATA="product:zoovy:prod_image1" RAW="1"></ELEMENT>
<ELEMENT ID="CQFJSNB" TYPE="OUTPUT"><HTML><![CDATA[<center>
<table bgcolor="#660099" border="0" cellspacing="0" cellpadding="10" width="100%">
<tr><td align="center" valign="top">
<table cellspacing=0 cellpadding=0 border=0 width=610 bgcolor="#CCCCFF">
	<tr>
		<td valign="bottom" width="610">
		<img src="http://www.zoovy.com/htmlwiz/ornament2/top.jpg" width="610" height="100" border="0">
		</td>
	</tr>
	<tr>
		<td width="610">
<table cellspacing=3 cellpadding=3 border=0 width="610" bgcolor="#CCCCFF">
	<tr>
		<td align=left valign="top" width="455"><font size=3 face="arial">
		<p><strong>%PRODUCT_NAME%</strong></p>
		<p>%PRODUCT_DESCRIPTION%</p>
		<p>%COMPANY_NAME%<br>
		%SUPPORT_PHONE%<br>
		%SUPPORT_EMAIL%</p>
		<p>%ABOUT_US%</p><font size=2 face="arial">
		<p>%PAYMENT_POLICY%</p>
		<p>%RETURN_POLICY%</p>
		</td>
		<td width=8></td>
		<td valign="top" width=155 align="left">
			<table cellspacing=0 cellpadding=0 border=0 width=150>
				<tr>
					<td>%IMAGE1%</td>
				</tr><tr><td height=10></td></tr>
				<tr>
					<td>%IMAGE2%</td>
				</tr><tr><td height=10></td></tr>
				<tr>
					<td>%IMAGE3%</td>
				</tr><tr><td height=10></td></tr>
			</table>
		</td>
	</tr>
</table>
		</td>
	</tr>
</table>
		</td>
	</tr>
</table>



</center>]]></HTML>
</ELEMENT>

</TEMPLATE>