<TEMPLATE ID="simple-greybox1" FORMAT="WIZARD">


<!-- ******* -->
<ELEMENT ID="CQGDPAR" TYPE="CONFIG" IMAGES="6" CREATED="20050418" TITLE="Greybox1" PROPERTIES="0"></ELEMENT>
<ELEMENT ID="CQFJSMV" SUB="SKU" TYPE="READONLY" DATA="FLOW::SKU"></ELEMENT>
<ELEMENT ID="CQFJSMW" SUB="PRODUCT" TYPE="READONLY" DATA="FLOW::PROD"></ELEMENT>
<ELEMENT ID="CQFJSMX" SUB="USERNAME" TYPE="READONLY" DATA="FLOW::USERNAME"></ELEMENT>
<ELEMENT ID="CQFJSMY" SUB="MERCHANT" TYPE="READONLY" DATA="FLOW::USERNAME"></ELEMENT>
<ELEMENT ID="CQFJSMM" SUB="PRODUCT_NAME" PROMPT="Product Name" TYPE="TEXTBOX" DATA="product:zoovy:prod_name" COLS="100"></ELEMENT>
<ELEMENT ID="CQFJSMN" SUB="PRODUCT_DESC" PROMPT="Product Description" TYPE="TEXTAREA" ROWS="5" DATA="product:zoovy:prod_desc" COLS="80"></ELEMENT>
<ELEMENT HEIGHT="300" ID="CQFJSMO" WIDTH="300" SUB="IMAGE1" PROMPT="Primary Image" TYPE="IMAGE" BGCOLOR="ffffff" DATA="product:zoovy:prod_image1"></ELEMENT>
<ELEMENT ID="CQFJSMP" SUB="COMPANY_NAME" PROMPT="Company Name" TYPE="TEXTBOX" DATA="merchant:zoovy:company_name" COLS="100"></ELEMENT>
<ELEMENT HEIGHT="100" ID="CQFJSMQ" WIDTH="160" SUB="COMPANY_LOGO" PROMPT="Company Logo" TYPE="IMAGE" BGCOLOR="ffffff" DATA="merchant:zoovy:company_logo"></ELEMENT>
<ELEMENT ID="CQFJSMR" SUB="SUPPORT_EMAIL" PROMPT="Support Email" TYPE="TEXTBOX" VALIDATION="EMAIL" DATA="merchant:zoovy:support_email" COLS="50"></ELEMENT>
<ELEMENT ID="CQFJSMS" SUB="SUPPORT_PHONE" PROMPT="Support Phone" TYPE="TEXTBOX" DATA="merchant:zoovy:support_phone" COLS="50"></ELEMENT>
<ELEMENT ID="CQFJSMT" SUB="PAYMENT_POLICY" PROMPT="Store Payment Policy" TYPE="TEXTAREA" ROWS="5" DATA="merchant:zoovy:payment_policy" COLS="80"></ELEMENT>
<ELEMENT ID="CQFJSMU" SUB="RETURN_POLICY" PROMPT="Store Return Policy" TYPE="TEXTAREA" ROWS="5" DATA="merchant:zoovy:return_policy" COLS="80"></ELEMENT>
<ELEMENT ID="CQFJSMQ" HEIGHT="100" PROMPT="Company Logo" SUB="COMPANY_LOGO_RAWURL" WIDTH="160" MINIMAL="0" BGCOLOR="ffffff" TYPE="IMAGE" READONLY="1" DATA="merchant:zoovy:company_logo" RAW="1"></ELEMENT>
<ELEMENT ID="CQFJSMQ" HEIGHT="0" PROMPT="Company Logo" SUB="COMPANY_LOGO_URL" WIDTH="0" MINIMAL="0" BGCOLOR="ffffff" TYPE="IMAGE" READONLY="1" DATA="merchant:zoovy:company_logo" RAW="1"></ELEMENT>
<ELEMENT ID="CQFJSMO" HEIGHT="300" PROMPT="Primary Image" SUB="IMAGE1_RAWURL" WIDTH="300" MINIMAL="0" BGCOLOR="ffffff" TYPE="IMAGE" READONLY="1" DATA="product:zoovy:prod_image1" RAW="1"></ELEMENT>
<ELEMENT ID="CQFJSMO" HEIGHT="0" PROMPT="Primary Image" SUB="IMAGE1_URL" WIDTH="0" MINIMAL="0" BGCOLOR="ffffff" TYPE="IMAGE" READONLY="1" DATA="product:zoovy:prod_image1" RAW="1"></ELEMENT>
<ELEMENT ID="CQFJSMZ" TYPE="OUTPUT"><HTML><![CDATA[<center>
<body bgcolor="#cccccc">
<table width="100%" bgcolor="#cccccc" border="0" cellspacing="5" cellpadding="5">
<tr><td width="160" valign="top" bgcolor="#cccccc" align="center" valign="top">

	<table border="0" bgcolor="#3333cc" height="600" cellspacing="1" cellpadding="5">
	<Tr><td valign="top" bgcolor="#ffffff">
	%COMPANY_LOGO%
	<br><br>
	<b>%COMPANY_NAME%
	<br>
	Contact:<br></b>
	%SUPPORT_EMAIL%<br>
	%SUPPORT_PHONE%

	</td></tr></table>

</tr><td valign="top">
<center>
	<table border="0" cellspacing="1" cellpadding="5"  bgcolor="#3333cc">
	<tr><td valign=middle align=center width="301" height="301" bgcolor="#ffffff">
	%IMAGE1%
	</td><td bgcolor="#ffffff" valign="top">
	<b>%PRODUCT_NAME%</b><br> 
	%PRODUCT_DESC%
	</td></tr>
	</table>
</center>
<P>
<b>Payment Policy:</b><br>
%PAYMENT_POLICY%
<P>
<b>Return Policy:</b><br>
%RETURN_POLICY%
</td></tr></table>
</center>
</body>
]]></HTML>
</ELEMENT>

</TEMPLATE>