<TEMPLATE ID="simple-smallleft" FORMAT="WIZARD">


<!-- ******* -->
<ELEMENT ID="CQGDPBD" TYPE="CONFIG" IMAGES="12" CREATED="20050418" TITLE="Smallleft" PROPERTIES="0"></ELEMENT>
<ELEMENT ID="CQFJSMW" SUB="SKU" TYPE="READONLY" DATA="FLOW::SKU"></ELEMENT>
<ELEMENT ID="CQFJSMX" SUB="PRODUCT" TYPE="READONLY" DATA="FLOW::PROD"></ELEMENT>
<ELEMENT ID="CQFJSMY" SUB="USERNAME" TYPE="READONLY" DATA="FLOW::USERNAME"></ELEMENT>
<ELEMENT ID="CQFJSMZ" SUB="MERCHANT" TYPE="READONLY" DATA="FLOW::USERNAME"></ELEMENT>
<ELEMENT ID="CQFJSMO" SUB="PRODUCT_NAME" PROMPT="Product Name" TYPE="TEXTBOX" DATA="product:zoovy:prod_name" COLS="100"></ELEMENT>
<ELEMENT ID="CQFJSMP" SUB="PRODUCT_DESCRIPTION" PROMPT="Product Description" TYPE="TEXTAREA" ROWS="5" DATA="product:zoovy:prod_desc" COLS="80"></ELEMENT>
<ELEMENT HEIGHT="300" ID="CQFJSMQ" WIDTH="300" SUB="IMAGE1" PROMPT="Big Picture" TYPE="IMAGE" DATA="product:zoovy:prod_image1"></ELEMENT>
<ELEMENT HEIGHT="100" ID="CQFJSMR" WIDTH="100" SUB="IMAGE2" PROMPT="Bottom Left Image" TYPE="IMAGE" DATA="product:zoovy:prod_image2"></ELEMENT>
<ELEMENT HEIGHT="100" ID="CQFJSMS" WIDTH="100" SUB="IMAGE3" PROMPT="Bottom Center Image" TYPE="IMAGE" DATA="product:zoovy:prod_image3"></ELEMENT>
<ELEMENT HEIGHT="100" ID="CQFJSMT" WIDTH="100" SUB="IMAGE4" PROMPT="Bottom Right Image" TYPE="IMAGE" DATA="product:zoovy:prod_image4"></ELEMENT>
<ELEMENT ID="CQFJSMU" SUB="PAYMENT_POLICY" PROMPT="Store Payment Policy" TYPE="TEXTAREA" ROWS="5" DATA="merchant:zoovy:payment_policy" COLS="80"></ELEMENT>
<ELEMENT ID="CQFJSMV" SUB="RETURN_POLICY" PROMPT="Store Return Policy" TYPE="TEXTAREA" ROWS="5" DATA="merchant:zoovy:return_policy" COLS="80"></ELEMENT>
<ELEMENT ID="CQFJSMT" HEIGHT="100" PROMPT="Bottom Right Image" SUB="IMAGE4_RAWURL" WIDTH="100" MINIMAL="0" TYPE="IMAGE" READONLY="1" DATA="product:zoovy:prod_image4" RAW="1"></ELEMENT>
<ELEMENT ID="CQFJSMT" HEIGHT="0" PROMPT="Bottom Right Image" SUB="IMAGE4_URL" WIDTH="0" MINIMAL="0" TYPE="IMAGE" READONLY="1" DATA="product:zoovy:prod_image4" RAW="1"></ELEMENT>
<ELEMENT ID="CQFJSMS" HEIGHT="100" PROMPT="Bottom Center Image" SUB="IMAGE3_RAWURL" WIDTH="100" MINIMAL="0" TYPE="IMAGE" READONLY="1" DATA="product:zoovy:prod_image3" RAW="1"></ELEMENT>
<ELEMENT ID="CQFJSMS" HEIGHT="0" PROMPT="Bottom Center Image" SUB="IMAGE3_URL" WIDTH="0" MINIMAL="0" TYPE="IMAGE" READONLY="1" DATA="product:zoovy:prod_image3" RAW="1"></ELEMENT>
<ELEMENT ID="CQFJSMR" HEIGHT="100" PROMPT="Bottom Left Image" SUB="IMAGE2_RAWURL" WIDTH="100" MINIMAL="0" TYPE="IMAGE" READONLY="1" DATA="product:zoovy:prod_image2" RAW="1"></ELEMENT>
<ELEMENT ID="CQFJSMR" HEIGHT="0" PROMPT="Bottom Left Image" SUB="IMAGE2_URL" WIDTH="0" MINIMAL="0" TYPE="IMAGE" READONLY="1" DATA="product:zoovy:prod_image2" RAW="1"></ELEMENT>
<ELEMENT ID="CQFJSMQ" HEIGHT="300" PROMPT="Big Picture" SUB="IMAGE1_RAWURL" WIDTH="300" MINIMAL="0" TYPE="IMAGE" READONLY="1" DATA="product:zoovy:prod_image1" RAW="1"></ELEMENT>
<ELEMENT ID="CQFJSMQ" HEIGHT="0" PROMPT="Big Picture" SUB="IMAGE1_URL" WIDTH="0" MINIMAL="0" TYPE="IMAGE" READONLY="1" DATA="product:zoovy:prod_image1" RAW="1"></ELEMENT>
<ELEMENT ID="CQFJSNA" TYPE="OUTPUT"><HTML><![CDATA[<center>
<table>
<tr><td>

Product Name: %PRODUCT_NAME%<br>
<hr>
%PRODUCT_DESCRIPTION%
<br>
Image1:
%IMAGE1%
Image2:
%IMAGE2%
Image3:
%IMAGE3%
Image4:
%IMAGE4%

</td></tr>
</table>
</center>

]]></HTML>
</ELEMENT>

</TEMPLATE>