<TEMPLATE ID="simple-oldschool_yellow" FORMAT="WIZARD">


<!-- ******* -->
<ELEMENT ID="CQGDPBC" TYPE="CONFIG" IMAGES="9" CREATED="20050418" TITLE="Oldschool yellow" PROPERTIES="0"></ELEMENT>
<ELEMENT ID="CQFJSMV" SUB="SKU" TYPE="READONLY" DATA="FLOW::SKU"></ELEMENT>
<ELEMENT ID="CQFJSMW" SUB="PRODUCT" TYPE="READONLY" DATA="FLOW::PROD"></ELEMENT>
<ELEMENT ID="CQFJSMX" SUB="USERNAME" TYPE="READONLY" DATA="FLOW::USERNAME"></ELEMENT>
<ELEMENT ID="CQFJSMY" SUB="MERCHANT" TYPE="READONLY" DATA="FLOW::USERNAME"></ELEMENT>
<ELEMENT ID="CQFJSMO" SUB="PRODUCT_NAME" PROMPT="Product Name" TYPE="TEXTBOX" DATA="product:zoovy:prod_name" COLS="100"></ELEMENT>
<ELEMENT ID="CQFJSMP" SUB="PRODUCT_DESCRIPTION" PROMPT="Product Description" TYPE="TEXTAREA" ROWS="5" DATA="product:zoovy:prod_desc" COLS="80"></ELEMENT>
<ELEMENT HEIGHT="300" ID="CQFJSMQ" WIDTH="300" SUB="IMAGE1" PROMPT="Top Image" TYPE="IMAGE" DATA="product:zoovy:prod_image1"></ELEMENT>
<ELEMENT HEIGHT="300" ID="CQFJSMR" WIDTH="300" SUB="IMAGE2" PROMPT="Middle Image" TYPE="IMAGE" DATA="product:zoovy:prod_image2"></ELEMENT>
<ELEMENT HEIGHT="300" ID="CQFJSMS" WIDTH="300" SUB="IMAGE3" PROMPT="Bottom Image" TYPE="IMAGE" DATA="product:zoovy:prod_image3"></ELEMENT>
<ELEMENT ID="CQFJSMT" SUB="PAYMENT_POLICY" PROMPT="Store Payment Policy" TYPE="TEXTAREA" ROWS="5" DATA="merchant:zoovy:payment_policy" COLS="80"></ELEMENT>
<ELEMENT ID="CQFJSMU" SUB="SHIPPING_POLICY" PROMPT="Store Return Policy" TYPE="TEXTAREA" ROWS="5" DATA="merchant:zoovy:return_policy" COLS="80"></ELEMENT>
<ELEMENT ID="CQFJSMS" HEIGHT="300" PROMPT="Bottom Image" SUB="IMAGE3_RAWURL" WIDTH="300" MINIMAL="0" TYPE="IMAGE" READONLY="1" DATA="product:zoovy:prod_image3" RAW="1"></ELEMENT>
<ELEMENT ID="CQFJSMS" HEIGHT="0" PROMPT="Bottom Image" SUB="IMAGE3_URL" WIDTH="0" MINIMAL="0" TYPE="IMAGE" READONLY="1" DATA="product:zoovy:prod_image3" RAW="1"></ELEMENT>
<ELEMENT ID="CQFJSMR" HEIGHT="300" PROMPT="Middle Image" SUB="IMAGE2_RAWURL" WIDTH="300" MINIMAL="0" TYPE="IMAGE" READONLY="1" DATA="product:zoovy:prod_image2" RAW="1"></ELEMENT>
<ELEMENT ID="CQFJSMR" HEIGHT="0" PROMPT="Middle Image" SUB="IMAGE2_URL" WIDTH="0" MINIMAL="0" TYPE="IMAGE" READONLY="1" DATA="product:zoovy:prod_image2" RAW="1"></ELEMENT>
<ELEMENT ID="CQFJSMQ" HEIGHT="300" PROMPT="Top Image" SUB="IMAGE1_RAWURL" WIDTH="300" MINIMAL="0" TYPE="IMAGE" READONLY="1" DATA="product:zoovy:prod_image1" RAW="1"></ELEMENT>
<ELEMENT ID="CQFJSMQ" HEIGHT="0" PROMPT="Top Image" SUB="IMAGE1_URL" WIDTH="0" MINIMAL="0" TYPE="IMAGE" READONLY="1" DATA="product:zoovy:prod_image1" RAW="1"></ELEMENT>
<ELEMENT ID="CQFJSMZ" TYPE="OUTPUT"><HTML><![CDATA[<center>
<table width='620' cellpadding='5' cellspacing='5' border='0' bgcolor="#ffffCC">
<tr>
	<td colspan='2'><font color='#000000' size=3 face='arial'><strong>%PRODUCT_NAME%</strong></font></td>
</tr><tr>
	<td colspan='2'><font color='#000000' size=2 face='arial'>%PRODUCT_DESCRIPTION%</font></td>
</tr>
<tr>
	<td align="center">
	%IMAGE1%<br><br>
	%IMAGE2%<br><br>
	%IMAGE3%<br><br>
	</td>
</tr>
<tr>
	<td><font face='arial' size=2 color="#000000">%SHIPPING_POLICY%<br><br>%PAYMENT_POLICY%<br><br><br></font></td>
</tr>
</table>
</center>
]]></HTML>
</ELEMENT>

</TEMPLATE>