<TEMPLATE ID="swirls-orange" FORMAT="WIZARD">


<!-- ******* -->
<ELEMENT ID="CQGDPRR" TYPE="CONFIG" IMAGES="15" TITLE="Swirls orange" CREATED="20050801" PROPERTIES="0"></ELEMENT>
<ELEMENT ID="CQFJSOA" SUB="SKU" TYPE="READONLY" DATA="FLOW::SKU"></ELEMENT>
<ELEMENT ID="CQFJSOB" SUB="PRODUCT" TYPE="READONLY" DATA="FLOW::PROD"></ELEMENT>
<ELEMENT ID="CQFJSOC" SUB="USERNAME" TYPE="READONLY" DATA="FLOW::USERNAME"></ELEMENT>
<ELEMENT ID="CQFJSOD" SUB="MERCHANT" TYPE="READONLY" DATA="FLOW::USERNAME"></ELEMENT>
<ELEMENT HEIGHT="90" ID="CQFJSNN" WIDTH="450" SUB="COMPANY_LOGO" PROMPT="Company Logo" TYPE="IMAGE" BORDER="0" DATA="merchant:zoovy:company_logo"></ELEMENT>
<ELEMENT ID="CQFJSNO" SUB="COMPANY_NAME" PROMPT="Company Name" TYPE="TEXTBOX" DATA="merchant:zoovy:company_name" COLS="100"></ELEMENT>
<ELEMENT ID="CQFJSNP" SUB="SUPPORT_PHONE" PROMPT="Support Phone" TYPE="TEXTBOX" DATA="merchant:zoovy:support_phone" COLS="50"></ELEMENT>
<ELEMENT ID="CQFJSNQ" SUB="SUPPORT_EMAIL" PROMPT="Support Email" TYPE="TEXTBOX" VALIDATION="EMAIL" DATA="merchant:zoovy:support_email" COLS="50"></ELEMENT>
<ELEMENT ID="CQFJSNR" SUB="PRODUCT_NAME" PROMPT="Product Name" TYPE="TEXTBOX" DATA="product:zoovy:prod_name" COLS="100"></ELEMENT>
<ELEMENT HEIGHT="150" ID="CQFJSNS" WIDTH="150" SUB="IMAGE1" PROMPT="Image (150x150)" TYPE="IMAGE" BGCOLOR="FFFFFF" BORDER="0" ZOOM="1" DATA="product:zoovy:prod_image1"></ELEMENT>
<ELEMENT HEIGHT="150" ID="CQFJSNT" WIDTH="150" SUB="IMAGE2" PROMPT="Image2 (150x150)" TYPE="IMAGE" BGCOLOR="FFFFFF" BORDER="0" ZOOM="1" DATA="product:zoovy:prod_image2"></ELEMENT>
<ELEMENT HEIGHT="150" ID="CQFJSNU" WIDTH="150" SUB="IMAGE3" PROMPT="Image3 (150x150)" TYPE="IMAGE" BGCOLOR="FFFFFF" BORDER="0" ZOOM="1" DATA="product:zoovy:prod_image3"></ELEMENT>
<ELEMENT HEIGHT="150" ID="CQFJSNV" WIDTH="150" SUB="IMAGE4" PROMPT="Image4 (150x150)" TYPE="IMAGE" BGCOLOR="FFFFFF" BORDER="0" ZOOM="1" DATA="product:zoovy:prod_image4"></ELEMENT>
<ELEMENT ID="CQFJSNW" SUB="PRODUCT_DESCRIPTION" PROMPT="Product Description" TYPE="TEXTAREA" ROWS="5" DATA="product:zoovy:prod_desc" COLS="80"></ELEMENT>
<ELEMENT ID="CQFJSNX" SUB="ABOUT_US" PROMPT="Company Info" TYPE="TEXTAREA" ROWS="5" DATA="merchant:zoovy:company_info" COLS="80"></ELEMENT>
<ELEMENT ID="CQFJSNY" SUB="SHIPPING_POLICY" PROMPT="Shipping and Tax" TYPE="TEXTAREA" ROWS="5" DATA="merchant:zoovy:shipping_policy" COLS="80"></ELEMENT>
<ELEMENT ID="CQFJSNZ" SUB="PAYMENT_POLICY" PROMPT="Payment Policy" TYPE="TEXTAREA" ROWS="5" DATA="merchant:zoovy:payment_policy" COLS="80"></ELEMENT>
<ELEMENT ID="CQFJSNV" HEIGHT="150" PROMPT="Image4 (150x150)" SUB="IMAGE4_RAWURL" WIDTH="150" MINIMAL="0" BGCOLOR="FFFFFF" TYPE="IMAGE" READONLY="1" BORDER="0" ZOOM="1" DATA="product:zoovy:prod_image4" RAW="1"></ELEMENT>
<ELEMENT ID="CQFJSNV" HEIGHT="0" PROMPT="Image4 (150x150)" SUB="IMAGE4_URL" WIDTH="0" MINIMAL="0" BGCOLOR="FFFFFF" TYPE="IMAGE" READONLY="1" BORDER="0" ZOOM="1" DATA="product:zoovy:prod_image4" RAW="1"></ELEMENT>
<ELEMENT ID="CQFJSNU" HEIGHT="150" PROMPT="Image3 (150x150)" SUB="IMAGE3_RAWURL" WIDTH="150" MINIMAL="0" BGCOLOR="FFFFFF" TYPE="IMAGE" READONLY="1" BORDER="0" ZOOM="1" DATA="product:zoovy:prod_image3" RAW="1"></ELEMENT>
<ELEMENT ID="CQFJSNU" HEIGHT="0" PROMPT="Image3 (150x150)" SUB="IMAGE3_URL" WIDTH="0" MINIMAL="0" BGCOLOR="FFFFFF" TYPE="IMAGE" READONLY="1" BORDER="0" ZOOM="1" DATA="product:zoovy:prod_image3" RAW="1"></ELEMENT>
<ELEMENT ID="CQFJSNT" HEIGHT="150" PROMPT="Image2 (150x150)" SUB="IMAGE2_RAWURL" WIDTH="150" MINIMAL="0" BGCOLOR="FFFFFF" TYPE="IMAGE" READONLY="1" BORDER="0" ZOOM="1" DATA="product:zoovy:prod_image2" RAW="1"></ELEMENT>
<ELEMENT ID="CQFJSNT" HEIGHT="0" PROMPT="Image2 (150x150)" SUB="IMAGE2_URL" WIDTH="0" MINIMAL="0" BGCOLOR="FFFFFF" TYPE="IMAGE" READONLY="1" BORDER="0" ZOOM="1" DATA="product:zoovy:prod_image2" RAW="1"></ELEMENT>
<ELEMENT ID="CQFJSNS" HEIGHT="150" PROMPT="Image (150x150)" SUB="IMAGE1_RAWURL" WIDTH="150" MINIMAL="0" BGCOLOR="FFFFFF" TYPE="IMAGE" READONLY="1" BORDER="0" ZOOM="1" DATA="product:zoovy:prod_image1" RAW="1"></ELEMENT>
<ELEMENT ID="CQFJSNS" HEIGHT="0" PROMPT="Image (150x150)" SUB="IMAGE1_URL" WIDTH="0" MINIMAL="0" BGCOLOR="FFFFFF" TYPE="IMAGE" READONLY="1" BORDER="0" ZOOM="1" DATA="product:zoovy:prod_image1" RAW="1"></ELEMENT>
<ELEMENT ID="CQFJSNN" HEIGHT="90" PROMPT="Company Logo" SUB="COMPANY_LOGO_RAWURL" WIDTH="450" MINIMAL="0" TYPE="IMAGE" READONLY="1" BORDER="0" DATA="merchant:zoovy:company_logo" RAW="1"></ELEMENT>
<ELEMENT ID="CQFJSNN" HEIGHT="0" PROMPT="Company Logo" SUB="COMPANY_LOGO_URL" WIDTH="0" MINIMAL="0" TYPE="IMAGE" READONLY="1" BORDER="0" DATA="merchant:zoovy:company_logo" RAW="1"></ELEMENT>
<ELEMENT ID="CQFJSOE" TYPE="OUTPUT"><HTML><![CDATA[
<style rel="STYLESHEET" type="text/css">
.adtitle	{background-color: #FFCC00;color: #FFFFFF;font-family: arial; font-size: 15px; font-weight: bold;}
.adbg	{background-color:#ffffff}
.adheader	{font-size: 14px; font-family: arial; color: #FFCC00; font-weight: bold; font-family: arial;}
.adtext	{font-size: 12px; font-family: arial; color: #000000;}
</style>
<div align="center">
<table cellspacing=0 cellpadding=0 border=0 width=600>
<tr>
	<td background="http://www.zoovy.com/htmlwiz/swirl/orange/logo_bg.gif" height=98>%COMPANY_LOGO%</td>
</tr><tr>
	<td class="adtitle" align="center">%PRODUCT_NAME%</td>
</tr><tr>
	<td align="center" class="adtitle"><table cellspacing=0 cellpadding=0 border=0 width=596>
		<tr>
			<td class="adbg" valign="top"><img src="http://www.zoovy.com/htmlwiz/swirl/orange/left.gif" width="168" height="95" alt="" border="0"><br><div align="center">
%IMAGE1%
%IMAGE2%<br><span style="font-size: 10px;">Click Images to Enlarge</span><br>
%IMAGE3%
%IMAGE4%</div></td>
			<td class="adbg" valign="top"><img src="http://www.zoovy.com/htmlwiz/swirl/orange/top.gif" width="428" height="38" alt="" border="0"><br>
<div class="adtext"><p>%PRODUCT_DESCRIPTION%</p>
<p>%COMPANY_NAME%<br>
%SUPPORT_PHONE%<br>
%SUPPORT_EMAIL%</p>
<p><span class="adheader">About&nbsp;%COMPANY_NAME%:&nbsp;</span>%ABOUT_US%</p>
<p><span class="adheader">Shipping and Tax:&nbsp;</span>%SHIPPING_POLICY%</p>
<p><span class="adheader">Payment Policy:&nbsp;</span>%PAYMENT_POLICY%</p>	
			</div></td>
		</tr>
		</table>
		<table cellspacing=0 cellpadding=0 border=0 width=596><tr>
			<td class="adbg" valign="bottom"><img src="http://www.zoovy.com/htmlwiz/swirl/orange/bottom_left.gif" width="170" height="112" alt="" border="0"></td>
			<td class="adbg" valign="bottom"><img src="http://www.zoovy.com/htmlwiz/swirl/orange/bottom.gif" width="426" height="52" alt="" border="0"></td>
		</tr>
		</table>
	</td>
</tr>
</table>
</div>]]></HTML>
</ELEMENT>

</TEMPLATE>